stars,date,review,is_positive,24시간,the,가게,가게를,가게에,가게에서,가득,가장,가지,가지고,감동을,감사드립니다,같습니다,같아요,같은,거의,것에,것으로,것은,것을,것이,것입니다,것처럼,겪고,결국,계속,과거를,관점에서,관점을,관한,그가,그것은,그것을,그것이,그녀는,그는,그들의,그들이,그래서,그러나,그런,그를,그리고,그에게,그의,근무를,기분,기분이,기억을,기회,기회가,기회를,길을,깊은,나는,나를,나에게,나에게는,나은,낯선,내가,너무,노숙자,노숙자가,놀라운,느낌을,느낌이,다른,다소,다시,다양한,단순한,담고,담긴,당신을,당신의,당신이,대한,대해,덕분에,도움을,도움이,독고,독고가,독고는,독고를,독고의,돕는,동네,동시에,동안,되는,되었습니다,된다,됩니다,들었습니다,들지,따뜻하고,따뜻한,따뜻해지는,때로는,때문에,때문입니다,또한,마음에,마음을,마음이,마지막,만드는,만듭니다,많은,많이,말을,매우,모두,모든,못한,무슨,문제가,문제를,문제에,바꿀,바로,방식으로,방식이,번째,변화를,불구하고,사람들과,사람들에게,사람들은,사람들을,사람들의,사람들이,사람에게,사람은,사람을,사람의,사람이,사실을,삶에,삶을,삶의,삶이,상호,새로운,생각합니다,서로,소설,소설은,소설을,소설의,소설이,소설입니다,수도,쉽고,시간을,실제로,심지어,싶습니다,싶은,아늑한,아니라,아닙니다,아름다운,아마도,아시아,아주,않고,않는,않습니다,않았습니다,않은,않을,알게,알고,알코올,야간,약간,어느,어떤,어떻게,어려움을,얼마나,없는,없습니다,없이,여러,염씨,염씨는,영향을,완전히,우리,우리가,우리는,운영하는,위한,위해,이것은,이것이,이는,이러한,이런,이야기,이야기가,이야기는,이야기를,이야기에,이야기의,이야기입니다,인생은,인생의,인해,일부,일을,일이,일자리를,읽고,읽기,읽는,읽었습니다,읽은,읽을,잃어버린,있고,있는,있는지,있다,있다는,있다면,있도록,있습니다,있었습니다,있으며,있을,있지만,자신을,자신의,자신이,작가의,작은,장르의,장은,재미있게,저는,전혀,점은,점을,점이,정말,제가,조금,좋아하는,좋아합니다,좋아했습니다,좋은,주고,주는,주변,주인,줍니다,중심으로,중요한,지갑을,찾는,찾을,책에,책은,책을,책의,책이,책이다,책입니다,처음에는,천천히,초점을,친절한,캐릭터,캐릭터가,캐릭터에,캐릭터의,통해,특히,편의점,편의점에서,편의점은,편의점을,필요한,하고,하는,하지만,한국,함께,합니다,항상,행복은,확실히,훨씬,흥미로운,힐링
3,2024-10-16,나는 노숙자 미스터리를 풀지 않고 이 책을 선호할 것 같아요,0,0.0,0.0,0.0,0.0,0.0,0.0,0.0,0.0,0.0,0.0,0.0,0.0,0.0,0.5832238121070374,0.0,0.0,0.0,0.0,0.0,0.0,0.0,0.0,0.0,0.0,0.0,0.0,0.0,0.0,0.0,0.0,0.0,0.0,0.0,0.0,0.0,0.0,0.0,0.0,0.0,0.0,0.0,0.0,0.0,0.0,0.0,0.0,0.0,0.0,0.0,0.0,0.0,0.0,0.0,0.0,0.2938503132363549,0.0,0.0,0.0,0.0,0.0,0.0,0.0,0.4581614059201999,0.0,0.0,0.0,0.0,0.0,0.0,0.0,0.0,0.0,0.0,0.0,0.0,0.0,0.0,0.0,0.0,0.0,0.0,0.0,0.0,0.0,0.0,0.0,0.0,0.0,0.0,0.0,0.0,0.0,0.0,0.0,0.0,0.0,0.0,0.0,0.0,0.0,0.0,0.0,0.0,0.0,0.0,0.0,0.0,0.0,0.0,0.0,0.0,0.0,0.0,0.0,0.0,0.0,0.0,0.0,0.0,0.0,0.0,0.0,0.0,0.0,0.0,0.0,0.0,0.0,0.0,0.0,0.0,0.0,0.0,0.0,0.0,0.0,0.0,0.0,0.0,0.0,0.0,0.0,0.0,0.0,0.0,0.0,0.0,0.0,0.0,0.0,0.0,0.0,0.0,0.0,0.0,0.0,0.0,0.0,0.0,0.0,0.0,0.0,0.0,0.0,0.0,0.0,0.0,0.0,0.4791816916319129,0.0,0.0,0.0,0.0,0.0,0.0,0.0,0.0,0.0,0.0,0.0,0.0,0.0,0.0,0.0,0.0,0.0,0.0,0.0,0.0,0.0,0.0,0.0,0.0,0.0,0.0,0.0,0.0,0.0,0.0,0.0,0.0,0.0,0.0,0.0,0.0,0.0,0.0,0.0,0.0,0.0,0.0,0.0,0.0,0.0,0.0,0.0,0.0,0.0,0.0,0.0,0.0,0.0,0.0,0.0,0.0,0.0,0.0,0.0,0.0,0.0,0.0,0.0,0.0,0.0,0.0,0.0,0.0,0.0,0.0,0.0,0.0,0.0,0.0,0.0,0.0,0.0,0.0,0.0,0.0,0.0,0.0,0.0,0.0,0.0,0.0,0.0,0.0,0.0,0.0,0.0,0.0,0.0,0.0,0.0,0.0,0.0,0.0,0.0,0.366025970297512,0.0,0.0,0.0,0.0,0.0,0.0,0.0,0.0,0.0,0.0,0.0,0.0,0.0,0.0,0.0,0.0,0.0,0.0,0.0,0.0,0.0,0.0,0.0,0.0,0.0,0.0,0.0,0.0,0.0,0.0,0.0
3,2024-03-03,한동안 나는 너무 많은 노력을 들이지 않고도 차분하고 즐거운 시간을 보낼 수 있는 위로가 되는 책들을 내 책장에 두는 것을 좋아합니다 내가 말하고 싶은 주요 목표는 당신이 앞으로 나아갈 수 있도록 격려하는 감동적인 이야기를 통해 당신의 기분을 좋게 만드는 것입니다 부인 염씨의 놀라운 가게 는 의심할 바 없이 그런 소설 중 하나이다 그 중심에는 은퇴한 역사 교사인 주인이 자신에게 의존하는 직원들에게 월급을 계속 제공함으로써 금전적 이익 이상의 것을 유지하는 서울의 한 편의점이 있습니다 염씨는 처음에 기억상실증에 걸린 노숙자 독고를 만나 주변의 만류에도 불구하고 일자리를 제안한다 그래서 염씨가 주인공이 될 줄 알았는데 그녀가 부차적인 역할을 맡게 되고 독고와 그의 진화가 중심이 될 것 같다 다양한 장을 통해 우리는 매장을 방문한 후 그들의 삶이 바뀔 다양한 사람들을 만날 것입니다 큰 기적이 아니라 독고와의 상호작용 덕분에 그들은 그때까지 한 번도 생각해 본 적이 없는 결정을 내리게 될 것이다 또한 성인이 된 어린이와의 관계가 얼마나 복잡할 수 있는지 사랑하는 사람과의 거리감을 느끼는 엄청난 부담을 보여주고 부패 중독 또는 위선과 같은 현재 문제를 간략하게 설명합니다 처음에 말했듯이 아름답고 밝은 이야기이며 큰 반전이 없고 매우 단순한 스타일이지만 일부 테마에서는 그다지 현실적이지 않습니다 두 번째 기회 따뜻한 마음 변화에 직면할 동기를 부여하는 소설입니다 기분 좋은 소설을 좋아하는 분들 지금 당장 안아주고 싶은 책이 필요한 분들에게 적극 추천하는 책입니다,0,0.0,0.0,0.1318249266891481,0.0,0.0,0.0,0.0,0.0,0.0,0.0,0.0,0.0,0.0,0.0,0.11514049019804375,0.0,0.0,0.0,0.0,0.1544147675385456,0.0,0.17677660676850765,0.0,0.0,0.0,0.14832144650761905,0.0,0.0,0.0,0.0,0.0,0.0,0.0,0.0,0.0,0.0,0.12190605152668652,0.0,0.13817366222143465,0.0,0.13484790460127574,0.0,0.0,0.0,0.10471769874456222,0.0,0.12905416891050606,0.0,0.0,0.12085104726452141,0.0,0.0,0.0,0.0,0.06716263783868222,0.0,0.0,0.0,0.0,0.0,0.10225510246083727,0.09436872407757192,0.10471769874456222,0.0,0.1333020517828545,0.0,0.0,0.0,0.0,0.0,0.20943539748912443,0.12190605152668652,0.0,0.0,0.0,0.13997030749861655,0.13997030749861655,0.0,0.0,0.14832144650761905,0.0,0.0,0.0,0.0,0.0,0.12649676559227327,0.0,0.0,0.0,0.0,0.0,0.1134360220758183,0.0,0.0,0.0,0.0,0.0,0.0,0.12299565219286586,0.0,0.0,0.0,0.0,0.12905416891050606,0.0,0.0,0.0,0.0,0.13041067738156897,0.0,0.08958231841145396,0.0,0.0,0.07777061493187562,0.0,0.0,0.0,0.0,0.0,0.12190605152668652,0.0,0.0,0.0,0.0,0.0,0.08723570773607274,0.0,0.11787324929552505,0.0,0.0,0.0,0.12299565219286586,0.0,0.0,0.0,0.0,0.0,0.0,0.0,0.0,0.0,0.0,0.0,0.15078404279134397,0.0,0.0,0.0,0.0,0.1188365005963478,0.0,0.12649676559227327,0.0,0.0,0.13997030749861655,0.0,0.0,0.14186967261973868,0.0,0.0,0.0,0.24381210305337303,0.0,0.11103281784195947,0.0,0.0,0.0,0.0,0.0,0.0,0.0,0.11103281784195947,0.0,0.0,0.0,0.0,0.0,0.0,0.0,0.0,0.0,0.0,0.0,0.0,0.11693713547522569,0.1277508707679531,0.0,0.1333020517828545,0.0,0.0,0.14832144650761905,0.0,0.0,0.0,0.0,0.10807710684157558,0.0,0.0,0.0,0.0,0.0,0.0,0.0,0.0,0.0,0.0,0.0,0.08761548150460466,0.0,0.0,0.0,0.0,0.0,0.0,0.1333020517828545,0.0,0.0,0.13646919409920918,0.0,0.0,0.0,0.0,0.0,0.0,0.0,0.0,0.07252671338709851,0.12649676559227327,0.0,0.0,0.0,0.13817366222143465,0.07805585138755707,0.0,0.0,0.0,0.0,0.0,0.0,0.0,0.0,0.0,0.0,0.0,0.0,0.0,0.0,0.0,0.0,0.0,0.0,0.0,0.0,0.12085104726452141,0.1318249266891481,0.0,0.08999005166253908,0.0,0.0,0.0,0.0,0.0,0.0,0.0,0.0,0.0,0.0,0.0,0.0,0.0,0.0,0.11103281784195947,0.0,0.10807710684157558,0.0,0.0,0.0,0.0,0.0,0.0,0.0,0.0,0.22206563568391893,0.0,0.0,0.0,0.0,0.0,0.14186967261973868,0.0,0.0,0.0,0.0,0.0,0.0,0.0,0.0,0.0,0.0,0.0,0.0
5,2022-07-03,옥수수수염차 한잔이 그리워지는 마음이 따뜻해지는 소설이었다 Loved it Even though the story could be easily predicted I still enjoyed the storytelling and the characters A well written feel good story I also would love to see this as a tv mini series or a stage play,1,0.0,0.9283402173117766,0.0,0.0,0.0,0.0,0.0,0.0,0.0,0.0,0.0,0.0,0.0,0.0,0.0,0.0,0.0,0.0,0.0,0.0,0.0,0.0,0.0,0.0,0.0,0.0,0.0,0.0,0.0,0.0,0.0,0.0,0.0,0.0,0.0,0.0,0.0,0.0,0.0,0.0,0.0,0.0,0.0,0.0,0.0,0.0,0.0,0.0,0.0,0.0,0.0,0.0,0.0,0.0,0.0,0.0,0.0,0.0,0.0,0.0,0.0,0.0,0.0,0.0,0.0,0.0,0.0,0.0,0.0,0.0,0.0,0.0,0.0,0.0,0.0,0.0,0.0,0.0,0.0,0.0,0.0,0.0,0.0,0.0,0.0,0.0,0.0,0.0,0.0,0.0,0.0,0.0,0.0,0.0,0.0,0.0,0.0,0.0,0.0,0.2928010235920959,0.0,0.0,0.0,0.0,0.0,0.0,0.2290240194934675,0.0,0.0,0.0,0.0,0.0,0.0,0.0,0.0,0.0,0.0,0.0,0.0,0.0,0.0,0.0,0.0,0.0,0.0,0.0,0.0,0.0,0.0,0.0,0.0,0.0,0.0,0.0,0.0,0.0,0.0,0.0,0.0,0.0,0.0,0.0,0.0,0.0,0.0,0.0,0.0,0.0,0.0,0.0,0.0,0.0,0.0,0.0,0.0,0.0,0.0,0.0,0.0,0.0,0.0,0.0,0.0,0.0,0.0,0.0,0.0,0.0,0.0,0.0,0.0,0.0,0.0,0.0,0.0,0.0,0.0,0.0,0.0,0.0,0.0,0.0,0.0,0.0,0.0,0.0,0.0,0.0,0.0,0.0,0.0,0.0,0.0,0.0,0.0,0.0,0.0,0.0,0.0,0.0,0.0,0.0,0.0,0.0,0.0,0.0,0.0,0.0,0.0,0.0,0.0,0.0,0.0,0.0,0.0,0.0,0.0,0.0,0.0,0.0,0.0,0.0,0.0,0.0,0.0,0.0,0.0,0.0,0.0,0.0,0.0,0.0,0.0,0.0,0.0,0.0,0.0,0.0,0.0,0.0,0.0,0.0,0.0,0.0,0.0,0.0,0.0,0.0,0.0,0.0,0.0,0.0,0.0,0.0,0.0,0.0,0.0,0.0,0.0,0.0,0.0,0.0,0.0,0.0,0.0,0.0,0.0,0.0,0.0,0.0,0.0,0.0,0.0,0.0,0.0,0.0,0.0,0.0,0.0,0.0,0.0,0.0,0.0,0.0,0.0,0.0,0.0,0.0,0.0,0.0,0.0,0.0,0.0,0.0,0.0,0.0,0.0,0.0,0.0,0.0
5,2025-05-14,4 5 이게 강렬하게 맞았다 한국 책을 제외하고는 어떤 책에서도 인생의 단편을 본 적이 없는 것 같다 8장 208페이지의 전체 내용 시간을 내어 읽을 가치가 있는 아늑한 책입니다 저는 한국의 모든 것을 사랑합니다 드라마 영화 스킨케어 음악을 해서 책도 해보고 싶었어요 Netgalley와 Harper Perennial 및 Paperbacks에게 큰 감사를 드립니다,1,0.0,0.0,0.0,0.0,0.0,0.0,0.0,0.0,0.0,0.0,0.0,0.0,0.0,0.0,0.0,0.0,0.0,0.0,0.0,0.18930716642990789,0.0,0.0,0.0,0.0,0.0,0.0,0.0,0.0,0.0,0.0,0.0,0.0,0.0,0.0,0.0,0.0,0.0,0.0,0.0,0.0,0.0,0.0,0.0,0.0,0.0,0.0,0.0,0.0,0.0,0.0,0.0,0.0,0.0,0.0,0.0,0.0,0.0,0.0,0.0,0.0,0.0,0.0,0.0,0.0,0.0,0.0,0.0,0.0,0.0,0.0,0.0,0.0,0.0,0.0,0.0,0.0,0.0,0.0,0.0,0.0,0.0,0.0,0.0,0.0,0.0,0.0,0.0,0.0,0.0,0.0,0.0,0.0,0.0,0.0,0.0,0.0,0.0,0.0,0.0,0.0,0.0,0.0,0.0,0.0,0.0,0.0,0.0,0.0,0.0,0.0,0.0,0.0,0.0,0.0,0.0,0.19720983219741886,0.0,0.0,0.0,0.0,0.0,0.0,0.0,0.0,0.0,0.0,0.0,0.0,0.0,0.0,0.0,0.0,0.0,0.0,0.0,0.0,0.0,0.0,0.0,0.0,0.0,0.0,0.0,0.0,0.0,0.0,0.0,0.0,0.0,0.0,0.0,0.0,0.0,0.0,0.0,0.0,0.3478546275605056,0.0,0.0,0.0,0.0,0.3346130276489969,0.0,0.0,0.0,0.0,0.0,0.0,0.0,0.0,0.0,0.0,0.0,0.0,0.0,0.0,0.0,0.0,0.0,0.0,0.25520856145765436,0.0,0.0,0.0,0.3132363016768796,0.0,0.0,0.0,0.0,0.0,0.0,0.0,0.0,0.0,0.0,0.0,0.0,0.0,0.0,0.0,0.0,0.0,0.0,0.0,0.0,0.0,0.0,0.0,0.0,0.0,0.0,0.3478546275605056,0.0,0.0,0.0,0.0,0.0,0.0,0.0,0.0,0.0,0.0,0.3346130276489969,0.0,0.0,0.17783048630188036,0.0,0.0,0.0,0.0,0.0,0.0,0.0,0.0,0.0,0.0,0.0,0.0,0.0,0.0,0.0,0.0,0.0,0.0,0.29631841154082017,0.0,0.0,0.0,0.0,0.0,0.0,0.0,0.0,0.0,0.0,0.0,0.0,0.0,0.0,0.0,0.0,0.0,0.0,0.0,0.0,0.0,0.0,0.0,0.2051264698894195,0.0,0.0,0.0,0.26499759288908475,0.0,0.0,0.0,0.0,0.0,0.0,0.0,0.0,0.0,0.0,0.0,0.0,0.0,0.0,0.0,0.0,0.0,0.0,0.2536855773498676,0.0,0.0,0.0,0.0,0.0,0.0,0.0,0.0
4,2024-10-15,소설은 내가 마지막 지점에 도달했을 때 나에게 매우 좋은 느낌을 주었다 기분이 좋나요 아 그래요 제목에 어메이징 이라는 명사는 스토어 라는 명사를 동반하는데 정말 대단해 보였던 사람은 염씨 부인이고 놀라움 미터를 깨뜨린 사람은 내 마음을 긁는 캐릭터 아크인 닥고였다 감동적이고 놀라운 이야기입니다 매우 놀랍습니다,1,0.0,0.0,0.0,0.0,0.0,0.0,0.0,0.0,0.0,0.0,0.0,0.0,0.0,0.0,0.0,0.0,0.0,0.0,0.0,0.0,0.0,0.0,0.0,0.0,0.0,0.0,0.0,0.0,0.0,0.0,0.0,0.0,0.0,0.0,0.0,0.0,0.0,0.0,0.0,0.0,0.0,0.0,0.0,0.0,0.0,0.0,0.0,0.26918485158324296,0.0,0.0,0.0,0.0,0.0,0.0,0.0,0.0,0.2052642445843811,0.0,0.0,0.0,0.19920963327611502,0.0,0.0,0.0,0.2596941591329046,0.23151290384440176,0.0,0.0,0.0,0.0,0.0,0.0,0.0,0.0,0.0,0.0,0.0,0.0,0.0,0.0,0.0,0.0,0.0,0.0,0.0,0.0,0.0,0.0,0.0,0.0,0.0,0.0,0.0,0.0,0.0,0.0,0.0,0.0,0.0,0.0,0.0,0.0,0.0,0.0,0.0,0.21482177974506236,0.0,0.21482177974506236,0.0,0.0,0.0,0.0,0.0,0.30301970869708794,0.0,0.0,0.0,0.0,0.0,0.0,0.0,0.0,0.0,0.0,0.0,0.0,0.0,0.0,0.0,0.0,0.0,0.0,0.0,0.0,0.0,0.5254114655835577,0.0,0.0,0.0,0.0,0.0,0.0,0.0,0.0,0.0,0.0,0.0,0.0,0.0,0.23151290384440176,0.0,0.0,0.0,0.0,0.0,0.0,0.0,0.0,0.0,0.0,0.0,0.0,0.0,0.0,0.0,0.0,0.0,0.0,0.0,0.0,0.0,0.0,0.0,0.0,0.0,0.0,0.0,0.0,0.0,0.0,0.0,0.0,0.0,0.0,0.0,0.0,0.0,0.0,0.22781263050712655,0.0,0.0,0.0,0.0,0.0,0.0,0.0,0.0,0.0,0.0,0.0,0.0,0.0,0.0,0.0,0.0,0.0,0.0,0.0,0.0,0.21194409891409455,0.0,0.0,0.0,0.0,0.0,0.0,0.0,0.0,0.0,0.0,0.0,0.0,0.0,0.0,0.0,0.0,0.0,0.0,0.0,0.0,0.0,0.0,0.0,0.0,0.0,0.0,0.0,0.0,0.0,0.0,0.0,0.0,0.0,0.0,0.0,0.0,0.0,0.0,0.0,0.15041258809334895,0.0,0.0,0.0,0.0,0.0,0.17531531198708525,0.0,0.0,0.0,0.0,0.0,0.0,0.0,0.0,0.0,0.0,0.0,0.0,0.0,0.0,0.0,0.0,0.0,0.0,0.0,0.0,0.0,0.24643635063494815,0.0,0.0,0.0,0.0,0.0,0.0,0.0,0.0,0.0,0.0,0.0,0.0,0.0,0.0,0.0,0.0,0.0,0.0,0.0,0.0,0.0,0.0
4,2026-03-02,친절의 힘 친절은 귀머거리도 듣고 시각 장애인도 볼 수 있는 언어입니다 Mark Twain 사업이 좋지는 않지만 직원과 고객 사이에 친절이 무료로 풍성하게 공유되는 Always Convenience Store에 오신 것을 환영합니다 Always Convenience Store에서는 모두가 중요합니다 사람들은 단순히 그곳에 있고 서로를 돌보기 때문에 온 가족처럼 기능합니다 Second Chance Convenience Store는 사람들의 삶에서 친절의 힘을 느낄 수 있는 간단한 이야기입니다 마음을 위한 선물입니다 NOTA A Corente edi o em portugu s intitula se A Loja Coreana das Segundas Oportunidades,1,0.0,0.0,0.0,0.0,0.0,0.0,0.0,0.0,0.0,0.0,0.0,0.0,0.0,0.0,0.0,0.0,0.0,0.0,0.0,0.21811566980793878,0.0,0.0,0.0,0.0,0.0,0.0,0.0,0.0,0.0,0.0,0.0,0.0,0.0,0.0,0.0,0.0,0.0,0.0,0.0,0.0,0.0,0.0,0.0,0.0,0.0,0.0,0.0,0.0,0.0,0.0,0.0,0.0,0.0,0.0,0.0,0.0,0.0,0.0,0.0,0.0,0.0,0.0,0.0,0.0,0.0,0.0,0.0,0.0,0.0,0.0,0.0,0.0,0.0,0.0,0.0,0.0,0.0,0.0,0.0,0.0,0.0,0.0,0.0,0.0,0.0,0.0,0.0,0.0,0.0,0.0,0.0,0.0,0.0,0.0,0.0,0.0,0.0,0.0,0.0,0.0,0.0,0.2763415924203324,0.0,0.0,0.0,0.311516455985373,0.0,0.0,0.0,0.0,0.0,0.0,0.0,0.0,0.0,0.0,0.0,0.0,0.0,0.0,0.0,0.0,0.0,0.0,0.0,0.0,0.0,0.0,0.0,0.0,0.419017328039121,0.0,0.2839780263469714,0.0,0.0,0.0,0.0,0.0,0.0,0.0,0.0,0.0,0.0,0.0,0.0,0.0,0.0,0.0,0.0,0.0,0.0,0.0,0.0,0.0,0.0,0.0,0.0,0.0,0.0,0.0,0.0,0.0,0.0,0.0,0.0,0.0,0.0,0.0,0.0,0.0,0.0,0.0,0.0,0.0,0.0,0.0,0.0,0.0,0.0,0.0,0.0,0.0,0.0,0.0,0.0,0.0,0.0,0.0,0.0,0.0,0.0,0.0,0.0,0.0,0.0,0.0,0.40079066480688685,0.0,0.0,0.0,0.0,0.0,0.0,0.0,0.0,0.0,0.0,0.0,0.0,0.30734348555851965,0.0,0.0,0.0,0.0,0.0,0.0,0.0,0.0,0.0,0.0,0.0,0.0,0.0,0.0,0.31588358651685233,0.40978496866749586,0.0,0.0,0.0,0.0,0.0,0.0,0.0,0.0,0.0,0.0,0.0,0.0,0.0,0.0,0.0,0.0,0.0,0.0,0.0,0.0,0.0,0.0,0.0,0.0,0.0,0.0,0.0,0.0,0.0,0.0,0.0,0.0,0.0,0.0,0.0,0.0,0.0,0.0,0.0,0.0,0.0,0.0,0.0,0.0,0.0,0.0,0.0,0.0,0.0,0.0,0.0,0.0,0.0,0.0,0.0,0.0,0.0,0.0,0.0,0.0,0.0,0.0,0.0,0.0,0.0,0.0,0.0,0.0,0.0,0.0,0.0,0.0,0.0,0.0
4,2025-04-07,낯선 사람이 어떻게 친구가 되고 이제 친절이 사람의 삶의 궤적을 바꿀 수 있는지에 대한 조용하고 건전한 소설입니다 이 소설은 커피가 식기 전처럼 나에게 평온함을 느끼게 해주었다 가볍고 마음이 따뜻해집니다 훌륭한 책을 제공해 주신 Harper Perennial에게 감사드립니다,1,0.0,0.0,0.0,0.0,0.0,0.0,0.0,0.0,0.0,0.0,0.0,0.3215364397779197,0.0,0.0,0.0,0.0,0.0,0.0,0.0,0.0,0.0,0.0,0.0,0.0,0.0,0.0,0.0,0.0,0.0,0.0,0.0,0.0,0.0,0.0,0.0,0.0,0.0,0.0,0.0,0.0,0.0,0.0,0.0,0.0,0.0,0.0,0.0,0.0,0.0,0.0,0.0,0.0,0.0,0.0,0.0,0.0,0.24824672590228475,0.0,0.0,0.3494616507964514,0.0,0.0,0.0,0.0,0.0,0.0,0.0,0.0,0.0,0.0,0.0,0.0,0.0,0.0,0.0,0.0,0.0,0.18060417653185887,0.0,0.0,0.0,0.0,0.0,0.0,0.0,0.0,0.0,0.0,0.0,0.0,0.0,0.0,0.0,0.0,0.0,0.0,0.0,0.0,0.0,0.0,0.0,0.0,0.0,0.0,0.0,0.0,0.2546415576402926,0.0,0.0,0.0,0.0,0.0,0.0,0.0,0.0,0.0,0.0,0.0,0.0,0.0,0.0,0.3390070551484915,0.0,0.0,0.0,0.0,0.0,0.0,0.0,0.0,0.0,0.0,0.0,0.0,0.0,0.0,0.0,0.27551676015026916,0.26533448883665833,0.0,0.0,0.0,0.26726775168257166,0.0,0.0,0.0,0.0,0.0,0.0,0.2799918734013959,0.0,0.0,0.0,0.3297854482456171,0.0,0.0,0.0,0.0,0.0,0.0,0.0,0.0,0.0,0.0,0.0,0.0,0.0,0.0,0.0,0.0,0.0,0.0,0.0,0.0,0.0,0.0,0.0,0.0,0.0,0.0,0.0,0.23817686403682906,0.0,0.0,0.0,0.0,0.0,0.0,0.0,0.0,0.0,0.0,0.0,0.0,0.0,0.0,0.0,0.0,0.0,0.0,0.0,0.0,0.0,0.0,0.0,0.0,0.0,0.0,0.0,0.0,0.0,0.0,0.0,0.0,0.0,0.0,0.0,0.0,0.0,0.0,0.0,0.0,0.0,0.0,0.0,0.0,0.0,0.0,0.0,0.0,0.0,0.0,0.0,0.0,0.0,0.0,0.0,0.0,0.0,0.0,0.0,0.0,0.0,0.0,0.0,0.0,0.0,0.0,0.0,0.0,0.0,0.0,0.0,0.0,0.0,0.0,0.0,0.0,0.0,0.0,0.0,0.0,0.0,0.0,0.0,0.0,0.0,0.0,0.19711018215836734,0.0,0.0,0.0,0.0,0.0,0.0,0.0,0.0,0.0,0.0,0.0,0.0,0.0,0.0,0.0,0.0,0.0,0.0,0.0,0.0,0.0,0.0,0.0,0.0,0.0,0.0,0.0,0.0,0.0,0.0,0.0
3,2025-02-11,2 75 어느 날 저녁에 듣기에는 좋았지만 아직 읽지 않을 것은 없습니다 노숙인이 누구인지 공개된 것이 안타깝다 차라리 비밀로 해줬으면 좋겠어,0,0.0,0.0,0.0,0.0,0.0,0.0,0.0,0.0,0.0,0.0,0.0,0.0,0.0,0.0,0.0,0.0,0.0,0.0,0.37605563639636347,0.0,0.35750858088815646,0.0,0.0,0.0,0.0,0.0,0.0,0.0,0.0,0.0,0.0,0.0,0.0,0.0,0.0,0.0,0.0,0.0,0.0,0.0,0.0,0.0,0.0,0.0,0.0,0.0,0.0,0.0,0.0,0.0,0.0,0.0,0.0,0.0,0.0,0.0,0.0,0.0,0.0,0.0,0.0,0.0,0.0,0.0,0.0,0.0,0.0,0.0,0.0,0.0,0.0,0.0,0.0,0.0,0.0,0.0,0.0,0.0,0.0,0.0,0.0,0.0,0.0,0.0,0.0,0.0,0.0,0.0,0.0,0.0,0.0,0.0,0.0,0.0,0.0,0.0,0.0,0.0,0.0,0.0,0.0,0.0,0.0,0.0,0.0,0.0,0.0,0.0,0.0,0.0,0.0,0.0,0.0,0.0,0.0,0.0,0.0,0.0,0.0,0.0,0.0,0.0,0.0,0.0,0.0,0.0,0.0,0.0,0.0,0.0,0.0,0.0,0.0,0.0,0.0,0.0,0.0,0.0,0.0,0.0,0.0,0.0,0.0,0.0,0.0,0.0,0.0,0.0,0.0,0.0,0.0,0.0,0.0,0.0,0.0,0.0,0.0,0.0,0.0,0.0,0.0,0.0,0.0,0.0,0.0,0.0,0.0,0.0,0.0,0.0,0.0,0.0,0.0,0.5184156214448844,0.0,0.0,0.0,0.0,0.0,0.4961419116864804,0.0,0.0,0.0,0.0,0.0,0.4646054453359986,0.0,0.0,0.0,0.0,0.0,0.0,0.0,0.0,0.0,0.0,0.0,0.0,0.0,0.0,0.0,0.0,0.0,0.0,0.0,0.0,0.0,0.0,0.0,0.0,0.0,0.0,0.0,0.0,0.0,0.0,0.0,0.0,0.0,0.0,0.0,0.0,0.0,0.0,0.0,0.0,0.0,0.0,0.0,0.0,0.0,0.0,0.0,0.0,0.0,0.0,0.0,0.0,0.0,0.0,0.0,0.0,0.0,0.0,0.0,0.0,0.0,0.0,0.0,0.0,0.0,0.0,0.0,0.0,0.0,0.0,0.0,0.0,0.0,0.0,0.0,0.0,0.0,0.0,0.0,0.0,0.0,0.0,0.0,0.0,0.0,0.0,0.0,0.0,0.0,0.0,0.0,0.0,0.0,0.0,0.0,0.0,0.0,0.0,0.0,0.0,0.0,0.0,0.0,0.0,0.0,0.0,0.0,0.0,0.0,0.0,0.0,0.0,0.0,0.0
5,2022-11-04,4년 전 이곳에서 내 세계가 무너졌던 기억이 난다 하지만 이번에는 혼자가 아니다 이 책은 정말 마음이 따뜻해지고 나를 울게 만들었습니다 이야기는 서울역 노숙자 독고가 올웨이즈 미니마켓에서 일할 기회를 얻는 이야기입니다 독고의 존재는 처음에는 질병으로 여겨졌는데 그 한계와 외모로 인해 사회가 피하고 싶었던 무서운 유령이었다 그러나 시간이 지날수록 독고의 존재는 이 미니마켓을 찾은 동료들과 바이어들에게 힐러 희망을 주는 존재가 되는 듯했다 미니마켓은 사람도 구매자도 직원도 예외 없이 오가는 곳이에요 미니마켓이 인간을 위한 주유소라는 걸 알고 있죠 이 주유소 에서는 연료를 채우는 것뿐만 아니라 차도 수리하는 일도 해요 좋으면 떠나야 해요 다시 길을 가야 해요 이 책은 독고가 동료 노동자와 구매자를 돕는 이야기를 들려줄 뿐만 아니라 시간이 지나면서 독고의 삶에 얽힌 미스터리 이전에는 어떤 사람이었는가를 밝혀낸다 그는 왜 서울역에서 노숙자가 되어 가난하게 살게 되었는가 이 책에 담긴 이야기들은 모두 기억에 남는데 특히 독고 자신의 이야기가 기억에 남는다 아마도 제가 독고라는 캐릭터에 투자하고 더 깊은 곳에서 그를 진심으로 존경하기 때문일 것입니다 이 책을 읽고 나서 숨이 막혔다 행복도 부족하고 이 책을 읽고 배운 교훈도 부족합니다 이 책은 정말로 가치가 있고 독자들은 매 페이지를 읽는 것이 결코 지루하지 않을 것이며 이 책은 평범한 소설이 아니라 독고가 그가 만난 사람들의 삶을 변화시켰듯이 당신의 삶을 변화시킬 수도 있는 이야기입니다,1,0.0,0.0,0.0,0.0,0.0,0.0,0.0,0.0,0.0,0.0,0.0,0.0,0.0,0.0,0.0,0.0,0.0,0.0,0.0,0.0,0.08182062317231598,0.07776872659388115,0.0,0.0,0.0,0.0,0.0,0.0,0.0,0.0,0.10130672226131124,0.0,0.0,0.0,0.0,0.08894349503589388,0.0,0.0,0.0,0.1072594226648251,0.0,0.10371114894404836,0.0,0.0,0.0,0.0,0.0,0.0,0.0,0.0,0.0,0.10371114894404836,0.11728622931516762,0.1147422444587485,0.0,0.09980704062573238,0.0,0.0,0.0,0.0,0.0,0.0,0.09213619643543315,0.12007284943857613,0.0,0.0,0.0,0.0,0.0,0.10208643198515972,0.0,0.0,0.0,0.12659698266104644,0.0,0.12315331506929432,0.0,0.0,0.0,0.0,0.0,0.0,0.121572531074155,0.318993521544608,0.0,0.0,0.3136760058875856,0.12848392004912193,0.0,0.0,0.0,0.09980704062573238,0.0,0.0,0.0,0.0,0.0,0.0,0.0,0.0,0.0,0.0,0.0,0.0,0.0,0.0,0.09509198221036913,0.0,0.0,0.0,0.0,0.0,0.0,0.0,0.10920930384873763,0.0,0.0,0.0,0.0,0.0,0.0,0.0,0.0,0.0,0.0,0.0,0.0,0.0,0.0,0.0,0.0,0.0,0.08844369855985021,0.0,0.0,0.0,0.0,0.0,0.0,0.0,0.09769257382575623,0.18540786085379454,0.0,0.0,0.0,0.0,0.0,0.0,0.0,0.0,0.0,0.0,0.11864635277706448,0.0,0.10054726704597897,0.0,0.0,0.0,0.0,0.0,0.0,0.0,0.2930777214772687,0.0,0.0,0.11728622931516762,0.0,0.0,0.0,0.0,0.0,0.0,0.0,0.11864635277706448,0.0,0.1124020052482769,0.0,0.0,0.0,0.0,0.09157927708506658,0.0,0.0,0.0,0.0,0.0,0.11728622931516762,0.0,0.0,0.0,0.0,0.0,0.0,0.0,0.0,0.0,0.12482447744203892,0.0,0.0,0.0,0.0,0.0,0.0,0.0,0.08606536503535893,0.0894519840590133,0.07708875683359598,0.0,0.0,0.19144153469014552,0.0,0.0,0.11598657615791651,0.0,0.0,0.0,0.0,0.2145188453296502,0.0,0.09447643564590476,0.0,0.0,0.0,0.0,0.09838054396422073,0.06381285677171232,0.0,0.0,0.0,0.0,0.0,0.0,0.0,0.0,0.0,0.0,0.0,0.08142816920096414,0.0,0.0,0.0,0.0,0.0,0.0,0.0,0.0,0.0,0.0,0.0,0.06793115932182368,0.10130672226131124,0.0,0.0,0.0,0.0,0.0,0.0,0.10130672226131124,0.0,0.0,0.0,0.0,0.0,0.0,0.0,0.0,0.1082181112362782,0.2841557473916715,0.1472155457182943,0.0,0.0,0.0,0.0,0.1082181112362782,0.0,0.0,0.0,0.0,0.0,0.12482447744203892,0.0,0.0,0.1054314911128697,0.0,0.0,0.0,0.0,0.0,0.0,0.0,0.08844369855985021,0.0,0.0,0.0,0.0,0.0,0.0,0.0,0.0,0.0
4,2025-06-21,죽어야 했던 사람을 살려주셔서 감사해요 부끄럽지만 살려고 노력하겠습니다 흥미로운 사건에 의존하지 않고 인물을 중심으로 전개되는 소설로 이 인물이 소설의 기반이 된다 사건의 중심이 되는 주인공은 자신의 이름도 과거도 모르는 독구이다 그가 자신을 알게 되는 것과 마찬가지로 우리도 소설 속에서 그를 알게 됩니다 캐릭터들이 하나씩 등장하며 이 캐릭터의 삶 속으로 조금씩 들어갑니다 처음에는 그가 소박하지만 따뜻한 행동으로 그들의 마음을 감동시키기 전까지 그들은 그를 거부했습니다 따뜻함이 있으면 누구나 스스로 더 나은 방향으로 변화할 수 있습니다 이생에도 감동을 주는 캐릭터가 있는데 독구 도 그 중 하나다 고통에 빠져 눈이 먼 것이 아니라 감당할 수 있는 길이 될 때까지 주변의 것들을 다시 생각하게 하십니다 늘 그렇듯이 한국 작품은 감당할 수 없을 만큼 많은 감정을 불러일으키고 때로는 고통으로 나를 부담스럽게 하고 때로는 친절함으로 나를 행복하게 만듭니다 진실을 밝히는 부분인 마지막 장에 이르기까지 소설을 읽으면서 저 역시 친절함과 감동을 느꼈습니다 이전의 모든 장과 달리 고통스러웠습니다 하지만 그게 인생이에요 번역이 너무 이쁘네요,1,0.0,0.0,0.0,0.0,0.0,0.0,0.0,0.0,0.0,0.0,0.31597751322607354,0.0,0.0,0.0,0.0,0.0,0.0,0.0,0.0,0.0,0.10060977681375131,0.0,0.0,0.0,0.0,0.0,0.0,0.0,0.0,0.0,0.2491412634435136,0.0,0.0,0.0,0.0,0.0,0.13189030047782777,0.0,0.0,0.0,0.0,0.25505441400472956,0.0,0.0,0.0,0.0,0.0,0.0,0.0,0.0,0.0,0.0,0.0,0.0,0.0,0.24545313131258353,0.0,0.0,0.1494902476151278,0.0,0.0,0.10209763353360314,0.0,0.0,0.0,0.0,0.0,0.0,0.0,0.1255293927071223,0.0,0.0,0.0,0.0,0.0,0.0,0.0,0.0,0.0,0.0,0.0,0.0,0.0,0.0,0.0,0.0,0.0,0.0,0.0,0.0,0.0,0.24545313131258353,0.0,0.13189030047782777,0.12363677645700649,0.0,0.0,0.0,0.13306914071966577,0.0,0.2491412634435136,0.0,0.0,0.0,0.0,0.11930003066045837,0.0,0.11930003066045837,0.0,0.15348896561063916,0.09691921561581109,0.0,0.0,0.0,0.0,0.08701776763617865,0.0,0.0,0.0,0.0,0.0,0.0,0.0,0.0,0.0,0.0,0.0,0.0,0.0,0.0,0.0,0.0,0.0,0.0,0.0,0.0,0.14109146518954355,0.0,0.0,0.0,0.0,0.0,0.0,0.0,0.0,0.0,0.0,0.0,0.12856934971726816,0.0,0.13685699942292062,0.15143404025291757,0.0,0.0,0.0,0.0,0.0,0.0,0.0,0.0,0.0,0.0,0.12012653617011124,0.0,0.0,0.0,0.0,0.0,0.11849209988966883,0.0,0.0,0.0,0.0,0.0,0.2989804952302556,0.0,0.0,0.0,0.0,0.0,0.0,0.0,0.0,0.0,0.0,0.0,0.0,0.0,0.0,0.0,0.0,0.0,0.0,0.0,0.0,0.0,0.0,0.0,0.0,0.0,0.0,0.0,0.0,0.0,0.0,0.0,0.0,0.0,0.0,0.0,0.0,0.0,0.0,0.0,0.0,0.0,0.0,0.0,0.0,0.0,0.0,0.0,0.0,0.0,0.0,0.07846673648682415,0.0,0.0,0.0,0.0,0.0,0.08444871739040724,0.0,0.0,0.0,0.0,0.139623857079785,0.10012720035641703,0.0,0.0,0.0,0.0,0.0,0.0,0.0,0.0,0.0,0.0,0.0,0.0,0.0,0.0,0.0,0.0,0.0,0.0,0.0,0.1245706317217568,0.0,0.0,0.0,0.13821381728700347,0.0,0.0,0.0,0.0,0.0,0.0,0.0,0.0,0.0,0.0,0.0,0.13306914071966577,0.0,0.0,0.0,0.0,0.13685699942292062,0.0,0.14109146518954355,0.0,0.0,0.0,0.0,0.0,0.0,0.0,0.13189030047782777,0.0,0.10875376436511876,0.11193738352954963,0.0,0.0,0.0,0.0,0.0,0.0,0.15348896561063916,0.0
3,2025-05-05,그리고 특정 패턴 가슴 아픈 문제 가능한 한 간단하고 직접적으로 제시됨 에 맞는 또 다른 아시아 타이틀인 myk를 선택했습니다 축적된 실을 얼마나 깔끔하게 개발하고 접착 했는지 정말 감사합니다 하지만 이보다 더 감탄할 수는 없습니다 아마도 더 감정적인 유대감을 형성하기 어려운 기후 때문일 것입니다,0,0.0,0.0,0.0,0.0,0.0,0.0,0.0,0.0,0.0,0.0,0.0,0.0,0.0,0.0,0.0,0.0,0.0,0.0,0.0,0.0,0.0,0.27559770692307095,0.0,0.0,0.0,0.0,0.0,0.0,0.0,0.0,0.0,0.0,0.0,0.0,0.0,0.0,0.0,0.0,0.0,0.0,0.0,0.0,0.27200387487193095,0.0,0.0,0.0,0.0,0.0,0.0,0.0,0.0,0.0,0.0,0.0,0.0,0.0,0.0,0.0,0.0,0.0,0.0,0.0,0.0,0.0,0.0,0.0,0.0,0.2460956477720495,0.0,0.0,0.0,0.0,0.0,0.0,0.0,0.0,0.0,0.0,0.0,0.0,0.0,0.0,0.0,0.0,0.0,0.0,0.0,0.0,0.0,0.0,0.0,0.0,0.0,0.0,0.0,0.0,0.0,0.0,0.0,0.0,0.0,0.0,0.0,0.0,0.0,0.0,0.0,0.0,0.0,0.0,0.0,0.0,0.0,0.0,0.0,0.0,0.0,0.0,0.0,0.0,0.0,0.0,0.0,0.0,0.0,0.0,0.0,0.0,0.0,0.0,0.0,0.0,0.0,0.0,0.0,0.0,0.0,0.0,0.0,0.0,0.0,0.0,0.0,0.0,0.0,0.0,0.0,0.0,0.0,0.0,0.0,0.0,0.0,0.0,0.0,0.0,0.0,0.0,0.0,0.0,0.0,0.0,0.0,0.0,0.0,0.4156402871518395,0.4308301325780881,0.0,0.0,0.0,0.0,0.0,0.0,0.0,0.0,0.0,0.0,0.0,0.0,0.0,0.0,0.0,0.0,0.3646139269244755,0.0,0.3768176357063915,0.0,0.0,0.0,0.0,0.0,0.0,0.0,0.0,0.0,0.0,0.0,0.0,0.0,0.0,0.0,0.0,0.0,0.0,0.0,0.0,0.0,0.0,0.0,0.0,0.0,0.0,0.0,0.0,0.0,0.0,0.0,0.0,0.0,0.0,0.0,0.0,0.0,0.0,0.0,0.0,0.0,0.0,0.0,0.0,0.0,0.0,0.0,0.0,0.0,0.0,0.0,0.0,0.0,0.0,0.0,0.0,0.0,0.0,0.0,0.0,0.0,0.0,0.0,0.24073522298349456,0.0,0.0,0.0,0.0,0.0,0.0,0.0,0.0,0.0,0.0,0.0,0.0,0.0,0.0,0.0,0.0,0.0,0.0,0.0,0.0,0.0,0.0,0.0,0.0,0.0,0.0,0.0,0.0,0.0,0.0,0.0,0.0,0.0,0.0,0.0,0.0,0.0,0.0,0.0,0.0,0.31342779523932496,0.0,0.0,0.0,0.0,0.0,0.0,0.0,0.0,0.0
3,2024-03-12,단순함 세심함 감성이 가득한 큰 매력을 지닌 책입니다 비록 내 기대에 완전히 부응하지는 못했지만 시작 부분이 나를 정말로 사로잡았다는 사실은 변하지 않습니다 오히려 가볍고 더 나아가 감동적으로 읽히며 많은 이들의 마음을 감동시킬 결말로 이어진다 어쩌면 나는 그것이 나에게 훨씬 더 감정적으로 다가가거나 더 보편적이기를 기대했지만 그것이 내가 그것과 함께 아주 좋은 시간을 보냈다는 사실에는 변함이 없습니다 어떤 점에서는 너무 길어서 이야기가 단조롭게 느껴졌기 때문에 여기서는 약간 더 짧은 형식이 훨씬 더 잘 작동했을 것이고 확실히 독자에게 더 매력적이었을 것이라고 생각합니다,0,0.0,0.0,0.0,0.0,0.0,0.0,0.0,0.0,0.0,0.0,0.0,0.0,0.0,0.0,0.0,0.0,0.0,0.0,0.0,0.0,0.0,0.0,0.0,0.0,0.0,0.0,0.0,0.0,0.0,0.0,0.0,0.0,0.0,0.3680367477376066,0.0,0.0,0.0,0.0,0.0,0.0,0.0,0.0,0.0,0.0,0.0,0.0,0.0,0.0,0.0,0.0,0.0,0.0,0.0,0.0,0.1065199854598519,0.1799096016919738,0.16710571813190814,0.0,0.0,0.0,0.16217665621600558,0.14966885518630144,0.0,0.0,0.0,0.0,0.0,0.0,0.0,0.0,0.0,0.0,0.0,0.0,0.0,0.0,0.0,0.0,0.0,0.0,0.0,0.0,0.0,0.0,0.0,0.0,0.0,0.0,0.0,0.0,0.0,0.0,0.0,0.0,0.0,0.0,0.0,0.0,0.0,0.0,0.0,0.15513921108080278,0.0,0.0,0.0,0.174886512004852,0.0,0.0,0.0,0.0,0.14207761281752432,0.0,0.0,0.0,0.0,0.0,0.0,0.0,0.0,0.0,0.0,0.0,0.0,0.0,0.0,0.0,0.0,0.0,0.0,0.0,0.0,0.0,0.0,0.0,0.0,0.0,0.0,0.0,0.0,0.0,0.0,0.0,0.0,0.0,0.0,0.0,0.19685787929692913,0.0,0.0,0.0,0.0,0.0,0.0,0.0,0.0,0.0,0.22500538917107285,0.0,0.0,0.0,0.0,0.0,0.0,0.0,0.0,0.0,0.0,0.19004809132690456,0.0,0.0,0.176098118279685,0.0,0.0,0.0,0.0,0.0,0.0,0.0,0.20261296063699671,0.0,0.16507844697446494,0.0,0.0,0.0,0.0,0.19166983626141143,0.0,0.0,0.0,0.0,0.0,0.21386886071866681,0.0,0.0,0.0,0.0,0.0,0.0,0.0,0.0,0.0,0.0,0.0,0.0,0.15513921108080278,0.0,0.0,0.0,0.0,0.0,0.0,0.0,0.0,0.0,0.0,0.0,0.0,0.0,0.0,0.0,0.0,0.0,0.0,0.0,0.0,0.0,0.0,0.0,0.0,0.0,0.0,0.0,0.0,0.0,0.0,0.0,0.0,0.0,0.0,0.0,0.0,0.0,0.0,0.0,0.0,0.0,0.0,0.0,0.0,0.0,0.0,0.0,0.0,0.0,0.0,0.14272427800779577,0.0,0.0,0.0,0.0,0.0,0.0,0.0,0.0,0.0,0.0,0.0,0.0,0.0,0.0,0.0,0.0,0.17141035879143152,0.0,0.0,0.0,0.0,0.0,0.0,0.0,0.0,0.0,0.0,0.0,0.0,0.0,0.0,0.0,0.0,0.0,0.0,0.0,0.1869470468271766,0.0,0.0,0.0,0.19685787929692913,0.46320361238927005,0.0,0.0
5,2025-05-03,멋진 책 독고의 정체가 밝혀지는 마지막 장에서 나를 둘로 찢어버렸어요 갑자기 당신을 강타하는 지혜의 작은 진주가 담긴 가벼운 글쓰기 현실에서 직접적으로 벗어난 다양한 캐릭터들의 시리즈 그리고 공감과 인간관계를 강조합니다 나는 그것을 정말 좋아했고 그것이 나에게 불러일으킨 감정으로 인해 5 를 받았습니다 셰프되브르의 책은 아니지만 마음에 바로 와닿는 책임은 분명합니다 우리에게도 때때로 그러한 희망적인 독서가 필요합니다,1,0.0,0.0,0.0,0.0,0.0,0.0,0.0,0.0,0.0,0.0,0.0,0.0,0.0,0.0,0.0,0.0,0.0,0.0,0.0,0.0,0.0,0.0,0.0,0.0,0.0,0.0,0.0,0.0,0.0,0.0,0.0,0.0,0.23956195751611672,0.2588584689399304,0.0,0.0,0.0,0.0,0.0,0.0,0.0,0.0,0.19462509247953738,0.0,0.0,0.0,0.0,0.0,0.0,0.0,0.0,0.0,0.0,0.0,0.14984156075251287,0.25307866308382954,0.23506745243588223,0.0,0.0,0.0,0.0,0.0,0.0,0.0,0.0,0.0,0.0,0.0,0.0,0.0,0.23362786101381233,0.0,0.0,0.3210093688925994,0.3082689701955954,0.0,0.0,0.0,0.0,0.0,0.0,0.0,0.0,0.0,0.0,0.0,0.26512726862356756,0.0,0.0,0.0,0.0,0.0,0.0,0.0,0.0,0.0,0.0,0.0,0.0,0.0,0.0,0.0,0.0,0.0,0.20169106789503222,0.0,0.0,0.24601268766833473,0.0,0.0,0.0,0.0,0.0,0.0,0.0,0.0,0.0,0.0,0.0,0.0,0.0,0.0,0.29094955270491407,0.0,0.0,0.0,0.0,0.0,0.0,0.0,0.0,0.0,0.0,0.0,0.0,0.0,0.0,0.0,0.0,0.0,0.0,0.0,0.0,0.0,0.0,0.0,0.0,0.0,0.0,0.0,0.0,0.0,0.0,0.0,0.0,0.0,0.0,0.0,0.0,0.0,0.0,0.0,0.0,0.0,0.0,0.0,0.0,0.0,0.0,0.0,0.0,0.0,0.0,0.0,0.0,0.0,0.0,0.0,0.0,0.0,0.0,0.0,0.0,0.0,0.0,0.0,0.0,0.0,0.0,0.0,0.0,0.0,0.0,0.0,0.0,0.0,0.0,0.0,0.0,0.0,0.0,0.0,0.0,0.0,0.0,0.0,0.0,0.0,0.0,0.0,0.0,0.0,0.29410477903848675,0.0,0.0,0.0,0.0,0.0,0.0,0.0,0.0,0.0,0.0,0.0,0.0,0.0,0.0,0.0,0.0,0.0,0.0,0.0,0.0,0.0,0.0,0.0,0.0,0.0,0.0,0.0,0.1963294578571213,0.0,0.0,0.0,0.0,0.0,0.0,0.0,0.0,0.17225164552639105,0.0,0.0,0.0,0.0,0.0,0.0,0.0,0.0,0.0,0.0,0.0,0.0,0.0,0.0,0.0,0.0,0.0,0.18013197317196508,0.0,0.0,0.0,0.0,0.0,0.0,0.0,0.0,0.0,0.0,0.0,0.0,0.0,0.0,0.0,0.0,0.0,0.0,0.0,0.0,0.0,0.0,0.0,0.0,0.0,0.0,0.0,0.0,0.0,0.0,0.0,0.0
3,2025-07-08,3 0 은퇴한 역사 교사이자 서울역 근처에서 어려움을 겪고 있는 편의점 주인인 염여사는 잃어버린 지갑을 돌려주는 노숙자 독고를 만나 인생이 바뀌는 만남을 경험한다 그의 타고난 선함을 알아본 염씨 부인은 충동적으로 그에게 자신의 가게에서 일자리를 제안한다 기존 직원들의 초기 회의론에도 불구하고 독고의 친절함과 의지는 신속하게 지역사회를 사로잡을 수 있도록 돕습니다 그는 믿을 수 있는 친구이자 주변 사람들에게 조언의 원천이 되어 궁극적으로 염씨 부인이 가게를 재정적 파탄에서 구하도록 돕습니다 그러나 가게를 팔고 싶어하는 염씨 부인의 아들은 독고의 과거를 밝히기 위해 탐정을 고용하고 그는 그 사실을 잊고 싶은 마음이 간절해 보인다 원하시면 읽어보세요 소설 BIT 두 번째 기회 자기 성장과 이타심 있을 법하지 않은 우정 구원 친절 기분 좋은 이야기,0,0.0,0.0,0.0,0.3250841557932501,0.0,0.16036594858180622,0.0,0.0,0.0,0.0,0.0,0.0,0.0,0.0,0.0,0.0,0.0,0.0,0.0,0.0,0.0,0.0,0.0,0.16254207789662506,0.0,0.0,0.15449713958702443,0.0,0.0,0.0,0.0,0.0,0.0,0.0,0.0,0.23163822985336108,0.0,0.0,0.0,0.13966947662191037,0.0,0.0,0.0,0.14220854384477807,0.11997653925738157,0.0,0.14785917517523856,0.0,0.0,0.1384607434106782,0.0,0.0,0.0,0.0,0.0,0.0,0.0,0.0,0.0,0.0,0.0,0.0,0.11997653925738157,0.0,0.0,0.0,0.0,0.0,0.0,0.0,0.0,0.0,0.0,0.0,0.0,0.0,0.0,0.0,0.0,0.0,0.0,0.0,0.0,0.0,0.0,0.1449291222492727,0.27230529795705505,0.0,0.0,0.0,0.0,0.0,0.0,0.0,0.0,0.0,0.0,0.0,0.0,0.0,0.0,0.0,0.0,0.0,0.0,0.0,0.12382546033056185,0.0,0.0,0.0,0.0,0.0,0.0,0.0,0.0,0.0,0.0,0.0,0.0,0.0,0.0,0.0,0.0,0.0,0.0,0.09994717644982518,0.0,0.13504903842469182,0.0,0.1449291222492727,0.0,0.0,0.0,0.0,0.0,0.0,0.0,0.0,0.0,0.15449713958702443,0.0,0.0,0.0,0.0,0.0,0.0,0.0,0.0,0.13615264897852752,0.0,0.0,0.0,0.0,0.0,0.0,0.0,0.0,0.0,0.0,0.0,0.13966947662191037,0.0,0.0,0.0,0.0,0.0,0.0,0.0,0.0,0.0,0.0,0.0,0.14636596817547914,0.0,0.0,0.0,0.0,0.0,0.0,0.0,0.0,0.0,0.1583075068359156,0.0,0.0,0.0,0.0,0.0,0.40192955899112603,0.0,0.0,0.0,0.0,0.0,0.0,0.0,0.0,0.11148104068061294,0.0,0.0,0.0,0.0,0.0,0.12146974625714098,0.0,0.0,0.0,0.0,0.0,0.0,0.0,0.0,0.0,0.0,0.0,0.0,0.15635467375200715,0.0,0.0,0.0,0.0,0.0,0.0,0.1527260342860203,0.0,0.16618974977900647,0.0,0.0,0.0,0.0,0.1583075068359156,0.0,0.0,0.0,0.16036594858180622,0.0,0.0,0.10603291992460742,0.0,0.0,0.0,0.0,0.0,0.0,0.0,0.0,0.0,0.0,0.0,0.0,0.0,0.0,0.0,0.0,0.0,0.10310286699864159,0.0,0.0,0.13191807791781804,0.0,0.0,0.0,0.0,0.13504903842469182,0.0,0.0,0.0,0.0,0.0,0.0,0.0,0.0,0.0,0.0,0.0,0.0,0.0,0.0,0.0,0.0,0.0,0.0,0.0,0.12071582264599398,0.0,0.0,0.0,0.0,0.0,0.0,0.0,0.0,0.0,0.0,0.0,0.0,0.0,0.0,0.0,0.0
4,2024-10-25,이 책은 비 오는 오후 당신을 따뜻하게 감싸주는 그런 종류의 책입니다 진행하면서 인물들을 알아가다 보면 어느 시점에서 그들에게 애착을 가지게 되었는지 깨닫지 못한 채 그들의 삶을 파헤쳐 보게 되고 읽기가 끝나기를 원하지 않게 됩니다 큰 문제는 없지만 회복력에 대한 깊은 메시지가 담긴 짧은 이야기입니다 각 장마다 전직 노숙자가 의도치 않게 염 부인의 가게에서 쇼핑하는 사람들의 삶을 변화시키기 시작하는 다양한 이야기가 담겨 있습니다 그들의 영향력은 그들에게 다른 관점을 주고 자신의 실수를 인식하고 고치려고 노력하게 만듭니다,1,0.0,0.0,0.0,0.0,0.0,0.21743222800843695,0.0,0.0,0.0,0.0,0.0,0.0,0.0,0.0,0.0,0.0,0.0,0.0,0.0,0.0,0.0,0.0,0.0,0.0,0.0,0.0,0.0,0.0,0.22684362969701213,0.0,0.0,0.0,0.0,0.0,0.0,0.0,0.3787418183877427,0.0,0.0,0.0,0.20947500126063762,0.0,0.0,0.0,0.0,0.0,0.0,0.0,0.0,0.0,0.0,0.0,0.0,0.2025821379255331,0.0,0.0,0.0,0.0,0.0,0.0,0.0,0.0,0.0,0.2119935396141083,0.0,0.0,0.0,0.12260583248657542,0.0,0.0,0.16267023311477335,0.0,0.0,0.22351216435910526,0.21464128904045363,0.0,0.0,0.11907489763376189,0.0,0.0,0.0,0.0,0.0,0.0,0.0,0.0,0.0,0.0,0.0,0.0,0.0,0.0,0.0,0.0,0.17752032319767722,0.0,0.0,0.0,0.0,0.0,0.0,0.0,0.0,0.0,0.0,0.0,0.0,0.0,0.0,0.22038273370830602,0.0,0.0,0.0,0.0,0.0,0.0,0.22038273370830602,0.0,0.0,0.0,0.0,0.0,0.0,0.0,0.0,0.0,0.0,0.0,0.0,0.0,0.0,0.0,0.15615097669400488,0.0,0.0,0.0,0.0,0.0,0.0,0.0,0.0,0.3273451815165158,0.0,0.0,0.0,0.0,0.0,0.0,0.0,0.0,0.0,0.0,0.0,0.0,0.0,0.0,0.0,0.0,0.0,0.0,0.0,0.0,0.0,0.0,0.0,0.0,0.0,0.0,0.0,0.0,0.0,0.0,0.0,0.0,0.0,0.0,0.0,0.0,0.0,0.20047491486911131,0.0,0.0,0.0,0.0,0.0,0.0,0.0,0.0,0.0,0.0,0.0,0.0,0.0,0.0,0.0,0.0,0.0,0.0,0.0,0.0,0.0,0.0,0.0,0.0,0.15195193132615323,0.0,0.0,0.0,0.0,0.16899894005131522,0.0,0.0,0.0,0.0,0.0,0.0,0.0,0.0,0.0,0.0,0.0,0.0,0.0,0.0,0.0,0.0,0.0,0.0,0.0,0.0,0.0,0.12125327135156666,0.0,0.0,0.0,0.0,0.0,0.14376477191906314,0.0,0.0,0.0,0.0,0.0,0.0,0.0,0.0,0.0,0.0,0.0,0.0,0.0,0.0,0.0,0.0,0.0,0.0,0.2119935396141083,0.0,0.0,0.0,0.0,0.0,0.0,0.0,0.0,0.0,0.0,0.12542215615959984,0.0,0.0,0.0,0.0,0.16788879411086474,0.0,0.0,0.0,0.0,0.0,0.0,0.0,0.0,0.0,0.0,0.0,0.0,0.0,0.0,0.0,0.0,0.0,0.0,0.0,0.0,0.0,0.0,0.0,0.0,0.0,0.0,0.0
4,2026-06-22,가볍고 빠르게 읽히는 소설에 익숙해서 이 책을 조금씩 재미있게 읽었습니다 읽는 순간을 정말 즐기고 있습니다 마음이 따뜻해지고 자신의 존재를 소중하게 여기게 만드는 책 중 하나이다,1,0.0,0.0,0.0,0.0,0.0,0.0,0.0,0.0,0.0,0.0,0.0,0.0,0.0,0.0,0.0,0.0,0.0,0.0,0.0,0.0,0.0,0.0,0.0,0.0,0.0,0.0,0.0,0.0,0.0,0.0,0.0,0.0,0.0,0.0,0.0,0.0,0.0,0.0,0.0,0.0,0.0,0.0,0.0,0.0,0.0,0.0,0.0,0.0,0.0,0.0,0.0,0.0,0.0,0.0,0.0,0.0,0.0,0.0,0.0,0.0,0.0,0.0,0.0,0.0,0.0,0.0,0.0,0.0,0.0,0.0,0.0,0.0,0.0,0.0,0.0,0.0,0.0,0.0,0.0,0.0,0.0,0.0,0.0,0.0,0.0,0.0,0.0,0.0,0.0,0.0,0.0,0.0,0.0,0.0,0.0,0.0,0.0,0.0,0.0,0.0,0.0,0.0,0.0,0.0,0.0,0.0,0.3407165098155189,0.0,0.4111237998372575,0.0,0.0,0.0,0.0,0.0,0.0,0.0,0.0,0.0,0.0,0.0,0.0,0.0,0.0,0.0,0.0,0.0,0.0,0.0,0.0,0.0,0.0,0.0,0.0,0.0,0.0,0.0,0.0,0.0,0.0,0.0,0.0,0.0,0.0,0.0,0.0,0.0,0.0,0.0,0.0,0.0,0.0,0.0,0.0,0.0,0.0,0.0,0.0,0.0,0.0,0.0,0.0,0.0,0.0,0.0,0.0,0.0,0.0,0.0,0.0,0.0,0.0,0.0,0.0,0.0,0.0,0.0,0.0,0.0,0.0,0.0,0.0,0.0,0.0,0.0,0.0,0.0,0.0,0.0,0.0,0.0,0.0,0.0,0.0,0.0,0.0,0.0,0.0,0.0,0.0,0.0,0.0,0.0,0.0,0.0,0.0,0.0,0.0,0.0,0.0,0.0,0.0,0.0,0.0,0.0,0.0,0.0,0.0,0.0,0.0,0.3385109939329152,0.39129916089462863,0.0,0.0,0.0,0.0,0.0,0.0,0.0,0.0,0.0,0.0,0.24607354908594406,0.0,0.0,0.0,0.0,0.0,0.29175878939449373,0.0,0.0,0.0,0.0,0.0,0.41558226566937584,0.0,0.0,0.0,0.0,0.0,0.2433987279879195,0.0,0.0,0.0,0.0,0.0,0.0,0.0,0.0,0.0,0.0,0.0,0.0,0.0,0.0,0.0,0.0,0.0,0.0,0.2637381499565308,0.0,0.0,0.0,0.0,0.0,0.0,0.0,0.0,0.0,0.0,0.0,0.0,0.0,0.0,0.0,0.0,0.0,0.0,0.0,0.0,0.0,0.0,0.0,0.0,0.0,0.0,0.0,0.0,0.0,0.0,0.0
4,2025-05-25,daima 편의점 및 ghrp ft Mkan ckle 또는 ezeh 및 또는 and anti cker ball Ro sch 및 ches 에서 lf 와 에 shan Guda 및 ha Knt 과 ana ha 및 ha 과 는,1,0.0,0.0,0.0,0.0,0.0,0.0,0.0,0.0,0.0,0.0,0.0,0.0,0.0,0.0,0.0,0.0,0.0,0.0,0.0,0.0,0.0,0.0,0.0,0.0,0.0,0.0,0.0,0.0,0.0,0.0,0.0,0.0,0.0,0.0,0.0,0.0,0.0,0.0,0.0,0.0,0.0,0.0,0.0,0.0,0.0,0.0,0.0,0.0,0.0,0.0,0.0,0.0,0.0,0.0,0.0,0.0,0.0,0.0,0.0,0.0,0.0,0.0,0.0,0.0,0.0,0.0,0.0,0.0,0.0,0.0,0.0,0.0,0.0,0.0,0.0,0.0,0.0,0.0,0.0,0.0,0.0,0.0,0.0,0.0,0.0,0.0,0.0,0.0,0.0,0.0,0.0,0.0,0.0,0.0,0.0,0.0,0.0,0.0,0.0,0.0,0.0,0.0,0.0,0.0,0.0,0.0,0.0,0.0,0.0,0.0,0.0,0.0,0.0,0.0,0.0,0.0,0.0,0.0,0.0,0.0,0.0,0.0,0.0,0.0,0.0,0.0,0.0,0.0,0.0,0.0,0.0,0.0,0.0,0.0,0.0,0.0,0.0,0.0,0.0,0.0,0.0,0.0,0.0,0.0,0.0,0.0,0.0,0.0,0.0,0.0,0.0,0.0,0.0,0.0,0.0,0.0,0.0,0.0,0.0,0.0,0.0,0.0,0.0,0.0,0.0,0.0,0.0,0.0,0.0,0.0,0.0,0.0,0.0,0.0,0.0,0.0,0.0,0.0,0.0,0.0,0.0,0.0,0.0,0.0,0.0,0.0,0.0,0.0,0.0,0.0,0.0,0.0,0.0,0.0,0.0,0.0,0.0,0.0,0.0,0.0,0.0,0.0,0.0,0.0,0.0,0.0,0.0,0.0,0.0,0.0,0.0,0.0,0.0,0.0,0.0,0.0,0.0,0.0,0.0,0.0,0.0,0.0,0.0,0.0,0.0,0.0,0.0,0.0,0.0,0.0,0.0,0.0,0.0,0.0,0.0,0.0,0.0,0.0,0.0,0.0,0.0,0.0,0.0,0.0,0.0,0.0,0.0,0.0,0.0,0.0,0.0,0.0,0.0,0.0,0.0,0.0,0.0,0.0,0.0,0.0,0.0,0.0,0.0,0.0,0.0,0.0,0.0,0.0,0.0,0.0,0.0,0.0,0.0,0.0,0.0,0.0,0.0,0.0,0.0,0.0,0.0,0.0,0.0,1.0,0.0,0.0,0.0,0.0,0.0,0.0,0.0,0.0,0.0,0.0,0.0,0.0,0.0,0.0,0.0,0.0
4,2024-02-11,이 소설의 제목을 봤을 때 가장 먼저 생각난 것은 24시간 어디에서나 찾을 수 있는 전형적인 중국 상점들이었고 사실은 내가 잘못한 것이 아니었다 소설은 노숙자가 서울역에서 염씨 부인의 지갑을 발견하면서 시작된다 24시간 가게 주인 염씨는 처음에는 이 캐릭터를 불신하고 그의 외모와 행동에 대한 편견을 갖고 있지만 시간이 지날수록 그의 행동에 너무 놀라서 그에게 새로운 삶을 주기로 결심하고 자신의 가게에서 야간 근무를 위해 그를 고용하게 되고 여기서 그는 다시 인간이 되는 법을 배우게 된다 이 소설을 구성하는 장 전체에서 우리는 다양한 캐릭터를 만나 자신의 삶 누구에게나 있을 수 있는 삶에 대해 이야기하고 그들이 다른 방식으로 생각할 수 있게 해줄 것입니다 그러나 우리는 다른 인물들의 이야기뿐만 아니라 자신의 과거 그가 오랫동안 묻어두었던 과거 그리고 그가 잊어버린 과거를 기억하며 살아갈 것입니다 내레이션은 매우 민첩하고 각 캐릭터마다 챕터가 있으며 번역이 매우 훌륭하고 언어가 전혀 낯설지 않습니다 다른 사람의 삶을 되돌아보고 배우게 만드는 소설입니다,1,0.24182225049115086,0.0,0.12476705736395483,0.0,0.0,0.132476336786523,0.0,0.09622372860817248,0.0,0.0,0.0,0.0,0.0,0.0,0.0,0.0,0.0,0.0,0.09258073384109824,0.0,0.08801465413545713,0.1673120371938529,0.0,0.0,0.0,0.0,0.12762818589286942,0.0,0.0,0.0,0.21795180177613252,0.0,0.0,0.0,0.0,0.09567674566223135,0.0,0.14038035817276323,0.0,0.11537923597491682,0.0,0.11156234883566361,0.08256513259406026,0.11747672816396879,0.19822228548767598,0.132476336786523,0.0,0.0,0.0,0.0,0.0,0.0,0.0,0.0,0.0,0.0,0.0,0.0,0.0,0.0,0.09678039316928833,0.08931624925621061,0.0,0.12916267200921097,0.0,0.0,0.0,0.224102540436462,0.0,0.10981463663719458,0.09911114274383799,0.0,0.0,0.0,0.0,0.0,0.0,0.07254953134702229,0.09513911331146739,0.0,0.0,0.0,0.0,0.0,0.0,0.0,0.0,0.0,0.0,0.0,0.0,0.10736268950747353,0.0,0.11537923597491682,0.0,0.0,0.0,0.0,0.0,0.0,0.0,0.0,0.0,0.0,0.0,0.0,0.0,0.0,0.12342852656467936,0.0,0.0,0.0,0.0,0.14721359636810086,0.0,0.0,0.0,0.0,0.0,0.0,0.0,0.0,0.0,0.13618069884457315,0.0,0.0,0.0,0.0,0.0,0.0,0.0,0.0,0.0,0.0,0.0,0.0,0.0,0.11067635428478557,0.0,0.0,0.10508815214922256,0.19944371130826455,0.0,0.0,0.0,0.11067635428478557,0.0,0.0,0.0,0.11247402793402606,0.11972416450662925,0.132476336786523,0.0,0.132476336786523,0.0,0.0,0.0,0.0,0.0,0.0,0.0,0.0,0.10508815214922256,0.0,0.0,0.0,0.0,0.0,0.0,0.0,0.10508815214922256,0.0,0.0,0.0,0.0,0.0,0.0,0.11341292531764137,0.0,0.0,0.0,0.0,0.0,0.0,0.0,0.0,0.0,0.0,0.11067635428478557,0.14038035817276323,0.0,0.0,0.0,0.0,0.20458137816120908,0.0,0.0,0.09209311590847581,0.0,0.0,0.0,0.0,0.0,0.0,0.0,0.0,0.0,0.0,0.0,0.0,0.0,0.0,0.0,0.0,0.0,0.0,0.0,0.0,0.0,0.0,0.0,0.0,0.0,0.0,0.0,0.13728730729242494,0.0,0.0,0.0,0.0,0.0,0.0,0.0,0.11247402793402606,0.132476336786523,0.10508815214922256,0.0,0.2627774711766527,0.0,0.0,0.0,0.0,0.0,0.0,0.0,0.11341292531764137,0.0,0.0,0.0,0.0,0.0,0.0,0.0,0.0,0.0,0.0,0.0,0.0,0.0,0.132476336786523,0.0,0.0,0.0,0.11156234883566361,0.0,0.13427401043576348,0.0,0.0,0.0,0.0,0.0,0.0,0.0,0.11641049972931719,0.0,0.0,0.0,0.0,0.0,0.0,0.0,0.0,0.0,0.0,0.0,0.0,0.0,0.0,0.0,0.0,0.0,0.0,0.0,0.0,0.0,0.0,0.0,0.0,0.0,0.0
4,2023-01-09,완료 그리고 정말 좋아해요 솔직히 이 소설에 대해 뭐라고 말해야 할지 헷갈립니다 확실한 건 번역이 꽤 마음에 든다는 점이다 특히 첫 부분이 가볍고 마음이 따뜻해지는 느낌이 든다 좋은 명언이 꽤 많아서 좋아요 개인적으로 이 소설은 우리 삶에서 가끔 일어나는 일들로 가득 차 있습니다 비록 자주 일어나지는 않지만 적어도 결코 일어나지 않는 일이고 어쩌면 내가 잊어버렸을 수도 있다는 점을 일깨워 주는 일종의 일깨워주는 것입니다 무슨 말을 해야할지 헷갈리기 때문에 몇 가지 인용문을 공유하겠습니다 염씨는 오늘은 친절을 베풀고 받은 은혜에 보답하는 오늘이었다 염씨는 그것만으로도 하루를 더 좋게 만들 수 있다고 생각하기로 했다 고 말했다 행복은 어떤 길에 있는 것이 아니라 행복은 길 자체이다 그리고 당신이 만나는 모든 사람이 어려움을 겪고 있기 때문에 친절해야합니다 밥 딜런의 자서전 연대기 에서 209쪽 인생은 문제 해결의 연속이다 꼭 문제를 해결해야 한다면 그는 단지 좋은 문제를 골라서 해결하려 할 뿐이다 368쪽 누군가가 이야기를 들어주면 마음이 편해진다 160쪽 인생은 관계이고 관계는 소통입니다,1,0.0,0.0,0.0,0.0,0.0,0.0,0.1494824363820216,0.0,0.1494824363820216,0.0,0.0,0.0,0.0,0.0,0.0,0.0,0.0,0.0,0.0,0.0,0.10060451970546502,0.09562241258668697,0.0,0.1534809454346829,0.0,0.0,0.0,0.0,0.0,0.0,0.0,0.0,0.0,0.0,0.0,0.10936261851937489,0.0,0.0,0.0,0.0,0.0,0.0,0.18875096631657806,0.0,0.0,0.0,0.0,0.0,0.0,0.0,0.0,0.0,0.0,0.0,0.0,0.0,0.0,0.0,0.0,0.0,0.11062413489369045,0.0,0.0,0.0,0.0,0.0,0.12650781366971406,0.0,0.0,0.0,0.0,0.0,0.0,0.0,0.0,0.0,0.15142612745186532,0.0,0.10874808171345293,0.0,0.0,0.0,0.0,0.0,0.0,0.0,0.0,0.0,0.0,0.0,0.0,0.0,0.0,0.0,0.0,0.0,0.0,0.0,0.0,0.1494824363820216,0.0,0.2116474887858697,0.0,0.0,0.0978018391092414,0.0,0.2338452782977996,0.0,0.0,0.0,0.0,0.0,0.1476384666735439,0.0,0.0,0.08701322074380116,0.0,0.1476384666735439,0.0,0.26376681777049243,0.0,0.0,0.0,0.0,0.0,0.0,0.0,0.0,0.0,0.0,0.0,0.0,0.0,0.0,0.0,0.0,0.0,0.0,0.1218324651305755,0.0,0.0,0.0,0.0,0.0,0.0,0.0,0.0,0.0,0.0,0.12856263165253165,0.0,0.0,0.0,0.0,0.1236303161313544,0.0,0.0,0.0,0.0,0.0,0.0,0.0,0.1201202592631475,0.0,0.0,0.0,0.0,0.0,0.0,0.13820659527511606,0.0,0.0,0.0,0.0,0.0,0.0,0.0,0.0,0.0,0.0,0.11260350787983414,0.0,0.1494824363820216,0.0,0.0,0.0,0.0,0.0,0.0,0.32092152491598597,0.0,0.0,0.12963583157882988,0.0,0.0,0.0,0.0,0.0,0.0,0.0,0.0,0.0,0.0,0.0,0.0,0.0,0.09478633937561325,0.0,0.0,0.0,0.27369969661620736,0.0,0.0,0.0,0.0,0.0,0.0,0.0,0.0,0.0,0.0,0.0,0.0,0.0,0.0,0.07846263640685532,0.0,0.0,0.1146982476076992,0.0,0.0,0.08444430473722363,0.0,0.0,0.0,0.0,0.0,0.0,0.0,0.0,0.0,0.0,0.0,0.0,0.0,0.0,0.0,0.15566037195723736,0.0,0.08352639458898477,0.0,0.0,0.0,0.0,0.0,0.19471051076438153,0.0,0.12456412259987032,0.0,0.0,0.0,0.0,0.0,0.0,0.0,0.0,0.0,0.0,0.0,0.0,0.0,0.0,0.0,0.0,0.0,0.0,0.0,0.0,0.0,0.0,0.0,0.0,0.12963583157882988,0.0,0.0,0.0,0.0,0.0,0.0,0.0,0.0,0.0,0.0,0.0,0.0,0.32092152491598597,0.0,0.0,0.0,0.0
3,2024-02-14,솔직히 더 기대했어요 책의 전반부는 훌륭하지만 50 읽었을 때 조금 변경해야 했습니다 모두 동일하지 않기 때문입니다 스포일러를 피하기 위해 더 이상 말하지 않겠습니다 예 그러나 더 나쁜 경우입니다 나는 책의 후반부가 지루하다는 것을 알았고 책의 전반부의 불꽃 이 사라졌다고 느꼈습니다 그리고 결말은 나에게 끔찍해 보였고 전혀 마음에 들지 않았습니다 팬데믹과 관련된 모든 일로 인해 아직 극복되지 않은 트라우마가 있는 것이 사실이지만 내 정신 건강이 크게 영향을 받았고 우리는 계속해서 개선하기 위해 노력하고 있습니다 어쨌든 캐릭터나 이야기 자체에 맞는 결말을 찾지 않고 그 역사적 순간을 활용하여 이야기를 끝내는 것은 약한 결말 매우 약한 것처럼 보였습니다 가능하다면 더 열린 결말을 선호했을 것입니다 전혀 마음에 안들어서 아쉽네요,0,0.0,0.0,0.0,0.0,0.0,0.0,0.0,0.0,0.0,0.0,0.0,0.0,0.0,0.0,0.0,0.0,0.0,0.0,0.13409727130547763,0.10584261273895411,0.12748359690815952,0.1211703921183247,0.1918835003631406,0.0,0.0,0.0,0.0,0.0,0.0,0.0,0.0,0.0,0.0,0.0,0.0,0.0,0.0,0.0,0.0,0.16711944340496065,0.0,0.0,0.11959031351859387,0.0,0.0,0.0,0.0,0.0,0.0,0.0,0.0,0.0,0.0,0.0,0.09207239929965602,0.0,0.14444072949010903,0.0,0.0,0.0,0.0,0.0,0.0,0.0,0.0,0.0,0.0,0.0,0.0,0.0,0.0,0.0,0.0,0.0,0.0,0.0,0.0,0.0,0.0,0.0,0.0,0.0,0.0,0.0,0.0,0.0,0.0,0.0,0.0,0.0,0.0,0.0,0.0,0.0,0.0,0.0,0.1972490318652419,0.0,0.0,0.0,0.0,0.0,0.18071710222168474,0.0,0.24786421664516747,0.0,0.0,0.0,0.0,0.0,0.0,0.0,0.0,0.10661473912007888,0.17015752668067954,0.11026103391238469,0.0,0.0,0.0,0.0,0.0,0.0,0.0,0.0,0.0,0.0,0.0,0.0,0.0,0.0,0.0,0.0,0.0,0.0,0.0,0.0,0.0,0.0,0.0,0.0,0.0,0.0,0.0,0.0,0.0,0.0,0.0,0.0,0.0,0.0,0.0,0.0,0.0,0.0,0.0,0.0,0.0,0.0,0.0,0.0,0.0,0.0,0.0,0.0,0.0,0.0,0.0,0.0,0.1501424571003646,0.0,0.0,0.17691870589945413,0.1751320311819444,0.0,0.0,0.0,0.0,0.0,0.0,0.0,0.0,0.0,0.0,0.0,0.0,0.0,0.0,0.0,0.0,0.0,0.17341279447214897,0.0,0.0,0.0,0.14816152040022937,0.0,0.0,0.26678197583833674,0.0,0.0,0.0,0.0,0.0,0.14534282561957199,0.0,0.0,0.12011094050980574,0.0,0.0,0.0,0.0,0.0,0.18071710222168474,0.0,0.0,0.0,0.0,0.0,0.0,0.0,0.0,0.0,0.0,0.0,0.0,0.09942594171044644,0.0,0.0,0.0,0.0,0.0,0.10700576612091528,0.0,0.0,0.0,0.0,0.0,0.0,0.0,0.0,0.0,0.0,0.0,0.0,0.0,0.32854273637473286,0.0,0.0,0.0,0.0,0.0,0.15221346672335298,0.0,0.0,0.0,0.0,0.0,0.0,0.0,0.0,0.0,0.0,0.0,0.0,0.0,0.0,0.0,0.0,0.0,0.4665239658073977,0.0,0.0,0.0,0.0,0.0,0.0,0.0,0.0,0.0,0.0,0.0,0.0,0.0,0.0,0.0,0.0,0.0,0.0,0.0,0.0,0.0,0.0,0.0,0.0,0.0,0.0,0.0,0.0,0.0,0.0
5,2025-07-31,당신이 읽을 가장 즐거운 번역 작품 중 하나,1,0.0,0.0,0.0,0.0,0.0,0.0,0.0,0.46139999314614505,0.0,0.0,0.0,0.0,0.0,0.0,0.0,0.0,0.0,0.0,0.0,0.0,0.0,0.0,0.0,0.0,0.0,0.0,0.0,0.0,0.0,0.0,0.0,0.0,0.0,0.0,0.0,0.0,0.0,0.0,0.0,0.0,0.0,0.0,0.0,0.0,0.0,0.0,0.0,0.0,0.0,0.0,0.0,0.0,0.0,0.0,0.0,0.0,0.0,0.0,0.0,0.0,0.0,0.0,0.0,0.0,0.0,0.0,0.0,0.0,0.0,0.0,0.0,0.0,0.0,0.0,0.0,0.0,0.6352339674367669,0.0,0.0,0.0,0.0,0.0,0.0,0.0,0.0,0.0,0.0,0.0,0.0,0.0,0.0,0.0,0.0,0.0,0.0,0.0,0.0,0.0,0.0,0.0,0.0,0.0,0.0,0.0,0.0,0.0,0.0,0.0,0.0,0.0,0.0,0.0,0.0,0.0,0.0,0.0,0.0,0.0,0.0,0.0,0.0,0.0,0.0,0.0,0.0,0.0,0.0,0.0,0.0,0.0,0.0,0.0,0.0,0.0,0.0,0.0,0.0,0.0,0.0,0.0,0.0,0.0,0.0,0.0,0.0,0.0,0.0,0.0,0.0,0.0,0.0,0.0,0.0,0.0,0.0,0.0,0.0,0.0,0.0,0.0,0.0,0.0,0.0,0.0,0.0,0.0,0.0,0.0,0.0,0.0,0.0,0.0,0.0,0.0,0.0,0.0,0.0,0.0,0.0,0.0,0.0,0.0,0.0,0.0,0.0,0.0,0.0,0.0,0.0,0.0,0.0,0.0,0.0,0.0,0.0,0.0,0.0,0.0,0.0,0.0,0.0,0.0,0.0,0.0,0.0,0.0,0.0,0.0,0.0,0.0,0.0,0.0,0.0,0.0,0.0,0.0,0.0,0.0,0.0,0.0,0.0,0.0,0.6193446963842362,0.0,0.0,0.0,0.0,0.0,0.0,0.0,0.0,0.0,0.0,0.0,0.0,0.0,0.0,0.0,0.0,0.0,0.0,0.0,0.0,0.0,0.0,0.0,0.0,0.0,0.0,0.0,0.0,0.0,0.0,0.0,0.0,0.0,0.0,0.0,0.0,0.0,0.0,0.0,0.0,0.0,0.0,0.0,0.0,0.0,0.0,0.0,0.0,0.0,0.0,0.0,0.0,0.0,0.0,0.0,0.0,0.0,0.0,0.0,0.0,0.0,0.0,0.0,0.0,0.0,0.0,0.0,0.0,0.0,0.0,0.0,0.0,0.0,0.0,0.0,0.0,0.0
4,2024-09-24,나는 흥분됐다 독서 클럽에서 9월 한 달 동안 제안한 책이다 나는 한국 소설을 한 번도 읽어본 적이 없었기 때문에 처음부터 내 관심을 끌었고 내 관심을 끌었던 몇 가지 문화적 측면을 명확히 하는 데 도움이 되었습니다 각 장마다 다른 이야기가 있고 공통된 맥락을 따라가는 이야기인데 나와는 전혀 다른 맥락에 속해 있는 인물들이더라도 그 이야기들은 매우 일상적이어서 공감하기 쉬웠습니다 장점과 단점부터 시작합니다 좋았던 점 책을 통해 제가 전혀 몰랐던 나라에 대한 많은 것을 배웠고 그것이 제가 스스로 조사를 계속할 수 있는 계기가 되었습니다 책 전반에 걸쳐 주인공의 진화 과정이 매우 잘 표현되어 있습니다 다양한 가치에 대한 제안이 아주 단순하면서도 깊은 감동을 선사하는데요 특히 한 이야기는 나를 감동시켜 눈물을 흘렸는데 나는 그런 식으로 감동을 준 책을 매우 소중히 여깁니다 읽기에 매우 가벼운 소설입니다 별로 마음에 들지 않았던 점 책의 마지막 부분에 반전이 한 번 더 있었으면 좋았을 텐데요 많이 지루했던 이야기가 있었는데 아마도 그 이야기의 주제가 조금도 흥미를 끌지 못했기 때문일 것입니다 이 외에도 마음을 다스리는 독서가 필요할 때 읽기에 적합한 책이라고 생각합니다,1,0.0,0.0,0.0,0.0,0.0,0.0,0.0,0.0,0.1393901085802697,0.0,0.2946288509127395,0.0,0.0,0.0,0.0,0.0,0.0,0.0,0.0,0.0778870982629858,0.0,0.08916645189741311,0.0,0.0,0.0,0.0,0.0,0.0,0.0,0.0,0.0,0.0,0.0,0.11704814165877676,0.0,0.0,0.0,0.0,0.0,0.0,0.13603507182194244,0.0,0.0,0.0,0.0,0.0,0.0,0.0,0.0,0.0,0.0,0.0,0.0,0.13155878036374075,0.20326176270557653,0.11443468443879254,0.0,0.0,0.0,0.0,0.0,0.0,0.0,0.0,0.0,0.0,0.0,0.15924280346319697,0.0,0.0,0.1056396071697675,0.0,0.0,0.0,0.0,0.0,0.0,0.15465675764951595,0.0,0.0,0.0,0.13447560970199418,0.0,0.0,0.0,0.0,0.0,0.0,0.0,0.0,0.1329854803684573,0.0,0.28240514214610246,0.0,0.0,0.0,0.14515093996269698,0.0,0.0,0.0,0.0,0.09867903934616354,0.0,0.0,0.09119873413052582,0.11123965939372747,0.0,0.11123965939372747,0.0,0.0,0.0903709787342366,0.11891097589699422,0.0,0.31382115188742027,0.0,0.0,0.0,0.0,0.0,0.0,0.0,0.0,0.0,0.0,0.0,0.0,0.0,0.0,0.0,0.0,0.0,0.0,0.0,0.0,0.0,0.0,0.0,0.0,0.0,0.0,0.0,0.0,0.0,0.0,0.0,0.0,0.12521493619447546,0.0,0.0,0.0,0.12761041147409505,0.0,0.0,0.14120257107305123,0.0,0.0,0.0,0.0,0.0,0.0,0.0,0.0,0.0,0.0,0.0,0.13447560970199418,0.0,0.12088345010303797,0.0,0.0,0.0,0.0,0.0,0.0,0.0,0.0,0.0,0.0,0.0,0.0,0.0,0.0,0.0,0.0,0.0,0.0,0.0,0.0,0.0,0.0,0.0,0.0,0.0,0.0,0.0,0.0,0.0,0.0,0.0,0.0,0.0,0.0,0.0,0.0,0.19735807869232708,0.10256199867304676,0.0,0.0,0.12407847514810302,0.0,0.0,0.0,0.0,0.0,0.0,0.0,0.0,0.0,0.0,0.0,0.0,0.0,0.0,0.0,0.11279912151367572,0.1463304408592203,0.0,0.0,0.0,0.0,0.0,0.07874303557794206,0.0,0.0,0.0,0.0,0.0,0.0,0.0,0.0,0.0,0.0,0.0,0.0,0.0,0.24176690020607594,0.0,0.0,0.0,0.0,0.23230831654400597,0.0,0.0,0.0,0.0,0.0,0.0,0.0,0.0,0.0,0.0,0.0,0.0,0.0,0.0,0.0,0.0,0.0,0.16879134390860037,0.11443468443879254,0.0,0.1393901085802697,0.0,0.0,0.0,0.0,0.0,0.0,0.0,0.0,0.0,0.1120103229960068,0.12088345010303797,0.0,0.0,0.0,0.0,0.0,0.0,0.11796662076478454,0.0,0.10437446116582833,0.0,0.0,0.0,0.0,0.0,0.0,0.0,0.0
3,2025-11-28,염씨는 24시간 운영하는 작은 가게 올웨이즈 로 연금을 보충한다 사업이 잘 안 되고 돈이 부족해요 가방을 잃어버린 그녀는 가방을 찾아주고 지켜주는 노숙자를 만난다 처음 의심을 품은 그녀는 독고라는 남자에게 야간 근무를 시킨다 우리는 매 챕터마다 주변 지역의 인물들을 알게 되고 마지막에는 예상하지 못한 반전이 있습니다 처음에는 좋게 들리는 이 이야기에는 현재 독일에 진출하고 있는 아시아 문학의 기분 좋은 분위기와 어두운 반전이 있습니다 때로는 그것을 고수하는 것이 힘든 일이었습니다 그러나 그것은 결국 나를 잡았습니다 별 3 5개이지만 별 3개로 약간 하향되는 경향이 있습니다,0,0.18562606571686366,0.0,0.191545798143076,0.0,0.0,0.0,0.0,0.0,0.0,0.0,0.0,0.0,0.0,0.0,0.0,0.0,0.0,0.0,0.0,0.0,0.13512250373497578,0.0,0.0,0.0,0.16133420474994037,0.0,0.0,0.0,0.0,0.0,0.0,0.16247035165276275,0.1560229198150413,0.0,0.33718086595733376,0.0,0.0,0.0,0.0,0.17713335804246158,0.0,0.0,0.0,0.0,0.0,0.2033812947180752,0.18751979924058762,0.0,0.0,0.0,0.0,0.0,0.0,0.0,0.0,0.16482613669814303,0.0,0.0,0.0,0.0,0.0,0.0,0.0,0.0,0.0,0.0,0.0,0.0,0.0,0.0,0.0,0.0,0.0,0.0,0.0,0.0,0.0,0.0,0.0,0.0,0.0,0.0,0.0,0.0,0.0,0.0,0.0,0.0,0.0,0.0,0.0,0.0,0.0,0.0,0.0,0.0,0.0,0.0,0.0,0.0,0.16730278292189535,0.0,0.0,0.0,0.0,0.0,0.0,0.0,0.0,0.0,0.0,0.0,0.0,0.0,0.0,0.0,0.20614113246066207,0.0,0.0,0.0,0.0,0.0,0.0,0.0,0.0,0.0,0.0,0.0,0.0,0.0,0.0,0.0,0.0,0.0,0.0,0.0,0.0,0.0,0.0,0.0,0.0,0.0,0.0,0.0,0.0,0.0,0.0,0.0,0.0,0.0,0.0,0.0,0.0,0.0,0.0,0.0,0.0,0.0,0.0,0.0,0.0,0.0,0.0,0.0,0.0,0.0,0.20077071216558648,0.0,0.0,0.0,0.0,0.0,0.0,0.0,0.20077071216558648,0.0,0.0,0.17411462415386483,0.18562606571686366,0.0,0.0,0.0,0.0,0.0,0.0,0.0,0.0,0.0,0.0,0.21551576448080212,0.0,0.0,0.0,0.0,0.15703946295210247,0.20077071216558648,0.0,0.0,0.0,0.0,0.0,0.0,0.0,0.0,0.0,0.0,0.0,0.0,0.0,0.0,0.0,0.0,0.0,0.0,0.0,0.0,0.0,0.0,0.0,0.0,0.0,0.0,0.0,0.1936921077382131,0.0,0.10538361409587278,0.0,0.0,0.0,0.0,0.0,0.34025288075501153,0.0,0.0,0.0,0.0,0.0,0.0,0.0,0.0,0.12786627550624927,0.0,0.0,0.0,0.0,0.0,0.0,0.0,0.0,0.0,0.0,0.0,0.0,0.0,0.0,0.13075839830568758,0.0,0.0,0.16730278292189535,0.0,0.0,0.0,0.0,0.0,0.0,0.0,0.0,0.0,0.0,0.0,0.0,0.0,0.0,0.17871658235748586,0.0,0.0,0.0,0.0,0.0,0.0,0.0,0.0,0.0,0.0,0.0,0.0,0.0,0.0,0.0,0.0,0.0,0.0,0.0,0.0,0.0,0.0,0.0,0.0,0.0,0.0
4,2025-05-15,이 소설은 발상은 단순하지만 주인공과 손님 사이의 즉흥적인 대화에서 드러나는 소소한 감정이 풍부하다 나를 가장 매료시켰던 점은 때로는 작은 말이 모든 것을 말해준다는 점이었습니다 한 문장이 캐릭터에 대한 관점을 바꾸거나 과거에 대한 힌트를 줄 수 있다는 것입니다 마치 밤에 편의점 구석에서 책을 읽고 있는 듯한 소설이 주는 잔잔한 느낌이 좋았다 완벽하지도 않고 어떤 순간은 원래 그랬어야 했던 것보다 느렸지만 대화와 인간의 따뜻함이 그것을 잘 가려주었습니다,1,0.0,0.0,0.0,0.0,0.0,0.0,0.0,0.18843884944042916,0.0,0.0,0.0,0.0,0.0,0.0,0.0,0.0,0.0,0.0,0.0,0.1431032485016089,0.0,0.16382699071415005,0.0,0.0,0.0,0.0,0.0,0.0,0.27066322027781853,0.0,0.0,0.0,0.19902331982487967,0.0,0.0,0.0,0.0,0.0,0.0,0.0,0.0,0.0,0.0,0.0,0.0,0.0,0.0,0.0,0.0,0.0,0.0,0.0,0.0,0.0,0.0,0.21025273055049815,0.0,0.0,0.0,0.0,0.0,0.0,0.0,0.0,0.0,0.0,0.2167420153360695,0.0,0.0,0.0,0.0,0.0,0.0,0.0,0.0,0.0,0.0,0.28415340815039064,0.0,0.0,0.0,0.0,0.0,0.0,0.0,0.0,0.0,0.0,0.0,0.0,0.0,0.0,0.0,0.0,0.0,0.0,0.0,0.0,0.0,0.0,0.21341194814536987,0.0,0.0,0.0,0.0,0.0,0.0,0.0,0.0,0.0,0.0,0.0,0.0,0.0,0.0,0.14907712241499824,0.0,0.0,0.0,0.0,0.0,0.0,0.0,0.0,0.0,0.0,0.0,0.0,0.0,0.0,0.0,0.0,0.0,0.0,0.0,0.0,0.0,0.0,0.0,0.0,0.0,0.0,0.0,0.0,0.0,0.0,0.0,0.0,0.0,0.22026247290960277,0.0,0.0,0.2499394780652774,0.0,0.0,0.0,0.0,0.0,0.0,0.0,0.0,0.0,0.0,0.0,0.0,0.0,0.0,0.0,0.20299832735674728,0.0,0.0,0.0,0.0,0.0,0.0,0.0,0.0,0.0,0.0,0.0,0.1929201882778961,0.0,0.0,0.0,0.0,0.0,0.0,0.0,0.0,0.0,0.0,0.0,0.0,0.0,0.0,0.0,0.0,0.0,0.0,0.0,0.0,0.0,0.0,0.0,0.0,0.0,0.0,0.0,0.0,0.0,0.0,0.0,0.0,0.0,0.0,0.0,0.0,0.2259518602211234,0.0,0.0,0.0,0.0,0.0,0.0,0.0,0.13442766458522987,0.0,0.0,0.19650904257117593,0.0,0.0,0.0,0.0,0.0,0.0,0.0,0.0,0.0,0.0,0.0,0.1631066171243585,0.0,0.0,0.0,0.0,0.0,0.2529445247666287,0.0,0.0,0.0,0.0,0.0,0.0,0.0,0.0,0.0,0.0,0.21341194814536987,0.0,0.0,0.0,0.0,0.0,0.0,0.0,0.0,0.0,0.0,0.15506155814609368,0.0,0.0,0.0,0.0,0.0,0.0,0.0,0.0,0.0,0.0,0.2629542671257333,0.0,0.0,0.0,0.19528937420466208,0.0,0.0,0.0,0.0,0.0,0.0,0.0,0.0,0.0,0.0,0.0,0.0,0.0,0.0,0.0,0.0
4,2025-01-16,때때로 인생에서 우리에게 필요한 것은 도움의 손길과 두 번째 기회뿐입니다,1,0.0,0.0,0.0,0.0,0.0,0.0,0.0,0.0,0.0,0.0,0.0,0.0,0.0,0.0,0.0,0.0,0.0,0.0,0.5064450371126511,0.0,0.0,0.0,0.0,0.0,0.0,0.0,0.0,0.0,0.0,0.0,0.0,0.0,0.0,0.0,0.0,0.0,0.0,0.0,0.0,0.0,0.0,0.0,0.0,0.0,0.0,0.0,0.0,0.0,0.0,0.0,0.0,0.0,0.0,0.0,0.0,0.0,0.0,0.0,0.0,0.0,0.0,0.0,0.0,0.0,0.0,0.0,0.0,0.0,0.0,0.0,0.0,0.0,0.0,0.0,0.0,0.0,0.0,0.0,0.0,0.0,0.0,0.0,0.0,0.0,0.0,0.0,0.0,0.0,0.0,0.0,0.0,0.0,0.0,0.0,0.0,0.0,0.0,0.0,0.0,0.0,0.0,0.0,0.0,0.0,0.0,0.0,0.0,0.0,0.0,0.0,0.0,0.0,0.0,0.0,0.0,0.0,0.0,0.0,0.0,0.0,0.0,0.0,0.0,0.0,0.0,0.45165662342425195,0.0,0.0,0.0,0.0,0.0,0.0,0.0,0.0,0.0,0.0,0.0,0.0,0.0,0.0,0.0,0.0,0.0,0.0,0.0,0.0,0.0,0.0,0.0,0.0,0.0,0.0,0.0,0.0,0.0,0.0,0.0,0.0,0.0,0.0,0.0,0.0,0.0,0.0,0.0,0.0,0.0,0.0,0.0,0.0,0.0,0.0,0.0,0.0,0.0,0.0,0.0,0.0,0.0,0.0,0.0,0.0,0.0,0.0,0.0,0.0,0.0,0.0,0.0,0.0,0.0,0.0,0.0,0.0,0.0,0.0,0.0,0.0,0.0,0.0,0.0,0.0,0.0,0.0,0.0,0.0,0.0,0.0,0.0,0.0,0.0,0.0,0.0,0.0,0.0,0.0,0.0,0.0,0.0,0.0,0.0,0.0,0.0,0.0,0.0,0.0,0.0,0.0,0.0,0.0,0.0,0.0,0.0,0.0,0.0,0.0,0.0,0.0,0.0,0.0,0.0,0.0,0.0,0.0,0.0,0.0,0.0,0.0,0.0,0.0,0.0,0.0,0.0,0.0,0.0,0.0,0.0,0.0,0.0,0.0,0.0,0.0,0.0,0.0,0.0,0.0,0.0,0.0,0.0,0.0,0.0,0.0,0.0,0.0,0.0,0.0,0.0,0.0,0.0,0.0,0.0,0.0,0.0,0.0,0.0,0.0,0.0,0.7345200602440812,0.0,0.0,0.0,0.0,0.0,0.0,0.0,0.0,0.0,0.0,0.0,0.0
5,2025-04-06,전혀 예상하지 못했던 이야기 그리고 나를 놀라게 한 이야기 매우 읽기 쉽고 매우 예쁘고 가치가 뛰어납니다 주인공은 당신 안에 머무르는 인물 중 하나입니다 나는 그것을 추천한다,1,0.0,0.0,0.0,0.0,0.0,0.0,0.0,0.0,0.0,0.0,0.0,0.0,0.0,0.0,0.0,0.0,0.0,0.0,0.0,0.0,0.0,0.0,0.0,0.0,0.0,0.0,0.0,0.0,0.0,0.0,0.0,0.0,0.27618288961186604,0.0,0.0,0.0,0.0,0.0,0.0,0.0,0.0,0.0,0.22437669565443866,0.0,0.0,0.0,0.0,0.0,0.0,0.0,0.0,0.0,0.0,0.0,0.1727472744907624,0.29176584293396257,0.0,0.0,0.0,0.0,0.0,0.0,0.0,0.0,0.0,0.0,0.0,0.0,0.0,0.0,0.0,0.0,0.0,0.0,0.0,0.0,0.0,0.0,0.0,0.0,0.0,0.0,0.0,0.0,0.0,0.0,0.0,0.0,0.0,0.0,0.0,0.0,0.0,0.0,0.0,0.0,0.0,0.0,0.0,0.0,0.0,0.0,0.0,0.0,0.0,0.0,0.0,0.0,0.0,0.0,0.0,0.0,0.0,0.4000635531088218,0.0,0.0,0.0,0.0,0.0,0.0,0.0,0.0,0.0,0.0,0.0,0.0,0.0,0.0,0.0,0.0,0.0,0.0,0.0,0.0,0.0,0.0,0.0,0.0,0.0,0.0,0.0,0.0,0.0,0.0,0.0,0.0,0.0,0.0,0.0,0.0,0.0,0.0,0.0,0.0,0.0,0.351008865810381,0.0,0.0,0.0,0.0,0.0,0.0,0.0,0.0,0.0,0.0,0.0,0.0,0.0,0.0,0.0,0.0,0.0,0.0,0.0,0.0,0.0,0.0,0.0,0.0,0.0,0.0,0.0,0.0,0.0,0.0,0.0,0.0,0.0,0.0,0.0,0.0,0.0,0.0,0.0,0.0,0.0,0.0,0.0,0.0,0.0,0.0,0.0,0.5453876988879776,0.0,0.0,0.0,0.0,0.0,0.0,0.0,0.0,0.0,0.0,0.0,0.0,0.0,0.0,0.28759576637143675,0.0,0.0,0.0,0.0,0.0,0.0,0.0,0.0,0.0,0.0,0.0,0.0,0.0,0.0,0.0,0.0,0.0,0.0,0.0,0.0,0.0,0.0,0.0,0.0,0.0,0.0,0.3082077945952051,0.0,0.0,0.0,0.0,0.0,0.0,0.0,0.0,0.0,0.0,0.0,0.0,0.0,0.0,0.0,0.0,0.0,0.0,0.0,0.0,0.0,0.0,0.0,0.0,0.0,0.0,0.0,0.0,0.0,0.0,0.0,0.0,0.0,0.0,0.0,0.0,0.0,0.0,0.0,0.0,0.0,0.0,0.0,0.0,0.0,0.0,0.0,0.0,0.0,0.0,0.0,0.0,0.0,0.0
4,2022-11-02,내 평점 4 5 5 이야기를 읽는 것이 매우 즐겁습니다 처음에는 너무 느리다고 생각했어요 하지만 기계가 막히는 지점이 되면 즉 전혀 여유가 없다 나는 항상 읽고 싶다 이야기의 느낌이 참 따뜻해요 꽤 많은 아이디어를 줍니다 그리고 가장 중요한 것은 한국 음식을 정말 먹고 싶다는 것입니다,1,0.0,0.0,0.0,0.0,0.0,0.0,0.0,0.20689588310002635,0.0,0.0,0.0,0.0,0.0,0.0,0.0,0.0,0.0,0.0,0.1990628815071263,0.0,0.18924510467943131,0.17987336486120445,0.0,0.0,0.0,0.0,0.0,0.0,0.0,0.0,0.0,0.0,0.0,0.0,0.0,0.0,0.0,0.0,0.0,0.0,0.0,0.0,0.17752779141285557,0.0,0.0,0.0,0.0,0.0,0.0,0.0,0.0,0.0,0.0,0.0,0.13667837483517511,0.0,0.0,0.0,0.0,0.0,0.0,0.19204373528585436,0.0,0.0,0.0,0.0,0.23797126123937462,0.0,0.0,0.0,0.0,0.0,0.0,0.0,0.0,0.0,0.0,0.0,0.0,0.0,0.0,0.0,0.0,0.0,0.0,0.0,0.0,0.0,0.0,0.0,0.0,0.0,0.0,0.0,0.0,0.0,0.0,0.0,0.0,0.0,0.0,0.0,0.0,0.0,0.0,0.0,0.0,0.0,0.0,0.0,0.1823032282301578,0.0,0.0,0.1582659883662116,0.0,0.0,0.0,0.0,0.0,0.0,0.0,0.0,0.0,0.0,0.0,0.0,0.0,0.0,0.0,0.0,0.0,0.0,0.0,0.0,0.0,0.0,0.0,0.0,0.0,0.0,0.0,0.0,0.0,0.0,0.0,0.0,0.0,0.0,0.0,0.0,0.0,0.0,0.0,0.0,0.0,0.0,0.0,0.0,0.0,0.0,0.0,0.0,0.0,0.0,0.0,0.0,0.0,0.0,0.0,0.0,0.0,0.0,0.0,0.0,0.0,0.0,0.0,0.0,0.0,0.0,0.0,0.0,0.0,0.0,0.0,0.0,0.0,0.0,0.0,0.0,0.0,0.0,0.0,0.0,0.0,0.0,0.0,0.0,0.0,0.0,0.0,0.0,0.0,0.0,0.0,0.0,0.17830064464135217,0.0,0.2503005598721611,0.0,0.0,0.0,0.0,0.0,0.0,0.0,0.0,0.2480831834696675,0.0,0.21851707137325047,0.0,0.0,0.0,0.0,0.0,0.0,0.0,0.0,0.0,0.0,0.0,0.0,0.0,0.0,0.0,0.0,0.0,0.0,0.0,0.0,0.0,0.0,0.0,0.0,0.0,0.24385531176098954,0.0,0.0,0.0,0.15711979276642027,0.0,0.0,0.0,0.0,0.0,0.0,0.0,0.0,0.0,0.0,0.2811883541979219,0.0,0.26262985850494763,0.0,0.0,0.0,0.0,0.0,0.0,0.0,0.0,0.0,0.0,0.2503005598721611,0.0,0.0,0.0,0.0,0.0,0.0,0.0,0.0,0.0,0.0,0.0,0.0,0.0,0.0,0.0,0.0,0.20456379263874966,0.210552120623489,0.0,0.0,0.2503005598721611,0.0,0.0,0.0,0.0,0.0
3,2024-02-16,나는 좋아했다 참으로 매우 치유적인 문학입니다 가끔씩 가볍게 읽어도 좋아요,0,0.0,0.0,0.0,0.0,0.0,0.0,0.0,0.0,0.0,0.0,0.0,0.0,0.0,0.0,0.0,0.0,0.0,0.0,0.0,0.0,0.0,0.0,0.0,0.0,0.0,0.0,0.0,0.0,0.0,0.0,0.0,0.0,0.0,0.0,0.0,0.0,0.0,0.0,0.0,0.0,0.0,0.0,0.0,0.0,0.0,0.0,0.0,0.0,0.0,0.0,0.0,0.0,0.0,0.0,0.6536037429696895,0.0,0.0,0.0,0.0,0.0,0.0,0.0,0.0,0.0,0.0,0.0,0.0,0.0,0.0,0.0,0.0,0.0,0.0,0.0,0.0,0.0,0.0,0.0,0.0,0.0,0.0,0.0,0.0,0.0,0.0,0.0,0.0,0.0,0.0,0.0,0.0,0.0,0.0,0.0,0.0,0.0,0.0,0.0,0.0,0.0,0.0,0.0,0.0,0.0,0.0,0.0,0.0,0.0,0.0,0.0,0.0,0.0,0.0,0.7568369356578815,0.0,0.0,0.0,0.0,0.0,0.0,0.0,0.0,0.0,0.0,0.0,0.0,0.0,0.0,0.0,0.0,0.0,0.0,0.0,0.0,0.0,0.0,0.0,0.0,0.0,0.0,0.0,0.0,0.0,0.0,0.0,0.0,0.0,0.0,0.0,0.0,0.0,0.0,0.0,0.0,0.0,0.0,0.0,0.0,0.0,0.0,0.0,0.0,0.0,0.0,0.0,0.0,0.0,0.0,0.0,0.0,0.0,0.0,0.0,0.0,0.0,0.0,0.0,0.0,0.0,0.0,0.0,0.0,0.0,0.0,0.0,0.0,0.0,0.0,0.0,0.0,0.0,0.0,0.0,0.0,0.0,0.0,0.0,0.0,0.0,0.0,0.0,0.0,0.0,0.0,0.0,0.0,0.0,0.0,0.0,0.0,0.0,0.0,0.0,0.0,0.0,0.0,0.0,0.0,0.0,0.0,0.0,0.0,0.0,0.0,0.0,0.0,0.0,0.0,0.0,0.0,0.0,0.0,0.0,0.0,0.0,0.0,0.0,0.0,0.0,0.0,0.0,0.0,0.0,0.0,0.0,0.0,0.0,0.0,0.0,0.0,0.0,0.0,0.0,0.0,0.0,0.0,0.0,0.0,0.0,0.0,0.0,0.0,0.0,0.0,0.0,0.0,0.0,0.0,0.0,0.0,0.0,0.0,0.0,0.0,0.0,0.0,0.0,0.0,0.0,0.0,0.0,0.0,0.0,0.0,0.0,0.0,0.0,0.0,0.0,0.0,0.0,0.0,0.0,0.0,0.0,0.0,0.0,0.0,0.0,0.0
4,2025-11-08,아름다운 크리스마스 이야기 그러나 정당한 은혜와 사실에 대한 특정 지식을 바탕으로 페이지에 적힌 많은 좋은 감정은 선을 행하는 것처럼 보이지만 사실주의가 많이 있습니다 최후의 비참하지는 않더라도 이야기 술 재개와 교외 생활 소외와 성공 추구 무너지는 가족에 대한 이야기입니다 마지막이지만 중요한 것은 코로나19의 첫 달은 위와 같은 우아함으로 묘사되며 재앙도 없고 메시아적 판결도 없고 이것은 역사책에 기록될 사건들이다 라는 주장도 없습니다 마지막으로 중요한 점은 아름다운 주인공 진부한 표현에서 벗어난 인물입니다,1,0.0,0.0,0.0,0.0,0.0,0.0,0.0,0.0,0.0,0.0,0.0,0.0,0.0,0.0,0.19708289610576835,0.0,0.0,0.0,0.1674322396081155,0.0,0.0,0.0,0.23958342997493146,0.0,0.0,0.0,0.0,0.0,0.0,0.0,0.0,0.0,0.0,0.0,0.0,0.0,0.0,0.0,0.0,0.20866332639694285,0.0,0.0,0.0,0.0,0.0,0.0,0.0,0.0,0.0,0.0,0.0,0.0,0.0,0.0,0.0,0.0,0.0,0.0,0.0,0.0,0.0,0.0,0.0,0.0,0.0,0.0,0.0,0.0,0.0,0.0,0.0,0.0,0.0,0.0,0.0,0.0,0.0,0.262411627386751,0.0,0.0,0.0,0.0,0.0,0.0,0.0,0.0,0.0,0.0,0.0,0.0,0.0,0.0,0.0,0.0,0.0,0.0,0.0,0.0,0.0,0.0,0.0,0.0,0.0,0.0,0.0,0.0,0.0,0.0,0.0,0.0,0.1533356573524333,0.2017604867288813,0.0,0.0,0.0,0.0,0.0,0.0,0.0,0.0,0.0,0.0,0.0,0.0,0.0,0.0,0.0,0.0,0.0,0.0,0.0,0.0,0.0,0.0,0.0,0.0,0.0,0.0,0.0,0.0,0.0,0.0,0.0,0.0,0.0,0.0,0.0,0.0,0.0,0.0,0.0,0.0,0.0,0.0,0.0,0.0,0.0,0.0,0.0,0.0,0.0,0.0,0.0,0.0,0.38278057155806616,0.0,0.0,0.0,0.0,0.0,0.0,0.0,0.0,0.0,0.0,0.0,0.0,0.0,0.0,0.0,0.0,0.0,0.0,0.0,0.0,0.20685750383153778,0.0,0.0,0.0,0.0,0.0,0.0,0.0,0.0,0.0,0.0,0.0,0.0,0.22816955509759004,0.0,0.0,0.0,0.0,0.36294660685556673,0.0,0.0,0.0,0.0,0.0,0.18621593537665826,0.0,0.0,0.0,0.0,0.0,0.0,0.0,0.0,0.0,0.0,0.0,0.0,0.0,0.0,0.0,0.0,0.0,0.0,0.0,0.0,0.0,0.13360611217653623,0.0,0.0,0.0,0.0,0.0,0.0,0.0,0.0,0.0,0.0,0.0,0.0,0.0,0.0,0.23359066785308283,0.0,0.0,0.0,0.0,0.0,0.0,0.0,0.0,0.15403356344805838,0.0,0.0,0.0,0.0,0.0,0.0,0.4417971353024112,0.0,0.0,0.0,0.0,0.0,0.0,0.0,0.0,0.0,0.0,0.0,0.0,0.0,0.0,0.0,0.0,0.0,0.0,0.0,0.0,0.0,0.0,0.0,0.0,0.0,0.0,0.0,0.0,0.0,0.0,0.0,0.0,0.0,0.0,0.0,0.0,0.0
3,2025-08-14,표지와 마찬가지로 스토리도 예상 가능하지만 매우 귀엽습니다 아늑한 독서와 함께 조용한 저녁을 위해 필요한 모든 진드기 오해받는 사람들 노숙자에 대한 고정관념적인 평가 그리고 그들에게 기회를 주는 한 명의 좋은 영혼 그리고 그 노숙자에게 기회가 주어지면 다른 사람들의 삶도 향상됩니다 할리우드 헐리우드 오직 한국의 평화만 제가 가장 좋아했던 건 한국 음식 이름이 너무 많다는 거였어요 작은 가게에서 진행되기 때문에 그 날의 모든 종류의 요리가 그곳에서 판매되며 장면의 큰 부분을 차지합니다 맛있을지 집에서 만들 수 있을지 궁금해서 구글링을 해봤습니다 진짜 김밥을 꼭 맛보고 싶습니다 나는 완전히 다른 삶 다른 곳에서 등장하는 캐릭터 이상한 곰 같은 노숙자가 뭉치는 문제를 가진 완전히 TV 시리즈의 줄거리를 좋아했습니다 아늑하고 평화로운 책 나에게는 너무 쉬운 일이지만 잘 해결되었습니다,0,0.0,0.0,0.0,0.0,0.0,0.1874936415196333,0.0,0.1361853574379522,0.0,0.0,0.0,0.0,0.0,0.0,0.1542334955133269,0.0,0.0,0.0,0.0,0.0,0.0,0.0,0.0,0.0,0.0,0.0,0.0,0.0,0.0,0.0,0.0,0.0,0.0,0.0,0.0,0.0,0.0,0.0,0.0,0.0,0.0,0.0,0.23370871731692647,0.0,0.0,0.0,0.0,0.0,0.0,0.0,0.19003788743506136,0.15789409299102938,0.0,0.0,0.0899659918412575,0.0,0.0,0.19273642184265954,0.0,0.0,0.0,0.25281841612072387,0.0,0.18280381471022544,0.0,0.0,0.0,0.31717212597704963,0.0,0.0,0.0,0.0,0.0,0.0,0.0,0.0,0.0,0.10267928712971328,0.0,0.0,0.0,0.0,0.0,0.0,0.0,0.0,0.0,0.0,0.0,0.0,0.0,0.0,0.0,0.0,0.0,0.0,0.0,0.0,0.0,0.0,0.0,0.1310294301872132,0.0,0.0,0.0,0.0,0.0,0.0,0.0,0.0,0.0,0.0,0.0,0.10417563594294917,0.0,0.2154770235776245,0.0,0.0,0.0,0.16329612996130924,0.0,0.0,0.0,0.0,0.0,0.0,0.0,0.0,0.0,0.0,0.0,0.0,0.13465030237408193,0.0,0.0,0.0,0.0,0.0,0.0,0.0,0.0,0.0,0.0,0.0,0.0,0.0,0.0,0.0,0.0,0.0,0.0,0.0,0.0,0.0,0.0,0.0,0.0,0.0,0.0,0.1785613503139096,0.0,0.18280381471022544,0.0,0.0,0.0,0.0,0.0,0.0,0.0,0.0,0.0,0.0,0.0,0.0,0.0,0.0,0.0,0.0,0.0,0.0,0.0,0.0,0.0,0.0,0.0,0.0,0.0,0.0,0.0,0.0,0.0,0.3612641157516239,0.0,0.0,0.0,0.0,0.0,0.13033930496126447,0.0,0.0,0.0,0.0,0.0,0.0,0.0,0.0,0.0,0.0,0.0,0.0,0.0,0.0,0.0,0.0,0.0,0.0,0.0,0.0,0.0,0.0,0.0,0.0,0.0,0.0,0.0,0.0,0.0,0.0,0.0,0.0,0.0,0.0,0.0,0.0,0.0,0.0,0.0,0.0,0.0,0.0,0.11787767235650656,0.0,0.0,0.0,0.0,0.0,0.0,0.0,0.0,0.0,0.1542334955133269,0.0,0.0,0.0,0.19003788743506136,0.12054386954116071,0.0,0.1542334955133269,0.0,0.0,0.0,0.0,0.0,0.0,0.0,0.0,0.0,0.0,0.0,0.0,0.0,0.0,0.0,0.0,0.0,0.0,0.0,0.1694455034442586,0.0,0.0,0.0,0.0,0.0,0.0,0.0,0.0,0.0,0.19003788743506136,0.0,0.0,0.0,0.13859200761653542,0.15789409299102938,0.0,0.0,0.0,0.0,0.0,0.0,0.0
3,2026-05-01,염씨는 지갑을 잃어버리고 그것을 돌려주는 사람은 술 때문에 말 한마디도 못 하는 한계인이다 어느 날 밤 그가 강도를 쫓아내자 그녀는 그에게 술을 끊는 한 야간 근무를 하라고 제안한다 모두들 이 선택이 틀렸다고 생각하지만 고객 사람들과의 일상적인 접촉은 도구의 삶을 더 나은 방향으로 변화시킵니다 이 작고 읽기 쉬운 책은 염 여사님의 친절함과 사람에 대한 믿음이 어떻게 도고의 통합에 도움이 되었는지 보여줍니다 단순한 행동은 사람이 가장 어려운 순간에 도움이 될 수 없습니다 언급된 다양한 사건은 독자가 이미지 뒤에 있는 현실을 볼 수 있도록 돕고 염 여사는 도움이 필요하다는 것을 깨닫습니다 강렬한 감성의 세계로 유혹하는 책은 아니지만 인간성이 상실되지 않았음을 확실히 보여줄 책이다,0,0.0,0.0,0.0,0.0,0.0,0.0,0.0,0.1365138085145795,0.0,0.0,0.0,0.0,0.0,0.0,0.0,0.0,0.0,0.0,0.0,0.10367060466445202,0.0,0.0,0.0,0.0,0.0,0.0,0.0,0.0,0.0,0.0,0.15460547498752572,0.0,0.14418168786950997,0.0,0.15579539989593455,0.0,0.0,0.0,0.0,0.0,0.0,0.0,0.0,0.16666570507571532,0.0,0.1879458376262959,0.0,0.0,0.0,0.0,0.0,0.0,0.0,0.0,0.0,0.0,0.0,0.0,0.1855333831023918,0.0,0.0,0.0,0.0,0.0,0.0,0.0,0.0,0.0,0.0,0.0,0.14061021909978577,0.16368996664613272,0.0,0.0,0.0,0.0,0.0,0.10292692845503303,0.0,0.0,0.0,0.5369760107131312,0.0,0.0,0.0,0.0,0.0,0.0,0.0,0.0,0.0,0.0,0.0,0.0,0.0,0.0,0.0,0.0,0.0,0.0,0.0,0.13134544622759006,0.0,0.0,0.0,0.0,0.0,0.0,0.0,0.0,0.0,0.0,0.0,0.0,0.0,0.0,0.0,0.0,0.0,0.0,0.0,0.0,0.0,0.0,0.0,0.0,0.0,0.0,0.0,0.0,0.0,0.0,0.0,0.0,0.0,0.18106770525375968,0.0,0.0,0.1512150187973419,0.0,0.0,0.14147664515185435,0.0,0.0,0.0,0.0,0.0,0.0,0.0,0.0,0.0,0.0,0.0,0.0,0.0,0.0,0.0,0.0,0.0,0.0,0.0,0.0,0.0,0.0,0.0,0.0,0.0,0.0,0.0,0.0,0.0,0.0,0.0,0.0,0.0,0.0,0.0,0.1609003370980975,0.0,0.17328813738078178,0.0,0.13573779696084926,0.0,0.0,0.0,0.16227335434245616,0.0,0.0,0.0,0.1991593717267059,0.0,0.0,0.0,0.0,0.0,0.0,0.0,0.0,0.0,0.0,0.0,0.0,0.0,0.0,0.0,0.0,0.0,0.0,0.0,0.0,0.0,0.0,0.0,0.0,0.0,0.0,0.0,0.0,0.15013979713889358,0.0,0.0,0.0,0.0,0.0,0.0,0.0973856108586119,0.0,0.0,0.0,0.0,0.1855333831023918,0.0,0.0,0.0,0.0,0.0,0.0,0.0,0.0,0.0,0.0,0.0,0.0,0.0,0.0,0.0,0.0,0.0,0.0,0.0,0.0,0.0,0.0,0.0,0.0,0.0,0.0,0.0,0.0,0.0,0.0,0.0,0.0,0.15827490107356956,0.0,0.0,0.0,0.21682684680393746,0.0,0.0,0.0,0.1855333831023918,0.0,0.0,0.0,0.0,0.0,0.0,0.0,0.0,0.0,0.0,0.0,0.0,0.0,0.0,0.0,0.0,0.0,0.15701792951142984,0.0,0.0,0.0,0.0,0.0,0.0,0.16666570507571532,0.0,0.0,0.0
5,2022-11-20,기분 좋은 소설을 읽는 시간 마음이 따뜻해집니다 나는 그것을 읽기 전에 항상 이것을 두려워합니다 소설이 따뜻함을 너무 많이 가하면 우리의 대사는 움찔거릴 것이다 당장 읽어보면 재미가 없습니다 이 책은 그렇지 않아요 이야기의 리듬감이 좋습니다 때때로 점차적으로 따뜻함을 방출합니다 때로는 웃기고 때로는 감동적이며 눈물이 나올 정도는 아닙니다 추억에는 장점도 있고 단점도 있습니다 우리를 치유하고 파괴할 수 있습니다 토코씨는 원래의 기억을 잃었습니다 나 자신을 재설정했습니다 다른 사람을 판단하지 않고 경청하는 사람으로 변화하십시오 토코 씨 주변 사람들은 오랫동안 추억을 안고 실망감이 쌓여 나를 괴롭혔다 자신도 모르게 다른 사람을 판단하기를 기다립니다 Tokko 씨와 이야기를 나누는 것은 마치 자신을 수정하고 의식을 되찾는 것과 같으며 Tokko 씨도 자신의 과거를 기억하고 있습니다 독코 씨의 과거는 변하지 않았습니다 하지만 이제 Tokko 씨는 변했습니다 미래는 이전과 다를 것이다 Tokko 씨가 항상 저렴하게 여행할 수 있도록 도와주세요,1,0.0,0.0,0.0,0.0,0.0,0.0,0.0,0.0,0.0,0.0,0.0,0.0,0.0,0.0,0.0,0.0,0.0,0.0,0.11737032158938018,0.0,0.0,0.0,0.0,0.0,0.0,0.0,0.16180214393013911,0.0,0.0,0.0,0.0,0.0,0.1288407901345977,0.0,0.0,0.0,0.0,0.0,0.0,0.0,0.0,0.0,0.0,0.0,0.0,0.0,0.15485032025217424,0.0,0.15485032025217424,0.0,0.0,0.0,0.0,0.0,0.08058752434036308,0.1361103209207772,0.0,0.0,0.0,0.0,0.0,0.11323173260163825,0.0,0.0,0.0,0.0,0.0,0.18940576618003468,0.0,0.0,0.0,0.0,0.0,0.0,0.0,0.0,0.0,0.0,0.0,0.0,0.0,0.0,0.0,0.0,0.0,0.0,0.0,0.0,0.0,0.0,0.0,0.0,0.0,0.0,0.0,0.0,0.0,0.0,0.0,0.0,0.27631097750160216,0.0,0.0,0.0,0.0,0.0,0.12968023232129777,0.0,0.0,0.0,0.0,0.14143448876288495,0.0,0.0,0.0,0.0,0.0,0.0,0.0,0.0,0.0,0.0,0.0,0.0,0.0,0.0,0.0,0.0,0.0,0.0,0.17796886133835532,0.0,0.0,0.0,0.0,0.0,0.31295595217606276,0.0,0.0,0.0,0.0,0.0,0.0,0.0,0.0,0.0,0.0,0.0,0.0,0.0,0.15178172722503275,0.0,0.16180214393013911,0.0,0.0,0.0,0.0,0.0,0.0,0.0,0.0,0.0,0.0,0.15994729641908156,0.0,0.0,0.0,0.0,0.13141407205777852,0.0,0.0,0.15485032025217424,0.0,0.0,0.0,0.0,0.0,0.0,0.0,0.0,0.0,0.0,0.0,0.0,0.0,0.14500750754281388,0.0,0.0,0.0,0.0,0.0,0.0,0.0,0.0,0.0,0.0,0.0,0.0,0.0,0.0,0.0,0.0,0.0,0.0,0.0,0.0,0.10512860982774491,0.0,0.1475807894659947,0.0,0.0,0.0,0.0,0.0,0.0,0.0,0.0,0.0,0.1341649579767054,0.1288407901345977,0.0,0.0,0.0,0.0,0.1341649579767054,0.0,0.0,0.0,0.0,0.0,0.1657926747042348,0.2809744238475822,0.0,0.0,0.0,0.0,0.3097006405043485,0.11104641689052433,0.0,0.0,0.0,0.0,0.0,0.0,0.0,0.0,0.0,0.0,0.0,0.0,0.0,0.0,0.0,0.0,0.0,0.10797782386338284,0.0,0.0,0.13815548875080108,0.0,0.0,0.0,0.0,0.0,0.0,0.0,0.0,0.09687826060787959,0.0,0.0,0.0,0.0,0.0,0.0,0.0,0.0,0.0,0.0,0.0,0.0,0.0,0.0,0.0,0.0,0.0,0.0,0.0,0.0,0.0,0.0,0.12061373745709493,0.0,0.0,0.0,0.2951615789319894,0.0,0.0,0.0,0.0,0.0
3,2025-04-13,ARC는 솔직한 리뷰의 대가로 받았습니다 24시간 편의점을 중심으로 그곳에서 일하거나 손님인 여러 사람의 삶에 영향을 미치는 노숙인의 이야기를 그린다 짧은 글이지만 조금 답답한 느낌이 듭니다 때때로 이것은 내용이나 방향이 매우 부족하고 약간 방종하다고 느꼈습니다 독고는 흥미로운 인물이지만 장기간 술을 마셨다고 해서 자신의 과거를 전혀 기억하지 못할 가능성은 극히 낮다고 생각합니다 나는 Karsakoff의 내용을 잘 알고 있지만 여전히 이것은 진짜라기보다는 연속극의 줄거리에 더 가깝습니다 그의 성격의 이러한 신비한 측면 외에도 나는 그가 약간 일차원적이며 줄거리의 린치 핀으로서 전체적인 이야기를 전달할 만큼 충분히 발전되지 않았다고 생각했습니다 POV의 빈번한 변경은 놀랍게도 나를 괴롭히지 않았습니다 나는 대중 번역된 한국 문학에 대한 이런 종류의 스토리텔링과 등장인물 사이의 도마와 변화가 실제로 속도를 유지하고 계속해서 읽을 수 있을 만큼 흥미를 유지하는 데 도움이 되었다고 생각합니다 내가 한 장에 지나치게 열중하지 않았다면 예를 들어 화면 작가 주변의 장 아이러니하게도 저자가 직접 삽입한 것으로 보입니다 줄거리가 곧 진행될 것이라는 것을 알았기 때문에 내가 좋아하지 않는 캐릭터에 몇 페이지를 투자하는 것을 꺼리지 않았습니다 나는 이것이 순전히 한국의 힐링 소설 에 대한 현재의 과대광고를 이해하기 위해 영어로 번역되었다는 전반적인 인상을 받았습니다 그러나 그 장르의 인기 있는 책들에서 읽은 마음과 메시지가 정말 많이 부족합니다 여전히 읽을 만큼 흥미롭지만 이전에 이 장르를 읽었다면 새롭거나 독창적인 것을 기대하지 마십시오,0,0.11884681480624028,0.0,0.0,0.0,0.0,0.0,0.0,0.0,0.0,0.0,0.0,0.0,0.0,0.0,0.0,0.0,0.0,0.13585082061417994,0.0,0.21547841322744762,0.0,0.0,0.0,0.0,0.0,0.0,0.12544919536609242,0.0,0.0,0.0,0.10711536002069541,0.0,0.0,0.0,0.0,0.0,0.0,0.0,0.0,0.11340937124310009,0.0,0.0,0.0,0.0,0.09741902246785016,0.0,0.0,0.0,0.0,0.0,0.0,0.0,0.0,0.0,0.24992598588579762,0.10552969092859803,0.0,0.0,0.0,0.0,0.190256131361021,0.0,0.0,0.0,0.0,0.0,0.10878678164973146,0.0,0.0,0.0,0.0,0.0,0.0,0.0,0.0,0.0,0.0,0.14262179263929398,0.0,0.0,0.0,0.12401108631427765,0.0,0.0,0.10476634918860657,0.0,0.0,0.0,0.0,0.0,0.0,0.0,0.0,0.0,0.0,0.0,0.0,0.0,0.0,0.0,0.0,0.09100010695534787,0.0,0.0,0.0,0.0,0.0,0.0,0.0,0.0,0.0,0.10965764965376067,0.0,0.07235011248545355,0.0,0.0,0.0,0.0,0.0,0.0,0.0,0.0,0.0,0.0,0.0,0.0,0.0,0.0,0.0,0.0,0.0,0.0,0.0,0.0,0.0,0.0,0.0,0.10878678164973146,0.0,0.0,0.10329398664880662,0.0,0.0,0.0,0.0,0.0,0.23094210607649834,0.0,0.11055376369410011,0.0,0.0,0.0,0.0,0.0,0.0,0.0,0.0,0.11884681480624028,0.0,0.0,0.0,0.0,0.0,0.0,0.0,0.0,0.0,0.0,0.0,0.11884681480624028,0.0,0.2401185498036964,0.0,0.0,0.0,0.11884681480624028,0.0,0.0,0.23769362961248056,0.0,0.0,0.0,0.0,0.0,0.0,0.0,0.0,0.12695748326698814,0.0,0.0,0.11768011899692328,0.0,0.0,0.0,0.0,0.0,0.0,0.0905208141027102,0.2480221726285553,0.13021457398812156,0.0,0.13021457398812156,0.11884681480624028,0.0,0.0,0.0,0.16301761141732155,0.0,0.0,0.0,0.0,0.0,0.0,0.0,0.0,0.0,0.0,0.0,0.0,0.0,0.0,0.1319815560324902,0.25391496653397627,0.0,0.0,0.06747170350077977,0.0,0.0,0.0,0.0,0.0,0.0,0.0,0.0,0.13021457398812156,0.10329398664880662,0.0,0.08609702757225977,0.0,0.0,0.0,0.13585082061417994,0.0,0.0,0.0,0.11147663132307933,0.0,0.0,0.0,0.07182613774248255,0.0,0.10329398664880662,0.0,0.0,0.0,0.0,0.0,0.0,0.0,0.0,0.0,0.11884681480624028,0.0,0.0,0.0,0.0,0.0,0.0,0.0,0.0,0.0,0.0,0.0,0.0,0.0,0.0,0.0,0.0,0.0,0.1319815560324902,0.0,0.0,0.0,0.0,0.0,0.0,0.12854315235908553,0.0,0.0,0.0,0.0,0.09625232665853317,0.0,0.0,0.0,0.0,0.0,0.0,0.1319815560324902,0.12544919536609242
4,2024-04-26,우연히 선택한 책이 하나 이상의 믿음에 대한 마음을 바꾸게 만들 때 내가 인생에서 도전하는 것을 좋아하지 않고 변화를 좋아하지 않는 것처럼 독서할 때 나는 새로운 작가의 페이지에 내 자신을 던지는 것을 좋아하지 않습니다 이 책은 뜻밖의 발견이었다 아름다운 발견이자 영혼을 위한 진정한 만병통치약입니다 어쩌면 그것은 적절한 시기에 왔을 수도 있고 어쩌면 내 눈이 본 것만큼 완벽하지 않을 수도 있다 단순한 이야기 좋은 느낌이 물씬 풍기므로 크리스마스 장르에 속할 수도 있는 현대 동화이다 결코 진부하지도 진부하지도 않습니다 그것은 세상과 타인을 향한 구원 인식 개방의 이야기입니다 문제의 편의점은 규모가 작기 때문에 그 주변을 찾는 사람들을 더 잘 이해할 수 있게 해준다 노숙자의 도움을 받는 노인 여성 주인은 그에게 일자리를 제안하고 모든 캐릭터와 그들과 관련된 선행을 조금씩 발견하도록 이끄는 연쇄 메커니즘을 촉발합니다 이 서클은 코로나19의 출현으로 예기치 않게 자신의 정체성을 회복하고 자신의 삶을 통제하게 된 노숙자 도코와 함께 가장 좋은 방법으로 마무리된다,1,0.0,0.0,0.0,0.0,0.0,0.0,0.0,0.11504435177496536,0.0,0.0,0.0,0.0,0.0,0.0,0.0,0.0,0.0,0.0,0.0,0.17473276354262468,0.0,0.0,0.15838769201293576,0.0,0.0,0.0,0.0,0.0,0.0,0.0,0.0,0.2530547762957489,0.0,0.0,0.0,0.0,0.0,0.0,0.0,0.0,0.0,0.0,0.0,0.1404542750084177,0.0,0.0,0.0,0.0,0.0,0.0,0.0,0.0,0.0,0.0,0.07599994160814919,0.0,0.0,0.0,0.0,0.0,0.11570989565396476,0.0,0.1184965219657108,0.0,0.0,0.0,0.13232380016531758,0.0,0.0,0.0,0.0,0.13794652943741473,0.0,0.0,0.0,0.0,0.0,0.08673966313842082,0.0,0.0,0.1605369768377003,0.0,0.0,0.0,0.0,0.0,0.0,0.0,0.0,0.0,0.0,0.0,0.0,0.0,0.0,0.0,0.0,0.0,0.0,0.0,0.0,0.11068881517749818,0.0,0.0,0.0,0.1247781310055777,0.0,0.0,0.0,0.0,0.0,0.0,0.0,0.0,0.0,0.09101350896399091,0.0,0.0,0.0,0.0,0.0,0.0,0.0,0.0,0.0,0.0,0.1605369768377003,0.0,0.0,0.0,0.0,0.13917950047117209,0.0,0.0,0.0,0.0,0.0,0.0,0.0,0.0,0.0,0.11922668563637363,0.0,0.0,0.0,0.13232380016531758,0.0,0.0,0.0,0.0,0.0,0.0,0.0,0.0,0.38794204337886146,0.0,0.0,0.0,0.0,0.0,0.0,0.0,0.0,0.0,0.12652738814787445,0.0,0.0,0.0,0.12393310111746361,0.144560413813329,0.2512851771202188,0.0,0.0,0.15259127999549266,0.0,0.0,0.0,0.0,0.0,0.0,0.0,0.0,0.0,0.0,0.0,0.0,0.0,0.0,0.0,0.0,0.0,0.0,0.0,0.0,0.0,0.0,0.1605369768377003,0.0,0.0,0.0,0.0,0.0,0.0,0.11997130892940842,0.0,0.0,0.0,0.0,0.0,0.12310664482691897,0.0,0.0,0.0,0.0,0.0,0.0,0.15442589982488059,0.0,0.0,0.0,0.0,0.0,0.0,0.0,0.12652738814787445,0.0820698257220001,0.0,0.13338308845372898,0.0,0.0,0.0,0.0,0.0,0.0,0.0,0.0,0.1460352007770266,0.20944981915139985,0.0,0.15259127999549266,0.0,0.0,0.0,0.0,0.0,0.0,0.0,0.0,0.0,0.0,0.0,0.0,0.0,0.0,0.0,0.2036620029158012,0.0,0.0,0.0,0.0,0.0,0.0,0.0,0.0,0.15259127999549266,0.0,0.0,0.0913632998353593,0.0,0.0,0.1256425885601094,0.0,0.0,0.0,0.0,0.0,0.0,0.0,0.0,0.0,0.0,0.0,0.0,0.0,0.0,0.1652433923187903,0.0,0.0,0.0,0.0,0.0,0.0,0.13338308845372898,0.0,0.0,0.0,0.0,0.0,0.0,0.0
4,2024-02-13,이 책을 읽는 데 단 48시간이 걸렸습니다 이 책은 도저히 내려놓을 수 없을 만큼 평화와 평온 부드러움이 가득한 놀라운 오아시스였습니다 각 장은 독고가 일하는 매장의 고객 중 한 사람의 이야기에 초점을 맞추고 있으며 그들 각각의 이야기가 전개되는 방식이 매우 아름답다고 느꼈습니다 기쁨과 슬픔 꿈과 좌절이 함께 어우러져 희망 가득한 일상의 이야기를 만들어냅니다 아마도 나에게 100 확신을 주지 못한 유일한 것은 독고의 과거에 대한 미스터리가 해결되었다는 점일 것이다 내가 이미 비슷한 것을 상상했던 것은 사실이지만 저자가 조금 더 나아가 그것에 대해 더 많이 알기를 원했기 때문에 내 입술에 꿀 이 남아 있다고 말했습니다 간단히 말해서 이 책은 매우 편안하게 읽었습니다 부드럽고 감정적이며 매력이 가득합니다 독자에게 서비스를 제공하는 세부 사항 단순성 및 개인적 개선의 마법입니다 적극 추천합니다,1,0.0,0.0,0.0,0.0,0.0,0.0,0.0,0.0,0.0,0.0,0.0,0.0,0.0,0.0,0.0,0.0,0.0,0.0,0.302638836635508,0.11943600669102959,0.0,0.0,0.0,0.0,0.0,0.0,0.0,0.0,0.0,0.0,0.0,0.0,0.0,0.0,0.0,0.0,0.0,0.0,0.0,0.0,0.0,0.0,0.0,0.0,0.0,0.0,0.0,0.0,0.0,0.0,0.0,0.0,0.0,0.0,0.0,0.0,0.16299128949496042,0.0,0.0,0.0,0.1581835895152429,0.0,0.0,0.0,0.20621168561084297,0.0,0.0,0.0,0.0,0.0,0.0,0.0,0.0,0.0,0.0,0.0,0.0,0.11857923811124159,0.15550098479741487,0.0,0.0,0.0,0.0,0.1869505970159266,0.0,0.0,0.18383419288988584,0.0,0.0,0.0,0.0,0.0,0.0,0.0,0.0,0.0,0.0,0.0,0.0,0.0,0.0,0.151319418317754,0.0,0.0,0.0,0.0,0.0,0.0,0.0,0.0,0.0,0.18234409073652164,0.0,0.24061459492338574,0.0,0.0,0.2194653715880584,0.0,0.0,0.0,0.0,0.0,0.0,0.0,0.2111110982372053,0.0,0.0,0.0,0.0,0.0,0.0,0.0,0.0,0.0,0.0,0.0,0.0,0.18089596892424833,0.0,0.0,0.0,0.0,0.0,0.0,0.0,0.0,0.0,0.0,0.0,0.0,0.0,0.0,0.0,0.0,0.0,0.0,0.0,0.0,0.0,0.0,0.0,0.0,0.0,0.0,0.0,0.20621168561084297,0.0,0.0,0.0,0.0,0.0,0.0,0.0,0.0,0.0,0.0,0.0,0.0,0.0,0.0,0.0,0.0,0.0,0.0,0.0,0.0,0.0,0.0,0.0,0.0,0.0,0.0,0.0,0.0,0.0,0.0,0.0,0.0,0.0,0.0,0.0,0.0,0.0,0.0,0.151319418317754,0.0,0.13553681946397472,0.2194653715880584,0.0,0.0,0.0,0.0,0.0,0.0,0.0,0.0,0.0,0.0,0.0,0.16610769362100117,0.1920109015570727,0.0,0.0,0.0,0.0,0.0,0.0,0.0,0.0,0.0,0.0,0.0,0.0,0.18383419288988584,0.0,0.0,0.0,0.0,0.0,0.0,0.0,0.0,0.1920109015570727,0.0,0.0,0.0,0.0,0.0,0.0,0.0,0.0,0.17176228136840344,0.0,0.0,0.0,0.0,0.0,0.0,0.0,0.0,0.0,0.0,0.0,0.0,0.0,0.0,0.0,0.24980015125299848,0.12941658201455922,0.0,0.0,0.0,0.0,0.0,0.0,0.2111110982372053,0.0,0.0,0.0,0.0,0.0,0.0,0.0,0.0,0.0,0.0,0.0,0.0,0.0,0.0,0.0,0.0,0.18234409073652164,0.0,0.0,0.0,0.0,0.0,0.0,0.0
4,2025-05-21,내가 읽는 소설 중 나에게 감동을 주고 하루에 기쁨과 행복을 전해주는 소설은 거의 없습니다 따뜻하고 인간적인 본성을 지닌 단순하고 가슴 아픈 소설은 식료품점이라는 단순한 장소의 렌즈를 통해 우리에게 삶에 대한 다른 비전을 제시합니다 아름답고 눈길을 끄는 표지와 이상하고 흥미진진한 제목이 무슨 뜻인지 궁금하게 만들었지만 소설이 끝날 무렵에는 고객들이 익숙했던 좋은 할인도 제공하지 않고 가격 흥정도 할 수 없는 다른 동네 가게라는 것이 분명해졌습니다 그래서 이 가게는 그들에게 매우 짜증났어요 소설의 사건은 기차역에서 훔친 분홍색 지갑을 발견한 후 상태가 변하는 노숙자이자 중독자이며 기억상실증에 걸린 남자를 중심으로 전개됩니다 그 후 우연의 일치로 그는 야간 근무로 지역 식료품점에서 일하게 됩니다 업무 중 만난 동료 고객들과의 만남은 잃어버린 기억을 치유하고 회복시켜주는 향유와도 같았기 때문에 그의 상태는 크게 변화했다 소설의 단순함과 작가의 문체의 부드러움에도 불구하고 마음을 울리는 감동이 가득하며 아름다운 임팩트를 남긴다 정말 마음에 들었던 아름다운 번역이니 꼭 읽어보시길 권합니다 2025년 5월 21일,1,0.0,0.0,0.0,0.0,0.0,0.0,0.0,0.0,0.0,0.0,0.17403537355111687,0.0,0.0,0.0,0.0,0.1626423228478731,0.0,0.0,0.0,0.0,0.11082852011780983,0.0,0.0,0.0,0.0,0.0,0.0,0.0,0.0,0.0,0.0,0.0,0.0,0.0,0.0,0.12047666647776355,0.0,0.0,0.16467368718946493,0.0,0.0,0.0,0.0,0.0,0.12480127753020931,0.0,0.0,0.0,0.15380518616932398,0.0,0.0,0.0,0.0,0.0,0.0,0.0,0.12557029047162913,0.0,0.0,0.0,0.12186638528243655,0.0,0.0,0.0,0.0,0.0,0.0,0.18812740639749922,0.0,0.0,0.0,0.14528614696074987,0.0,0.0,0.0,0.0,0.0,0.09135475533490685,0.0,0.0,0.0,0.0,0.0,0.0,0.0,0.0,0.0,0.0,0.17147945952642227,0.0,0.0,0.0,0.0,0.0,0.13619432823345307,0.0,0.0,0.1668149071412886,0.0,0.0,0.0,0.11657815194317997,0.0,0.0,0.10774101526463083,0.13141710743066456,0.0,0.0,0.0,0.0,0.0,0.0,0.0,0.09268607135345452,0.0,0.0,0.0,0.1626423228478731,0.0,0.0,0.0,0.0,0.0,0.0,0.0,0.0,0.0,0.14047990239550856,0.0,0.0,0.0,0.0,0.0,0.0,0.0,0.0,0.0,0.0,0.0,0.0,0.13232755952990352,0.0,0.0,0.0,0.0,0.0,0.0,0.0,0.14162789356000652,0.28325578712001304,0.0,0.3336298142825772,0.16071008977730145,0.0,0.0,0.0,0.0,0.0,0.0,0.0,0.0,0.0,0.0,0.0,0.2665188719713606,0.0,0.0,0.0,0.13052711667111833,0.0,0.0,0.0,0.0,0.0,0.0,0.0,0.0,0.1428101581339083,0.0,0.0,0.0,0.0,0.0,0.0,0.15225193132183046,0.14402880573480112,0.0,0.0,0.0,0.0,0.0,0.0,0.0,0.0,0.0,0.0,0.0,0.0,0.0,0.0,0.0,0.0,0.0,0.0,0.0,0.0,0.0,0.0,0.0,0.0,0.0,0.0,0.0,0.0,0.0,0.0,0.0,0.0,0.0,0.12797120264642373,0.0,0.0,0.0,0.1588677612222857,0.0,0.0,0.0,0.0,0.0,0.0,0.0,0.0,0.0,0.0,0.0,0.0,0.0,0.0,0.0,0.16071008977730145,0.0,0.0,0.0,0.0,0.0,0.0,0.0,0.0,0.0,0.09201481931602082,0.0,0.0,0.0,0.0,0.0,0.10724904717291268,0.1626423228478731,0.0,0.0,0.0,0.0,0.15225193132183046,0.0,0.14047990239550856,0.0,0.0,0.0,0.0,0.0,0.0,0.0,0.0,0.0,0.0,0.0,0.0,0.0,0.0,0.0,0.0,0.0,0.13232755952990352,0.0,0.0,0.0,0.0,0.0,0.0,0.0,0.0,0.0,0.0,0.0,0.0,0.0,0.0,0.0,0.0,0.0,0.0
4,2024-04-16,염씨네 편의점 은 마지막 장을 탐닉하는 것만으로도 읽을 가치가 있으며 완벽한 순환을 이루는 결말을 목표로 전체 이야기가 전개된다 이야기는 매우 간단합니다 편의점 주인에게 서류 보관함을 발견한 노숙자가 연락해 돌려주려고 합니다 자신을 독코라 부르는 남자의 친절함에 감동한 염씨 부인은 그를 올웨이즈 편의점으로 맞이하고 먼저 매일 점심을 대접하고 그 다음에는 야간 근무를 하라고 권유한다 이렇게 감동적인 친절함과 순수한 자연스러움을 지닌 독코는 자신도 모르게 다른 사람들을 돕기 시작하고 그들의 말에 귀를 기울이고 조언을 하며 결국 자신이 잊고 있던 삶의 조각들을 술에 빠뜨려 천천히 재구성함으로써 자신을 돕게 됩니다 이 페이지에서 우리는 미니마켓을 채우는 수많은 인물들을 만나며 각자 자신의 고민을 안고 사임했습니다 중앙 부분에서 이 소설을 읽는 것은 새로운 자극과 새로운 관점이 필요한 인생 이야기의 장을 읽는 것과 같습니다 이 모든 것 속에 독코는 의술이자 이해이며 그 역시 염여사로부터 얻은 두 번째 기회에 대한 선물로 다른 사람들에게 주어진 숨은 의도 없는 도움이다 올웨이즈는 단순한 미니마켓이 아니라 안전한 피난처이기도 하며 얼어붙은 사람은 없지만 들어가는 사람은 다르게 나오는 전환점이며 감동적인 장으로 이야기를 마무리하는 도코에게 이런 일이 일어난다 김호연의 소설은 내가 애지중지 라고 부르는 책 중 하나이다 읽고 나면 기분이 좋아지고 영혼의 약이 되기 때문이다 내러티브는 특별히 빠르지는 않고 소량으로 이루어지지만 일단 완료되면 모든 것의 의미를 이해하게 되며 심지어 이 페이지를 가득 차게 아주 느리게 만들고자 하는 문체적 선택까지 이해하게 됩니다 오히려 무겁게 읽히는 책은 아니지만 이 책을 다 읽고 나면 남는 것은 마주한 인물들 특히 염씨와 독코씨 의 아름다움과 어떤 사람들의 영혼과 선한 성품이 만들어내는 상호 도움에서 생기는 인간적 감정의 아름다움 즉 우리가 태어나거나 삶의 경험을 통해 생겨나는 특징이다 중요한 책,1,0.0,0.0,0.0,0.0,0.0,0.0,0.12527000252823817,0.0,0.0,0.0,0.0,0.0,0.11823198157053795,0.0,0.0,0.0,0.0,0.0,0.1773658638232492,0.0,0.0,0.0,0.0,0.0,0.10066376723437513,0.0,0.0,0.0,0.0,0.0,0.0,0.0,0.0,0.0,0.0,0.0,0.11052157941997834,0.0,0.0,0.0,0.0,0.10686538953855308,0.0,0.0,0.0,0.12689886402612796,0.0,0.12527000252823817,0.0,0.0,0.0,0.0,0.0,0.0,0.0,0.0,0.0,0.0,0.0,0.0,0.09270577864011498,0.0,0.0,0.12372471001338604,0.0,0.0,0.0,0.14311163536364482,0.0,0.0,0.0,0.11052157941997834,0.0,0.0,0.0,0.0,0.0,0.06949507615386956,0.0,0.0,0.0,0.0,0.0,0.0,0.0,0.0,0.0,0.0,0.0,0.0,0.0,0.0,0.0,0.0,0.207210564520934,0.0,0.0,0.0,0.0,0.0,0.0,0.0,0.0,0.0,0.0,0.0,0.0,0.09997117123607042,0.0,0.0,0.0,0.0,0.0,0.07050783030941032,0.0,0.1458384897434959,0.0,0.0,0.0,0.0,0.0,0.0,0.0,0.0,0.0,0.07908900403274709,0.0,0.0,0.0,0.11468357927839463,0.0,0.1115094252656527,0.09113359937732281,0.0,0.0,0.24450965659805665,0.0,0.0,0.0,0.0,0.0,0.0,0.2056850856201254,0.0,0.12862085264320397,0.21203339364560925,0.0,0.0,0.0,0.10773868543988063,0.11468357927839463,0.0,0.0,0.0,0.0,0.0,0.0,0.0,0.13044726631827128,0.0,0.0,0.0,0.10066376723437513,0.0,0.0,0.0,0.0,0.10863805369166042,0.09929414051791938,0.0,0.0,0.0,0.0,0.0,0.0,0.0,0.0,0.10863805369166042,0.0,0.0,0.0943645424720401,0.0,0.0,0.0,0.11582056700820034,0.0,0.0,0.0,0.10601669682280462,0.0,0.0,0.0,0.0,0.1028425428100627,0.09798408198511643,0.0,0.0,0.0,0.0,0.0,0.0,0.0,0.11582056700820034,0.0,0.0886829319116246,0.09217255057718146,0.07943331176968692,0.0,0.1115094252656527,0.0,0.0,0.0,0.0,0.0,0.0,0.1115094252656527,0.0,0.22104315883995668,0.0,0.19469962873442923,0.0,0.0,0.12372471001338604,0.0,0.0,0.0,0.0,0.0,0.0,0.0,0.0,0.0,0.0,0.10773868543988063,0.0,0.0,0.23400430741700162,0.08390470175744412,0.11052157941997834,0.0,0.0,0.0,0.0,0.0,0.0,0.0,0.0,0.0,0.0,0.0,0.0,0.0,0.0,0.0,0.0,0.0,0.0,0.0,0.0,0.0,0.0,0.0,0.11700215370850081,0.0,0.0,0.0,0.0,0.07319949432585157,0.075846458165282,0.0,0.0,0.0,0.0,0.0,0.13239159246897605,0.0,0.0,0.0,0.0,0.0,0.0,0.10066376723437513,0.10863805369166042,0.1910468013842946,0.0,0.0,0.0,0.12862085264320397,0.0,0.10601669682280462,0.0,0.0,0.0,0.11253076372074357,0.0,0.0,0.0,0.0,0.0,0.0
4,2025-05-10,나는 김호연 작가가 쓰고 자넷 홍이 번역한 두 번째 기회 편의점을 정말 좋아했습니다 직설적인 산문으로 읽기 쉬운 이 책은 낯선 사람에 대한 친절 지역 사회의 사람들에게 수용적인 태도로 반응 낯선 사람에게 은혜를 베푸는 기회를 기꺼이 잡고 그러한 삶이 당신을 어디로 데려갈지 알아보는 이야기입니다 주인공 독고는 노숙자이며 과거를 기억하지 못하는 남자의 커다란 곰 이다 그는 낯선 염씨 부인을 돕기 위해 애쓴다 그의 친절에 보답하기 위해 그녀는 기회를 잡고 자신이 운영하는 편의점에서 그에게 일자리를 제안합니다 고객과 직원이 매장을 오가면서 독고가 그들과 상호 작용하면서 우리는 그들을 알아가게 됩니다 각자 인생이 겪은 손길을 다루고 있으며 독고는 귀담아 듣고 조언과 작은 친절을 베풀고 있다 종종 그것은 그 사람에게 꼭 필요한 것일 때도 있습니다 하지만 그것은 양방향 거리입니다 독고는 자신의 과거와 그가 어떻게 노숙자가 되었는지 알아내려고 노력하면서 변화하고 있습니다 나는 이 이야기의 느낌과 사람들이 낯선 사람으로 들어왔다가 결국 친구로 떠나는 동네 편의점에 대한 아이디어가 정말 마음이 따뜻했습니다 다른 사람에 대한 친절은 그렇게 먼 길을 갈 수 있습니다 우리가 만나는 낯선 사람에게 친절해야 한다는 말을 자주 듣습니다 왜냐하면 우리는 그들이 어떤 일을 겪고 있는지 전혀 모르기 때문입니다 이 이야기는 그것을 멋진 결과로 구현합니다,1,0.0,0.0,0.0,0.0,0.0,0.0,0.0,0.0,0.0,0.0,0.0,0.0,0.0,0.0,0.0,0.0,0.0,0.0,0.0,0.0,0.0,0.0,0.0,0.10295783625366832,0.08057887543588597,0.0,0.09786198998500238,0.0,0.0,0.0,0.08355990055571559,0.16229265515200547,0.07792613748836223,0.0,0.08420302142205899,0.07336245250445123,0.0,0.10764002566898145,0.0,0.0,0.0,0.0,0.0,0.09007811491345086,0.07599585930603993,0.0,0.0,0.0,0.0,0.08770417317234129,0.0,0.1710862438117445,0.09674013174417961,0.0,0.09748270706867594,0.0,0.0,0.0,0.0,0.5382001283449073,0.0,0.0,0.0,0.09903859422723138,0.0,0.0,0.0,0.057278676112645754,0.0,0.0,0.0,0.0,0.0,0.0,0.10027556296471525,0.0,0.0,0.16688730926705694,0.0,0.0,0.0,0.0,0.0,0.08770417317234129,0.24518236370845295,0.0,0.0,0.0,0.10441983558134094,0.0,0.0,0.0,0.0,0.0,0.08293348603106052,0.0,0.0,0.0,0.0,0.0,0.0,0.0,0.0956681506736964,0.0,0.0,0.0,0.07843385315190313,0.0,0.0,0.0,0.0,0.0,0.09903859422723138,0.0,0.0,0.0,0.0,0.0,0.0,0.0,0.0,0.0,0.0,0.0,0.0,0.06330880692618031,0.0,0.0,0.0,0.09180139093840341,0.0,0.0,0.0,0.08846981218500088,0.29022039523253884,0.0,0.0,0.0,0.0,0.0,0.0,0.0,0.0,0.10942718412403922,0.10295783625366832,0.0,0.0,0.0,0.0,0.0,0.0,0.0,0.0,0.0,0.0,0.0,0.0,0.0,0.0,0.0,0.0,0.0,0.0,0.0,0.0,0.0,0.0,0.0,0.0,0.0,0.0,0.0,0.0,0.0,0.0,0.0,0.0,0.0,0.0,0.0,0.07553650059325728,0.07336245250445123,0.0,0.0,0.0,0.0,0.0,0.0,0.08486376421338282,0.0,0.0,0.0,0.0,0.08232293181823173,0.15686770630380625,0.10027556296471525,0.0,0.14122923590386072,0.0,0.0,0.0,0.0,0.0,0.0,0.0,0.07378186487173652,0.0,0.0,0.08926055854325232,0.07895248826469675,0.0,0.0,0.0,0.0,0.09092436325998181,0.0,0.09903859422723138,0.0,0.08114632757600274,0.0,0.0,0.0,0.0,0.0,0.0,0.0,0.09180139093840341,0.08554312190587225,0.0,0.0,0.0,0.16994037028635472,0.0,0.08624217384466867,0.0,0.0,0.0,0.0671636547801431,0.08846981218500088,0.0,0.06386321302688631,0.0,0.0,0.0,0.0,0.08696209606020054,0.0,0.0,0.0,0.11206207822861981,0.0,0.0,0.0,0.0,0.10295783625366832,0.0,0.0,0.0,0.0,0.0,0.0,0.0,0.0,0.0,0.0,0.0,0.0,0.05859439893124173,0.0,0.0,0.0,0.0,0.0,0.0,0.0,0.0,0.0,0.0,0.0,0.0,0.0,0.0,0.0,0.0,0.0956681506736964,0.0,0.10027556296471525,0.10295783625366832,0.0,0.0,0.07295020993155873,0.0,0.0,0.0,0.0,0.0,0.0,0.0,0.0,0.0
4,2024-08-15,가볍고 쾌적하며 완벽합니다,1,0.0,0.0,0.0,0.0,0.0,0.0,0.0,0.0,0.0,0.0,0.0,0.0,0.0,0.0,0.0,0.0,0.0,0.0,0.0,0.0,0.0,0.0,0.0,0.0,0.0,0.0,0.0,0.0,0.0,0.0,0.0,0.0,0.0,0.0,0.0,0.0,0.0,0.0,0.0,0.0,0.0,0.0,0.0,0.0,0.0,0.0,0.0,0.0,0.0,0.0,0.0,0.0,0.0,0.0,0.0,0.0,0.0,0.0,0.0,0.0,0.0,0.0,0.0,0.0,0.0,0.0,0.0,0.0,0.0,0.0,0.0,0.0,0.0,0.0,0.0,0.0,0.0,0.0,0.0,0.0,0.0,0.0,0.0,0.0,0.0,0.0,0.0,0.0,0.0,0.0,0.0,0.0,0.0,0.0,0.0,0.0,0.0,0.0,0.0,0.0,0.0,0.0,0.0,0.0,0.0,0.0,0.0,0.0,0.0,0.0,0.0,0.0,0.0,0.0,0.0,0.0,0.0,0.0,0.0,0.0,0.0,0.0,0.0,0.0,0.0,0.0,0.0,0.0,0.0,0.0,0.0,0.0,0.0,0.0,0.0,0.0,0.0,0.0,0.0,0.0,0.0,0.0,0.0,0.0,0.0,0.0,0.0,0.0,0.0,0.0,0.0,0.0,0.0,0.0,0.0,0.0,0.0,0.0,0.0,0.0,0.0,0.0,0.0,0.0,0.0,0.0,0.0,0.0,0.0,0.0,0.0,0.0,0.0,0.0,0.0,0.0,0.0,0.0,0.0,0.0,0.0,0.0,0.0,0.0,0.0,0.0,0.0,0.0,0.0,0.0,0.0,0.0,0.0,0.0,0.0,0.0,0.0,0.0,0.0,0.0,0.0,0.0,0.0,0.0,0.0,0.0,0.0,0.0,0.0,0.0,0.0,0.0,0.0,0.0,0.0,0.0,0.0,0.0,0.0,0.0,0.0,0.0,0.0,0.0,0.0,0.0,0.0,0.0,0.0,0.0,0.0,0.0,0.0,0.0,0.0,0.0,0.0,0.0,0.0,0.0,0.0,0.0,0.0,0.0,0.0,0.0,0.0,0.0,0.0,0.0,0.0,0.0,0.0,0.0,0.0,0.0,0.0,0.0,0.0,0.0,0.0,0.0,0.0,0.0,0.0,0.0,0.0,0.0,0.0,0.0,0.0,0.0,0.0,0.0,0.0,0.0,0.0,0.0,0.0,0.0,0.0,0.0,0.0,0.0,0.0,0.0,0.0,0.0,0.0,0.0,0.0,0.0,0.0,0.0,0.0,0.0,0.0,0.0,0.0,0.0
4,2022-10-26,친구들에게 이거 읽어봐 좋다 라고 쿡쿡 찔러줄 수 있는 책이다 마치 자신의 모습을 볼 수 있는 것처럼 따뜻하고 부드럽습니다 그곳에서 다른 사람들을 보는 것과 같습니다 인간이 서로 친절하게 소통한다는 느낌을 줍니다 들으면서 상대방의 감정을 느껴보세요 이 세상의 모든 것들은 전혀 필요하지 않을 수도 있습니다 식사가 있습니다 자야 할 먼지가 좀 있습니다 마음의 안정을 유지합시다 우리는 이 세상을 살아갈 만큼 가치가 있나요 정말 별 다섯개 주고 싶습니다 저희로서는 결말이 좀 약한 게 아쉽네요,1,0.0,0.0,0.0,0.0,0.0,0.0,0.0,0.0,0.0,0.0,0.0,0.0,0.22451031166138555,0.0,0.0,0.0,0.0,0.0,0.0,0.0,0.0,0.0,0.24096782557081983,0.0,0.0,0.0,0.0,0.0,0.0,0.0,0.0,0.0,0.0,0.0,0.0,0.0,0.0,0.0,0.0,0.0,0.0,0.0,0.0,0.0,0.0,0.0,0.0,0.0,0.0,0.0,0.0,0.0,0.0,0.0,0.0,0.0,0.0,0.0,0.0,0.0,0.0,0.0,0.0,0.0,0.0,0.20458462697476318,0.0,0.13587710123378707,0.0,0.0,0.0,0.0,0.0,0.0,0.0,0.0,0.0,0.0,0.0,0.0,0.0,0.0,0.0,0.0,0.0,0.0,0.0,0.0,0.0,0.0,0.0,0.0,0.0,0.0,0.0,0.0,0.0,0.24096782557081983,0.0,0.0,0.0,0.0,0.0,0.0,0.0,0.0,0.0,0.0,0.0,0.0,0.0,0.0,0.0,0.0,0.0,0.13846610853343355,0.0,0.0,0.0,0.0,0.0,0.0,0.0,0.0,0.0,0.0,0.0,0.0,0.0,0.0,0.0,0.2117448721320603,0.0,0.0,0.0,0.0,0.0,0.0,0.0,0.0,0.0,0.0,0.0,0.0,0.0,0.0,0.0,0.22451031166138555,0.0,0.0,0.0,0.0,0.0,0.0,0.19673572159649486,0.0,0.0,0.0,0.0,0.22948799739230955,0.0,0.0,0.0,0.0,0.0,0.0,0.0,0.0,0.0,0.0,0.0,0.0,0.0,0.23214928176729147,0.0,0.0,0.0,0.0,0.0,0.0,0.0,0.0,0.0,0.0,0.0,0.0,0.0,0.0,0.0,0.0,0.0,0.0,0.0,0.0,0.18606164332286723,0.0,0.0,0.0,0.0,0.0,0.0,0.0,0.0,0.0,0.0,0.0,0.0,0.0,0.0,0.0,0.0,0.0,0.0,0.0,0.0,0.0,0.0,0.0,0.0,0.0,0.0,0.0,0.0,0.0,0.0,0.24971874011007564,0.0,0.0,0.0,0.0,0.0,0.4031344029616694,0.0,0.0,0.0,0.0,0.0,0.15932635562046155,0.0,0.0,0.0,0.0,0.0,0.0,0.0,0.20629243431947028,0.0,0.0,0.0,0.13291744311612205,0.0,0.0,0.0,0.0,0.0,0.0,0.23494043520489957,0.0,0.0,0.0,0.23787478595762268,0.0,0.0,0.0,0.0,0.0,0.0,0.0,0.0,0.0,0.0,0.23787478595762268,0.0,0.0,0.0,0.0,0.0,0.0,0.0,0.0,0.0,0.0,0.0,0.0,0.0,0.0,0.0,0.0,0.0,0.0,0.0,0.0,0.0,0.0,0.0,0.0,0.0,0.0,0.0,0.0
4,2024-09-12,독자의 영혼을 위로하는 아시아 문학의 또 다른 보석 염여사의 멋진 가게에는 다양한 캐릭터들이 퍼레이드를 펼치며 인간의 나약함 공감 연대 두 번째 기회에 대해 가르쳐줍니다 나는 단순해 보이지만 엄청난 깊이를 지닌 이 이야기들에 계속해서 유쾌한 놀라움과 매혹을 느낀다,1,0.0,0.0,0.0,0.0,0.0,0.0,0.0,0.0,0.0,0.0,0.0,0.0,0.0,0.0,0.0,0.0,0.0,0.0,0.0,0.0,0.0,0.0,0.0,0.0,0.0,0.0,0.0,0.0,0.0,0.0,0.0,0.0,0.0,0.0,0.0,0.0,0.0,0.0,0.0,0.0,0.0,0.0,0.0,0.0,0.0,0.0,0.0,0.0,0.0,0.0,0.0,0.0,0.0,0.0,0.2776536373028696,0.0,0.0,0.0,0.0,0.0,0.0,0.0,0.0,0.0,0.0,0.0,0.0,0.3262862355959212,0.0,0.0,0.4329081001292656,0.0,0.0,0.0,0.0,0.0,0.0,0.0,0.4155586511407765,0.0,0.0,0.0,0.0,0.0,0.0,0.0,0.0,0.0,0.0,0.0,0.0,0.0,0.0,0.0,0.0,0.0,0.0,0.0,0.0,0.0,0.0,0.0,0.0,0.0,0.0,0.0,0.0,0.0,0.0,0.0,0.0,0.0,0.0,0.0,0.0,0.0,0.0,0.0,0.0,0.0,0.0,0.0,0.0,0.0,0.0,0.3606366922899573,0.0,0.0,0.0,0.0,0.0,0.0,0.0,0.0,0.0,0.0,0.0,0.0,0.0,0.0,0.0,0.0,0.0,0.0,0.0,0.0,0.0,0.0,0.0,0.0,0.0,0.0,0.0,0.0,0.0,0.0,0.0,0.0,0.0,0.0,0.0,0.0,0.0,0.0,0.0,0.0,0.5712166932363028,0.0,0.0,0.0,0.0,0.0,0.0,0.0,0.0,0.0,0.0,0.0,0.0,0.0,0.0,0.0,0.0,0.0,0.0,0.0,0.0,0.0,0.0,0.0,0.0,0.0,0.0,0.0,0.0,0.0,0.0,0.0,0.0,0.0,0.0,0.0,0.0,0.0,0.0,0.0,0.0,0.0,0.0,0.0,0.0,0.0,0.0,0.0,0.0,0.0,0.0,0.0,0.0,0.0,0.0,0.0,0.0,0.0,0.0,0.0,0.0,0.0,0.0,0.0,0.0,0.0,0.0,0.0,0.0,0.0,0.0,0.0,0.0,0.0,0.0,0.0,0.0,0.0,0.0,0.0,0.0,0.0,0.0,0.0,0.0,0.0,0.0,0.0,0.0,0.0,0.0,0.0,0.0,0.0,0.0,0.0,0.0,0.0,0.0,0.0,0.0,0.0,0.0,0.0,0.0,0.0,0.0,0.0,0.0,0.0,0.0,0.0,0.0,0.0,0.0,0.0,0.0,0.0,0.0,0.0,0.0,0.0,0.0,0.0,0.0,0.0,0.0,0.0,0.0,0.0,0.0,0.0,0.0,0.0
4,2025-07-03,다른 사람의 입장이 되어 보세요 이 이야기 사랑스러운 이야기 는 인생이 어떻게 당신에게 두 번째 기회를 제공할 수 있는지 그리고 그것을 달성하지 못하더라도 최소한 필요한 최종 추진력을 제공하기 위해 사람들이 당신을 도울 수 있는 방법을 보여줍니다 나는 사람들이 이 책에 등장하는 인물 중 한 사람에게서 자신의 모습을 볼 수 있을 것이라고 확신합니다 그들 모두는 생생하며 당신이 그들을 사랑하거나 미워하게 만드는 무언가를 가지고 있습니다,1,0.0,0.0,0.0,0.0,0.0,0.0,0.0,0.0,0.0,0.2076823251746326,0.0,0.0,0.0,0.0,0.0,0.0,0.0,0.0,0.0,0.0,0.0,0.0,0.0,0.0,0.0,0.0,0.0,0.0,0.0,0.0,0.0,0.0,0.18131055518344164,0.0,0.0,0.0,0.0,0.0,0.0,0.0,0.0,0.0,0.14730044760015618,0.0,0.0,0.0,0.0,0.0,0.0,0.0,0.0,0.19903297436235468,0.0,0.0,0.1134063891081862,0.0,0.0,0.0,0.0,0.0,0.0,0.0,0.0,0.0,0.0,0.0,0.0,0.13327015685471777,0.0,0.0,0.0,0.0,0.0,0.0,0.23331090925916737,0.0,0.23634460567059876,0.0,0.0,0.0,0.0,0.0,0.0,0.0,0.0,0.0,0.0,0.0,0.0,0.0,0.0,0.0,0.0,0.0,0.0,0.0,0.0,0.0,0.0,0.0,0.0,0.0,0.0,0.0,0.0,0.0,0.0,0.0,0.2202028463878829,0.0,0.0,0.0,0.0,0.0,0.0,0.0,0.0,0.0,0.0,0.0,0.0,0.0,0.0,0.0,0.0,0.14730044760015618,0.0,0.0,0.0,0.0,0.0,0.0,0.0,0.41168499507967704,0.0,0.0,0.0,0.19745231446615752,0.0,0.0,0.0,0.0,0.0,0.0,0.0,0.0,0.0,0.0,0.0,0.0,0.0,0.0,0.0,0.0,0.0,0.0,0.0,0.0,0.0,0.0,0.0,0.0,0.0,0.0,0.0,0.0,0.0,0.0,0.0,0.0,0.0,0.0,0.0,0.0,0.0,0.0,0.0,0.0,0.0,0.0,0.0,0.1706922403947892,0.0,0.0,0.0,0.0,0.0,0.0,0.0,0.0,0.0,0.0,0.0,0.0,0.0,0.0,0.0,0.16429886040281658,0.0,0.0,0.0,0.0,0.0,0.35804008935733284,0.0,0.0,0.0,0.0,0.0,0.0,0.0,0.0,0.0,0.0,0.0,0.0,0.0,0.0,0.0,0.0,0.0,0.0,0.0,0.0,0.0,0.12246381237840574,0.2135940737488734,0.0,0.0,0.0,0.0,0.1317999491903479,0.0,0.0,0.23634460567059876,0.0,0.0,0.156269512756941,0.0,0.0,0.0,0.0,0.0,0.0,0.0,0.0,0.0,0.0,0.0,0.0,0.0,0.0,0.0,0.0,0.0,0.0,0.0,0.0,0.0,0.0,0.0,0.0,0.0,0.0,0.0,0.0,0.2076823251746326,0.0,0.0,0.0,0.0,0.0,0.0,0.0,0.0,0.0,0.0,0.0,0.0,0.0,0.0,0.0,0.0,0.0,0.0,0.0,0.0,0.23955174801813225,0.0,0.0,0.0,0.0,0.0,0.0,0.0,0.0,0.0,0.0,0.0,0.0
3,2025-03-11,최근 유행하고 있는 상업 시설에서 직원과 고객을 만나는 이야기를 그린 이 장르의 두 번째 소설입니다 단순한 일상 이야기와 인물 간의 단순한 관계를 통해 우리가 처한 슬픈 현대 생활의 전형적인 문제를 해결하기 위해 일종의 위장된 자조적 조언과 사회 비판을 전달하려고 합니다 직원과 고객 모두 삶의 문제를 안고 매장에 들어오고 잠시 후 어떻게든 마술처럼 그 문제를 극복합니다 약간은 당신의 삶을 고치는 것은 당신의 힘에 달려 있습니다 그것들은 매우 비현실적이기 때문에 매우 진지하게 받아들일 소설이 아니며 삶의 복잡성을 크게 단순화하고 개인이 자신의 상황에 대해 매우 책임을지게 만듭니다 특히 이 작품에서 우리의 주인공은 나머지 등장인물들을 비추는 빛이며 동시에 그들 덕분에 그 자신이 자신의 어둠을 극복하지만 그 뒤에는 그다지 믿을 수 없고 강요되지 않으며 전혀 대표적이지 않은 이야기가 있습니다 작가가 그를 노숙자 로 선택했기 때문에 우리의 마음을 조금 감동시키려고 노력하지만 실제로는 전혀 그렇지 않습니다 요컨대 비타민을 좋아하는 사람과 시간을 보내기엔 나쁘지 않은 원더풀 씨의 도덕적인 이야기지만 나에게는 별로 도움이 되지 않는다 2 5 5 약간 fu도 fa도 아님,0,0.0,0.0,0.0,0.0,0.0,0.0,0.0,0.0,0.0,0.0,0.0,0.0,0.0,0.0,0.0,0.0,0.0,0.0,0.09667785374221924,0.0,0.0,0.0,0.0,0.0,0.0,0.0,0.0,0.0,0.0,0.0,0.0,0.0,0.0,0.0,0.0,0.0,0.0,0.0,0.0,0.0,0.0,0.11649949180986946,0.0,0.0,0.0,0.0,0.0,0.0,0.0,0.0,0.0,0.0,0.0,0.0,0.0,0.0,0.0,0.14220731613562104,0.0,0.0,0.0,0.0,0.10349726303594525,0.0,0.0,0.0,0.0,0.0,0.0,0.0,0.0,0.2409705872415601,0.0,0.0,0.0,0.2766780383083755,0.0,0.0,0.09934945317756143,0.14659282955134717,0.0,0.13174847883407778,0.0,0.0,0.0,0.0,0.0,0.0,0.0,0.13487870959084422,0.0,0.0,0.0,0.0,0.0,0.0,0.0,0.0,0.0,0.0,0.0,0.19335570748443848,0.0,0.0,0.0,0.10898374763737688,0.0,0.0,0.0,0.1402162480648573,0.0,0.0,0.0,0.2305927045734333,0.1226756094096639,0.0,0.0,0.0,0.0,0.36145588086234015,0.0,0.0,0.0,0.0,0.0,0.08621901644067598,0.0,0.0,0.0,0.0,0.0,0.0,0.0,0.0,0.0,0.0,0.0,0.0,0.0,0.0,0.0,0.10413500277908937,0.22422795678828664,0.0,0.0,0.0,0.0,0.0,0.0,0.0,0.0,0.0,0.13327631546228008,0.13833901915418775,0.0,0.0,0.1402162480648573,0.0,0.0,0.0,0.0,0.0,0.0,0.0,0.0,0.0,0.0,0.0,0.0,0.0,0.10973878237949923,0.0,0.2525239884652923,0.0,0.0,0.0,0.0,0.0,0.12626199423264614,0.0,0.0,0.0,0.0,0.0,0.0,0.0,0.0,0.0,0.0,0.0,0.0,0.0,0.0,0.11211397839414332,0.0,0.0,0.0,0.09616865649116842,0.0,0.0,0.0,0.0,0.0,0.0,0.09667785374221924,0.0,0.08659436412389597,0.0,0.0,0.0,0.0,0.0,0.0,0.0,0.0,0.0,0.0,0.0,0.0,0.0,0.0,0.0,0.0,0.0,0.0,0.0716814485282693,0.0,0.0,0.0,0.0,0.0,0.15429229403252429,0.0,0.0,0.0,0.0,0.0,0.18293771552059884,0.12048529362078005,0.0,0.0,0.14432692669847802,0.0,0.0,0.0,0.23686392949002139,0.0,0.0,0.0,0.0,0.0,0.10973878237949923,0.11944258493892014,0.0,0.0,0.0,0.0,0.0,0.0,0.0,0.0,0.0,0.0,0.0,0.0,0.0,0.0,0.0,0.0,0.0,0.0,0.0,0.0,0.0,0.0,0.0,0.0,0.0,0.0,0.0,0.0,0.10973878237949923,0.11843196474501069,0.0,0.0,0.0,0.0,0.0,0.0,0.0,0.0,0.0,0.0,0.1226756094096639,0.0,0.0,0.0,0.0,0.0,0.0
4,2023-01-09,힐링소설이라는 하위 장르의 책이 있다는 것만 알았지만 이 책을 읽으면 아 역시 힐링소설이구나 라는 생각이 들었습니다 읽으면 편하고 따뜻하며 인류에게는 희망이 있다 는 생각이 들게 됩니다 이 책은 알코올 중독으로 치매에 걸린 노숙자 독고의 이야기를 담고 있다 독고는 미니마켓을 운영하는 할머니의 지갑을 구해 주면서 두 번째 기회 를 얻게 된다 독고는 미니마켓에서 야간근무를 하게 되면서 주인 할머니는 물론 직원 미니마켓 고객들까지 많은 사람들과 접촉하게 됐다 이 만남은 그에게도 서서히 자신의 과거를 기억하게 만들었다 책의 절반은 각자의 삶의 문제를 안고 있는 다양한 인물들의 관점에서 이야기됩니다 마지막 장에서야 독고 자신의 관점에서 이야기를 쓰게 되면서 이야기는 강렬해진다 스낵 쇼핑을 좋아하고 항상 미니마켓에 가는 것을 좋아하는 저에게 이 책을 읽는 경험은 매우 즐거웠습니다 추운 저녁 미니마켓 생각 그리고 따뜻한 컵라면x주먹밥 옥수수차를 먹는 생각 흠흠 얼마나 유혹적인지 물론 그보다 더 깊은 문제는 이 소설이 제기하는 많은 문제들이다 가정 내 부모와 자녀의 관계 부와 왕위를 중시하는 사회적 압력 심지어 한국의 유독한 미의 기준까지 말이다 책은 꽤 두껍지만 무겁지는 않습니다 한국문학과 가족테마 독서를 좋아하시는 분들께 추천드립니다,1,0.0,0.0,0.0,0.0,0.0,0.0,0.0,0.0,0.0,0.0,0.0,0.0,0.0,0.0,0.0,0.0,0.0,0.0,0.0,0.08316814508186939,0.0,0.0,0.0,0.0,0.0,0.0,0.14525877638050955,0.31460582772358925,0.0,0.0,0.0,0.0,0.0,0.0,0.0,0.0,0.0,0.0,0.0,0.0,0.0,0.0,0.09397070128674286,0.0,0.0,0.0,0.0,0.0,0.0,0.13018129797310496,0.0,0.0,0.0,0.14047897503051665,0.0,0.0,0.0,0.0,0.0,0.0,0.0,0.0,0.11280238154233821,0.0,0.0,0.0,0.0,0.0,0.0,0.0,0.11280238154233821,0.0,0.15730291386179462,0.0,0.0,0.0,0.0,0.0,0.0,0.0,0.0,0.0,0.14884129762079784,0.0,0.24261983737049153,0.0,0.12801121913616942,0.0,0.0,0.0,0.0,0.0,0.0,0.13131775336446944,0.1231000585997499,0.12596521438578187,0.0,0.0,0.13249147615964815,0.0,0.0,0.0,0.0,0.0,0.0,0.0,0.0,0.11878213898888933,0.0,0.0,0.1929969619661986,0.0,0.0,0.08377486025286865,0.0,0.0,0.0,0.0,0.0,0.13131775336446944,0.0,0.0,0.0,0.0,0.0,0.09397070128674286,0.0,0.0,0.1435935766910358,0.0,0.0,0.0,0.0,0.0,0.0,0.0,0.0,0.0,0.0,0.0,0.0,0.0,0.12219379910223646,0.0,0.0,0.0,0.0,0.0,0.0,0.0,0.0,0.0,0.14525877638050955,0.0,0.0,0.0,0.0,0.0,0.15499273567525143,0.0,0.0,0.0,0.0,0.0,0.0,0.0,0.0,0.0,0.0,0.0,0.1196050565671931,0.0,0.0,0.0,0.0,0.0,0.14884129762079784,0.0,0.0,0.0,0.0,0.0,0.0,0.12596521438578187,0.0,0.0,0.0,0.0,0.0,0.0,0.0,0.0,0.0,0.0,0.0,0.14884129762079784,0.0,0.0,0.0,0.0,0.0,0.0,0.0,0.0,0.0,0.10951609927391656,0.18875959063627357,0.0,0.0,0.0,0.0,0.0,0.0,0.0,0.0,0.0,0.0,0.0,0.0,0.11566753732837018,0.0,0.0,0.0,0.0,0.0,0.07812610564962523,0.0,0.25394720090445877,0.11420630023136796,0.0,0.0,0.0,0.0,0.0,0.0,0.0,0.0,0.19938507917326637,0.0,0.0,0.0,0.15730291386179462,0.0,0.0,0.0,0.0,0.0,0.0,0.0,0.0,0.0,0.0,0.13018129797310496,0.0,0.0,0.0,0.0,0.0,0.0,0.15077665208792834,0.0,0.0,0.0,0.12697360045222938,0.0,0.0,0.0,0.17394599665933624,0.18023605053759562,0.12219379910223646,0.1196050565671931,0.0,0.0,0.0,0.0,0.0,0.0,0.0,0.0,0.0,0.0,0.0,0.0,0.0,0.0,0.0,0.0,0.0,0.0,0.0,0.0,0.0,0.0,0.0,0.13249147615964815,0.0,0.0,0.0,0.0,0.0
1,2025-05-27,나는 내가 대상 독자가 아니라고 주장함으로써 이 책이 얼마나 형편없는지 정당화하려고 노력했습니다 내가 틀렸을 뿐만 아니라 그것은 YA 소설이 아니기 때문에 세상에 훌륭한 작품을 제공한 전체 장르에 불공평할 것입니다 이 책은 독자가 바보라는 전제에 의존하는 것 같습니다 가장 나쁜 점은 표지가 예쁜 책을 구입함으로써 일반 독자가 실제로 바보일 수도 있다는 것을 증명했다는 것입니다 이것이 왜 베스트 셀러인지 설명할 수 있는 다른 이유는 없습니다 나 또한 잘 생각했는데 아마도 번역에 결함이 있을 수도 있지만 번역가가 완전히 새로운 이야기를 만들어내지 않는 한 그것도 문제가 되지 않는다 나는 북클럽에 제안한 것이 헛소리였다는 사실을 받아들여야 한다 이 글을 읽으면서 보낸 시간을 되돌릴 수 있었으면 좋겠습니다 캐릭터는 1차원적이고 바보같습니다 산문과 대화는 끔찍하고 줄거리는 지루합니다 전염병에 대한 치료는 이상하지만 캐릭터의 중독이 어떻게 처리되었는지 보여주는 공포 쇼에 비하면 아무것도 아닙니다 너무 무례하고 잘못된 정보에 뿌리를 두고 있습니다 중독은 강한 의지의 문제가 아니라 수백만 명의 사람들에게 영향을 미치는 심각한 상태입니다 이 책은 내가 올해 읽은 책 중 최악일지도 모릅니다 내가 끔찍한 것들을 읽었기 때문에 그것은 뭔가를 말하고 있습니다,0,0.0,0.0,0.0,0.0,0.0,0.0,0.0,0.10168760849037944,0.0,0.0,0.0,0.0,0.1304371787229571,0.0,0.0,0.0,0.0,0.0,0.0,0.07722307342962911,0.09301239746785679,0.1768125303393338,0.0,0.0,0.0,0.0,0.0,0.0,0.0,0.0,0.0,0.2236749099070702,0.0,0.0,0.0,0.0,0.0,0.0,0.0,0.0,0.0,0.0,0.0,0.0,0.0,0.0,0.0,0.0,0.0,0.0,0.0,0.0,0.0,0.0,0.1343525725219116,0.0,0.0,0.0,0.0,0.0,0.40910352872390093,0.09438790117122219,0.0,0.0,0.0,0.0,0.0,0.07894259113015673,0.0,0.0,0.0,0.0,0.0,0.0,0.0,0.0,0.0,0.07666911734233021,0.0,0.0,0.0,0.0,0.0,0.0,0.0,0.0,0.0,0.0,0.0,0.0,0.0,0.0,0.0,0.0,0.0,0.0,0.0,0.0,0.0,0.0,0.0,0.1956755065046616,0.0,0.12908039458969528,0.0,0.0,0.0,0.0,0.0,0.0,0.0,0.0,0.0,0.0,0.0,0.0,0.0,0.0,0.2921169987832787,0.0,0.0,0.0,0.0,0.0,0.0,0.0,0.0,0.0,0.0,0.1265224715700104,0.0,0.0,0.0,0.0,0.0,0.0,0.0,0.0,0.0,0.13487530765160155,0.0,0.0,0.0,0.0,0.0,0.11696089879745052,0.0,0.0,0.0,0.0,0.0,0.0,0.13487530765160155,0.0,0.2286011033450949,0.0,0.14189850259518397,0.12777683159805403,0.0,0.0,0.0,0.0,0.22211076264238577,0.1333291406934634,0.0,0.1333291406934634,0.0,0.0,0.0,0.12777683159805403,0.0,0.0,0.0,0.0,0.0,0.0,0.0,0.0,0.0,0.0,0.0,0.10110956616690778,0.0,0.11696089879745052,0.0,0.12087560595039724,0.0,0.0,0.0,0.0,0.1265224715700104,0.13487530765160155,0.0,0.0,0.0,0.0,0.0,0.0,0.0,0.13999875149551697,0.0,0.0,0.0,0.0,0.0,0.0,0.0876332862414012,0.0,0.0,0.0,0.0,0.0,0.0,0.0,0.0,0.0,0.0,0.0,0.0,0.0,0.0,0.14189850259518397,0.0,0.0,0.0,0.07254145186733511,0.0,0.0,0.10604254189162882,0.0,0.0,0.15614342693768266,0.0,0.0,0.13999875149551697,0.11105538132119289,0.0,0.0,0.0,0.0,0.0,0.0,0.0,0.0,0.0,0.0,0.13649692661907947,0.0,0.0,0.0,0.0,0.0,0.0,0.0,0.0,0.0,0.0,0.0,0.0,0.0,0.0,0.0,0.0,0.0,0.0,0.0,0.0,0.16151189207828387,0.08367615841155324,0.0,0.11105538132119289,0.0,0.0,0.0,0.0,0.0,0.0,0.0,0.0,0.0,0.1304371787229571,0.0,0.0,0.0,0.0,0.0,0.0,0.0,0.0,0.0,0.0,0.0,0.0,0.0,0.0,0.0,0.0,0.0,0.0,0.0
4,2024-07-13,기분이 좋아진다는 새로운 장르 속에서도 이 소설은 단연 돋보이는 작품이라고 말하고 싶습니다 항상 연관되어 끝나는 장당 하나의 이야기 구조를 유지한다는 점 외에도 염씨 부인이 준 두 번째 기회가 뜻밖에도 주어지기 전까지 노숙자 생활을 할 줄 알았던 주인공 독고가 많은 것을 더해주는 것 같아요 이 남자는 말보다 몸짓으로 우리를 더 공감하게 만든다 그리고 마지막 장은 나에게 매우 정확하게 마무리되는 것처럼 보였습니다 포옹과 개선의 소설,1,0.0,0.0,0.0,0.0,0.0,0.0,0.0,0.0,0.0,0.0,0.0,0.0,0.0,0.2538268271869163,0.0,0.0,0.0,0.0,0.0,0.1470142806914977,0.0,0.0,0.2665241725658161,0.0,0.0,0.0,0.0,0.0,0.0,0.0,0.0,0.0,0.0,0.0,0.0,0.0,0.0,0.0,0.0,0.0,0.0,0.0,0.16610969310601792,0.0,0.0,0.0,0.0,0.2631030941638849,0.0,0.0,0.27014084474689604,0.0,0.0,0.0,0.0,0.0,0.20062666065241927,0.0,0.0,0.0,0.0,0.0,0.19939799025708865,0.0,0.0,0.0,0.0,0.0,0.0,0.0,0.0,0.0,0.0,0.0,0.0,0.0,0.0,0.0,0.0,0.0,0.0,0.0,0.0,0.23011827259297307,0.0,0.0,0.0,0.0,0.0,0.0,0.0,0.0,0.0,0.0,0.0,0.0,0.0,0.0,0.0,0.0,0.0,0.0,0.0,0.0,0.0,0.0,0.0,0.20996826014646708,0.0,0.0,0.17057798698753468,0.0,0.0,0.1480867561490334,0.0,0.0,0.0,0.0,0.0,0.0,0.0,0.0,0.0,0.0,0.0,0.16610969310601792,0.0,0.0,0.0,0.0,0.0,0.0,0.0,0.0,0.0,0.0,0.0,0.0,0.0,0.0,0.0,0.0,0.0,0.0,0.0,0.222665605525367,0.0,0.0,0.22628227770644688,0.22628227770644688,0.0,0.0,0.0,0.0,0.0,0.0,0.0,0.0,0.0,0.2538268271869163,0.0,0.0,0.0,0.0,0.0,0.0,0.0,0.0,0.0,0.0,0.0,0.0,0.0,0.0,0.0,0.0,0.0,0.0,0.0,0.0,0.0,0.0,0.0,0.0,0.0,0.0,0.0,0.0,0.222665605525367,0.0,0.0,0.0,0.0,0.0,0.0,0.0,0.0,0.0,0.0,0.0,0.0,0.0,0.0,0.20187966272933014,0.0,0.0,0.0,0.0,0.0,0.0,0.0,0.0,0.0,0.0,0.0,0.0,0.0,0.0,0.0,0.0,0.0,0.0,0.0,0.0,0.0,0.0,0.0,0.0,0.0,0.0,0.0,0.0,0.0,0.0,0.0,0.0,0.0,0.0,0.0,0.0,0.0,0.0,0.2363470226391883,0.0,0.0,0.0,0.0,0.0,0.0,0.0,0.0,0.0,0.0,0.0,0.0,0.0,0.0,0.0,0.0,0.0,0.0,0.0,0.0,0.0,0.0,0.0,0.0,0.0,0.0,0.0,0.0,0.0,0.0,0.0,0.0,0.0,0.0,0.0,0.0,0.0,0.0,0.0,0.0,0.0,0.0,0.0,0.0,0.0,0.0,0.0,0.0,0.0,0.0,0.0,0.23420191764757314,0.0,0.0,0.0,0.0,0.0
4,2024-04-26,4 5 시적 산문을 통해 독자가 인간 관계의 깨지기 쉬운 아름다움에 대한 심오한 성찰을 동반하는 섬세한 독서 Dokko의 새로운 좋아하는 캐릭터,1,0.0,0.0,0.0,0.0,0.0,0.0,0.0,0.0,0.0,0.0,0.0,0.0,0.0,0.0,0.0,0.0,0.0,0.0,0.0,0.0,0.0,0.0,0.0,0.0,0.0,0.0,0.0,0.0,0.0,0.0,0.0,0.0,0.0,0.0,0.0,0.0,0.0,0.0,0.0,0.0,0.0,0.0,0.0,0.0,0.0,0.0,0.0,0.0,0.0,0.0,0.0,0.0,0.0,0.0,0.0,0.0,0.0,0.0,0.0,0.0,0.0,0.0,0.0,0.0,0.0,0.0,0.0,0.0,0.0,0.0,0.0,0.0,0.0,0.0,0.0,0.0,0.0,0.3066515677020914,0.0,0.0,0.0,0.0,0.0,0.0,0.0,0.0,0.0,0.0,0.0,0.0,0.0,0.0,0.0,0.0,0.0,0.0,0.0,0.0,0.0,0.0,0.0,0.0,0.0,0.0,0.0,0.0,0.0,0.0,0.0,0.0,0.0,0.0,0.0,0.0,0.0,0.0,0.0,0.0,0.0,0.0,0.0,0.0,0.0,0.0,0.0,0.0,0.0,0.0,0.0,0.0,0.0,0.0,0.0,0.0,0.0,0.0,0.0,0.0,0.0,0.0,0.0,0.0,0.0,0.0,0.0,0.4678056069947938,0.0,0.0,0.0,0.0,0.0,0.0,0.0,0.0,0.0,0.0,0.0,0.0,0.0,0.0,0.0,0.0,0.0,0.0,0.0,0.0,0.0,0.0,0.0,0.0,0.0,0.0,0.0,0.0,0.0,0.0,0.0,0.0,0.0,0.0,0.0,0.0,0.0,0.0,0.0,0.0,0.0,0.0,0.0,0.0,0.0,0.0,0.0,0.0,0.0,0.0,0.0,0.0,0.0,0.0,0.0,0.0,0.0,0.0,0.0,0.0,0.0,0.0,0.0,0.0,0.0,0.0,0.0,0.0,0.0,0.0,0.0,0.0,0.0,0.0,0.0,0.0,0.0,0.0,0.0,0.0,0.0,0.0,0.0,0.0,0.0,0.0,0.0,0.0,0.0,0.0,0.0,0.0,0.0,0.0,0.0,0.0,0.0,0.0,0.0,0.0,0.0,0.0,0.0,0.0,0.0,0.0,0.48346316413329127,0.0,0.0,0.0,0.0,0.0,0.0,0.0,0.0,0.0,0.0,0.0,0.0,0.0,0.0,0.0,0.0,0.0,0.0,0.0,0.0,0.0,0.0,0.0,0.0,0.5060487925438242,0.0,0.0,0.0,0.4441854551662471,0.0,0.0,0.0,0.0,0.0,0.0,0.0,0.0,0.0,0.0,0.0,0.0,0.0,0.0,0.0,0.0,0.0,0.0
3,2024-05-05,한국어 라팔 윌추르 Rafa Wilczur,0,0.0,0.0,0.0,0.0,0.0,0.0,0.0,0.0,0.0,0.0,0.0,0.0,0.0,0.0,0.0,0.0,0.0,0.0,0.0,0.0,0.0,0.0,0.0,0.0,0.0,0.0,0.0,0.0,0.0,0.0,0.0,0.0,0.0,0.0,0.0,0.0,0.0,0.0,0.0,0.0,0.0,0.0,0.0,0.0,0.0,0.0,0.0,0.0,0.0,0.0,0.0,0.0,0.0,0.0,0.0,0.0,0.0,0.0,0.0,0.0,0.0,0.0,0.0,0.0,0.0,0.0,0.0,0.0,0.0,0.0,0.0,0.0,0.0,0.0,0.0,0.0,0.0,0.0,0.0,0.0,0.0,0.0,0.0,0.0,0.0,0.0,0.0,0.0,0.0,0.0,0.0,0.0,0.0,0.0,0.0,0.0,0.0,0.0,0.0,0.0,0.0,0.0,0.0,0.0,0.0,0.0,0.0,0.0,0.0,0.0,0.0,0.0,0.0,0.0,0.0,0.0,0.0,0.0,0.0,0.0,0.0,0.0,0.0,0.0,0.0,0.0,0.0,0.0,0.0,0.0,0.0,0.0,0.0,0.0,0.0,0.0,0.0,0.0,0.0,0.0,0.0,0.0,0.0,0.0,0.0,0.0,0.0,0.0,0.0,0.0,0.0,0.0,0.0,0.0,0.0,0.0,0.0,0.0,0.0,0.0,0.0,0.0,0.0,0.0,0.0,0.0,0.0,0.0,0.0,0.0,0.0,0.0,0.0,0.0,0.0,0.0,0.0,0.0,0.0,0.0,0.0,0.0,0.0,0.0,0.0,0.0,0.0,0.0,0.0,0.0,0.0,0.0,0.0,0.0,0.0,0.0,0.0,0.0,0.0,0.0,0.0,0.0,0.0,0.0,0.0,0.0,0.0,0.0,0.0,0.0,0.0,0.0,0.0,0.0,0.0,0.0,0.0,0.0,0.0,0.0,0.0,0.0,0.0,0.0,0.0,0.0,0.0,0.0,0.0,0.0,0.0,0.0,0.0,0.0,0.0,0.0,0.0,0.0,0.0,0.0,0.0,0.0,0.0,0.0,0.0,0.0,0.0,0.0,0.0,0.0,0.0,0.0,0.0,0.0,0.0,0.0,0.0,0.0,0.0,0.0,0.0,0.0,0.0,0.0,0.0,0.0,0.0,0.0,0.0,0.0,0.0,0.0,0.0,0.0,0.0,0.0,0.0,0.0,0.0,0.0,0.0,0.0,0.0,0.0,0.0,0.0,0.0,0.0,0.0,0.0,0.0,0.0,0.0,0.0,0.0,0.0,0.0,0.0,0.0,0.0
4,2025-09-07,4 5 unrounded 저는 이런 종류의 책 바닐라처럼 달콤하고 7월의 아침처럼 밝은 가벼운 얼굴이 어려운 사회적 주제를 다루고 진지한 책보다 말하기 어려운 말을 더 잘 말하는 방식을 정말 좋아합니다 스포일러를 하지 않으면서 이런 종류의 힐링 소설 은 한국 독자에게나 루마니아 독자에게나 아주 잘 어울릴 것입니다 마지막 페이지가 벨트 아래에 닿았습니다,1,0.0,0.0,0.0,0.0,0.0,0.0,0.0,0.0,0.0,0.0,0.0,0.0,0.0,0.0,0.0,0.0,0.0,0.0,0.0,0.0,0.0,0.1980436384402599,0.0,0.0,0.0,0.0,0.0,0.0,0.0,0.0,0.0,0.0,0.0,0.0,0.0,0.0,0.0,0.0,0.0,0.0,0.0,0.0,0.0,0.0,0.0,0.0,0.0,0.0,0.0,0.0,0.0,0.0,0.0,0.0,0.0,0.0,0.0,0.0,0.0,0.0,0.0,0.0,0.0,0.0,0.0,0.0,0.0,0.0,0.0,0.0,0.0,0.0,0.0,0.0,0.0,0.0,0.0,0.0,0.0,0.0,0.0,0.0,0.0,0.0,0.0,0.0,0.0,0.0,0.0,0.0,0.0,0.0,0.0,0.0,0.0,0.0,0.0,0.0,0.0,0.0,0.0,0.0,0.0,0.0,0.0,0.0,0.0,0.24706945736200328,0.0,0.0,0.0,0.0,0.30577412055215675,0.0,0.0,0.0,0.0,0.0,0.0,0.0,0.0,0.0,0.0,0.0,0.0,0.0,0.0,0.0,0.0,0.0,0.0,0.0,0.0,0.0,0.0,0.0,0.0,0.0,0.0,0.0,0.0,0.0,0.0,0.0,0.0,0.0,0.0,0.0,0.2662661467241322,0.0,0.0,0.0,0.0,0.0,0.0,0.0,0.0,0.0,0.0,0.0,0.0,0.0,0.0,0.0,0.0,0.0,0.0,0.26848885176187887,0.0,0.0,0.0,0.0,0.0,0.0,0.0,0.0,0.0,0.0,0.0,0.0,0.0,0.0,0.0,0.0,0.0,0.0,0.0,0.0,0.0,0.0,0.0,0.0,0.0,0.0,0.0,0.0,0.0,0.0,0.0,0.0,0.0,0.0,0.5724795316142262,0.0,0.0,0.0,0.0,0.0,0.0,0.0,0.0,0.0,0.0,0.0,0.0,0.0,0.0,0.0,0.0,0.0,0.0,0.0,0.0,0.0,0.0,0.0,0.0,0.0,0.0,0.0,0.0,0.0,0.0,0.0,0.0,0.0,0.0,0.0,0.0,0.0,0.0,0.0,0.0,0.0,0.2707799583564061,0.0,0.0,0.0,0.0,0.17299156800926005,0.0,0.0,0.0,0.2953681326492158,0.0,0.0,0.0,0.0,0.0,0.0,0.0,0.0,0.0,0.0,0.0,0.0,0.0,0.0,0.0,0.0,0.0,0.0,0.0,0.0,0.0,0.0,0.0,0.0,0.0,0.0,0.0,0.0,0.0,0.0,0.0,0.0,0.0,0.0,0.0,0.0,0.0,0.23182147107640996,0.0,0.0,0.0,0.0,0.0,0.0,0.0,0.3021414445210325
3,2025-07-17,나는 개인적으로 지난 몇 년 동안 수백만 명의 사람들에게 위로를 제공하는 일본과 한국의 힐링 소설이 증가했다고 생각합니다 그리고 이 책들 대부분은 많은 감동을 주지만 가끔 흔적을 남기지 못하는 한두 권을 우연히 발견합니다 김호연 작가의 두번째 기회 편의점 자넷 홍 작가가 영어로 번역한 두 번째 기회 편의점 은 조금 실망스러운 책이었다 이것은 일련의 상호 연결된 이야기이며 모두 주인공을 중심으로 전개됩니다 자신을 독고라고 부르는데 느리게 움직이고 짧은 감정을 터뜨리며 말하는 큰 곰이다 편의점 주인이 그에게 일자리를 제안하고 청소를 돕게 되면서 그 큰 외모와는 달리 성격이 가장 온화하다는 것을 단번에 알 수 있다 그는 고객 직원들과 친해지며 자신만의 방식으로 천천히 그들을 돕습니다 독고의 캐릭터는 흥미롭지만 진정성이 부족했다 그의 뒷이야기는 약간 고르지 못한 느낌이 들었고 계속할 내용이 많지 않았습니다 세상의 방식을 이해하려고 애쓰는 등장인물들이 등장하는 다른 힐링 소설들과 마찬가지로 김호연은 이 책에서도 비슷한 줄거리를 사용했는데 흔한 이야기는 편의점이다 몇 편의 이야기는 즐거웠지만 진정성과 진심이 부족한 이야기도 있었습니다 한 번 읽어볼 만한 가치가 있는 책이었지만 이 장르의 책을 많이 읽었기 때문에 새로울 만한 내용은 없었습니다 panmacmillanindia 복사해주셔서 감사합니다,0,0.0,0.0,0.0,0.0,0.0,0.0,0.0,0.11405057548598287,0.0,0.0,0.16381598660383037,0.0,0.0,0.0,0.0,0.0,0.0,0.0,0.0,0.08661169336358979,0.0,0.0,0.0,0.0,0.0,0.0,0.0,0.0,0.0,0.0,0.0,0.0,0.0,0.0,0.0,0.11340225598446332,0.0,0.0,0.0,0.0,0.0,0.0,0.09786152567184228,0.13924100268312684,0.11747292513510096,0.0,0.0,0.0,0.0,0.2711428191796638,0.0,0.0,0.0,0.0,0.07534343880058877,0.0,0.0,0.0,0.0,0.0,0.0,0.0,0.0,0.0,0.0,0.0,0.13118076051979397,0.08854026643374968,0.0,0.0,0.0,0.0,0.0,0.0,0.0,0.0,0.0,0.0,0.0,0.0,0.0,0.0,0.0,0.0,0.0,0.0,0.13331147938921897,0.0,0.0,0.0,0.14788197152488147,0.0,0.0,0.0,0.0,0.0,0.0,0.0,0.0,0.0,0.0,0.10973266289116838,0.0,0.0,0.0,0.0,0.0,0.0,0.0,0.0,0.10049396721224235,0.1322308984625519,0.0,0.0,0.13924100268312684,0.0,0.15915022608788248,0.0,0.0,0.0,0.0,0.0,0.0,0.16141015628849545,0.0,0.09786152567184228,0.0,0.0,0.0,0.1419048093341068,0.0,0.0,0.0,0.0,0.0,0.0,0.0,0.0,0.0,0.0,0.0,0.0,0.0,0.0,0.15915022608788248,0.0,0.13924100268312684,0.0,0.0,0.0,0.0,0.0,0.15127316577584257,0.0,0.0,0.0,0.0,0.0,0.0,0.0,0.0,0.0,0.0,0.0,0.0,0.0,0.0,0.0,0.0,0.0,0.0,0.1447737192905397,0.0,0.0,0.0,0.0,0.0,0.0,0.1433116718337645,0.0,0.0,0.0,0.0,0.0,0.0,0.0,0.0,0.0,0.0,0.0,0.0,0.0,0.0,0.0,0.0,0.0,0.0,0.0,0.14953901906916936,0.0,0.0,0.0,0.0,0.0,0.0,0.22810115097196573,0.0,0.0,0.0,0.0,0.0,0.0,0.0,0.0,0.0,0.0,0.15309193778951757,0.0,0.0,0.0,0.0,0.0,0.0,0.0,0.0,0.08136089003254544,0.0,0.1322308984625519,0.0,0.0,0.0,0.0,0.14953901906916936,0.0,0.0,0.0,0.1447737192905397,0.0,0.0,0.15127316577584257,0.0,0.16381598660383037,0.0,0.0,0.0,0.0,0.0,0.0,0.0,0.0,0.0,0.12455726256651646,0.0,0.0,0.0,0.0,0.0,0.0,0.0,0.0,0.0,0.1433116718337645,0.0,0.0,0.0,0.0,0.0,0.0,0.09384933093590057,0.0,0.0,0.0,0.0,0.0,0.16381598660383037,0.0,0.0,0.0,0.0,0.0,0.0,0.0,0.0,0.35459034451460475,0.0,0.0,0.0,0.0,0.0,0.0,0.0,0.0,0.0,0.0,0.0,0.0,0.0,0.0,0.0,0.30254633155168514
4,2022-06-29,자주 집어 들고 읽지 않는 마음이 따뜻해지는 책이다 왜냐하면 우리는 똑같은 낡은 음모를 만나는 것을 두려워하기 때문입니다 그런데 도서 레이블 협회 회원님의 리뷰를 보고 클릭해서 읽어보게 되었기 때문입니다 이 책은 묘한 매력이 있다 집어들고 읽으면 내려놓을 수가 없습니다 읽는 데 열흘 이상이 걸리더라도요 자유시간이 별로 없기 때문이죠 이 책의 주인공은 토코 씨입니다 어느 날 노숙인 남성은 편의점 주인의 친절을 받아 야간 아르바이트를 하게 된다 이 책에는 등장인물이 많지 않습니다 그리고 다양한 캐릭터를 통해 스토리를 전달하는 방식을 사용합니다 하지만 모든 캐릭터에는 저마다의 스토리가 있습니다 인생에는 당신을 따르도록 초대하는 문제가 있습니다 이 책의 아름다움은 무엇입니까 아직 많은 답변을 드릴 수는 없지만 저는 이 책에 얽힌 이야기를 정말 좋아합니다 다양한 인물 이 문제에서 우리 삶에서 우리 모두는 문제에 직면한다고 가르칩니다 문제를 개선하거나 해결하기 위해 어떻게 그 문제를 사용할 수 있습니까 다른 사람에게 친절해야 하는 사회에서 좋은 우정은 얼마나 중요합니까 시간이 나면 집어들고 읽으면 정말 놓을 수가 없는 책이에요,1,0.0,0.0,0.0,0.0,0.0,0.0,0.0,0.0,0.0,0.0,0.0,0.0,0.0,0.0,0.0,0.0,0.0,0.0,0.0,0.08729768649331142,0.0,0.0,0.0,0.0,0.0,0.0,0.0,0.0,0.0,0.0,0.0,0.0,0.0,0.0,0.0,0.0,0.0,0.0,0.0,0.0,0.0,0.0,0.09863662117763207,0.0,0.0,0.0,0.0,0.0,0.0,0.0,0.0,0.0,0.0,0.0,0.0,0.0,0.0,0.0,0.0,0.0,0.0,0.0,0.0,0.0,0.0,0.0,0.0,0.08924153449720044,0.0,0.0,0.2368066987640119,0.0,0.0,0.0,0.15623170294549046,0.0,0.0,0.0,0.0,0.0,0.0,0.0,0.0,0.0,0.0,0.0,0.0,0.0,0.0,0.0,0.0,0.0,0.0,0.13783806351497593,0.0,0.0,0.0,0.0,0.0,0.15623170294549046,0.0,0.0,0.2981064908637145,0.0,0.0,0.0,0.12220180155767571,0.0,0.0,0.0,0.10128991252180548,0.0,0.0,0.0,0.0,0.09094194598778244,0.0,0.0,0.16511346315676012,0.27567612702995187,0.14905324543185725,0.0,0.0,0.0,0.0,0.0,0.0,0.0,0.0,0.0,0.0,0.0,0.0,0.0,0.15072341733830522,0.0,0.0,0.0,0.0,0.0,0.0,0.0,0.0,0.0,0.0,0.0,0.0,0.0,0.0,0.0,0.0,0.0,0.0,0.0,0.0,0.0,0.0,0.0,0.0,0.0,0.0,0.0,0.0,0.0,0.0,0.0,0.0,0.0,0.0,0.14444674746234254,0.12554379709850938,0.0,0.0,0.0,0.0,0.0,0.0,0.13548900606995498,0.0,0.14592037481637785,0.0,0.11430043919136249,0.0,0.13221975533646924,0.14444674746234254,0.13664517979283314,0.0,0.0,0.0,0.0,0.0,0.0,0.27097801213990996,0.0,0.12220180155767571,0.0,0.0,0.11001924785360999,0.0,0.0,0.0,0.0,0.0,0.0,0.0,0.0,0.09906602792301225,0.0,0.0,0.0,0.0,0.0,0.0,0.0,0.0,0.0,0.0,0.0,0.0,0.12141076852448292,0.0,0.0,0.0,0.0,0.0,0.0,0.0,0.1332782107175085,0.0,0.0,0.0,0.1765140822220518,0.0,0.0,0.0,0.0,0.0,0.0,0.0,0.0,0.0,0.0,0.0,0.0,0.13664517979283314,0.0,0.0,0.0,0.0,0.17459537298662284,0.0,0.0,0.0,0.14905324543185725,0.0,0.10175093279976877,0.0,0.0,0.0,0.0,0.0,0.0,0.0,0.0,0.0,0.0,0.13907006507642353,0.091291461822224,0.0,0.25652215652887445,0.0,0.15623170294549046,0.0,0.0,0.0,0.0,0.0,0.0,0.0,0.0,0.0,0.12554379709850938,0.0,0.11913293893256303,0.0,0.0,0.0,0.0,0.0,0.13221975533646924,0.11365815549546056,0.0,0.0,0.0,0.0,0.0,0.0,0.0,0.0,0.0
5,2024-02-28,이 책은 짧고 가볍지만 동시에 그 한계를 초월합니다 편의점이라는 일상적인 공간의 설정과 캐릭터의 단순함과 인간미가 마음에 들었습니다 이야기가 다양한 관점에서 전개된다는 사실은 각 주인공의 층위와 마음을 발견하게 했습니다 마지막으로 소설을 마치면 아주 좋은 희망의 느낌이 사라집니다 저는 작은 몸짓이 삶을 변화시키고 구할 수 있다는 느낌을 받았습니다 그리고 때로는 의도하지 않고도 친절하고 정직하게 행동함으로써 주변 사람들을 도울 수 있습니다,1,0.0,0.0,0.0,0.0,0.0,0.0,0.0,0.0,0.0,0.0,0.0,0.0,0.0,0.0,0.0,0.0,0.0,0.0,0.0,0.0,0.0,0.0,0.0,0.0,0.0,0.0,0.0,0.2738709805003074,0.0,0.0,0.0,0.0,0.0,0.0,0.0,0.0,0.0,0.0,0.0,0.0,0.0,0.0,0.16360693815445224,0.0,0.0,0.0,0.0,0.0,0.0,0.0,0.0,0.0,0.0,0.0,0.0,0.0,0.0,0.0,0.0,0.0,0.0,0.0,0.0,0.0,0.0,0.222872909593173,0.21931072938086466,0.0,0.0,0.0,0.19639368449914796,0.0,0.0,0.0,0.0,0.0,0.0,0.0,0.0,0.0,0.0,0.0,0.0,0.0,0.0,0.0,0.0,0.0,0.0,0.2559422921921766,0.0,0.0,0.0,0.0,0.0,0.21931072938086466,0.0,0.0,0.0,0.0,0.21594119595954245,0.0,0.0,0.0,0.1695467817176623,0.2068046933917094,0.0,0.0,0.0,0.0,0.0,0.0,0.0,0.0,0.0,0.0,0.0,0.0,0.0,0.0,0.0,0.0,0.0,0.0,0.0,0.0,0.0,0.0,0.0,0.0,0.0,0.23067322526305023,0.0,0.0,0.0,0.0,0.0,0.0,0.0,0.0,0.0,0.19760384266404663,0.0,0.0,0.0,0.0,0.0,0.0,0.0,0.0,0.23723941768899548,0.0,0.0,0.0,0.0,0.0,0.0,0.0,0.0,0.0,0.0,0.0,0.0,0.0,0.0,0.0,0.0,0.2247333816998402,0.0,0.0,0.0,0.0,0.0,0.0,0.0,0.0,0.0,0.0,0.0,0.0,0.0,0.0,0.0,0.0,0.0,0.0,0.0,0.0,0.0,0.0,0.0,0.0,0.0,0.0,0.0,0.0,0.0,0.0,0.0,0.0,0.0,0.0,0.0,0.0,0.18345335276460306,0.0,0.0,0.0,0.0,0.0,0.0,0.0,0.0,0.0,0.0,0.0,0.0,0.0,0.0,0.0,0.0,0.0,0.0,0.0,0.0,0.0,0.0,0.0,0.1988379659079787,0.0,0.0,0.1463904997388639,0.0,0.0,0.0,0.0,0.0,0.0,0.0,0.0,0.16503967222471239,0.0,0.0,0.0,0.22665110800186022,0.0,0.0,0.0,0.0,0.0,0.0,0.0,0.0,0.0,0.0,0.16877259552261192,0.0,0.0,0.21594119595954245,0.0,0.0,0.0,0.0,0.0,0.0,0.0,0.0,0.15142364336953965,0.0,0.0,0.0,0.0,0.0,0.0,0.0,0.0,0.0,0.0,0.0,0.0,0.24457979630999102,0.0,0.0,0.0,0.0,0.0,0.0,0.0,0.0,0.0,0.0,0.0,0.0,0.0,0.0,0.0,0.0,0.0,0.0,0.0
3,2024-03-06,이야기는 정말 가볍고 큰 갈등과 혼란 없이 마음에 평화를 주지만 책의 많은 부분에서 집필 번역이 나에게 GPT 채팅이나 큰 인스타그램 텍스트라는 인상을 주었고 문장에 많은 정교함이 없이 그냥 원시적이라는 점이 정말 괴로웠습니다 마지막 장이 나에게 주인공의 삶에 대한 은유와 반성을 불러일으키고 심지어 더 잘 쓰여지고 번역된 듯한 느낌을 주었기 때문에 이 책을 읽는 내내 느꼈던 것보다 마지막에서 얻은 느낌이 더 좋았다,0,0.0,0.0,0.0,0.0,0.0,0.0,0.0,0.0,0.0,0.0,0.0,0.0,0.0,0.0,0.0,0.0,0.0,0.0,0.0,0.0,0.0,0.0,0.0,0.0,0.0,0.0,0.0,0.0,0.0,0.0,0.0,0.0,0.0,0.0,0.0,0.0,0.0,0.0,0.0,0.0,0.0,0.0,0.0,0.0,0.0,0.0,0.0,0.0,0.0,0.0,0.0,0.0,0.0,0.0,0.0,0.0,0.36622378915827,0.0,0.0,0.0,0.0,0.0,0.0,0.0,0.0,0.20652776877094378,0.20322683312761702,0.0,0.0,0.0,0.0,0.0,0.0,0.0,0.0,0.0,0.0,0.13321735790654737,0.0,0.0,0.0,0.0,0.0,0.0,0.0,0.0,0.0,0.0,0.0,0.0,0.0,0.0,0.0,0.0,0.0,0.0,0.0,0.0,0.0,0.0,0.0,0.16999917885571011,0.0,0.0,0.15711249336835348,0.0,0.0,0.191637969708891,0.0,0.0,0.3113729578034111,0.0,0.0,0.0,0.0,0.0,0.0,0.0,0.0,0.0,0.0,0.0,0.0,0.0,0.0,0.0,0.0,0.0,0.0,0.0,0.0,0.0,0.0,0.0,0.0,0.0,0.0,0.0,0.0,0.0,0.19296562936619555,0.0,0.0,0.0,0.0,0.0,0.0,0.0,0.0,0.0,0.0,0.0,0.0,0.0,0.0,0.0,0.0,0.0,0.2500585815112346,0.0,0.0,0.0,0.0,0.0,0.0,0.0,0.0,0.0,0.0,0.0,0.0,0.0,0.0,0.0,0.0,0.0,0.0,0.0,0.0,0.0,0.0,0.0,0.0,0.0,0.0,0.0,0.46333534207330646,0.0,0.0,0.0,0.0,0.0,0.0,0.0,0.0,0.0,0.0,0.0,0.0,0.0,0.0,0.0,0.0,0.0,0.0,0.17668854167758208,0.0,0.0,0.0,0.0,0.0,0.0,0.0,0.0,0.0,0.0,0.0,0.0,0.0,0.18661300599166358,0.0,0.0,0.0,0.0,0.0,0.0,0.0,0.0,0.0,0.0,0.0,0.0,0.0,0.0,0.0,0.0,0.0,0.0,0.0,0.0,0.0,0.0,0.0,0.0,0.0,0.0,0.0,0.0,0.25378572315983144,0.26835978209543376,0.0,0.0,0.0,0.0,0.0,0.0,0.0,0.0,0.0,0.0,0.0,0.0,0.0,0.0,0.0,0.0,0.0,0.0,0.14539252739254305,0.19714219469611574,0.0,0.0,0.0,0.0,0.0,0.0,0.0,0.0,0.0,0.0,0.0,0.0,0.0,0.0,0.0,0.0,0.0,0.0,0.0,0.0,0.0,0.0,0.0,0.0,0.0,0.0,0.0,0.0,0.0,0.0
4,2024-09-29,자신과의 구원 그리고 정직의 힘과 역설을 이야기하는 소설 소설인데 잘 쓰여졌네요 자존심을 높이려고 자신에게 ing으로 끝나는 야만적인 이름을 붙이는 사람들의 자기계발 이야기꾼이 아닙니다 잘 쓰여졌고 대사에 번쩍이는 부분도 있지만 무엇보다 내레이션과 타이밍이 잘 움직인다 추운날 국물처럼 훅 내려가는 화해소설 중 하나,1,0.0,0.0,0.0,0.0,0.0,0.0,0.0,0.0,0.0,0.0,0.0,0.0,0.0,0.0,0.0,0.0,0.0,0.0,0.0,0.0,0.0,0.0,0.0,0.0,0.0,0.0,0.0,0.0,0.0,0.0,0.0,0.0,0.0,0.0,0.0,0.0,0.0,0.0,0.0,0.0,0.0,0.0,0.3505326008875762,0.0,0.0,0.0,0.0,0.0,0.0,0.0,0.0,0.0,0.0,0.0,0.0,0.0,0.0,0.0,0.0,0.0,0.0,0.0,0.0,0.0,0.0,0.0,0.0,0.0,0.0,0.0,0.0,0.0,0.0,0.0,0.0,0.0,0.0,0.0,0.0,0.0,0.0,0.0,0.0,0.0,0.0,0.0,0.0,0.0,0.0,0.0,0.0,0.0,0.0,0.0,0.0,0.0,0.0,0.0,0.0,0.0,0.0,0.0,0.0,0.0,0.0,0.0,0.0,0.0,0.0,0.0,0.0,0.0,0.0,0.0,0.0,0.0,0.0,0.0,0.0,0.0,0.0,0.0,0.0,0.0,0.0,0.0,0.0,0.0,0.0,0.0,0.0,0.0,0.4039157909328621,0.0,0.0,0.0,0.0,0.0,0.0,0.0,0.0,0.0,0.0,0.0,0.0,0.0,0.0,0.0,0.47751166025320896,0.0,0.0,0.0,0.0,0.0,0.0,0.0,0.0,0.0,0.0,0.0,0.0,0.0,0.0,0.5356374829497995,0.0,0.0,0.0,0.0,0.0,0.0,0.0,0.0,0.0,0.0,0.0,0.0,0.0,0.0,0.0,0.0,0.0,0.0,0.0,0.0,0.0,0.0,0.0,0.0,0.0,0.0,0.0,0.0,0.0,0.0,0.0,0.0,0.0,0.0,0.0,0.0,0.0,0.0,0.0,0.0,0.0,0.0,0.0,0.0,0.0,0.0,0.0,0.0,0.0,0.0,0.0,0.0,0.0,0.0,0.0,0.0,0.0,0.0,0.0,0.0,0.0,0.0,0.0,0.0,0.0,0.0,0.0,0.0,0.0,0.0,0.0,0.4461547161372373,0.0,0.0,0.0,0.0,0.0,0.0,0.0,0.0,0.0,0.0,0.0,0.0,0.0,0.0,0.0,0.0,0.0,0.0,0.0,0.0,0.0,0.0,0.0,0.0,0.0,0.0,0.0,0.0,0.0,0.0,0.0,0.0,0.0,0.0,0.0,0.0,0.0,0.0,0.0,0.0,0.0,0.0,0.0,0.0,0.0,0.0,0.0,0.0,0.0,0.0,0.0,0.0,0.0,0.0,0.0,0.0,0.0,0.0,0.0,0.0,0.0,0.0,0.0,0.0
4,2024-04-13,내용 염씨의 작은 잡화점은 서울 구시가지의 좁은 골목에 있다 이곳에는 매일 아주 다양한 사람들의 길이 교차합니다 노숙자 독고는 자신의 삶을 재정립하려고 노력하고 가게에서 야간 근무자로 일하기 시작한다 그는 걱정하고 고민하는 사람이 자신뿐만이 아니라는 것을 금방 깨닫게 됩니다 염씨와 오씨는 성인 아들들과의 관계로 어려움을 겪고 인경은 배우라는 직업에 만족하지 못하고 경만의 화끈한 성격이 계속 방해가 된다 하지만 독고를 통해 그들은 모두 새로운 힘을 얻고 그들의 삶을 놀랍고 희망적인 방향으로 이끌어갑니다 내 의견 주인공 독고는 사장님을 비롯한 24시간 영업하는 매장 직원들의 삶에 뜻밖에도 찾아와 어떤 식으로든 미묘한 조언으로 그들을 매혹시키고 일상적인 문제를 해결해 준다 작은 가게의 손님들도 노숙인을 만나 미래에 대한 새로운 희망을 얻게 된다 나에게 이 소설은 종종 나를 미소 짓게 하고 꿈을 꾸게 만드는 절대적인 기분 좋은 책이다 세상이 현재 보이는 것만큼 나쁘지 않고 대가를 기대하지 않고 돕고 싶어하는 이타적인 사람들도 있다는 사실에 대해 그 동안 이야기가 너무 길어졌는데 특히 독고 회상 장면이 너무 길어서 평점에서 별 하나를 뺐습니다 전체적으로 나는 이 소설을 정말 재미있게 읽었으며 작가의 더 많은 책을 기대하고 있습니다 결론 기분이 좋아지는 책으로 적극 추천합니다 내 평가 별 4 5개,1,0.13062292695270547,0.0,0.0,0.0,0.0,0.1431170773399219,0.0,0.0,0.0,0.0,0.0,0.0,0.0,0.0,0.0,0.0,0.0,0.0,0.0,0.0789431366665338,0.0,0.0,0.0,0.14505914340946363,0.0,0.1516559641137447,0.0,0.0,0.0,0.0,0.0,0.0,0.0,0.0,0.0,0.10336167606022306,0.12464670626462503,0.0,0.0,0.0,0.0,0.0,0.0,0.0,0.0,0.0,0.13195552544732955,0.14128004043058034,0.0,0.0,0.0,0.0,0.0,0.0,0.06867256781590518,0.11598625619021688,0.10773169665108732,0.0,0.0,0.0,0.0,0.19298058600625853,0.1070719301679914,0.0,0.0,0.0,0.0,0.0,0.0,0.0,0.1070719301679914,0.0,0.0,0.0,0.0,0.0,0.0,0.07837684178645828,0.10278086010024734,0.0,0.0,0.0,0.14128004043058034,0.0,0.23029455521337944,0.12934062736625968,0.0,0.0,0.0,0.0,0.13478857455883503,0.0,0.0,0.24929341252925005,0.11684647697904321,0.0,0.0,0.0,0.0,0.0,0.0,0.0,0.0,0.0,0.0,0.0,0.0,0.0,0.1333425305288701,0.0,0.09159628082197566,0.0,0.0,0.0,0.12691267284493712,0.0,0.0,0.0,0.0,0.12464670626462503,0.0,0.0,0.0,0.0,0.0,0.0,0.0,0.0,0.0,0.0,0.0,0.0,0.10278086010024734,0.0,0.0,0.0,0.0,0.0,0.11514727760668972,0.0,0.11352902385039224,0.21546339330217465,0.0,0.0,0.0,0.2391321611104157,0.0,0.0,0.0,0.12150814662474957,0.12934062736625968,0.0,0.0,0.0,0.0,0.0,0.0,0.0,0.0,0.0,0.0,0.0,0.0,0.0,0.0,0.0,0.0,0.12252245795554713,0.2239687060552129,0.0,0.0,0.0,0.0,0.0,0.0,0.0,0.0,0.12252245795554713,0.0,0.0,0.10642473143287277,0.0,0.14128004043058034,0.0,0.0,0.0,0.0,0.0,0.0,0.0,0.0,0.0,0.0,0.0,0.0,0.0,0.0,0.0,0.0,0.0,0.0,0.0,0.0,0.0,0.10001698693310421,0.0,0.0,0.0,0.0,0.0,0.0,0.0,0.0,0.0,0.0,0.0,0.0,0.0,0.0,0.0,0.0,0.0,0.0,0.0,0.0,0.0,0.0,0.12052323980142925,0.10840452866261549,0.0,0.0,0.07981067927550899,0.0,0.0,0.0,0.0,0.0,0.09462807868895323,0.0,0.13787951414008245,0.17995605413135632,0.0,0.0,0.13478857455883503,0.0,0.0,0.0,0.0,0.0,0.0789431366665338,0.0,0.0,0.0,0.0,0.0,0.09201318060788334,0.0,0.0,0.0,0.0,0.0,0.0,0.0,0.0,0.0,0.0,0.0,0.0,0.08553995737081485,0.0,0.0,0.14128004043058034,0.0,0.0,0.0,0.0,0.0,0.0,0.0,0.0,0.0,0.11352902385039224,0.12252245795554713,0.0,0.0,0.0,0.0,0.0,0.12464670626462503,0.0,0.10278086010024734,0.0,0.0,0.0,0.0,0.0,0.0,0.0,0.0,0.0
4,2025-04-09,염부인의 놀라운 가게 는 24시간 매장에서 일하는 사람들과 매일 그곳을 지나가는 수많은 고객들의 모습을 그린 책이다 줄거리는 노숙자 생활을 하다가 기억을 완전히 잃은 독고가 야간근무 시간에 이 가게에 고용되면서 벌어지는 이야기를 그린다 서술이 매우 유동적이고 재미있기 때문에 매우 빠르게 읽히는 가벼운 책입니다 캐릭터도 너무 마음에 들었어요 적극 권장합니다,1,0.2623496216074421,0.0,0.2707161166685559,0.0,0.27692411436443765,0.0,0.0,0.0,0.0,0.0,0.0,0.0,0.0,0.0,0.0,0.0,0.0,0.0,0.0,0.0,0.0,0.0,0.0,0.0,0.0,0.0,0.0,0.0,0.0,0.0,0.0,0.0,0.0,0.0,0.0,0.0,0.0,0.0,0.0,0.0,0.0,0.0,0.0,0.0,0.0,0.0,0.0,0.0,0.26502607909446396,0.0,0.0,0.0,0.0,0.0,0.0,0.0,0.0,0.0,0.0,0.0,0.0,0.19379593191421646,0.2150486213995314,0.0,0.27374954577217925,0.0,0.0,0.0,0.0,0.0,0.0,0.0,0.0,0.0,0.0,0.0,0.0,0.0,0.0,0.0,0.0,0.0,0.0,0.24818012065295209,0.0,0.0,0.0,0.0,0.0,0.0,0.0,0.0,0.0,0.0,0.0,0.0,0.0,0.0,0.0,0.0,0.0,0.20087912044504141,0.0,0.0,0.185651599561842,0.0,0.0,0.0,0.0,0.0,0.0,0.0,0.0,0.3194199973261374,0.0,0.0,0.0,0.0,0.0,0.0,0.0,0.0,0.0,0.0,0.0,0.0,0.0,0.0,0.27374954577217925,0.0,0.0,0.0,0.0,0.0,0.0,0.0,0.0,0.0,0.0,0.0,0.0,0.0,0.0,0.0,0.0,0.0,0.0,0.0,0.0,0.0,0.0,0.0,0.0,0.0,0.0,0.0,0.0,0.0,0.0,0.0,0.0,0.0,0.0,0.0,0.0,0.0,0.0,0.0,0.0,0.0,0.0,0.0,0.0,0.0,0.0,0.0,0.0,0.0,0.0,0.0,0.0,0.0,0.0,0.0,0.0,0.0,0.0,0.0,0.0,0.0,0.0,0.27692411436443765,0.0,0.0,0.0,0.0,0.0,0.0,0.0,0.0,0.0,0.0,0.0,0.0,0.0,0.0,0.17992745005580807,0.0,0.0,0.0,0.0,0.0,0.0,0.0,0.0,0.0,0.0,0.0,0.0,0.0,0.0,0.0,0.0,0.0,0.0,0.0,0.0,0.0,0.0,0.0,0.0,0.0,0.0,0.0,0.0,0.0,0.0,0.0,0.0,0.0,0.0,0.0,0.0,0.0,0.0,0.0,0.0,0.0,0.0,0.0,0.0,0.0,0.0,0.0,0.0,0.0,0.0,0.0,0.0,0.0,0.0,0.0,0.0,0.0,0.0,0.0,0.0,0.0,0.0,0.0,0.0,0.283753901495921,0.22194751326444323,0.0,0.0,0.0,0.0,0.0,0.0,0.0,0.0,0.0,0.0,0.0,0.0,0.0,0.0,0.0,0.0,0.0,0.0,0.0,0.0,0.0,0.0,0.0,0.0,0.0,0.0,0.0
4,2025-06-27,두 번째 기회 편의점은 기본적인 메시지와 단순한 삶에 중점을 둔 한국의 위로 읽기입니다 나는 그것이 아오야마 미치코의 What You Are Looking For is in the Library와 매우 유사하다는 것을 알았습니다 여기서 다양한 캐릭터는 단일 반복 캐릭터의 영향을 받습니다 이 이야기에서 등장하는 노숙자 독고는 잃어버린 핸드백을 돌려준 편의점 주인에게 일자리를 제안받는다 이야기는 대부분 예측 가능하지만 아늑하고 편안한 삶의 단편 장르에 딱 맞는 것 같아요 나는 나를 위해 매우 빠르게 읽고 관계를 회복하고 다른 사람들이 더 편안하게 휴식을 취할 수 있도록 돕는 데 초점을 맞추면서 속도의 좋은 변화를 발견했습니다,1,0.0,0.21640300777544055,0.0,0.0,0.0,0.0,0.0,0.0,0.0,0.0,0.0,0.0,0.0,0.1975429515595308,0.0,0.0,0.0,0.0,0.0,0.11441515166485432,0.0,0.0,0.0,0.0,0.0,0.0,0.0,0.0,0.0,0.0,0.0,0.0,0.0,0.171942223791159,0.0,0.0,0.0,0.0,0.0,0.0,0.0,0.0,0.0,0.0,0.0,0.0,0.0,0.0,0.0,0.17909156128056336,0.0,0.0,0.0,0.0,0.19905928732124128,0.16810308854459394,0.0,0.0,0.0,0.0,0.0,0.0,0.15518323246981924,0.0,0.0,0.0,0.0,0.11696282128947176,0.0,0.0,0.15518323246981924,0.1806549929987448,0.0,0.0,0.0,0.0,0.0,0.0,0.0,0.0,0.0,0.0,0.0,0.0,0.1668871264492023,0.0,0.0,0.21640300777544055,0.0,0.0,0.0,0.0,0.0,0.0,0.0,0.0,0.0,0.0,0.0,0.0,0.0,0.0,0.0,0.0,0.0,0.0,0.0,0.0,0.0,0.0,0.0,0.0,0.0,0.2304996301672596,0.0,0.0,0.0,0.0,0.0,0.0,0.0,0.0,0.0,0.0,0.0,0.12927632363558947,0.2102394786221302,0.0,0.0,0.0,0.0,0.0,0.0,0.1806549929987448,0.0,0.0,0.0,0.0,0.0,0.0,0.16454173257739424,0.0,0.16810308854459394,0.0,0.0,0.0,0.0,0.0,0.0,0.0,0.0,0.0,0.0,0.0,0.0,0.0,0.0,0.0,0.0,0.0,0.0,0.0,0.0,0.0,0.0,0.0,0.0,0.0,0.0,0.0,0.0,0.0,0.0,0.0,0.0,0.0,0.0,0.0,0.0,0.0,0.0,0.0,0.0,0.0,0.0,0.0,0.0,0.0,0.0,0.0,0.18745806312522056,0.0,0.0,0.0,0.0,0.0,0.0,0.1441947597338498,0.0,0.0,0.0,0.0,0.0,0.0,0.0,0.15066226493128804,0.0,0.0,0.0,0.0,0.0,0.0,0.0,0.0,0.0,0.0,0.2022364025065646,0.1806549929987448,0.0,0.0,0.0,0.0,0.0,0.1975429515595308,0.0,0.0,0.0,0.0,0.0,0.0,0.20476228758635345,0.0,0.0,0.0,0.0,0.0,0.0,0.0,0.0,0.0,0.0,0.0,0.0,0.0,0.0,0.0,0.0,0.0,0.0,0.0,0.0,0.0,0.0,0.0,0.0,0.13335804047015518,0.0,0.0,0.0,0.0,0.0,0.0,0.0,0.0,0.0,0.0,0.0,0.0,0.0,0.0,0.0,0.0,0.0,0.0,0.0,0.2022364025065646,0.0,0.0,0.0,0.0,0.1932581665494393,0.0,0.0,0.15613945596706483,0.0,0.21640300777544055,0.0,0.0,0.0,0.0,0.0,0.0,0.0,0.0,0.0,0.0,0.0,0.0,0.0,0.0
5,2025-06-24,나는 나 자신을 도울 수 없었다 나는 이 책과 사랑에 빠졌다 염씨는 기차에서 지갑이 없어진 것을 발견한다 은퇴한 역사교사이자 동네 편의점 주인은 당황한다 그녀는 자신의 지갑을 찾아준 사람으로부터 전화를 받고 잠시 안도한다 지갑을 가지고 있는 남자 독고는 노숙자다 그들은 만났고 그의 보상으로 그녀는 그에게 편의점에서 무료 식사를 제공합니다 그는 유통기한이 지난 음식만 먹는 것에 익숙했기 때문에 이 신선한 식사에 매우 기뻐합니다 염여사는 마음에 감동되어 매일 자기 가게에 들러 점심을 먹으라고 권유한다 우연한 만남은 두 사람의 삶을 변화시킵니다 책의 나머지 부분에는 가게와 염씨 가족의 이야기가 담겨 있습니다 그것은 한국어에서 번역되었으며 때로는 언어가 약간 다르지만 그것이 나에게 더욱 사랑스럽고 진실되게 느껴집니다 낙천적인 남자 좋은 인간이지만 두 번째 기회가 필요한 남자의 감동적이고 희망적인 이야기입니다,1,0.0,0.0,0.0,0.0,0.1796235444567974,0.0,0.0,0.0,0.0,0.16383580497586034,0.0,0.0,0.0,0.0,0.0,0.0,0.19166032676824696,0.0,0.0,0.10284374808699691,0.0,0.0,0.0,0.0,0.0,0.0,0.0,0.0,0.0,0.0,0.0,0.14894231132115493,0.0,0.15455280609069774,0.3091056121813955,0.13465517869514496,0.0,0.0,0.0,0.0,0.0,0.0,0.0,0.1653364118307874,0.13948873934285397,0.0,0.0,0.0,0.0,0.0,0.18897685894513958,0.0,0.0,0.0,0.1789273789507321,0.0,0.14034825494926292,0.0,0.0,0.0,0.0,0.0,0.0,0.0,0.0,0.0,0.0,0.0,0.0,0.0,0.0,0.0,0.0,0.0,0.0,0.0,0.0,0.0,0.0,0.0,0.0,0.0,0.0,0.0,0.15000895722080076,0.0,0.0,0.0,0.19166032676824696,0.0,0.0,0.0,0.0,0.0,0.0,0.0,0.0,0.0,0.0,0.0,0.15337237179190172,0.13029786049696204,0.0,0.0,0.12042070956480964,0.0,0.0,0.0,0.0,0.0,0.0,0.0,0.0,0.10359399762238554,0.0,0.0,0.0,0.0,0.0,0.0,0.0,0.0,0.0,0.0,0.0,0.11620193189566555,0.0,0.0,0.0,0.0,0.0,0.0,0.0,0.0,0.0,0.0,0.0,0.15576558504777854,0.0,0.0,0.0,0.14034825494926292,0.0,0.0,0.0,0.0,0.0,0.0,0.0,0.0,0.0,0.0,0.0,0.0,0.0,0.0,0.0,0.0,0.0,0.0,0.0,0.0,0.0,0.0,0.0,0.0,0.0,0.0,0.0,0.0,0.0,0.0,0.0,0.0,0.0,0.0,0.0,0.0,0.17016997247849644,0.0,0.0,0.0,0.0,0.0,0.0,0.0,0.0,0.0,0.15576558504777854,0.19757091531703164,0.0,0.0,0.0,0.0,0.0,0.0,0.0,0.0,0.0,0.0,0.0,0.0,0.0,0.0,0.13029786049696204,0.0,0.0,0.0,0.0,0.1449155671978663,0.0,0.0,0.0,0.0,0.0,0.0,0.0,0.0,0.0,0.0,0.0,0.0,0.0,0.0,0.0,0.09660888216923504,0.0,0.0,0.0,0.0,0.0,0.10397394555950248,0.0,0.0,0.0,0.0,0.1719060249039422,0.1232774209080655,0.0,0.0,0.0,0.0,0.0,0.0,0.0,0.0,0.0,0.0,0.0,0.0,0.0,0.0,0.0,0.0,0.0,0.11987084332731011,0.0,0.0,0.0,0.0,0.0,0.0,0.0,0.31402506249847356,0.0,0.0,0.0,0.0,0.0,0.1511019427004521,0.0,0.0,0.0,0.0,0.0,0.0,0.0,0.0,0.0,0.0,0.0,0.0,0.0,0.14034825494926292,0.17559680033350875,0.0,0.0,0.18897685894513958,0.0,0.0,0.0,0.0,0.0,0.0,0.0,0.0,0.0,0.0,0.0,0.0
4,2024-05-13,힐링픽션 이라고 들어보셨나요 상당히 새롭지만 현재 매우 트렌드입니다 최근에는 두 번째 기회의 동네 가게 가 출간됐는데 확실히 힐링 소설에 속한다 두 번째 기회의 동네 가게는 짐작하셨겠지만 동네 가게가 중요한 역할을 한다는 이야기입니다 노숙자 독고는 편의점 주인 염씨 부인이 잃어버린 지갑을 되찾는 일을 도와준다 염씨는 독고에게 보답하고 싶은 마음에 독고를 야간 근무자로 고용하기로 한다 독고는 술 때문에 기억상실증을 앓고 있지만 마음은 제 자리에 있는 남자다 그는 지역 상점에서 귀를 기울이고 사람들에게 좋은 메시지를 전달하여 도움을 주려고 노력합니다 각 장은 새로운 관점으로 새로운 만남에 초점을 맞추고 있으며 각 장은 이야기에 깊이를 더하는 다양한 주제나 테마를 다룹니다 접근 가능한 글쓰기 스타일을 통해 겉으로는 평범한 삶을 엿볼 수 있지만 아름다운 삶의 교훈과 치유의 이야기도 있습니다 전체적으로 두 번째 기회의 동네 가게 는 따뜻하고 포근한 이야기로 저처럼 이 작품을 엄청나게 즐기는 분들에게 꼭 추천드리는 작품입니다,1,0.0,0.0,0.2469932674886013,0.0,0.0,0.0,0.0,0.0,0.0,0.0,0.0,0.0,0.0,0.0,0.0,0.0,0.0,0.0,0.0,0.0,0.0,0.0,0.0,0.0,0.0,0.0,0.0,0.0,0.0,0.0,0.0,0.0,0.0,0.0,0.0,0.09470253019134488,0.0,0.0,0.0,0.0,0.0,0.0,0.0,0.0,0.0,0.0,0.0,0.0,0.0,0.0,0.0,0.0,0.0,0.0,0.0,0.0,0.0,0.0,0.0,0.0,0.0,0.0,0.09810195699102031,0.0,0.0,0.0,0.0,0.0,0.0,0.0,0.09810195699102031,0.0,0.0,0.0,0.0,0.0,0.0,0.0,0.0,0.0,0.13290678355739224,0.0,0.0,0.0,0.21100158104334768,0.11850508945872701,0.0,0.0,0.5391762294815435,0.0,0.0,0.0,0.0,0.0,0.0,0.0,0.0,0.13112741447598142,0.0,0.0,0.0,0.0916380430901771,0.0,0.0,0.0846914763600974,0.0,0.0,0.0,0.0,0.0,0.0,0.0,0.0,0.07285730695651145,0.0,0.0,0.0,0.0,0.0,0.0,0.0,0.0,0.0,0.0,0.0,0.24517327302849537,0.0,0.0,0.0,0.11850508945872701,0.0,0.0,0.0,0.0,0.0,0.0,0.0,0.0,0.0,0.0,0.0,0.09870645140003344,0.1062694835002018,0.0,0.0,0.21909881467175407,0.0,0.0,0.0,0.0,0.0,0.0,0.0,0.0,0.0,0.0,0.0,0.0,0.0,0.0,0.11420440257179663,0.0,0.0,0.0,0.10475062208037406,0.0,0.0,0.0,0.0,0.0,0.0,0.0,0.0,0.0,0.0,0.0,0.0,0.11225811360578615,0.0,0.0,0.0,0.0,0.0,0.0,0.0,0.0,0.0,0.0,0.10954940733587704,0.13895095423773288,0.0,0.0,0.0,0.0,0.0,0.0,0.0,0.0,0.0,0.0,0.0,0.0,0.0,0.0,0.0,0.0,0.0,0.13290678355739224,0.0,0.10191862660419625,0.0,0.0,0.0,0.0,0.1173729470976285,0.0,0.0,0.0,0.0,0.0,0.0,0.0,0.0,0.12488043862304059,0.0,0.06794469896399118,0.0,0.0,0.0,0.0,0.0,0.07312452305124048,0.0,0.11132877641728785,0.0,0.20803621261948957,0.0,0.0,0.0,0.0,0.0,0.0,0.23256107466289852,0.0,0.0,0.0,0.0,0.0,0.0,0.0,0.0,0.0,0.0,0.0,0.0,0.08430475730136817,0.0,0.0,0.0,0.13112741447598142,0.0,0.0,0.12090092391022648,0.11042638036754879,0.0,0.0,0.0,0.0,0.0,0.0,0.0,0.0,0.0,0.0,0.0,0.12784749064030618,0.0,0.0,0.0,0.0,0.0,0.10401810630974478,0.0,0.09870645140003344,0.0,0.0,0.0,0.0,0.0,0.0,0.0,0.0,0.0,0.0,0.0,0.0,0.11628053733144926,0.0,0.0,0.12632862922047844
4,2025-03-07,마음을 포용하고 가르침을 전달하는 책 중 하나인 부드럽고 감미로운 책입니다 독고는 알코올성 기억상실증을 앓고 있는 미스터리한 인물이고 수는 서서히 기억을 되찾고 있다 그는 자신과 화해하는 것 외에도 어떤 식으로든 가게에 오는 나머지 사람들을 돕습니다 처음에는 그를 두려워하고 불신의 눈으로 바라보다가 나중에는 그를 존경하고 그의 조언을 따르기 시작합니다 독고가 전하는 메시지는 서로 소통하고 서로를 이해하는 것의 중요성에 관한 것입니다 사람들 사이의 소통 부족은 결국 나중에 후회하게 되는 불편한 순간이나 상황으로 이어질 수 있기 때문입니다 작가는 독고가 주는 가르침을 등장인물에게 그리고 독자 자신에게도 잘 전달했다고 생각한다 각 장마다 문제와 인물을 노출시켜서 매끄럽고 재미있게 읽은 것 같아요 우리가 인생을 즐길 수 있도록 도와주고 두 번째 선택지가 있다는 것을 확신시켜 주고 모든 것이 잘못되거나 터널 끝에서 빛을 볼 수 없더라도 빛은 항상 거기에 있다는 것을 확신시켜 주는 소설입니다 그것을 보려고 노력해야 한다고 해도 말이죠 읽기 시작했을 때 분명히 읽고 싶은 두 번째 부분이 있다는 것을 발견했습니다,1,0.0,0.0,0.0,0.0,0.15040031073697804,0.0,0.0,0.0,0.0,0.0,0.0,0.0,0.0,0.14867617015851195,0.0,0.0,0.0,0.0,0.0,0.2583358164390318,0.10371871415998851,0.09858238682917064,0.0,0.0,0.12383855985608694,0.0,0.0,0.0,0.0,0.1336486849674476,0.0,0.0,0.11976166941402165,0.0,0.0,0.11274791831626567,0.0,0.0,0.0,0.0,0.0,0.2629358368458701,0.09729685892902941,0.0,0.1167950994671549,0.0,0.0,0.0,0.14393836643909508,0.0,0.0,0.0,0.0,0.0,0.0,0.0,0.0,0.0,0.0,0.0,0.0,0.0,0.0,0.0,0.0,0.0,0.0,0.0,0.0,0.0,0.0,0.0,0.0,0.0,0.0,0.0,0.0,0.0,0.0,0.0,0.0,0.0,0.0,0.269578309210172,0.12560376674208704,0.0,0.0,0.0,0.0,0.0,0.0,0.1265189327147199,0.0,0.0,0.0,0.0,0.0,0.0,0.0,0.0,0.0,0.0,0.1470286838757423,0.0,0.0,0.12298651454377069,0.0,0.0,0.0,0.0,0.0,0.0,0.0,0.0,0.0,0.08970669903189298,0.0,0.0,0.0,0.0,0.0,0.0,0.0,0.0,0.0,0.19459371785805882,0.0,0.0,0.0,0.0,0.0,0.13718110313839682,0.0,0.0,0.0,0.0,0.0,0.0,0.0,0.0,0.0,0.0,0.0,0.0,0.0,0.0,0.0,0.1454513250287629,0.0,0.0,0.0,0.0,0.0,0.15611349545243983,0.0,0.0,0.0,0.0,0.0,0.0,0.13596583561713166,0.0,0.0,0.0,0.0,0.0,0.0,0.0,0.0,0.0,0.0,0.0,0.0,0.0,0.0,0.0,0.0,0.0,0.0,0.0,0.1160891288124315,0.0,0.0,0.0,0.0,0.0,0.0,0.0,0.0,0.0,0.0,0.0,0.0,0.1265189327147199,0.0,0.0,0.0,0.0,0.0,0.0,0.0,0.0,0.0,0.0,0.0,0.0,0.0,0.0,0.0,0.0,0.0,0.0,0.0,0.0,0.0,0.0,0.0,0.13596583561713166,0.12471065512223678,0.0,0.0,0.15823191994901922,0.0,0.0,0.0,0.08089143292515179,0.0,0.13146791842293504,0.35474613247306147,0.0,0.15410963778204242,0.0,0.0,0.0,0.0,0.0,0.0,0.0,0.0,0.0,0.0,0.0,0.0,0.1470286838757423,0.0,0.0,0.0,0.0,0.0,0.0,0.0,0.0,0.0,0.0,0.0,0.0,0.1522085883294612,0.2568399643346023,0.0,0.0,0.0,0.0,0.0,0.0,0.0,0.0,0.0,0.0,0.0,0.0,0.0,0.0,0.12054195799771267,0.13718110313839682,0.0,0.0,0.0,0.0,0.0,0.0,0.0,0.0,0.0,0.0,0.0,0.0,0.0,0.0,0.0,0.0,0.0,0.0,0.0,0.0,0.13718110313839682,0.0,0.0,0.0,0.0,0.0
3,2025-03-12,장르 내에서는 좋은데 스토리 혹은 이야기들 의 방향이 기대했던 것과는 달랐습니다 특히 이야기가 응집력있게 끝나기 때문에 심각한 문제는 보이지 않았습니다 다만 매장 환경에 충실한 플롯을 선호했고 미스터리의 해결 방식도 지금까지의 전개와는 단절된 듯한 느낌이 들었습니다 그리고 내가 더 좋아하는 장르의 다른 책들을 읽었던 것을 생각하면 이 책은 읽을수록 힘이 빠진다 장점으로는 마음의 속도를 늦추고 세상이 짊어지고 있는 악으로부터 잠시 휴식을 취할 수 있는 아주 좋은 책입니다 등장인물들은 결점이 있고 문제에 직면하며 더 나은 삶을 살고 싶어하지만 부정적인 것으로 끝나지는 않습니다 희망 친절 평온함의 기운이 느껴지면 결국 우리의 기분이 좋아집니다 이는 우리가 다른 사람들의 삶에 미칠 수 있는 작은 긍정적인 영향과 처음에는 관련성이 없어 보이더라도 변화를 만들 수 있는 방법을 보여줍니다 친절과 겸손은 존재하며 대가를 요구하지 않고도 사용할 수 있다는 사실을 기억하면 위안이 됩니다,0,0.0,0.0,0.0,0.0,0.0,0.0,0.0,0.0,0.0,0.0,0.0,0.0,0.0,0.0,0.0,0.0,0.0,0.19667194983556502,0.0,0.10398307860863548,0.0,0.0,0.0,0.0,0.14953924951403025,0.0,0.0,0.0,0.0,0.0,0.0,0.0,0.0,0.0,0.0,0.0,0.0,0.0,0.0,0.0,0.0,0.0,0.1174892479469058,0.0,0.0,0.0,0.0,0.1860925999429162,0.0,0.0,0.0,0.0,0.0,0.0,0.0,0.0,0.0,0.0,0.1860925999429162,0.0,0.13771740263981055,0.0,0.0,0.0,0.0,0.0,0.1574911978202312,0.21259691681494067,0.0,0.0,0.0,0.0,0.0,0.0,0.0,0.0,0.0,0.0,0.0,0.0,0.0,0.0,0.0,0.0,0.0,0.0,0.0,0.0,0.0,0.0,0.0,0.0,0.0,0.0,0.15390896427358092,0.1574911978202312,0.0,0.0,0.0,0.0,0.0,0.13174133501174554,0.0,0.0,0.0,0.0,0.0,0.0,0.0,0.0,0.0,0.0,0.0,0.0,0.0,0.0,0.0,0.0,0.0,0.0,0.17754210860789024,0.0,0.0,0.0,0.0,0.0,0.191070395084035,0.0,0.0,0.0,0.0,0.0,0.13538188000322898,0.0,0.0,0.0,0.0,0.0,0.0,0.18161346207854157,0.14953924951403025,0.14190307041930147,0.0,0.0,0.0,0.0,0.0,0.0,0.0,0.0,0.0,0.0,0.0,0.0,0.0,0.0,0.0,0.0,0.0,0.0,0.0,0.0,0.0,0.0,0.0,0.0,0.0,0.1613853073856368,0.0,0.0,0.14953924951403025,0.17381044578192248,0.0,0.0,0.0,0.0,0.0,0.0,0.0,0.0,0.0,0.0,0.0,0.0,0.0,0.0,0.0,0.0,0.0,0.0,0.0,0.0,0.0,0.152775890396834,0.0,0.0,0.0,0.0,0.0,0.0,0.18161346207854157,0.0,0.0,0.0,0.13174133501174554,0.0,0.0,0.0,0.0,0.0,0.0,0.0,0.0,0.0,0.0,0.0,0.0,0.0,0.0,0.0,0.0,0.0,0.0,0.0,0.15059233404405337,0.39071656472100513,0.0,0.0,0.14278931774743428,0.0,0.0,0.0,0.0,0.0,0.0,0.0,0.0,0.0,0.0,0.0,0.11851812147954205,0.19667194983556502,0.0,0.0,0.0,0.0,0.0,0.0,0.0,0.0,0.0,0.0,0.16276246304623374,0.0,0.0,0.12119880455974041,0.0,0.0,0.0,0.0,0.0,0.0,0.0,0.0,0.0,0.0,0.0,0.10874019269324944,0.0,0.0,0.0,0.0,0.14555849127184198,0.16565082180107682,0.0,0.0,0.0,0.0,0.0,0.0,0.0,0.0,0.1613853073856368,0.0,0.0,0.0,0.0,0.0,0.0,0.0,0.0,0.0,0.0,0.0,0.0,0.0,0.0,0.0,0.0,0.0
1,2024-02-21,귀여운 표지 처음부터 매우 느린 책 그리고 책이 끝날 무렵 갑자기 내 얼굴을 때렸습니다 내가 즐기고 옹호하던 신비한 캐릭터가 결국 나를 파멸시켰다 나는 속았다고 느꼈고 상황이 문제가 있고 그가 잔인한 일을 했다고 생각했고 그 책은 두 번째 기회에 대한 소설과 겉보기에 풀리지 않는 문제에 대한 해결책이 상상하는 것보다 더 가까울 수 있는 방법 으로 판매되고 있었습니다 젊은 여자가 죽었어요 그거 알아요 여기요 정직한 전개가 없는 매우 복잡한 주제 혼란스러운 텍스트의 다른 문제 외에도 성별과 관련하여 나를 혼란스럽게 만드는 캐릭터,0,0.0,0.0,0.0,0.0,0.0,0.0,0.0,0.0,0.0,0.0,0.0,0.0,0.0,0.0,0.0,0.0,0.0,0.0,0.0,0.0,0.0,0.0,0.0,0.0,0.1872526907139262,0.0,0.0,0.0,0.0,0.0,0.19418012636941692,0.0,0.0,0.0,0.0,0.0,0.0,0.0,0.0,0.0,0.0,0.0,0.1471197553786681,0.0,0.0,0.0,0.0,0.0,0.0,0.0,0.0,0.0,0.0,0.0,0.11326727444348046,0.38261120937802995,0.0,0.0,0.0,0.0,0.1724494023224196,0.0,0.0,0.0,0.0,0.0,0.0,0.13310667547300797,0.0,0.0,0.0,0.0,0.0,0.0,0.0,0.0,0.0,0.2585466520616665,0.0,0.0,0.0,0.0,0.0,0.0,0.0,0.0,0.0,0.0,0.0,0.0,0.0,0.0,0.0,0.0,0.0,0.0,0.0,0.0,0.0,0.0,0.0,0.0,0.0,0.0,0.0,0.0,0.0,0.0,0.21993272540631034,0.0,0.0,0.0,0.0,0.2623144613910189,0.0,0.0,0.0,0.0,0.24627214536882241,0.0,0.22231780392031722,0.0,0.0,0.0,0.0,0.1471197553786681,0.0,0.0,0.0,0.0,0.0,0.0,0.0,0.0,0.0,0.0,0.0,0.0,0.0,0.0,0.0,0.0,0.0,0.0,0.0,0.0,0.0,0.0,0.0,0.0,0.0,0.0,0.0,0.0,0.0,0.0,0.0,0.0,0.0,0.0,0.0,0.0,0.0,0.0,0.0,0.0,0.0,0.0,0.0,0.21544706112381698,0.0,0.0,0.0,0.0,0.0,0.0,0.0,0.0,0.0,0.0,0.0,0.0,0.0,0.0,0.21544706112381698,0.0,0.0,0.0,0.0,0.0,0.0,0.0,0.0,0.0,0.0,0.0,0.0,0.0,0.0,0.0,0.0,0.0,0.0,0.0,0.0,0.0,0.0,0.0,0.0,0.0,0.0,0.0,0.0,0.0,0.21129398468000407,0.0,0.0,0.0,0.0,0.0,0.0,0.0,0.0,0.0,0.18857136064464255,0.1223135870486727,0.0,0.0,0.0,0.0,0.0,0.0,0.22480892009383704,0.0,0.0,0.0,0.0,0.0,0.0,0.0,0.0,0.0,0.0,0.0,0.0,0.0,0.0,0.0,0.0,0.0,0.0,0.0,0.0,0.0,0.0,0.0,0.0,0.0,0.0,0.0,0.0,0.0,0.0,0.0,0.0,0.0,0.0,0.1361642093078136,0.0,0.0,0.1872526907139262,0.0,0.0,0.0,0.0,0.0,0.0,0.21333205969317182,0.21333205969317182,0.0,0.0,0.0,0.0,0.0,0.0,0.0,0.0,0.0,0.0,0.0,0.0,0.0,0.0,0.0,0.0,0.0,0.0,0.0,0.0,0.0
4,2023-06-03,name 면 Internal 작사자 이야기의 이야기 body Internal 당신의 마음은 우리의 마음에 쏙 들었습니다 서중대부분의 color 회사 외부 시계학 면 communication 외 재입니다 이면은,1,0.0,0.0,0.0,0.0,0.0,0.0,0.0,0.0,0.0,0.0,0.0,0.0,0.0,0.0,0.0,0.0,0.0,0.0,0.0,0.0,0.0,0.0,0.0,0.0,0.0,0.0,0.0,0.0,0.0,0.0,0.0,0.0,0.0,0.0,0.0,0.0,0.0,0.0,0.0,0.0,0.0,0.0,0.0,0.0,0.0,0.0,0.0,0.0,0.0,0.0,0.0,0.0,0.0,0.0,0.0,0.0,0.0,0.0,0.0,0.0,0.0,0.0,0.0,0.0,0.0,0.0,0.0,0.0,0.0,0.0,0.0,0.0,0.0,0.0,0.0,0.5375248285645504,0.0,0.0,0.0,0.0,0.0,0.0,0.0,0.0,0.0,0.0,0.0,0.0,0.0,0.0,0.0,0.0,0.0,0.0,0.0,0.44907105530057906,0.0,0.0,0.0,0.0,0.0,0.0,0.0,0.0,0.34717203487359694,0.0,0.0,0.0,0.0,0.0,0.0,0.0,0.0,0.0,0.0,0.0,0.0,0.0,0.0,0.0,0.0,0.0,0.0,0.0,0.0,0.0,0.0,0.0,0.0,0.0,0.0,0.0,0.0,0.0,0.0,0.0,0.0,0.0,0.0,0.0,0.0,0.0,0.0,0.0,0.0,0.0,0.0,0.0,0.0,0.0,0.0,0.0,0.0,0.0,0.0,0.0,0.0,0.0,0.0,0.0,0.0,0.0,0.0,0.0,0.0,0.0,0.0,0.0,0.0,0.0,0.0,0.0,0.0,0.0,0.0,0.0,0.0,0.0,0.0,0.0,0.0,0.0,0.0,0.0,0.0,0.0,0.0,0.0,0.0,0.0,0.0,0.0,0.0,0.0,0.0,0.0,0.0,0.0,0.0,0.0,0.0,0.0,0.0,0.4071500534250993,0.0,0.0,0.0,0.0,0.47233744099482483,0.0,0.0,0.0,0.0,0.0,0.0,0.0,0.0,0.0,0.0,0.0,0.0,0.0,0.0,0.0,0.0,0.0,0.0,0.0,0.0,0.0,0.0,0.0,0.0,0.0,0.0,0.0,0.0,0.0,0.0,0.0,0.0,0.0,0.0,0.0,0.0,0.0,0.0,0.0,0.0,0.0,0.0,0.0,0.0,0.0,0.0,0.0,0.0,0.0,0.0,0.0,0.0,0.0,0.0,0.0,0.0,0.0,0.0,0.0,0.0,0.0,0.0,0.0,0.0,0.0,0.0,0.0,0.0,0.0,0.0,0.0,0.0,0.0,0.0,0.0,0.0,0.0,0.0,0.0,0.0,0.0,0.0,0.0,0.0,0.0,0.0,0.0,0.0,0.0,0.0,0.0
2,2024-04-29,초기 접근 방식은 나에게 이상해 보였지만 문학적 수준에서는 상당히 취약하다고 생각했습니다 나에게는 길고 무거워졌습니다,0,0.0,0.0,0.0,0.0,0.0,0.0,0.0,0.0,0.0,0.0,0.0,0.0,0.0,0.0,0.0,0.0,0.0,0.0,0.0,0.0,0.0,0.0,0.0,0.0,0.0,0.0,0.0,0.0,0.0,0.0,0.0,0.0,0.0,0.0,0.0,0.0,0.0,0.0,0.0,0.0,0.0,0.0,0.0,0.0,0.0,0.0,0.0,0.0,0.0,0.0,0.0,0.0,0.0,0.0,0.0,0.0,0.5908087755824807,0.8068116203270314,0.0,0.0,0.0,0.0,0.0,0.0,0.0,0.0,0.0,0.0,0.0,0.0,0.0,0.0,0.0,0.0,0.0,0.0,0.0,0.0,0.0,0.0,0.0,0.0,0.0,0.0,0.0,0.0,0.0,0.0,0.0,0.0,0.0,0.0,0.0,0.0,0.0,0.0,0.0,0.0,0.0,0.0,0.0,0.0,0.0,0.0,0.0,0.0,0.0,0.0,0.0,0.0,0.0,0.0,0.0,0.0,0.0,0.0,0.0,0.0,0.0,0.0,0.0,0.0,0.0,0.0,0.0,0.0,0.0,0.0,0.0,0.0,0.0,0.0,0.0,0.0,0.0,0.0,0.0,0.0,0.0,0.0,0.0,0.0,0.0,0.0,0.0,0.0,0.0,0.0,0.0,0.0,0.0,0.0,0.0,0.0,0.0,0.0,0.0,0.0,0.0,0.0,0.0,0.0,0.0,0.0,0.0,0.0,0.0,0.0,0.0,0.0,0.0,0.0,0.0,0.0,0.0,0.0,0.0,0.0,0.0,0.0,0.0,0.0,0.0,0.0,0.0,0.0,0.0,0.0,0.0,0.0,0.0,0.0,0.0,0.0,0.0,0.0,0.0,0.0,0.0,0.0,0.0,0.0,0.0,0.0,0.0,0.0,0.0,0.0,0.0,0.0,0.0,0.0,0.0,0.0,0.0,0.0,0.0,0.0,0.0,0.0,0.0,0.0,0.0,0.0,0.0,0.0,0.0,0.0,0.0,0.0,0.0,0.0,0.0,0.0,0.0,0.0,0.0,0.0,0.0,0.0,0.0,0.0,0.0,0.0,0.0,0.0,0.0,0.0,0.0,0.0,0.0,0.0,0.0,0.0,0.0,0.0,0.0,0.0,0.0,0.0,0.0,0.0,0.0,0.0,0.0,0.0,0.0,0.0,0.0,0.0,0.0,0.0,0.0,0.0,0.0,0.0,0.0,0.0,0.0,0.0,0.0,0.0,0.0,0.0,0.0,0.0,0.0,0.0,0.0,0.0,0.0,0.0,0.0,0.0,0.0,0.0,0.0,0.0,0.0,0.0
4,2025-10-29,정말 마음이 따뜻해지는 글이네요,1,0.0,0.0,0.0,0.0,0.0,0.0,0.0,0.0,0.0,0.0,0.0,0.0,0.0,0.0,0.0,0.0,0.0,0.0,0.0,0.0,0.0,0.0,0.0,0.0,0.0,0.0,0.0,0.0,0.0,0.0,0.0,0.0,0.0,0.0,0.0,0.0,0.0,0.0,0.0,0.0,0.0,0.0,0.0,0.0,0.0,0.0,0.0,0.0,0.0,0.0,0.0,0.0,0.0,0.0,0.0,0.0,0.0,0.0,0.0,0.0,0.0,0.0,0.0,0.0,0.0,0.0,0.0,0.0,0.0,0.0,0.0,0.0,0.0,0.0,0.0,0.0,0.0,0.0,0.0,0.0,0.0,0.0,0.0,0.0,0.0,0.0,0.0,0.0,0.0,0.0,0.0,0.0,0.0,0.0,0.0,0.0,0.0,0.0,0.0,0.7209306836856099,0.0,0.0,0.0,0.0,0.0,0.0,0.5638998147215121,0.0,0.0,0.0,0.0,0.0,0.0,0.0,0.0,0.0,0.0,0.0,0.0,0.0,0.0,0.0,0.0,0.0,0.0,0.0,0.0,0.0,0.0,0.0,0.0,0.0,0.0,0.0,0.0,0.0,0.0,0.0,0.0,0.0,0.0,0.0,0.0,0.0,0.0,0.0,0.0,0.0,0.0,0.0,0.0,0.0,0.0,0.0,0.0,0.0,0.0,0.0,0.0,0.0,0.0,0.0,0.0,0.0,0.0,0.0,0.0,0.0,0.0,0.0,0.0,0.0,0.0,0.0,0.0,0.0,0.0,0.0,0.0,0.0,0.0,0.0,0.0,0.0,0.0,0.0,0.0,0.0,0.0,0.0,0.0,0.0,0.0,0.0,0.0,0.0,0.0,0.0,0.0,0.0,0.0,0.0,0.0,0.0,0.0,0.0,0.0,0.0,0.0,0.0,0.0,0.0,0.0,0.0,0.0,0.0,0.0,0.0,0.0,0.0,0.0,0.0,0.0,0.0,0.0,0.0,0.0,0.0,0.0,0.0,0.0,0.0,0.0,0.0,0.0,0.0,0.0,0.0,0.0,0.0,0.0,0.0,0.0,0.0,0.0,0.0,0.0,0.0,0.0,0.40283488959826147,0.0,0.0,0.0,0.0,0.0,0.0,0.0,0.0,0.0,0.0,0.0,0.0,0.0,0.0,0.0,0.0,0.0,0.0,0.0,0.0,0.0,0.0,0.0,0.0,0.0,0.0,0.0,0.0,0.0,0.0,0.0,0.0,0.0,0.0,0.0,0.0,0.0,0.0,0.0,0.0,0.0,0.0,0.0,0.0,0.0,0.0,0.0,0.0,0.0,0.0
3,2025-12-15,3 두 번째 기회의 동네 가게를 위해 우선 이 책과 환상적인 패키지를 주신 Park Uitgevers에게 감사의 말씀을 전하고 싶습니다 이 책은 치유 소설 이라고 불리는 책이고 저는 매우 열정적으로 시작했지만 Watermoon과 The Dallergut Dromen Winkel에 비하면 안타깝게도 이 책은 저에게 훨씬 덜 도움이 되었습니다 그 책들은 나에게 마술적이고 가벼운 무엇인가를 주었지만 이 이야기는 나를 특히 무겁고 약간 짜증나게 만들었다 이 책은 짧은 이야기로 구성되어 있는데 캐릭터에 어려움이 있다는 것을 금세 알아차렸습니다 많은 등장인물이 대부분 자신이 만든 문제에 갇혀 있지만 진정한 자기 통찰력이나 책임을 지지 않습니다 그것은 개인적으로 큰 알레르기입니다 왜냐하면 나에게는 그것이 피해자의 사고방식에 너무 가깝기 때문입니다 실제로 처음 40 를 읽는 것은 즐거웠지만 읽을수록 문제 의 성격과 문제가 처리되는 방식에 더 짜증이 나기 시작했습니다 나는 이 책이 다른 사람들에게 치유나 영감을 줄 수 있다고 상상할 수 있으며 확실히 형편없이 쓰여진 것은 아닙니다 의도를 이해하고 올바른 대상 그룹에 대한 가치를 봅니다 불행하게도 내 취향에 비해 술은 여러 인물의 문제에 중심적인 역할을 하는 경우가 너무 많아서 나는 그것에 공감하거나 공감할 수 없었다 불행하게도 나는 이 책을 읽을 적합한 독자가 아니었습니다 그것은 나를위한 것이 아닙니다,0,0.0,0.1505109047444812,0.0,0.1462240958002803,0.0,0.0,0.0,0.0,0.0,0.0,0.0,0.0,0.0,0.0,0.0,0.0,0.0,0.0,0.20164042245416275,0.07957711942444003,0.09584776068253764,0.0,0.0,0.0,0.0,0.0,0.0,0.0,0.0,0.0,0.0,0.23049335162949464,0.0,0.11958789266663053,0.0,0.0,0.0,0.0,0.0,0.0,0.0,0.0,0.0,0.0,0.0,0.0,0.0,0.0,0.0,0.0,0.0,0.0,0.0,0.0,0.2076722066423506,0.1169177277491607,0.10859687684332217,0.14830047519526715,0.0,0.0,0.0,0.19453038969160502,0.0,0.0,0.0,0.0,0.0,0.08134905440876848,0.0,0.0,0.0,0.0,0.0,0.0,0.0,0.0,0.0,0.07900627669885166,0.0,0.0,0.0,0.1373935079311523,0.0,0.0,0.0,0.0,0.0,0.0,0.14830047519526715,0.0,0.0,0.0,0.14426643323362948,0.0,0.0,0.0,0.0,0.0,0.0,0.0,0.0,0.0,0.13587104525662383,0.0,0.0,0.0,0.0,0.0,0.0,0.0,0.0923318794462711,0.0,0.0,0.08015763790987337,0.0,0.0,0.0,0.0,0.1505109047444812,0.0,0.27174209051324766,0.0,0.0,0.0,0.0,0.08991324396296652,0.0,0.0,0.0,0.13037934626076422,0.0,0.0,0.0,0.0,0.0,0.0,0.0,0.0,0.0,0.0,0.0,0.0,0.0,0.0,0.0,0.0,0.0,0.0,0.12248396381618744,0.0,0.0,0.0,0.0,0.0,0.0,0.0,0.0,0.1316719438396968,0.0,0.1373935079311523,0.0,0.0,0.0,0.2747870158623046,0.0,0.0,0.0,0.0,0.0,0.0,0.11444076167437948,0.0,0.0,0.0,0.0,0.0,0.0,0.0,0.1316719438396968,0.0,0.0,0.0,0.0,0.0,0.0,0.0,0.0,0.1406578597332536,0.0,0.0,0.0,0.0,0.0,0.0,0.0,0.0,0.0,0.10028919639359035,0.0,0.0,0.0,0.0,0.0,0.0,0.0,0.1047874243466703,0.0,0.0,0.0,0.0,0.0,0.0,0.0,0.0,0.0,0.0,0.0,0.0,0.0,0.110673256238309,0.0,0.0,0.1406578597332536,0.0,0.0,0.0,0.0,0.0,0.10927511228714715,0.0,0.0,0.0,0.0,0.12248396381618744,0.0,0.11444076167437948,0.0,0.0,0.12564772884794825,0.0,0.0,0.0,0.0,0.0,0.12456034321117426,0.0,0.0,0.0,0.0,0.0,0.0,0.0,0.0,0.0,0.0,0.0,0.0,0.0,0.0,0.0,0.0,0.0,0.0,0.0,0.0,0.0,0.0,0.24965306132421164,0.08622691839586517,0.0,0.11444076167437948,0.0,0.0,0.0,0.0,0.0,0.0,0.0,0.0,0.1462240958002803,0.0,0.0,0.123506420958287,0.0,0.0,0.0,0.0,0.0,0.0,0.12052630124953659,0.0,0.0,0.0,0.0,0.0,0.0,0.12793189313109524,0.1505109047444812,0.0,0.0
3,2025-10-16,이것은 내가 기대했던 아늑한 읽기가 아니 었습니다 한국은 단일민족 국가이다 이것이 그곳에 사는 사람들에게 의미하는 바는 아름다움 성공 부에 대한 상당히 편협하고 엄격한 생각이 있다는 것입니다 책 전반에 걸쳐 한국 사회의 무자비한 비판적 성격은 모든 인물의 이야기 대화 삶에 나타나는 섬뜩한 저류였습니다 정말 불편해서 불편했습니다 나는 캐릭터가 완벽하지 않고 모두 함께 모여 kumbaya를 노래하고 손을 잡고 노숙자에게 시간과 우정을 제공하는 성스러운 사람들이라는 점이 마음에 들었습니다 이들은 인생에서 건전한 결정과 잘못된 결정을 모두 내린 편견을 가진 사람들인 경우가 많습니다 주인공인 독고와 대화를 나눈 후 어떤 캐릭터도 마법으로 환생하지 않는다는 점이 마음에 들었습니다 사랑하는 사람에게 더 나은 사람이 되겠다는 부드럽고 조용한 결심입니다 몇 가지 잘못을 바로잡으려고 노력합니다 이것은 날아갔고 나는 그렇지 않은 것보다 그것을 더 즐겼습니다,0,0.0,0.0,0.0,0.0,0.0,0.0,0.0,0.0,0.1770661125125078,0.0,0.0,0.0,0.0,0.0,0.0,0.0,0.0,0.0,0.0,0.0,0.0,0.1132674130526021,0.0,0.0,0.0,0.0,0.0,0.0,0.0,0.0,0.0,0.0,0.13760160322445397,0.0,0.0,0.0,0.0,0.0,0.0,0.0,0.0,0.0,0.0,0.0,0.0,0.0,0.0,0.0,0.0,0.0,0.0,0.0,0.0,0.0,0.17213450084463489,0.0,0.0,0.0,0.1770661125125078,0.0,0.13103737127769266,0.0,0.0,0.0,0.0,0.0,0.0,0.0,0.0,0.0,0.0,0.0,0.0,0.0,0.0,0.0,0.0,0.09822960585118966,0.0,0.0,0.0,0.0,0.0,0.0,0.0,0.0,0.0,0.0,0.0,0.0,0.0,0.0,0.0,0.0,0.0,0.2997040630473302,0.0,0.0,0.0,0.0,0.0,0.0,0.0,0.0,0.23169800903418916,0.0,0.0,0.0,0.0,0.0,0.0,0.0,0.0,0.0,0.3181190144161459,0.10306958534528277,0.0,0.0,0.0,0.0,0.0,0.0,0.0,0.0,0.0,0.0,0.0,0.0,0.0,0.16210245982287627,0.0,0.0,0.0,0.0,0.17082326486580973,0.0,0.0,0.0,0.1443139508601239,0.0,0.142285795284764,0.0,0.0,0.0,0.0,0.0,0.0,0.0,0.0,0.0,0.0,0.0,0.0,0.0,0.0,0.0,0.0,0.0,0.0,0.0,0.0,0.17488187899468807,0.0,0.0,0.0,0.0,0.0,0.0,0.14034986111551687,0.0,0.0,0.0,0.1637095644227643,0.0,0.0,0.0,0.0,0.0,0.0,0.0,0.1333819937520885,0.0,0.0,0.0,0.0,0.0,0.0,0.0,0.0,0.0,0.0,0.0,0.0,0.0,0.0,0.0,0.0,0.0,0.34164652973161946,0.17936846876246185,0.0,0.0,0.0,0.1358632713477431,0.0,0.0,0.0,0.0,0.0,0.0,0.0,0.0,0.0,0.0,0.0,0.0,0.0,0.0,0.0,0.0,0.0,0.0,0.0,0.0,0.0,0.0,0.0,0.0,0.1358632713477431,0.0,0.0,0.0,0.0,0.0,0.0,0.0,0.0,0.0,0.0,0.0,0.0,0.0,0.0,0.0,0.0,0.0,0.0,0.0,0.3742646145877984,0.09893934257440343,0.0,0.0,0.0,0.0,0.0,0.0,0.0,0.0,0.0,0.0,0.0,0.0,0.0,0.0,0.0,0.0,0.0,0.0,0.0,0.0,0.0,0.0,0.0,0.0,0.0,0.0,0.0,0.0,0.16210245982287627,0.0,0.0,0.0,0.0,0.0,0.0,0.0,0.0,0.0,0.0,0.0,0.0,0.1325860225840795,0.15105163810834119,0.0,0.0,0.0,0.0,0.0,0.0,0.0
4,2026-01-22,런치박스 드 럭스 독고와 24시간 슈퍼마켓 이야기가 너무 좋았어요 가볍고 재미있으며 안정감이 물씬 풍겼습니다 나는 이야기의 두 번째 부분이 커피가 식기 전에 라는 책 시리즈를 생각나게 했기 때문에 그다지 좋아하지 않았습니다 추천,1,0.429998186841081,0.0,0.0,0.0,0.0,0.0,0.0,0.0,0.0,0.0,0.0,0.0,0.0,0.0,0.0,0.0,0.0,0.0,0.0,0.0,0.0,0.0,0.0,0.0,0.0,0.0,0.0,0.0,0.0,0.0,0.0,0.0,0.0,0.0,0.0,0.0,0.0,0.0,0.0,0.0,0.0,0.0,0.0,0.0,0.0,0.0,0.0,0.0,0.0,0.0,0.0,0.0,0.0,0.0,0.2260635275555567,0.0,0.0,0.0,0.0,0.0,0.0,0.3176368192555715,0.0,0.0,0.0,0.0,0.0,0.0,0.0,0.0,0.0,0.0,0.0,0.0,0.0,0.0,0.0,0.0,0.0,0.0,0.0,0.0,0.0,0.0,0.0,0.0,0.0,0.0,0.0,0.0,0.0,0.0,0.0,0.0,0.0,0.0,0.0,0.0,0.0,0.0,0.0,0.32924635849045436,0.0,0.0,0.0,0.0,0.0,0.0,0.0,0.0,0.0,0.0,0.0,0.0,0.0,0.0,0.0,0.0,0.0,0.0,0.0,0.0,0.0,0.0,0.0,0.29362771407206406,0.0,0.0,0.0,0.0,0.0,0.0,0.0,0.0,0.0,0.0,0.0,0.0,0.0,0.0,0.0,0.0,0.0,0.0,0.0,0.0,0.0,0.0,0.0,0.0,0.0,0.0,0.0,0.0,0.0,0.0,0.0,0.0,0.0,0.0,0.0,0.0,0.0,0.0,0.0,0.0,0.0,0.0,0.0,0.0,0.0,0.4343849736773841,0.0,0.0,0.0,0.0,0.0,0.0,0.0,0.0,0.0,0.0,0.0,0.0,0.0,0.0,0.0,0.0,0.0,0.0,0.0,0.0,0.0,0.0,0.0,0.0,0.0,0.0,0.0,0.0,0.0,0.0,0.0,0.0,0.32924635849045436,0.0,0.0,0.0,0.41399253965426375,0.0,0.0,0.0,0.0,0.0,0.0,0.0,0.0,0.0,0.0,0.0,0.0,0.0,0.0,0.0,0.0,0.0,0.0,0.0,0.0,0.0,0.0,0.0,0.0,0.0,0.0,0.0,0.0,0.0,0.0,0.0,0.0,0.0,0.0,0.0,0.0,0.0,0.0,0.0,0.0,0.0,0.0,0.0,0.0,0.0,0.0,0.0,0.0,0.0,0.0,0.0,0.0,0.0,0.0,0.0,0.0,0.0,0.0,0.0,0.0,0.0,0.0,0.0,0.0,0.0,0.0,0.0,0.0,0.0,0.0,0.0,0.0,0.0,0.0,0.0,0.0,0.0,0.0,0.0,0.0,0.0,0.0,0.0,0.0,0.0,0.0,0.0,0.0,0.0,0.0,0.0
4,2025-01-12,나는 그것을 많이 좋아했다 스타일과 줄거리 모두 단순하지만 효과적입니다 만족감을 주고 계속 읽고 싶은 느낌을 주는 책입니다,1,0.0,0.0,0.0,0.0,0.0,0.0,0.0,0.0,0.0,0.0,0.0,0.0,0.0,0.0,0.0,0.0,0.0,0.0,0.0,0.0,0.0,0.0,0.0,0.0,0.0,0.37704525224789576,0.0,0.0,0.0,0.0,0.0,0.0,0.2729624039328954,0.0,0.0,0.0,0.0,0.0,0.0,0.0,0.0,0.0,0.0,0.0,0.0,0.0,0.0,0.0,0.0,0.0,0.0,0.0,0.0,0.0,0.17073292043588031,0.0,0.0,0.0,0.0,0.0,0.0,0.0,0.0,0.0,0.0,0.30209210736968856,0.0,0.0,0.0,0.0,0.0,0.0,0.0,0.0,0.0,0.0,0.0,0.0,0.0,0.0,0.0,0.0,0.0,0.0,0.0,0.0,0.0,0.0,0.0,0.0,0.0,0.0,0.0,0.0,0.0,0.0,0.0,0.0,0.0,0.0,0.0,0.0,0.0,0.0,0.0,0.0,0.0,0.0,0.0,0.0,0.0,0.29964344375260216,0.0,0.0,0.31552877610790336,0.0,0.0,0.0,0.0,0.0,0.0,0.0,0.0,0.0,0.0,0.0,0.0,0.0,0.0,0.0,0.0,0.0,0.0,0.0,0.0,0.0,0.0,0.0,0.0,0.0,0.0,0.0,0.0,0.0,0.0,0.0,0.0,0.0,0.0,0.0,0.0,0.0,0.0,0.0,0.0,0.0,0.0,0.0,0.0,0.0,0.3098951569762596,0.0,0.0,0.0,0.0,0.0,0.0,0.0,0.0,0.0,0.0,0.0,0.0,0.0,0.0,0.0,0.0,0.0,0.0,0.0,0.0,0.0,0.0,0.0,0.0,0.0,0.0,0.0,0.0,0.0,0.0,0.0,0.0,0.0,0.0,0.0,0.0,0.0,0.0,0.0,0.0,0.0,0.0,0.0,0.0,0.0,0.0,0.0,0.0,0.0,0.0,0.0,0.0,0.0,0.0,0.0,0.0,0.3098951569762596,0.0,0.0,0.0,0.0,0.0,0.0,0.0,0.0,0.0,0.0,0.0,0.0,0.0,0.0,0.0,0.0,0.0,0.0,0.0,0.0,0.0,0.0,0.0,0.0,0.0,0.0,0.0,0.0,0.0,0.0,0.0,0.0,0.0,0.0,0.0,0.0,0.0,0.0,0.3469158569092043,0.2926965465404742,0.0,0.0,0.0,0.0,0.0,0.0,0.0,0.0,0.0,0.0,0.0,0.0,0.0,0.0,0.27474084814303223,0.0,0.0,0.0,0.0,0.0,0.0,0.0,0.0,0.0,0.0,0.0,0.0,0.0,0.0,0.0,0.0,0.0,0.0,0.0,0.0,0.0,0.0,0.0,0.0,0.0,0.0,0.0
4,2024-05-27,등급 5점 만점에 4점 전제 독고는 기억을 잃었으며 이전의 삶이 어땠는지 기억하지 못합니다 그는 오랫동안 거리에서 생활해 왔으며 술은 그의 유일한 회사입니다 어느 날 그녀는 지갑을 발견하고 그것을 주인인 염씨 부인에게 건넨다 그녀는 그의 좋은 일에 대한 대가로 그녀가 운영하는 24시간 영업하는 작은 가게에서 그가 원할 때마다 식사를 할 수 있도록 제안합니다 이 접촉을 확립하는 것은 당신의 인생에 전환점이 될 것입니다 의견 비록 그의 책을 많이 읽지는 않았지만 나는 아시아 문학을 점점 더 좋아하고 있다 그들의 느린 속도 그들의 문화와 삶의 문제에 대한 관점을 반영하는 방식은 나에게 많은 호기심을 불러일으키고 우리의 문화적 차이와 그들 덕분에 서양에서 우리가 할 수 있는 학습의 양에 대해 반성하게 만듭니다 이 소설에서 제가 놀란 점은 두 가지입니다 우선 그 페이지를 살펴볼 때마다 나는 얼마나 차분해졌는가 처음에는 전개가 느리기 때문에 별 일이 일어나지 않는 것 같지만 캐릭터들이 나를 사로잡았고 작가가 전하고 싶은 메시지는 더욱 그러했다 좋은 일에 대한 사과 친절함을 출발점으로 의지력을 견고하고 느린 모터로 삼아 사과합니다 반면에 소설의 구조는 이러한 조화로운 느낌을 크게 선호한다 각 장에서 우리는 처음에는 당황하게 만드는 퍼즐의 다양한 조각을 발견합니다 이는 독자가 무슨 일이 일어나고 있는지에 완전한 주의를 기울여야 하며 장의 끝에서는 모든 것이 이해되고 점진적으로 이야기를 완성하도록 합니다 빠른 전개나 큰 반전이 없기 때문에 모든 사람이 읽을 수 있는 책은 아닐 수도 있지만 결국에는 서로 다른 목적을 지닌 아늑한 이야기입니다 하지만 덕분에 많은 즐거움을 얻었고 평소 나에게는 쉽지 않은 일상의 속도를 늦췄다 독고의 이야기는 쉽게 잊혀지지 않을 것이다 감히 그것을 발견할 수 있나요,1,0.10281954266616838,0.0,0.0,0.0,0.0,0.11265428499498677,0.0,0.0,0.0,0.0,0.0,0.0,0.0,0.0,0.0,0.0,0.0,0.0,0.07872814593286004,0.0,0.07484527555052133,0.07113881006349507,0.0,0.0,0.0,0.0,0.0,0.0,0.11753044681211128,0.0,0.09267015147024026,0.0,0.17284431686756815,0.0,0.18676677922159998,0.08136091044391239,0.19623074803113683,0.0,0.0,0.0,0.0,0.0,0.0,0.0,0.2528442858176691,0.0,0.0,0.0,0.10386849456895711,0.0,0.0,0.0,0.0,0.0,0.10811091408324255,0.09129832025090857,0.08480076230664924,0.11580437405341738,0.0,0.0,0.0,0.0,0.0,0.0,0.0,0.09564486386600386,0.0,0.06352357477776628,0.0,0.0,0.0842814286058897,0.0,0.0,0.0,0.0,0.11265428499498677,0.0,0.18508246330340014,0.08090372246955672,0.2387513009629296,0.0,0.0,0.0,0.0,0.09063792014904738,0.0,0.09564486386600386,0.0,0.0,0.0,0.0,0.0,0.0,0.0,0.0,0.0,0.0,0.0,0.0,0.0,0.0,0.15745629186572008,0.0,0.0,0.0,0.0,0.0,0.0,0.10496027249406274,0.11418297792628253,0.14419961217753746,0.09486959667895599,0.0,0.0,0.0,0.12946791063014962,0.0,0.10983643431118724,0.0,0.0,0.10609852279440987,0.0,0.0,0.0,0.0,0.0,0.0,0.0,0.0,0.0,0.0,0.0,0.0,0.0,0.0,0.0,0.0,0.0,0.09063792014904738,0.0,0.0,0.0,0.09129832025090857,0.12135765672644704,0.0,0.0,0.0,0.10496027249406274,0.0,0.0,0.0,0.11265428499498677,0.0,0.0,0.09197544110681374,0.0,0.0,0.0,0.0,0.0,0.09811537401556841,0.10983643431118724,0.0,0.0,0.0,0.0,0.11120826553051893,0.0,0.0,0.10281954266616838,0.0,0.0,0.10281954266616838,0.10853154892211016,0.0,0.0,0.0,0.0,0.0,0.10386849456895711,0.0,0.0,0.0,0.09411617093470812,0.0,0.0,0.0,0.0,0.09411617093470812,0.0,0.0,0.0,0.0,0.09129832025090857,0.0869852286041797,0.11120826553051893,0.0,0.0,0.0,0.0,0.10853154892211016,0.11265428499498677,0.0,0.0,0.0,0.08182604991088561,0.07051680888455776,0.0,0.0,0.08756040873413119,0.0,0.0,0.0,0.0,0.0,0.1979846655036652,0.0,0.0,0.0,0.0,0.0,0.0,0.10983643431118724,0.0,0.0,0.11674540387418487,0.0,0.09486959667895599,0.0,0.0,0.11120826553051893,0.0,0.0,0.0,0.0,0.08936411535059452,0.0,0.0,0.0,0.0,0.07082600129031584,0.0,0.0,0.0,0.0,0.0,0.10983643431118724,0.0,0.0,0.0,0.09267015147024026,0.0,0.0,0.0,0.0,0.14485593563199767,0.0,0.0,0.0,0.0,0.0,0.0,0.0,0.09486959667895599,0.0,0.0,0.0,0.06498274636702449,0.06733258472867619,0.0,0.0,0.0,0.0,0.1979846655036652,0.0,0.0,0.0,0.0,0.0,0.0,0.0,0.0,0.0,0.0,0.0,0.0,0.0,0.0,0.0,0.0,0.08090372246955672,0.0,0.0,0.09989902450419105,0.0,0.0,0.0,0.0,0.0,0.0
3,2025-06-19,인간관계에 있어서의 친절과 사랑 그리고 그 친절한 말이 사람들의 삶을 변화시키는 데 큰 영향을 미친다는 주제를 다룬 라이트 노벨 이 소설은 노숙자 경제 고용 실무 능력 업무 압박 승진 급여 부족 사람들의 투쟁과 생계 확보 등 한국과 같은 큰 나라를 괴롭히는 주제를 다루게 되었습니다 또한 이러한 문제와 그로 인한 혼란 이혼 별거 세대 간 격차 등을 고려하여 가족관계를 다루었다 또한 소설은 한국인의 화장품에 대한 집착 이를 위한 개인병원의 확산 돈을 벌기 위해 위조 자격증을 가진 의사를 고용하는 일 그로 인해 평생 지속되는 사망과 장애 그리고 그로 인해 의사와 피해자 가족들이 치러야 할 대가 등을 다루고 있다 이 소설은 연작으로 쉽고 직접적이며 방대하고 풍부한 작품 중에서 읽기에 적합하다 결말이 참 아름답네요 그리고 소설 제목도요 소설을 끝까지 읽으면 그 의미가 더욱 분명해진다,0,0.0,0.0,0.0,0.0,0.0,0.0,0.0,0.0,0.0,0.0,0.0,0.0,0.0,0.0,0.15114105115619994,0.0,0.0,0.0,0.0,0.0,0.0,0.0,0.0,0.0,0.0,0.0,0.0,0.0,0.0,0.0,0.0,0.0,0.0,0.0,0.0,0.0,0.0,0.0,0.0,0.0,0.0,0.0,0.34353414362506574,0.0,0.0,0.0,0.0,0.0,0.0,0.0,0.0,0.0,0.0,0.0,0.0,0.0,0.0,0.0,0.0,0.0,0.0,0.0,0.1374594031664138,0.0,0.0,0.0,0.0,0.0,0.0,0.0,0.0,0.0,0.0,0.0,0.0,0.0,0.0,0.10062052563292373,0.0,0.0,0.0,0.0,0.0,0.0,0.0,0.0,0.0,0.0,0.0,0.0,0.0,0.0,0.18373431769840487,0.0,0.0,0.0,0.0,0.0,0.0,0.0,0.0,0.0,0.0,0.33881013901667517,0.0,0.0,0.0,0.0,0.0,0.0,0.0,0.0,0.0,0.0,0.0,0.0,0.0,0.0,0.0,0.0,0.0,0.0,0.0,0.0,0.0,0.0,0.0,0.0,0.0,0.0,0.0,0.0,0.2639010180192722,0.0,0.0,0.0,0.0,0.0,0.0,0.0,0.0,0.13830641420705986,0.0,0.0,0.0,0.0,0.0,0.0,0.155992679768542,0.4679780393056261,0.16604805213692272,0.0,0.0,0.0,0.0,0.17913852382525633,0.0,0.0,0.0,0.0,0.0,0.0,0.0,0.0,0.0,0.0,0.0,0.0,0.0,0.0,0.0,0.0,0.0,0.0,0.0,0.0,0.0,0.0,0.0,0.0,0.0,0.0,0.0,0.0,0.0,0.0,0.0,0.0,0.0,0.0,0.16604805213692272,0.0,0.0,0.0,0.0,0.0,0.18622755044773615,0.12772594884949506,0.0,0.0,0.0,0.18373431769840487,0.0,0.0,0.0,0.0,0.0,0.0,0.0,0.0,0.0,0.0,0.3460843002164907,0.0,0.0,0.0,0.0,0.0,0.0,0.0,0.0,0.0,0.0,0.0,0.0,0.0,0.0,0.15472825216463382,0.0,0.0,0.0,0.0,0.0,0.0,0.0,0.0,0.0,0.0,0.0,0.0,0.0,0.0,0.0,0.0,0.0,0.0,0.0,0.0,0.0,0.0,0.0,0.0,0.0,0.0,0.0,0.0,0.0,0.0,0.0,0.0,0.0,0.0,0.0,0.0,0.0,0.0,0.0,0.0,0.0,0.0,0.0,0.0,0.0,0.0,0.0,0.0,0.18373431769840487,0.0,0.0,0.0,0.0,0.0,0.0,0.0,0.0,0.0,0.0,0.0,0.0,0.0,0.0,0.0,0.0,0.0,0.0,0.0,0.0,0.0,0.0,0.0
5,2022-11-08,처음에는 나미야나 달레르구트처럼 역겨운 장르가 아닐까 생각했어요 그래서 문제를 해결할 수 있는 역겨운 미니마켓 같아요 그리고 드디어 하루출판사들이 자주 언급하는 옥수수차를 이해하게 되었습니다 서울역 미니마켓 사장님과 귀한 교훈을 많이 준 치매 노숙자 독고 의 만남으로 시작합니다 사장은 독고를 자신의 미니마켓 야간 직원으로 삼는다 독고는 직원이나 고객에게 좋은 의미를 주는 모임을 많이 경험하게 합니다 이 이야기가 전달하는 강력한 메시지는 외모로 사람을 과소평가해서는 안 된다는 것 간단한 만남만으로도 교훈을 얻을 수 있다는 것 가장 중요한 것은 의사소통이 당신이 직면하는 가장 큰 문제의 근원이 될 수 있다는 것입니다 그리고 두 번째 책도 번역됐으면 좋겠어요 제가 정말 높이 평가하고 싶은 건 번역가님이에요 지역 언어로 대화가 일부 나오는 번역된 책을 처음 읽었기 때문에 분위기가 더 좋았습니다 보통 내가 읽는 공식 비공식 번역은 인도네시아어로 가득 차서 여전히 딱딱해 보여서 느낌이 잘 안 나요 그리고 속어 꼬마들처럼 격의 없는 언어로 이야기를 나누던 상황이었기 때문에 억지로 한 것은 아닌 것 같아요 번역가에게 감사드립니다,1,0.0,0.0,0.0,0.0,0.0,0.0,0.15596939941054985,0.22952178599055886,0.0,0.0,0.0,0.15404540850617696,0.0,0.3009407237603138,0.0,0.0,0.0,0.0,0.2208321760846908,0.0,0.0,0.09977205765644794,0.0,0.0,0.0,0.0,0.0,0.0,0.0,0.0,0.0,0.0,0.0,0.0,0.0,0.0,0.0,0.0,0.15596939941054985,0.0,0.0,0.0,0.2954130488546644,0.0,0.0,0.0,0.0,0.0,0.0,0.0,0.0,0.0,0.0,0.0,0.0,0.0,0.0,0.0,0.0,0.0,0.11542479703492248,0.0,0.11820455735384415,0.0,0.0,0.0,0.13199776640234212,0.0,0.0,0.0,0.0,0.0,0.0,0.0,0.0,0.0,0.15799743919997647,0.0,0.0,0.0,0.0,0.0,0.15596939941054985,0.0,0.12711952571177135,0.1427886055823405,0.0,0.0,0.0,0.0,0.0,0.0,0.15799743919997647,0.0,0.0,0.0,0.0,0.0,0.0,0.0,0.0,0.2208321760846908,0.0,0.0,0.0,0.0,0.0,0.0,0.0,0.0,0.0,0.2661088894022393,0.0,0.0,0.0,0.0,0.0,0.0,0.0,0.13760664178284543,0.0,0.0,0.0,0.0,0.0,0.09847101628488814,0.0,0.0,0.0,0.0,0.0,0.0,0.0,0.0,0.0,0.0,0.14720660001997812,0.0,0.0,0.0,0.0,0.0,0.0,0.0,0.0,0.0,0.0,0.0,0.0,0.0,0.0,0.0,0.0,0.0,0.0,0.0,0.0,0.0,0.0,0.0,0.13760664178284543,0.0,0.0,0.0,0.0,0.0,0.0,0.0,0.0,0.0,0.0,0.0,0.0,0.0,0.0,0.0,0.0,0.13526152826252086,0.0,0.0,0.0,0.0,0.0,0.0,0.14420423015147854,0.0,0.0,0.0,0.0,0.0,0.0,0.0,0.0,0.0,0.0,0.0,0.0,0.0,0.0,0.0,0.0,0.0,0.0,0.0,0.1104160880423454,0.0,0.09889970208243817,0.0,0.0,0.0,0.0,0.0,0.0,0.1504703618801569,0.0,0.0,0.0,0.0,0.0,0.12120692722234377,0.0,0.0,0.0,0.0,0.0,0.0818676131640668,0.0,0.0,0.23935142115421074,0.0,0.0,0.0,0.0,0.0,0.0,0.0,0.0,0.10446687695946932,0.0,0.0,0.0,0.0,0.0,0.0,0.0,0.0,0.0,0.0,0.0,0.08715111898282785,0.12996972661291548,0.0,0.0,0.0,0.0,0.10158009916707007,0.0,0.12996972661291548,0.0,0.0,0.0,0.0,0.14567538337473973,0.0,0.0,0.0,0.0,0.0,0.09443383322986516,0.0,0.0,0.0,0.0,0.13883657488854093,0.0,0.0,0.0,0.0,0.0,0.0,0.0,0.0,0.0,0.0,0.0,0.0,0.0,0.0,0.0,0.0,0.0,0.0,0.0,0.14010820849770855,0.0,0.0,0.0,0.0,0.0,0.0
4,2023-06-16,소문대로 좋은 건 한국 번역 소설을 많이 읽는 만큼 아무것도 안 좋아하는 편 인데 이 이야기는 재미있거든요 첫 장부터 읽는 재미가 있고 점점 더 재미있어집니다 특히 그가 돌아와서 Tokko씨 자신의 이야기를 들려주는 마지막 장입니다 흥미로운 전략인 것 같지만 마지막 장이 마음에 들지 않습니다 얼마나 간결한지 모르겠습니다 개인적으로 이 이야기는 속편이 나올 가능성이 있다고 생각합니다 즉 이 편의점을 찾는 사람들은 할 이야기가 더 많아야 한다는 것이다 어떤 매듭이라도 묶은 채로 둘 수 있습니다 그런 다음 이보다 더 길게 드래그하세요 하지만 어떻게 그 일을 끝낼 수 있었는지 모르겠습니다 그러다가 다시 책 이름을 붙이면서 나는 항상 토코 씨가 분명 불편한 점이 있는 편의점 주인이라는 것을 이해하게 되었다 하지만 그렇지 않은 것 같습니다 전혀 토코 씨의 가게가 아닙니다 와 항상 태국어로 책 이름을 지어주셔서 별 4 4개를 주고 싶다고 생각했어요 그런데 재미있냐고 묻고 있는데 재미있으면 읽어볼까 분명히 좋다,1,0.0,0.0,0.0,0.0,0.0,0.0,0.0,0.0,0.0,0.0,0.0,0.0,0.1534057465022182,0.0,0.0,0.0,0.0,0.0,0.0,0.09082121633303061,0.0,0.0,0.0,0.0,0.0,0.0,0.0,0.0,0.0,0.0,0.13544299597326215,0.0,0.0,0.0,0.0,0.0,0.0,0.0,0.0,0.0,0.15862538164027842,0.0,0.0,0.0,0.0,0.0,0.0,0.0,0.0,0.0,0.0,0.0,0.0,0.0,0.07900529927127975,0.0,0.0,0.0,0.0,0.0,0.0,0.0,0.0,0.0,0.0,0.0,0.0,0.0,0.0,0.13648543638225222,0.0,0.0,0.0,0.0,0.0,0.0,0.0,0.0,0.0,0.0,0.0,0.0,0.0,0.0,0.0,0.0,0.0,0.0,0.0,0.0,0.0,0.0,0.0,0.0,0.0,0.0,0.16925505267615906,0.0,0.0,0.0,0.0,0.0,0.0,0.0,0.10634341433288758,0.0,0.0,0.25942476728296765,0.0,0.0,0.0,0.1386576173353861,0.0,0.0,0.0,0.0,0.0,0.0,0.0,0.0,0.0,0.0,0.0,0.0,0.0,0.0,0.0,0.0,0.0,0.0,0.17447468781421932,0.0,0.0,0.0,0.0,0.0,0.0,0.0,0.0,0.0,0.0,0.0,0.0,0.0,0.0,0.0,0.1460084283772768,0.0,0.0,0.0,0.1488017020187747,0.0,0.0,0.0,0.0,0.0,0.0,0.0,0.0,0.0,0.0,0.0,0.0,0.1568069515059221,0.0,0.0,0.0,0.0,0.0,0.0,0.1306110254872267,0.0,0.15027694119803725,0.0,0.0,0.0,0.0,0.0,0.0,0.0,0.12243779465564546,0.11891386051283853,0.0,0.1375564403282773,0.0,0.0,0.0,0.0,0.0,0.0,0.0,0.0,0.0,0.0,0.0,0.0,0.0,0.0,0.0,0.0,0.0,0.0,0.0,0.0,0.11506591694728253,0.2391873795986425,0.10306455433889766,0.0,0.0,0.0,0.0,0.0,0.0,0.0,0.14738011994978106,0.0,0.0,0.0,0.0,0.2526223572755599,0.0,0.0,0.0,0.0,0.13153081377584017,0.08531521215817804,0.0,0.0,0.0,0.0,0.0,0.09181929264840026,0.0,0.0,0.0,0.0,0.0,0.10886617340898999,0.0,0.0,0.0,0.0,0.0,0.0,0.0,0.1409576453319812,0.0,0.0,0.17177781175226148,0.0,0.0,0.0,0.1421604848117208,0.0,0.0,0.10585782798039553,0.16053255006176412,0.0,0.0,0.0,0.0,0.0,0.0,0.0,0.15862538164027842,0.0,0.0,0.0,0.0,0.0,0.0,0.0,0.0,0.0,0.0,0.0,0.0,0.0,0.0,0.0,0.0,0.0,0.1409576453319812,0.12394141074990601,0.0,0.0,0.16253756383770043,0.0,0.0,0.0,0.23649130562142334,0.12170713415433643,0.0,0.0,0.28936648777564644,0.0,0.0,0.0,0.16688528478828513,0.0
5,2023-08-13,기분 좋고 재미있게 읽고 한 번에 끝냈습니다,1,0.0,0.0,0.0,0.0,0.0,0.0,0.0,0.0,0.0,0.0,0.0,0.0,0.0,0.0,0.0,0.0,0.0,0.0,0.0,0.0,0.0,0.0,0.0,0.0,0.0,0.0,0.0,0.0,0.0,0.0,0.0,0.0,0.0,0.0,0.0,0.0,0.0,0.0,0.0,0.0,0.0,0.0,0.0,0.0,0.0,0.0,0.5836396770798811,0.0,0.0,0.0,0.0,0.0,0.0,0.0,0.0,0.0,0.0,0.0,0.0,0.0,0.0,0.0,0.0,0.0,0.0,0.0,0.0,0.0,0.0,0.0,0.0,0.0,0.0,0.0,0.0,0.0,0.0,0.0,0.0,0.0,0.0,0.0,0.0,0.0,0.0,0.0,0.0,0.0,0.0,0.0,0.0,0.0,0.0,0.0,0.0,0.0,0.0,0.0,0.0,0.0,0.0,0.0,0.0,0.0,0.0,0.0,0.0,0.0,0.0,0.0,0.0,0.0,0.0,0.0,0.0,0.0,0.0,0.0,0.0,0.0,0.0,0.0,0.0,0.0,0.0,0.0,0.0,0.0,0.0,0.0,0.0,0.0,0.0,0.0,0.0,0.0,0.0,0.0,0.0,0.0,0.0,0.0,0.0,0.0,0.0,0.0,0.0,0.0,0.0,0.0,0.0,0.0,0.0,0.0,0.0,0.0,0.0,0.0,0.0,0.0,0.0,0.0,0.0,0.0,0.0,0.0,0.0,0.0,0.0,0.0,0.0,0.0,0.0,0.0,0.0,0.0,0.0,0.0,0.0,0.0,0.0,0.0,0.0,0.0,0.0,0.0,0.0,0.0,0.0,0.0,0.0,0.0,0.0,0.0,0.0,0.0,0.0,0.0,0.0,0.0,0.0,0.0,0.0,0.0,0.0,0.0,0.0,0.0,0.0,0.0,0.0,0.0,0.0,0.0,0.0,0.0,0.0,0.5513127483425802,0.0,0.0,0.0,0.0,0.0,0.0,0.0,0.0,0.0,0.0,0.0,0.0,0.0,0.0,0.0,0.0,0.0,0.0,0.0,0.0,0.0,0.0,0.0,0.0,0.0,0.5961702616308894,0.0,0.0,0.0,0.0,0.0,0.0,0.0,0.0,0.0,0.0,0.0,0.0,0.0,0.0,0.0,0.0,0.0,0.0,0.0,0.0,0.0,0.0,0.0,0.0,0.0,0.0,0.0,0.0,0.0,0.0,0.0,0.0,0.0,0.0,0.0,0.0,0.0,0.0,0.0,0.0,0.0,0.0,0.0,0.0,0.0,0.0,0.0,0.0,0.0,0.0,0.0,0.0,0.0,0.0,0.0,0.0
4,2025-12-07,두 번째 기회 새로운 시작 작은 몸짓이 미치는 영향에 대한 귀여운 로맨스입니다 그것은 우리를 반성하게 만듭니다 나는 좋아했다,1,0.0,0.0,0.0,0.0,0.0,0.0,0.0,0.0,0.0,0.0,0.0,0.0,0.0,0.0,0.0,0.0,0.0,0.0,0.0,0.0,0.0,0.0,0.0,0.0,0.0,0.0,0.0,0.0,0.0,0.0,0.0,0.37985360416932606,0.0,0.0,0.0,0.0,0.0,0.0,0.0,0.0,0.0,0.0,0.0,0.0,0.0,0.0,0.0,0.0,0.0,0.4105514972196556,0.0,0.0,0.0,0.0,0.22816286781146808,0.0,0.0,0.0,0.0,0.0,0.0,0.0,0.0,0.0,0.0,0.0,0.0,0.0,0.0,0.0,0.0,0.0,0.0,0.0,0.0,0.0,0.0,0.2604050723710121,0.0,0.0,0.0,0.0,0.0,0.0,0.0,0.0,0.0,0.0,0.0,0.0,0.0,0.0,0.0,0.0,0.0,0.0,0.0,0.0,0.0,0.0,0.0,0.0,0.0,0.0,0.0,0.0,0.0,0.0,0.0,0.4819553311491674,0.0,0.0,0.0,0.0,0.0,0.0,0.0,0.0,0.0,0.0,0.0,0.0,0.0,0.0,0.0,0.29635448953676713,0.0,0.0,0.0,0.0,0.0,0.0,0.0,0.0,0.0,0.0,0.0,0.0,0.0,0.0,0.0,0.0,0.0,0.0,0.0,0.3972552752881743,0.0,0.0,0.0,0.0,0.0,0.0,0.0,0.0,0.0,0.0,0.0,0.0,0.0,0.0,0.0,0.0,0.0,0.0,0.0,0.0,0.0,0.0,0.0,0.0,0.0,0.0,0.0,0.0,0.0,0.0,0.0,0.0,0.0,0.0,0.0,0.0,0.0,0.0,0.0,0.0,0.0,0.0,0.0,0.0,0.0,0.0,0.0,0.0,0.0,0.0,0.0,0.0,0.0,0.0,0.0,0.0,0.0,0.0,0.0,0.0,0.0,0.0,0.0,0.0,0.0,0.0,0.0,0.0,0.0,0.0,0.0,0.0,0.0,0.0,0.0,0.0,0.0,0.0,0.0,0.0,0.0,0.0,0.0,0.0,0.0,0.0,0.0,0.0,0.0,0.0,0.0,0.0,0.0,0.0,0.2989497167247061,0.0,0.0,0.0,0.0,0.0,0.0,0.0,0.0,0.0,0.0,0.0,0.0,0.0,0.0,0.0,0.0,0.0,0.0,0.0,0.0,0.0,0.0,0.0,0.0,0.0,0.0,0.0,0.0,0.0,0.0,0.0,0.0,0.0,0.0,0.0,0.0,0.0,0.0,0.0,0.0,0.0,0.0,0.0,0.0,0.0,0.0,0.0,0.0,0.0,0.0,0.0,0.0,0.0,0.0,0.0,0.0,0.0,0.0,0.0
4,2025-12-13,나는 이 책을 그토록 좋아할 줄은 몰랐다 옥수수차를 마시고 싶은 기분이 들었어요,1,0.0,0.0,0.0,0.0,0.0,0.0,0.0,0.0,0.0,0.0,0.0,0.0,0.0,0.0,0.0,0.0,0.0,0.0,0.0,0.0,0.0,0.0,0.0,0.0,0.0,0.0,0.0,0.0,0.0,0.0,0.0,0.0,0.0,0.0,0.0,0.0,0.0,0.0,0.0,0.0,0.0,0.0,0.0,0.0,0.0,0.0,0.0,0.6480336478104378,0.0,0.0,0.0,0.0,0.0,0.0,0.3149923689901361,0.0,0.0,0.0,0.0,0.0,0.0,0.0,0.0,0.0,0.0,0.0,0.0,0.0,0.0,0.0,0.0,0.0,0.0,0.0,0.0,0.0,0.0,0.0,0.0,0.0,0.0,0.0,0.0,0.0,0.0,0.0,0.0,0.0,0.0,0.0,0.0,0.0,0.0,0.0,0.0,0.0,0.0,0.0,0.0,0.0,0.0,0.0,0.0,0.0,0.0,0.0,0.0,0.0,0.0,0.0,0.0,0.0,0.0,0.0,0.0,0.0,0.0,0.0,0.0,0.0,0.0,0.0,0.0,0.0,0.0,0.0,0.0,0.0,0.0,0.0,0.0,0.0,0.0,0.0,0.0,0.0,0.0,0.0,0.0,0.0,0.0,0.0,0.0,0.0,0.0,0.0,0.0,0.0,0.0,0.0,0.0,0.0,0.0,0.0,0.0,0.0,0.0,0.0,0.0,0.0,0.571738651136011,0.0,0.0,0.0,0.0,0.0,0.0,0.0,0.0,0.0,0.0,0.0,0.0,0.0,0.0,0.0,0.0,0.0,0.0,0.0,0.0,0.0,0.0,0.0,0.0,0.0,0.0,0.0,0.0,0.0,0.0,0.0,0.0,0.0,0.0,0.0,0.0,0.0,0.0,0.0,0.0,0.0,0.0,0.0,0.0,0.0,0.0,0.0,0.0,0.0,0.0,0.0,0.0,0.0,0.0,0.0,0.0,0.0,0.0,0.0,0.0,0.0,0.0,0.0,0.0,0.0,0.0,0.0,0.0,0.0,0.0,0.0,0.0,0.0,0.0,0.0,0.0,0.0,0.0,0.0,0.0,0.0,0.0,0.0,0.0,0.0,0.0,0.0,0.0,0.0,0.0,0.0,0.0,0.0,0.0,0.0,0.0,0.0,0.0,0.0,0.0,0.0,0.0,0.0,0.0,0.0,0.0,0.0,0.39236094808308086,0.0,0.0,0.0,0.0,0.0,0.0,0.0,0.0,0.0,0.0,0.0,0.0,0.0,0.0,0.0,0.0,0.0,0.0,0.0,0.0,0.0,0.0,0.0,0.0,0.0,0.0,0.0,0.0,0.0,0.0,0.0
4,2026-06-18,Chill and read Kim Ho Yeon Kim Ho Yeon 24 Kim Ho Yeon,1,0.0,0.0,0.0,0.0,0.0,0.0,0.0,0.0,0.0,0.0,0.0,0.0,0.0,0.0,0.0,0.0,0.0,0.0,0.0,0.0,0.0,0.0,0.0,0.0,0.0,0.0,0.0,0.0,0.0,0.0,0.0,0.0,0.0,0.0,0.0,0.0,0.0,0.0,0.0,0.0,0.0,0.0,0.0,0.0,0.0,0.0,0.0,0.0,0.0,0.0,0.0,0.0,0.0,0.0,0.0,0.0,0.0,0.0,0.0,0.0,0.0,0.0,0.0,0.0,0.0,0.0,0.0,0.0,0.0,0.0,0.0,0.0,0.0,0.0,0.0,0.0,0.0,0.0,0.0,0.0,0.0,0.0,0.0,0.0,0.0,0.0,0.0,0.0,0.0,0.0,0.0,0.0,0.0,0.0,0.0,0.0,0.0,0.0,0.0,0.0,0.0,0.0,0.0,0.0,0.0,0.0,0.0,0.0,0.0,0.0,0.0,0.0,0.0,0.0,0.0,0.0,0.0,0.0,0.0,0.0,0.0,0.0,0.0,0.0,0.0,0.0,0.0,0.0,0.0,0.0,0.0,0.0,0.0,0.0,0.0,0.0,0.0,0.0,0.0,0.0,0.0,0.0,0.0,0.0,0.0,0.0,0.0,0.0,0.0,0.0,0.0,0.0,0.0,0.0,0.0,0.0,0.0,0.0,0.0,0.0,0.0,0.0,0.0,0.0,0.0,0.0,0.0,0.0,0.0,0.0,0.0,0.0,0.0,0.0,0.0,0.0,0.0,0.0,0.0,0.0,0.0,0.0,0.0,0.0,0.0,0.0,0.0,0.0,0.0,0.0,0.0,0.0,0.0,0.0,0.0,0.0,0.0,0.0,0.0,0.0,0.0,0.0,0.0,0.0,0.0,0.0,0.0,0.0,0.0,0.0,0.0,0.0,0.0,0.0,0.0,0.0,0.0,0.0,0.0,0.0,0.0,0.0,0.0,0.0,0.0,0.0,0.0,0.0,0.0,0.0,0.0,0.0,0.0,0.0,0.0,0.0,0.0,0.0,0.0,0.0,0.0,0.0,0.0,0.0,0.0,0.0,0.0,0.0,0.0,0.0,0.0,0.0,0.0,0.0,0.0,0.0,0.0,0.0,0.0,0.0,0.0,0.0,0.0,0.0,0.0,0.0,0.0,0.0,0.0,0.0,0.0,0.0,0.0,0.0,0.0,0.0,0.0,0.0,0.0,0.0,0.0,0.0,0.0,0.0,0.0,0.0,0.0,0.0,0.0,0.0,0.0,0.0,0.0,0.0,0.0,0.0,0.0,0.0,0.0,0.0
4,2026-02-23,별 4개 두 번째 기회 편의점은 편의점과 그곳의 직원과 고객에 대한 소설입니다 그들은 자신이 원하는 것은 무엇이든 할 권리가 있다고 말하지만 인생은 그렇지 않습니다 인생은 항상 편안하고 편리하기 위한 것이 아닙니다 워터스톤즈에서 보기 전에는 이 책에 대해 들어본 적이 없었는데 제가 좋아했던 책인 커피가 차가워지기 전에가 생각나서 이 책에 빠져들고 싶게 만들었습니다 이 책은 짧고 빠르지만 그럼에도 불구하고 아름답습니다 나는 모든 장이 다른 사람에게 초점을 맞추고 종종 다른 POV에 있는 방식을 좋아했지만 모든 것이 여전히 서로 연결되어 있고 연대순으로 설명되는 방식을 좋아했습니다 모든 캐릭터가 어떻게 하나로 뭉쳐져 있는지 편의점이 그 중심에 있는지 보는 것이 정말 즐거웠습니다 결말이 좀 밋밋하다는 느낌이 들었습니다 나는 이야기를 좋아했지만 결말과 마지막 장은 밋밋하고 책의 나머지 부분과 약간 어울리지 않는 느낌을 받았습니다 전체적으로 두 번째 기회 편의점 은 아름다운 메시지를 담은 인생 그 자체에 관한 아름다운 책이었습니다,1,0.0,0.0,0.0,0.0,0.0,0.0,0.0,0.0,0.0,0.0,0.0,0.0,0.0,0.0,0.0,0.0,0.0,0.0,0.09994394793141274,0.0,0.2850441440185633,0.0,0.0,0.0,0.0,0.0,0.0,0.0,0.0,0.1224329839742939,0.0,0.0,0.0,0.0,0.0,0.0,0.0,0.0,0.0,0.0,0.0,0.0,0.0,0.0,0.0,0.0,0.0,0.0,0.0,0.24695549244936624,0.0,0.0,0.0,0.0,0.13724483715350855,0.0,0.0,0.0,0.0,0.0,0.0,0.0,0.0,0.0,0.0,0.1214194133605413,0.11947876551575606,0.1612840433310999,0.0,0.0,0.0,0.0,0.0,0.0,0.0,0.0,0.0,0.07831960584629102,0.10270580273604447,0.0,0.0,0.0,0.0,0.0,0.0,0.0,0.0,0.0,0.0,0.0,0.0,0.0,0.0,0.0,0.0,0.11947876551575606,0.0,0.0,0.0,0.0,0.0,0.0,0.0,0.0,0.0,0.0,0.0,0.11266557518212225,0.0,0.0,0.0,0.0,0.0,0.0,0.0,0.246535733164161,0.0,0.0,0.0,0.0,0.0,0.0,0.0,0.0,0.0,0.17826355377770378,0.0,0.12043522578115483,0.0,0.0,0.0,0.0,0.0,0.0,0.13619937347539263,0.0,0.0,0.0,0.0,0.0,0.0,0.0,0.0,0.0,0.0,0.0,0.0,0.13324515501685477,0.0,0.0,0.0,0.0,0.0,0.1430125638090264,0.0,0.0,0.0,0.0,0.0,0.0,0.0,0.0,0.0,0.13619937347539263,0.22849005426014418,0.0,0.0,0.0,0.0,0.1305275374746259,0.11344611746799357,0.0,0.0,0.0,0.0,0.0,0.0,0.0,0.1305275374746259,0.0,0.0,0.10328619454589145,0.0,0.0,0.0,0.0,0.0,0.0,0.0,0.0,0.0,0.0,0.0,0.0,0.0,0.0,0.14495321165381164,0.0,0.0,0.0,0.0,0.0,0.0,0.0,0.0,0.0,0.08951980504479276,0.0,0.0,0.0,0.25849234861585546,0.0,0.0,0.0,0.0,0.0,0.0,0.0,0.0,0.0,0.0,0.0,0.0,0.0,0.11424502713007209,0.07410308237148021,0.25849234861585546,0.0,0.0,0.0,0.0,0.0,0.0,0.0,0.0,0.0,0.0,0.0,0.12455568101712595,0.0,0.0,0.0,0.12681999283916182,0.0,0.0,0.0,0.0,0.0,0.0,0.07888548718048827,0.1176430701319497,0.0,0.0,0.0,0.14495321165381164,0.0,0.0,0.0,0.0,0.0,0.0,0.0,0.0,0.0,0.0,0.0,0.2513379283336776,0.08249441343232912,0.0,0.11590155537466713,0.0,0.0,0.0,0.0,0.0,0.1394353536679375,0.0,0.0,0.12924617430792773,0.0,0.0,0.0,0.0,0.1076530238594426,0.0,0.14920276246010916,0.0,0.0,0.0,0.0,0.0,0.0,0.0,0.0,0.1256689641668388,0.0,0.0,0.0,0.0,0.0
4,2026-05-27,4 5 언뜻 경쾌하고 포근해 보이지만 의외로 강한 펀치를 담아냈습니다 어떤 의미에서는 글의 구조 때문에 경쾌하고 포근하다고 하는 것도 틀린 말은 아니지만 확실히 무지개와 햇살보다 더 깊은 뭔가가 있습니다 주제는 따뜻함과 친절 희망과 두 번째 기회에 중점을 두었습니다 그러나 그것은 또한 후회 현실 생활이 가족과 직업과의 어려움 느린 순간부터 눈앞에서 일어나는 갑작스러운 변화에 이르기까지 모순된 속도로 인생을 헤쳐나가려는 시도를 보여주었습니다 이야기가 암울하고 우울한 분위기로 전개되지 않아서 어둡고 자극적인 느낌은 아니지만 그래도 감정적으로는 분명 큰 타격을 줄 것입니다 당신이 인생의 어느 단계에 있든 여기에 있는 무언가가 당신과 연결될 것입니다 내러티브의 조용함과 부드러움이 마음을 달래줍니다 이야기는 예상 가능하지만 이것이 바로 이것에 관한 것입니다 실재론 때로는 인생이 롤러코스터를 타게 되기도 하지만 결국 인생은 예측 가능합니다 캐릭터 하나하나에서 현실적인 요소를 느낄 수 있다 나는 번역된 일본 문학을 읽는 데 익숙하고 한국 문학은 거의 읽지 않습니다 이제 바꿀 것 같아요,1,0.0,0.0,0.0,0.0,0.0,0.0,0.0,0.0,0.0,0.0,0.0,0.0,0.0,0.18540387918927032,0.0,0.1898089161976517,0.0,0.0,0.0,0.0,0.0,0.3688060484416314,0.0,0.0,0.15443059480246274,0.0,0.0,0.0,0.0,0.1666641306074218,0.0,0.15551812513899477,0.0,0.0,0.0,0.0,0.0,0.0,0.0,0.16955369064020534,0.0,0.0,0.0,0.0,0.0,0.0,0.0,0.0,0.0,0.0,0.0,0.0,0.0,0.1813823954760253,0.09341351783662022,0.0,0.0,0.0,0.0,0.0,0.0,0.0,0.0,0.0,0.0,0.0,0.0,0.0,0.0,0.0,0.0,0.0,0.0,0.0,0.0,0.0,0.19467845869193423,0.0,0.0,0.0,0.0,0.0,0.0,0.0,0.0,0.0,0.0,0.0,0.0,0.0,0.0,0.0,0.0,0.0,0.0,0.0,0.0,0.0,0.0,0.0,0.1601437730999517,0.13605052046235894,0.0,0.17949568833742954,0.0,0.15336806739151287,0.0,0.0,0.0,0.0,0.0,0.0,0.0,0.0,0.0,0.0,0.0,0.0,0.0,0.0,0.0,0.20012214405787382,0.1813823954760253,0.0,0.0,0.12133225559375542,0.0,0.0,0.0,0.0,0.0,0.0,0.0,0.0,0.0,0.0,0.0,0.0,0.0,0.0,0.0,0.0,0.0,0.0,0.0,0.0,0.0,0.0,0.0,0.0,0.0,0.0,0.0,0.0,0.0,0.0,0.0,0.0,0.0,0.0,0.0,0.0,0.0,0.0,0.0,0.0,0.0,0.0,0.0,0.0,0.15443059480246274,0.0,0.0,0.0,0.0,0.0,0.0,0.0,0.0,0.17949568833742954,0.1447668095739917,0.0,0.0,0.0,0.0,0.0,0.0,0.0,0.0,0.0,0.0,0.0,0.0,0.0,0.0,0.0,0.0,0.0,0.0,0.19467845869193423,0.0,0.0,0.0,0.0,0.13605052046235894,0.1414040245181032,0.0,0.0,0.0,0.0,0.17593871011008574,0.19732020093628078,0.0,0.0,0.0,0.0,0.0,0.0,0.0,0.1493465836782679,0.0,0.0,0.0,0.0,0.0,0.10087417130473594,0.0,0.16394464586062116,0.0,0.0,0.0,0.10856440277639941,0.0,0.0,0.0,0.0,0.0,0.0,0.0,0.0,0.0,0.0,0.0,0.0,0.0,0.0,0.0,0.0,0.0,0.0,0.0,0.0,0.0,0.0,0.0,0.0,0.0,0.0,0.0,0.0,0.0,0.0,0.0,0.0,0.0,0.0,0.0,0.0,0.0,0.0,0.0,0.0,0.0,0.0,0.0,0.0,0.0,0.17593871011008574,0.0,0.0,0.0,0.0,0.0,0.0,0.0,0.0,0.0,0.0,0.0,0.16264264689417682,0.1398101456461617,0.1439028983123283,0.0,0.0,0.0,0.0,0.17263602637191428,0.0,0.0,0.0
5,2025-10-10,염씨네 편의점 이 책은 애무이자 포옹이며 이타주의의 한 예이며 어려운 순간에 누군가가 손을 빌려주면 절망에 빠지지 않고 강 건너편으로 도약할 수 있다는 사실을 전달하는 방식이다 이것이 때로 자신을 구할 수 있는 방법입니다 다리를 건너면 따뜻하고 안전한 피난처를 찾을 수 있습니다 한 남자의 이야기 사건의 이야기 한 문을 닫고 다른 문을 여는 운명의 이야기이다 겉모습에도 불구하고 그를 반갑게 맞이하고 그를 믿어주는 여자 영원히 닫혀 있다고 생각했던 문이 그에게 열립니다 그의 신뢰는 그에게 살고 앞으로 나아갈 용기를 줍니다 그가 반성하기 위해 멈추는 경계는 기다림 인내 연구이다 그러나 그것은 또한 자유이고 돌아오는 것 떠나는 것을 선택하는 자유 과거를 닫는 것 아마도 그것을 잊는 것의 자유이기도 합니다 하지만 기억하고 싶지 않은 것을 정말 잊어버리시나요 당신은 무엇으로부터 도망치고 있나요 읽어보시면 알게 되실 겁니다 추천합니다,1,0.0,0.0,0.0,0.0,0.0,0.0,0.0,0.0,0.0,0.0,0.0,0.0,0.0,0.0,0.0,0.0,0.0,0.0,0.0,0.20567481628907505,0.0,0.0,0.0,0.0,0.0,0.0,0.1796124713195636,0.0,0.0,0.0,0.15336291694384235,0.148933129570187,0.14302290538765697,0.0,0.0,0.0,0.0,0.0,0.0,0.16237439690487468,0.0,0.3140057039972124,0.0,0.3306524388864777,0.1394801403701637,0.0,0.0,0.0,0.0,0.0,0.0,0.0,0.0,0.0,0.0,0.0,0.0,0.0,0.0,0.0,0.0,0.0,0.0,0.0,0.0,0.0,0.0,0.10512727742489006,0.0,0.0,0.0,0.0,0.0,0.0,0.0,0.0,0.0,0.0,0.0,0.0,0.0,0.0,0.0,0.0,0.0,0.0,0.0,0.0,0.0,0.0,0.0,0.0,0.0,0.0,0.0,0.0,0.0,0.18643532441621583,0.0,0.0,0.0,0.0,0.0,0.17189542752367762,0.0,0.0,0.0,0.0,0.0,0.0,0.0,0.0,0.0,0.0,0.0,0.0,0.0,0.0,0.0,0.0,0.0,0.0,0.0,0.0,0.0,0.0,0.0,0.1570028519986062,0.0,0.0,0.0,0.0,0.0,0.0,0.0,0.0,0.0,0.0,0.0,0.1796124713195636,0.0,0.0,0.0,0.0,0.0,0.0,0.0,0.0,0.0,0.0,0.0,0.0,0.0,0.0,0.0,0.0,0.0,0.0,0.0,0.0,0.0,0.0,0.0,0.0,0.0,0.17755345196858496,0.0,0.0,0.14587944062506414,0.0,0.0,0.0,0.1701594821195403,0.0,0.18404225869321897,0.0,0.0,0.0,0.0,0.0,0.0,0.0,0.0,0.0,0.0,0.0,0.0,0.0,0.0,0.0,0.0,0.0,0.0,0.0,0.0,0.0,0.0,0.12960359832838855,0.0,0.18643532441621583,0.0,0.0,0.0,0.28243217154860206,0.0,0.0,0.0,0.0,0.0,0.0,0.0,0.0,0.0,0.0,0.0,0.0,0.0,0.0,0.0,0.0,0.0,0.0,0.0,0.0,0.0,0.09660292658354887,0.0,0.0,0.14121608577430103,0.0,0.0,0.1039675359444857,0.0,0.0,0.0,0.0,0.17189542752367762,0.0,0.0,0.0,0.0,0.0,0.0,0.0,0.0,0.0,0.0,0.0,0.0,0.10283740814453753,0.0,0.0,0.0,0.0,0.0,0.0,0.0,0.0,0.0,0.0,0.18404225869321897,0.0,0.0,0.0,0.0,0.18896520921013718,0.0,0.10754210903679354,0.0,0.0,0.0,0.0,0.0,0.0,0.0,0.0,0.0,0.0,0.0,0.0,0.0,0.0,0.0,0.14033960299056633,0.0,0.0,0.0,0.0,0.0,0.0,0.13389026210376748,0.0,0.0,0.16532621944323886,0.0,0.0,0.0,0.0,0.0,0.0
5,2026-02-06,5 사실 이것은 나를 감정적으로 만들었습니다 한동안 이런 느낌이 들지 않았습니다 나를 오늘로 이끈 모든 결정과 내가 어떻게 내 인생을 그렇게 허비하고 있는지에 대해 한 시간 동안 창밖을 내다보게 했습니다 토하고 울고 싶은데 더 이상 어떻게 해야 할지 모르겠어요 눈물이 멈추지 않았습니다 부끄럽지만 살기로 결심했습니다 나는 내 죄를 감당하기로 결정했습니다 나는 필요할 때 도움을 주고 내가 할 수 있는 것을 나누며 나 자신만을 위해 살지 않을 것입니다 한때는 오로지 나만의 생존만을 위해 사용되었던 기술을 다른 사람의 이익을 위해 사용하겠습니다 가족을 찾아 사과하겠습니다 그들이 나를 만나기를 거부한다면 나는 그들의 결정을 존중하고 그 결과를 감수할 것입니다 인생에는 의미가 있고 계속되어야 한다는 믿음을 붙잡고 나 역시 계속 나아갈 것입니다,1,0.0,0.0,0.0,0.0,0.0,0.0,0.0,0.0,0.0,0.0,0.0,0.0,0.0,0.0,0.0,0.0,0.0,0.0,0.0,0.09079516922165949,0.0,0.31183148182969284,0.0,0.0,0.0,0.1744246492680687,0.0,0.0,0.0,0.0,0.0,0.0,0.0,0.0,0.0,0.0,0.14336038908645038,0.1744246492680687,0.0,0.0,0.0,0.0,0.0,0.0,0.0,0.0,0.0,0.0,0.0,0.0,0.0,0.0,0.0,0.0,0.2369479227333862,0.4001991383745666,0.0,0.0,0.0,0.0,0.24050210947323483,0.0,0.0,0.0,0.0,0.0,0.1375169897674314,0.09281689528959844,0.0,0.0,0.0,0.0,0.0,0.0,0.0,0.0,0.0,0.0,0.1182117404958114,0.0,0.16683742284837078,0.0,0.0,0.0,0.0,0.0,0.0,0.0,0.0,0.0,0.15502489453784002,0.0,0.0,0.0,0.0,0.0,0.1692065110976031,0.0,0.0,0.0,0.0,0.0,0.0,0.0,0.0,0.0,0.0,0.0,0.0,0.0,0.0,0.0,0.0,0.0,0.0,0.09458543183661994,0.0,0.0,0.0,0.0,0.0,0.0,0.0,0.0,0.0,0.0,0.0,0.0,0.0,0.0,0.0,0.0,0.0,0.0,0.0,0.0,0.0,0.1375169897674314,0.0,0.0,0.0,0.0,0.0,0.0,0.0,0.0,0.0,0.0,0.0,0.0,0.0,0.0,0.0,0.0,0.0,0.0,0.0,0.0,0.0,0.0,0.0,0.0,0.0,0.0,0.0,0.0,0.0,0.0,0.0,0.0,0.0,0.30353301803378513,0.0,0.15857988860298283,0.0,0.0,0.0,0.0,0.0,0.0,0.0,0.23775951311802276,0.0,0.0,0.0,0.0,0.0,0.0,0.0,0.0,0.0,0.0,0.0,0.0,0.0,0.0,0.0,0.34328113244811725,0.15676197998611044,0.0,0.0,0.0,0.15023384245545332,0.0,0.0,0.0,0.0,0.0,0.0,0.0,0.0,0.0,0.0,0.0,0.0,0.0,0.0,0.0,0.0,0.0,0.0,0.0,0.0,0.0,0.1314930913372572,0.0852907441437376,0.0,0.0,0.0,0.0,0.0,0.0,0.0,0.0,0.0,0.0,0.0,0.0,0.0,0.0,0.0,0.0,0.0,0.0,0.0,0.0,0.0,0.0,0.0,0.0,0.0,0.0,0.0,0.0,0.0,0.0,0.16048651005724782,0.0,0.0,0.0,0.0,0.0,0.0,0.0,0.0,0.0,0.0,0.0,0.0,0.0,0.0,0.0,0.0,0.0,0.0,0.0,0.0,0.0,0.0,0.0,0.0,0.0,0.0,0.0,0.0,0.0,0.0,0.0,0.0,0.0,0.0,0.0,0.0,0.0,0.0,0.0,0.0,0.0,0.0,0.0
3,2026-05-28,두 번째 기회의 가게 는 인생에서 과거와 선택 잃어버린 기회에 어떻게든 연루된 사람들의 이야기로 그들의 길은 변화의 지점이자 새로운 시작이 되어야 할 가게와 묶여 있다 책 이름이 서점이나 서점 주변에 있을 때 나는 무의식적으로 그 장소의 분위기가 이야기의 중요한 부분이 될 것이라고 기대한다 책 냄새 책장의 고요함 그 공간의 분위기를 느낄 수 있는 곳 안타깝게도 이 책은 이 학과에서 나에게 큰 성공을 거두지 못했고 내가 기대했던 분위기도 잘 형성되지 않았다 처음에는 스토리에 흥미로운 아이디어가 있었고 캐릭터의 급여도 상대적으로 좋았습니다 그래서 책의 전체적인 분위기로 소통하는 것보다 이야기 속 인물들과 소통하는 것이 더 쉬웠어요 하지만 결말이 가까워질수록 이야기가 너무 과장됐고 일부 다른 사건들은 처음처럼 신빙성이 없었습니다 전체적으로 나쁜 책은 아니었고 성격도 괜찮은 책이었지만 나에게는 오래가는 책이라기보다는 평범한 책에 가까웠다,0,0.0,0.0,0.20932840037605954,0.0,0.0,0.0,0.0,0.0,0.0,0.0,0.0,0.0,0.0,0.0,0.0,0.0,0.0,0.0,0.0,0.0,0.14766691744667254,0.0,0.0,0.0,0.0,0.0,0.0,0.0,0.0,0.0,0.0,0.0,0.0,0.0,0.0,0.0,0.19357794768524206,0.0,0.2194097308706935,0.0,0.0,0.0,0.0,0.0,0.0,0.0,0.0,0.0,0.0,0.0,0.0,0.0,0.0,0.0,0.10664938640140587,0.0,0.1673087188849778,0.2284776803549421,0.0,0.0,0.16237366912322507,0.1498506735624381,0.0,0.0,0.0,0.0,0.0,0.12532962706903425,0.0,0.0,0.0,0.0,0.0,0.0,0.0,0.0,0.0,0.0,0.0,0.0,0.0,0.0,0.0,0.0,0.0,0.0,0.0,0.0,0.0,0.0,0.0,0.0,0.0,0.0,0.0,0.0,0.0,0.0,0.0,0.0,0.0,0.0,0.0,0.0,0.0,0.0,0.0,0.0,0.0,0.0,0.0,0.0,0.0,0.0,0.0,0.0,0.0,0.0,0.0,0.0,0.0,0.0,0.0,0.0,0.0,0.1385239621572177,0.0,0.0,0.0,0.0,0.0,0.0,0.15962000566056206,0.0,0.0,0.0,0.0,0.0,0.0,0.0,0.0,0.0,0.0,0.0,0.0,0.1856876702181593,0.0,0.0,0.0,0.0,0.0,0.0,0.0,0.0,0.0,0.0,0.0,0.0,0.0,0.0,0.0,0.0,0.0,0.0,0.0,0.0,0.0,0.0,0.0,0.0,0.0,0.0,0.0,0.0,0.0,0.0,0.0,0.0,0.0,0.0,0.0,0.0,0.0,0.0,0.0,0.0,0.0,0.0,0.0,0.0,0.0,0.0,0.0,0.0,0.0,0.0,0.0,0.0,0.0,0.0,0.0,0.0,0.0,0.16835363570493808,0.1553276748690687,0.0,0.0,0.0,0.19530815433301701,0.0,0.0,0.0,0.0,0.2116739676430911,0.0,0.0,0.0,0.0,0.0,0.0,0.0,0.0,0.0,0.2116739676430911,0.0,0.11516714842295496,0.0,0.18717415091262812,0.0,0.0,0.0,0.0,0.0,0.0,0.22226267296109598,0.0,0.0,0.0,0.0,0.0,0.0,0.0,0.0,0.0,0.0,0.0,0.0,0.0,0.0,0.0,0.0,0.0,0.0,0.0,0.0,0.0,0.0,0.0,0.0,0.0,0.0,0.0,0.20492863844787476,0.0,0.0,0.0,0.19530815433301701,0.2564170356152995,0.0,0.18012815665847173,0.0,0.0,0.0,0.19530815433301701,0.0,0.0,0.0,0.0,0.0,0.0,0.20708267528655067,0.0,0.0,0.0,0.0,0.0,0.0,0.0,0.0,0.0,0.15962000566056206,0.0,0.0,0.0,0.0,0.0,0.0,0.0,0.22527872669630586,0.0
3,2024-06-06,코케트 북클럽에서 읽었는데 처음에는 조금 지루하고 지루해 보였지만 마지막 장은 다른 모든 내용을 이해하게 해주었습니다 이 책은 나에게 인간성이 부재하여 눈에 띄는 어려운 시기에도 긍정적인 면을 볼 수 있도록 도와주는 인간성에 대한 따뜻함과 믿음을 남겼습니다 책에는 알코올에 대한 여러 언급이 있는데 주제에 민감해서 다소 불편하다고 느꼈습니다 이는 이 중독 문제에 직면한 인간의 지원이 아무 소용이 없음을 보여줍니다 그럼에도 불구하고 일부 사람들이 하는 행동을 정당화하는 것은 옳지 않다고 생각하지만 꽤 잘 설명되어 있다고 생각하며 그 배경은 일하기 위해 살아가는 아시아 사회가 어떤 방식으로든 스스로를 유지해야 한다는 것을 이해하는 데 도움이 된다고 생각합니다,0,0.0,0.0,0.0,0.0,0.0,0.0,0.0,0.0,0.0,0.0,0.0,0.0,0.0,0.0,0.0,0.0,0.0,0.0,0.1654581467635792,0.1305956667269425,0.0,0.0,0.0,0.0,0.0,0.0,0.0,0.0,0.0,0.0,0.0,0.0,0.0,0.0,0.0,0.0,0.0,0.0,0.0,0.0,0.0,0.0,0.0,0.0,0.0,0.0,0.0,0.0,0.0,0.0,0.0,0.0,0.0,0.0,0.0,0.0,0.1782205945426771,0.0,0.0,0.0,0.0,0.0,0.0,0.0,0.0,0.0,0.0,0.1335036261045736,0.23371963484525107,0.0,0.0,0.0,0.0,0.0,0.0,0.0,0.0,0.25931768970091595,0.0,0.0,0.0,0.22547934509315218,0.0,0.0,0.0,0.0,0.0,0.0,0.0,0.0,0.0,0.0,0.0,0.0,0.0,0.0,0.0,0.0,0.0,0.0,0.0,0.0,0.0,0.0,0.0,0.0,0.0,0.18651892045008536,0.0,0.0,0.0,0.0,0.0,0.0,0.0,0.13604740912154648,0.0,0.0,0.0,0.0,0.22298079991477687,0.0,0.0,0.0,0.0,0.0,0.0,0.1993816501673333,0.0,0.0,0.0,0.0,0.0,0.20620310260419256,0.0,0.0,0.0,0.0,0.0,0.0,0.0,0.0,0.0,0.0,0.0,0.0,0.20995169214386153,0.0,0.0,0.0,0.0,0.0,0.0,0.0,0.0,0.0,0.0,0.0,0.0,0.0,0.0,0.0,0.0,0.0,0.0,0.0,0.23371963484525107,0.0,0.0,0.0,0.0,0.0,0.0,0.0,0.0,0.0,0.0,0.0,0.0,0.0,0.17605848139048955,0.0,0.0,0.0,0.0,0.0,0.0,0.23083654076836765,0.0,0.0,0.0,0.0,0.0,0.0,0.0,0.0,0.0,0.16458668726965386,0.0,0.0,0.2280941426633787,0.0,0.0,0.0,0.0,0.0,0.0,0.0,0.0,0.0,0.0,0.0,0.0,0.22547934509315218,0.0,0.0,0.0,0.0,0.0,0.0,0.0,0.0,0.0,0.0,0.0,0.0,0.0,0.0,0.0,0.0,0.23371963484525107,0.0,0.0,0.0,0.0,0.0,0.0,0.0,0.0,0.0,0.0,0.0,0.20995169214386153,0.0,0.0,0.0,0.0,0.0,0.0,0.0,0.0,0.18781111555307956,0.0,0.0,0.0,0.0,0.0,0.0,0.0,0.0,0.0,0.0,0.0,0.0,0.0,0.0,0.0,0.13657027811457548,0.0,0.0,0.0,0.0,0.0,0.20804615334000112,0.0,0.0,0.0,0.0,0.0,0.0,0.0,0.0,0.0,0.0,0.0,0.0,0.0,0.0,0.0,0.19779822119297977,0.0,0.0,0.0,0.0,0.0,0.0,0.0,0.0,0.0,0.0
4,2025-11-03,퇴직한 역사교사이자 편의점 주인인 염씨 부인의 잃어버린 지갑을 노숙인이 그대로 돌려보내자 그녀는 흥미를 느낀다 그녀는 그에게 음식과 음료를 제안하고 다른 두 직원의 반대와 우려에도 불구하고 곧 자신의 매장의 야간 매니저로 일하게 됩니다 독고는 알코올중독자여서 전생을 기억하지 못한다 그러나 그를 향한 염씨의 믿음과 매장 관리의 규칙적인 일상과 책임은 한 남자의 큰 곰이 그의 삶을 다시 시작하는 데 도움이 된다 그는 단골이 된 몇몇 고객을 만나 친구가 되고 자신의 재활 노력을 통해 자신의 힘을 발견하고 두 번째 기회에서 얻은 소박한 지혜를 공유하기 시작하여 단골들의 삶을 열어줍니다 그는 또한 가게와 자신의 인생에서 아무것도 만들지 못하는 아들을 둔 염씨 부인을 보호하게 된다 희망을 찾고 삶의 도전에 맞서는 사람들의 따뜻하고 조용한 이야기입니다 측정된 속도는 위대하거나 놀라운 계시를 제공하지 않지만 염씨가 낯선 사람에게 기회를 잡아 자신의 매장과 그녀와 일부 고객의 삶에 도움이 되는 방식을 즐겼습니다,1,0.0,0.0,0.0,0.0,0.0,0.0,0.0,0.0,0.0,0.0,0.0,0.0,0.0,0.0,0.0,0.0,0.0,0.0,0.0,0.0,0.0,0.0,0.0,0.0,0.0,0.0,0.0,0.0,0.0,0.0,0.0,0.0,0.0,0.0,0.24253360872740254,0.21130904866005154,0.0,0.0,0.0,0.1274117154603828,0.0,0.12319677908971165,0.0,0.12972794745579974,0.10944708215069607,0.0,0.0,0.0,0.0,0.0,0.0,0.12319677908971165,0.0,0.0,0.0,0.0,0.0,0.0,0.0,0.1550201134597834,0.0,0.0,0.0,0.0,0.1393223952325635,0.0,0.0,0.08249112553275138,0.0,0.12126680436370127,0.0,0.0,0.0,0.0,0.0,0.0,0.0,0.0,0.0,0.0,0.0,0.278644790465127,0.0,0.0,0.1177015631629646,0.0,0.0,0.0,0.0,0.0,0.0,0.11855915261530664,0.0,0.2548234309207656,0.11943845548389877,0.0,0.0,0.14629181052600984,0.0,0.0,0.0,0.0,0.0,0.13488266449678282,0.0,0.0,0.0,0.0,0.0,0.0,0.0,0.0,0.0,0.0,0.0,0.0,0.0,0.0,0.0,0.0,0.0,0.0,0.0,0.0,0.0,0.09117554898101557,0.0,0.12319677908971165,0.0,0.0,0.0,0.0,0.10506082426329343,0.0,0.1393223952325635,0.0,0.0,0.0,0.0,0.0,0.11604741205605656,0.2202429681636627,0.11855915261530664,0.0,0.0,0.0,0.0,0.0,0.0,0.0,0.0,0.0,0.0,0.0,0.0,0.0,0.0,0.0,0.0,0.0,0.0,0.0,0.0,0.0,0.0,0.0,0.0,0.0,0.0,0.0,0.0,0.0,0.0,0.0,0.0,0.0,0.0,0.12524034543999227,0.0,0.0,0.0,0.0,0.0,0.0,0.0,0.0,0.0,0.0,0.24443677480047177,0.0,0.0,0.0,0.0,0.0,0.0,0.0,0.0,0.0,0.0,0.0,0.0,0.0,0.0,0.0,0.0,0.0,0.0,0.0,0.0,0.11370513535888607,0.0,0.0,0.0,0.1393223952325635,0.0,0.0,0.0,0.0,0.0,0.0,0.0,0.0,0.0,0.1393223952325635,0.0,0.0,0.0,0.0,0.0,0.0,0.0,0.0,0.0,0.0,0.0,0.0,0.0,0.483635957892188,0.0,0.0,0.0,0.0,0.0,0.0,0.0,0.0,0.0,0.0,0.0,0.0,0.0,0.0,0.0,0.0,0.0,0.0,0.0,0.0,0.0,0.0,0.0,0.0,0.0,0.12319677908971165,0.0,0.0,0.0,0.0,0.0,0.0,0.0,0.0,0.0,0.0,0.0,0.0,0.0,0.0,0.0,0.0,0.0,0.11604741205605656,0.0,0.11012148408183135,0.0,0.0,0.0,0.0,0.0,0.0,0.0,0.0,0.0,0.0,0.0,0.0,0.0,0.0,0.0,0.0
4,2024-05-13,3 5 4 Wereldbibliotheek에는 치유 소설이 함께 제공됩니다 누군가가 두 번째 기회를 얻고 꽃을 피우고 치유하는 소설입니다 이 한국 이야기에서는 부랑자가 주인의 가방을 훔쳐 편의점에 출근합니다 그뿐만 아니라 다른 직원들과 주변 매장에 있는 사람들도 그를 따라다닌다 아주 좋아요 내가 읽기를 좋아하는 수준 높은 문학은 아니지만 여전히 훌륭합니다 문학적 우위를 지닌 일종의 기분 좋은 느낌,1,0.0,0.0,0.0,0.0,0.0,0.0,0.0,0.0,0.0,0.0,0.0,0.0,0.0,0.0,0.0,0.0,0.0,0.0,0.0,0.0,0.0,0.0,0.0,0.0,0.0,0.0,0.0,0.0,0.0,0.0,0.0,0.0,0.0,0.0,0.0,0.0,0.0,0.0,0.0,0.0,0.0,0.26422005538645443,0.0,0.0,0.0,0.0,0.28928276654100243,0.0,0.0,0.0,0.0,0.26422005538645443,0.0,0.0,0.0,0.0,0.0,0.0,0.0,0.0,0.22921102962057488,0.0,0.0,0.0,0.0,0.0,0.0,0.17691866555442062,0.0,0.0,0.0,0.0,0.0,0.0,0.0,0.0,0.0,0.0,0.0,0.0,0.0,0.0,0.0,0.0,0.0,0.0,0.0,0.0,0.0,0.0,0.0,0.0,0.0,0.0,0.0,0.0,0.0,0.0,0.0,0.0,0.0,0.0,0.0,0.0,0.0,0.0,0.0,0.0,0.0,0.0,0.0,0.0,0.0,0.0,0.0,0.0,0.0,0.0,0.0,0.0,0.0,0.0,0.0,0.0,0.0,0.19554414311523305,0.0,0.0,0.0,0.0,0.0,0.0,0.0,0.0,0.0,0.0,0.0,0.0,0.0,0.0,0.0,0.0,0.0,0.0,0.0,0.0,0.0,0.0,0.0,0.0,0.0,0.0,0.30226977737050503,0.31375195492424207,0.0,0.0,0.0,0.0,0.0,0.0,0.0,0.0,0.24888681236201735,0.0,0.0,0.0,0.0,0.2686028908651632,0.0,0.0,0.0,0.0,0.0,0.0,0.0,0.0,0.0,0.0,0.0,0.0,0.0,0.0,0.0,0.0,0.0,0.0,0.0,0.0,0.0,0.0,0.0,0.0,0.0,0.0,0.0,0.0,0.0,0.0,0.0,0.0,0.0,0.0,0.0,0.0,0.0,0.0,0.0,0.0,0.0,0.0,0.0,0.0,0.0,0.0,0.0,0.0,0.0,0.0,0.0,0.0,0.0,0.0,0.0,0.0,0.0,0.1625730379256134,0.0,0.0,0.0,0.0,0.0,0.0,0.0,0.0,0.0,0.0,0.0,0.0,0.0,0.0,0.0,0.0,0.0,0.0,0.0,0.0,0.0,0.0,0.0,0.0,0.0,0.0,0.270894970594105,0.0,0.0,0.20171817249979423,0.0,0.0,0.2580944097084935,0.0,0.0,0.0,0.0,0.0,0.0,0.0,0.0,0.0,0.0,0.0,0.0,0.0,0.0,0.0,0.0,0.0,0.0,0.0,0.0,0.0,0.0,0.0,0.0,0.0,0.0,0.0,0.0,0.0,0.0,0.0,0.0,0.23191993591958737,0.26422005538645443,0.0,0.0,0.0,0.0,0.0,0.0,0.0
4,2026-05-05,실제로 장마다 나아졌고 마지막에는 해결 방법에 있어서는 실제로 정말 흥미로웠습니다 각 장에는 다양한 이유로 상점에서 쇼핑을 하고 주인공과 함께 긍정적인 경험을 하는 다양한 사람이 등장합니다 나는 독서 경험을 아늑하다고 설명하지 않고 뭔가 다른 것을 기대했습니다 신자본주의 임금노예 매트릭스는 한국에서는 확실히 다르다,1,0.0,0.0,0.0,0.0,0.0,0.0,0.0,0.0,0.0,0.0,0.0,0.0,0.0,0.0,0.0,0.0,0.0,0.0,0.0,0.16677380657307833,0.0,0.0,0.0,0.0,0.0,0.0,0.0,0.0,0.0,0.0,0.0,0.0,0.0,0.0,0.0,0.0,0.0,0.0,0.0,0.0,0.0,0.0,0.0,0.0,0.0,0.0,0.0,0.0,0.0,0.0,0.0,0.0,0.0,0.0,0.14507639328019672,0.0,0.0,0.0,0.0,0.0,0.0,0.0,0.0,0.0,0.0,0.0,0.0,0.17048734061997303,0.0,0.0,0.4523963481884991,0.0,0.0,0.0,0.0,0.0,0.0,0.0,0.0,0.0,0.0,0.0,0.0,0.0,0.0,0.0,0.0,0.0,0.0,0.0,0.0,0.0,0.0,0.0,0.0,0.0,0.0,0.0,0.0,0.0,0.0,0.0,0.0,0.0,0.0,0.0,0.0,0.0,0.0,0.0,0.0,0.0,0.0,0.0,0.0,0.0,0.0,0.0,0.0,0.0,0.0,0.0,0.0,0.0,0.0,0.0,0.0,0.0,0.0,0.0,0.0,0.0,0.0,0.0,0.0,0.0,0.0,0.0,0.24325800334122707,0.0,0.0,0.0,0.0,0.0,0.0,0.0,0.0,0.0,0.0,0.0,0.0,0.0,0.0,0.0,0.0,0.0,0.0,0.5519031463277261,0.0,0.0,0.0,0.0,0.0,0.0,0.0,0.0,0.0,0.0,0.23657606752981555,0.0,0.0,0.0,0.0,0.0,0.0,0.0,0.0,0.0,0.0,0.0,0.0,0.0,0.0,0.0,0.0,0.0,0.0,0.0,0.0,0.0,0.0,0.0,0.0,0.0,0.0,0.0,0.0,0.0,0.0,0.0,0.0,0.0,0.0,0.0,0.0,0.0,0.0,0.0,0.0,0.0,0.0,0.0,0.0,0.0,0.0,0.0,0.0,0.0,0.0,0.0,0.0,0.0,0.0,0.0,0.0,0.0,0.0,0.0,0.0,0.0,0.0,0.0,0.0,0.0,0.0,0.0,0.0,0.0,0.0,0.0,0.0,0.0,0.0,0.0,0.0,0.0,0.0,0.0,0.0,0.16677380657307833,0.0,0.0,0.0,0.0,0.0,0.0,0.0,0.0,0.0,0.0,0.0,0.0,0.0,0.0,0.0,0.0,0.0,0.0,0.0,0.0,0.0,0.0,0.0,0.0,0.0,0.0,0.0,0.0,0.0,0.0,0.0,0.0,0.0,0.0,0.0,0.0,0.0,0.0,0.2633263201633134,0.2525930845064669,0.0,0.0,0.2546151613801444,0.0,0.0,0.0,0.26811335914001816,0.0,0.0,0.0
5,2026-05-27,힐링 픽션 이 스타일에 딱 어울리는 이름이네요 일이 잘 풀리고 사람이 사람이 되는 책일 뿐입니다 쉽게 읽습니다,1,0.0,0.0,0.0,0.0,0.0,0.0,0.0,0.0,0.0,0.0,0.0,0.0,0.0,0.0,0.0,0.0,0.0,0.0,0.0,0.0,0.0,0.0,0.0,0.0,0.0,0.0,0.0,0.0,0.0,0.0,0.0,0.0,0.0,0.0,0.0,0.0,0.0,0.0,0.0,0.0,0.0,0.0,0.0,0.0,0.0,0.0,0.0,0.0,0.0,0.0,0.0,0.0,0.0,0.0,0.0,0.0,0.0,0.0,0.0,0.0,0.0,0.0,0.0,0.0,0.0,0.0,0.0,0.0,0.0,0.0,0.0,0.0,0.0,0.0,0.0,0.0,0.0,0.0,0.0,0.0,0.0,0.0,0.0,0.0,0.0,0.0,0.0,0.0,0.0,0.0,0.0,0.3643928090859946,0.0,0.0,0.0,0.0,0.0,0.0,0.0,0.0,0.0,0.0,0.0,0.0,0.0,0.0,0.0,0.0,0.0,0.0,0.0,0.0,0.0,0.0,0.0,0.0,0.0,0.0,0.0,0.0,0.0,0.0,0.0,0.0,0.0,0.0,0.0,0.0,0.0,0.0,0.0,0.0,0.0,0.0,0.0,0.0,0.0,0.0,0.7235139976739005,0.0,0.0,0.0,0.0,0.0,0.0,0.0,0.0,0.0,0.0,0.0,0.0,0.0,0.0,0.0,0.0,0.0,0.0,0.0,0.0,0.0,0.0,0.0,0.0,0.0,0.0,0.0,0.0,0.0,0.0,0.0,0.0,0.0,0.0,0.0,0.0,0.0,0.0,0.0,0.0,0.0,0.0,0.0,0.0,0.0,0.0,0.0,0.0,0.0,0.0,0.0,0.0,0.0,0.0,0.0,0.0,0.0,0.0,0.0,0.0,0.0,0.0,0.0,0.0,0.0,0.0,0.0,0.0,0.0,0.0,0.0,0.0,0.0,0.0,0.0,0.0,0.3951014006641245,0.0,0.0,0.0,0.0,0.0,0.0,0.0,0.0,0.0,0.0,0.0,0.0,0.0,0.0,0.0,0.0,0.0,0.0,0.0,0.0,0.0,0.0,0.0,0.0,0.0,0.0,0.0,0.0,0.0,0.0,0.0,0.0,0.0,0.0,0.0,0.0,0.0,0.0,0.0,0.0,0.0,0.0,0.0,0.0,0.0,0.0,0.0,0.0,0.0,0.0,0.0,0.0,0.0,0.0,0.0,0.0,0.0,0.0,0.0,0.0,0.0,0.0,0.0,0.0,0.0,0.0,0.0,0.0,0.0,0.0,0.0,0.0,0.0,0.0,0.0,0.0,0.0,0.0,0.0,0.0,0.0,0.0,0.0,0.433174628815673
5,2025-01-31,때때로 당신은 포옹 책이 필요합니다 그리고 이 책은 다른 제목에서 이미 일어난 것처럼 나에게 아시아 글쓰기는 휴식 일상생활 평온함 다른 눈으로 문제를 다루는 것입니다 그리고 Dokko가 말하는 마지막 장은 그의 이야기의 순환을 완벽하게 마무리합니다,1,0.0,0.0,0.0,0.0,0.0,0.0,0.0,0.0,0.0,0.0,0.0,0.0,0.0,0.0,0.0,0.0,0.0,0.0,0.0,0.0,0.0,0.1974829070469237,0.31273078186500114,0.0,0.0,0.0,0.0,0.0,0.0,0.0,0.0,0.0,0.0,0.0,0.0,0.0,0.0,0.0,0.0,0.0,0.0,0.0,0.38981540548688726,0.0,0.2339671062293999,0.0,0.0,0.0,0.0,0.0,0.0,0.0,0.0,0.0,0.0,0.0,0.2354087880464262,0.0,0.0,0.0,0.0,0.0,0.0,0.0,0.0,0.0,0.0,0.35268569159166496,0.0,0.0,0.0,0.0,0.0,0.0,0.0,0.0,0.0,0.0,0.0,0.0,0.0,0.0,0.0,0.0,0.0,0.0,0.0,0.0,0.0,0.0,0.0,0.0,0.0,0.0,0.0,0.0,0.0,0.0,0.0,0.0,0.0,0.0,0.0,0.0,0.0,0.0,0.0,0.24636991658317028,0.0,0.0,0.0,0.0,0.0,0.0,0.0,0.0,0.0,0.0,0.0,0.27237044405573374,0.0,0.0,0.0,0.0,0.0,0.0,0.0,0.0,0.0,0.0,0.0,0.0,0.0,0.0,0.0,0.0,0.0,0.0,0.0,0.0,0.0,0.0,0.0,0.0,0.0,0.0,0.0,0.0,0.0,0.0,0.0,0.0,0.0,0.0,0.0,0.0,0.0,0.0,0.0,0.0,0.0,0.0,0.0,0.0,0.0,0.0,0.30871659991235584,0.0,0.0,0.0,0.0,0.0,0.0,0.0,0.0,0.0,0.0,0.0,0.0,0.0,0.0,0.0,0.0,0.0,0.0,0.0,0.0,0.0,0.0,0.0,0.0,0.0,0.0,0.0,0.0,0.0,0.0,0.0,0.0,0.0,0.0,0.0,0.0,0.0,0.0,0.0,0.0,0.0,0.27480490086549864,0.0,0.0,0.0,0.0,0.0,0.0,0.0,0.0,0.0,0.0,0.0,0.0,0.0,0.0,0.0,0.0,0.0,0.0,0.0,0.0,0.0,0.0,0.0,0.0,0.0,0.0,0.0,0.0,0.0,0.0,0.0,0.0,0.0,0.2773218971842647,0.0,0.0,0.0,0.0,0.0,0.0,0.0,0.0,0.0,0.0,0.0,0.0,0.0,0.0,0.0,0.0,0.0,0.0,0.0,0.0,0.0,0.0,0.0,0.0,0.18039353833721444,0.0,0.0,0.24807675682739663,0.0,0.0,0.0,0.0,0.0,0.0,0.0,0.0,0.0,0.0,0.0,0.0,0.0,0.0,0.0,0.0,0.0,0.0,0.0,0.0,0.0,0.0,0.0,0.0,0.0,0.0,0.0,0.0,0.0
4,2024-07-22,여름에 읽기 딱 좋은 책 지역 상점을 엿볼 수 있고 하나의 선행이 직접 관련된 사람들보다 더 많은 삶에 어떻게 영향을 미칠 수 있는지를 알려주는 삶의 단편적인 이야기입니다 또한 사람에 대한 진정한 관심의 힘을 보여주며 사람들에게 주의를 기울이고 때로는 그저 귀 기울여 주기도 합니다 느린 속도에도 불구하고 계속해서 당신을 매료시키는 정말 기분 좋은 책입니다 별 4개 드립니다 책에서 심각한 일이 많이 발생하지 않음에도 불구하고 여전히 내 관심을 끌 수 있다는 사실에 놀랐습니다,1,0.0,0.0,0.0,0.0,0.0,0.0,0.0,0.0,0.0,0.0,0.0,0.0,0.0,0.0,0.0,0.0,0.0,0.0,0.0,0.0,0.0,0.0,0.0,0.0,0.0,0.0,0.0,0.0,0.0,0.0,0.0,0.0,0.0,0.0,0.0,0.0,0.0,0.0,0.0,0.0,0.0,0.0,0.0,0.0,0.0,0.0,0.21968511682650538,0.0,0.0,0.0,0.0,0.0,0.0,0.0,0.0,0.0,0.0,0.0,0.0,0.0,0.0,0.0,0.0,0.0,0.0,0.0,0.0,0.0,0.0,0.0,0.0,0.0,0.0,0.0,0.23520896212590964,0.0,0.0,0.13048506749513358,0.0,0.0,0.0,0.0,0.0,0.0,0.0,0.0,0.0,0.0,0.0,0.0,0.0,0.0,0.0,0.0,0.0,0.0,0.0,0.0,0.0,0.0,0.19600027069376716,0.0,0.0,0.21968511682650538,0.0,0.0,0.0,0.0,0.0,0.0,0.15249334641375822,0.20065216614710343,0.0,0.0,0.0,0.0,0.0,0.0,0.0,0.0,0.0,0.0,0.0,0.0,0.0,0.0,0.0,0.40130433229420687,0.0,0.21533172435974932,0.0,0.0,0.0,0.0,0.0,0.0,0.0,0.0,0.0,0.0,0.18900790083040261,0.0,0.193098804730139,0.0,0.0,0.0,0.0,0.0,0.0,0.0,0.0,0.0,0.0,0.0,0.0,0.0,0.0,0.0,0.0,0.0,0.0,0.0,0.0,0.0,0.0,0.0,0.0,0.0,0.0,0.0,0.0,0.0,0.0,0.0,0.0,0.0,0.0,0.0,0.0,0.0,0.0,0.1720808719733156,0.0,0.0,0.0,0.0,0.0,0.0,0.0,0.0,0.21533172435974932,0.0,0.0,0.0,0.0,0.0,0.0,0.0,0.0,0.0,0.0,0.0,0.0,0.0,0.0,0.0,0.0,0.0,0.0,0.18519300488526672,0.0,0.0,0.0,0.0,0.0,0.20937188197213122,0.0,0.0,0.19033893129272927,0.0,0.0,0.0,0.0,0.0,0.19033893129272927,0.0,0.0,0.0,0.18047642539436293,0.0,0.0,0.0,0.0,0.0,0.0,0.0,0.0,0.0,0.0,0.0,0.0,0.0,0.0,0.0,0.0,0.0,0.0,0.0,0.0,0.13142785906423163,0.0,0.0,0.0,0.0,0.0,0.30637483747491334,0.0,0.0,0.0,0.0,0.0,0.0,0.0,0.0,0.0,0.0,0.0,0.0,0.0,0.0,0.0,0.0,0.18397648090878038,0.0,0.0,0.0,0.0,0.0,0.0,0.0,0.0,0.0,0.0,0.0,0.0,0.0,0.0,0.0,0.0,0.0,0.0,0.0,0.0,0.21128956340545801,0.0,0.0,0.0,0.0,0.0,0.0
5,2026-06-17,나는 이 책을 정말 좋아했습니다 너무 귀엽고 재미있게 읽었습니다 스토리와 캐릭터가 마음에 들었습니다 잘 썼다고 생각했어요 나는 이 책을 꼭 추천하고 싶다,1,0.0,0.0,0.0,0.0,0.0,0.0,0.0,0.0,0.0,0.0,0.0,0.0,0.0,0.0,0.0,0.0,0.0,0.0,0.0,0.0,0.0,0.0,0.0,0.0,0.0,0.0,0.0,0.0,0.0,0.0,0.0,0.0,0.0,0.0,0.0,0.0,0.0,0.0,0.0,0.0,0.0,0.0,0.0,0.0,0.0,0.0,0.0,0.0,0.0,0.0,0.0,0.0,0.0,0.0,0.3449177373506239,0.0,0.0,0.0,0.0,0.0,0.0,0.24231810894385875,0.0,0.0,0.0,0.0,0.0,0.0,0.0,0.0,0.0,0.0,0.0,0.0,0.0,0.0,0.0,0.0,0.0,0.0,0.0,0.0,0.0,0.0,0.0,0.0,0.0,0.0,0.0,0.0,0.0,0.0,0.0,0.0,0.0,0.30026882116553866,0.0,0.0,0.0,0.0,0.0,0.0,0.0,0.0,0.23213461750136943,0.0,0.0,0.0,0.0,0.0,0.0,0.0,0.0,0.0,0.0,0.0,0.0,0.0,0.0,0.0,0.0,0.0,0.0,0.0,0.0,0.0,0.0,0.0,0.0,0.0,0.0,0.0,0.0,0.0,0.0,0.0,0.0,0.0,0.0,0.0,0.0,0.0,0.0,0.0,0.0,0.0,0.0,0.0,0.0,0.0,0.0,0.0,0.0,0.0,0.0,0.0,0.0,0.0,0.0,0.0,0.0,0.0,0.0,0.0,0.0,0.0,0.0,0.0,0.0,0.0,0.0,0.0,0.0,0.0,0.0,0.0,0.0,0.0,0.0,0.0,0.0,0.0,0.0,0.0,0.0,0.0,0.0,0.0,0.0,0.0,0.0,0.0,0.0,0.0,0.0,0.0,0.0,0.0,0.0,0.0,0.0,0.0,0.0,0.0,0.0,0.0,0.0,0.0,0.0,0.0,0.0,0.0,0.0,0.0,0.0,0.0,0.0,0.0,0.0,0.0,0.3187184734095317,0.0,0.0,0.0,0.0,0.0,0.0,0.0,0.0,0.0,0.0,0.0,0.0,0.0,0.0,0.0,0.0,0.0,0.0,0.0,0.0,0.0,0.0,0.33849739157985526,0.0,0.0,0.0,0.0,0.0,0.19825156495804905,0.0,0.0,0.0,0.0,0.3642900878625923,0.0,0.0,0.0,0.0,0.0,0.0,0.0,0.0,0.0,0.0,0.0,0.0,0.0,0.429636599995855,0.0,0.0,0.0,0.0,0.0,0.0,0.0,0.0,0.0,0.3248158468332967,0.0,0.0,0.0,0.0,0.0,0.0,0.0,0.0,0.0,0.0,0.0,0.0,0.0,0.0,0.0,0.0,0.0,0.0,0.0,0.0,0.0
4,2026-04-27,아마도 별 4개가 더 많겠지만 정말 마음에 들었습니다 비행기에서 한 가지 설정을 읽어보세요 너무 귀엽고 달콤했지만 슬프고 현실적이지 않았습니다 마지막에 주인공이 자살할 것 같아서 눈물이 나올 뻔했어요 이 책에서 전하는 인생의 교훈이 마음에 들었습니다,1,0.0,0.0,0.0,0.0,0.0,0.0,0.0,0.0,0.3294543130049886,0.0,0.0,0.0,0.0,0.0,0.0,0.0,0.0,0.0,0.0,0.0,0.0,0.0,0.0,0.0,0.0,0.0,0.0,0.0,0.0,0.0,0.0,0.0,0.0,0.0,0.0,0.0,0.0,0.0,0.0,0.0,0.0,0.0,0.0,0.0,0.0,0.0,0.0,0.0,0.0,0.0,0.0,0.0,0.0,0.0,0.0,0.0,0.0,0.0,0.0,0.0,0.0,0.2250080272918381,0.0,0.0,0.0,0.0,0.0,0.0,0.0,0.0,0.0,0.0,0.0,0.0,0.0,0.0,0.0,0.0,0.0,0.0,0.0,0.0,0.0,0.0,0.0,0.0,0.0,0.0,0.0,0.0,0.0,0.0,0.0,0.0,0.0,0.5576380189014831,0.0,0.0,0.0,0.0,0.0,0.0,0.0,0.0,0.43110399447884346,0.0,0.0,0.0,0.0,0.0,0.0,0.0,0.0,0.0,0.0,0.0,0.0,0.0,0.0,0.0,0.0,0.0,0.0,0.0,0.0,0.0,0.0,0.0,0.0,0.0,0.0,0.0,0.0,0.0,0.0,0.0,0.0,0.0,0.0,0.0,0.0,0.0,0.0,0.0,0.0,0.0,0.0,0.0,0.0,0.0,0.0,0.0,0.0,0.0,0.0,0.0,0.0,0.0,0.0,0.0,0.0,0.0,0.0,0.0,0.0,0.3178386907187511,0.0,0.0,0.0,0.0,0.0,0.3077102529909269,0.0,0.0,0.0,0.0,0.0,0.0,0.0,0.0,0.0,0.0,0.0,0.0,0.0,0.0,0.0,0.0,0.0,0.0,0.0,0.0,0.0,0.0,0.0,0.0,0.0,0.0,0.0,0.0,0.0,0.0,0.0,0.0,0.0,0.0,0.0,0.0,0.0,0.0,0.0,0.3382668938330276,0.0,0.0,0.0,0.0,0.0,0.0,0.0,0.0,0.0,0.0,0.0,0.0,0.0,0.0,0.0,0.0,0.0,0.0,0.0,0.0,0.0,0.0,0.0,0.0,0.0,0.0,0.0,0.0,0.0,0.0,0.0,0.0,0.0,0.0,0.0,0.0,0.0,0.1840893927950937,0.0,0.0,0.0,0.0,0.0,0.0,0.0,0.0,0.0,0.0,0.0,0.0,0.0,0.0,0.0,0.0,0.0,0.0,0.0,0.0,0.0,0.0,0.0,0.0,0.0,0.0,0.0,0.0,0.0,0.0,0.0,0.0,0.0,0.0,0.0,0.0,0.0,0.0,0.0,0.0,0.0,0.0,0.0,0.0,0.0,0.0,0.0,0.0,0.0,0.0
3,2026-04-09,3 5 5 90 홀마크 10 아름다운 문학,0,0.0,0.0,0.0,0.0,0.0,0.0,0.0,0.0,0.0,0.0,0.0,0.0,0.0,0.0,0.0,0.0,0.0,0.0,0.0,0.0,0.0,0.0,0.0,0.0,0.0,0.0,0.0,0.0,0.0,0.0,0.0,0.0,0.0,0.0,0.0,0.0,0.0,0.0,0.0,0.0,0.0,0.0,0.0,0.0,0.0,0.0,0.0,0.0,0.0,0.0,0.0,0.0,0.0,0.0,0.0,0.0,0.0,0.0,0.0,0.0,0.0,0.0,0.0,0.0,0.0,0.0,0.0,0.0,0.0,0.0,0.0,0.0,0.0,0.0,0.0,0.0,0.0,0.0,0.0,0.0,0.0,0.0,0.0,0.0,0.0,0.0,0.0,0.0,0.0,0.0,0.0,0.0,0.0,0.0,0.0,0.0,0.0,0.0,0.0,0.0,0.0,0.0,0.0,0.0,0.0,0.0,0.0,0.0,0.0,0.0,0.0,0.0,0.0,0.0,0.0,0.0,0.0,0.0,0.0,0.0,0.0,0.0,0.0,0.0,0.0,0.0,0.0,0.0,0.0,0.0,0.0,0.0,0.0,0.0,0.0,0.0,0.0,0.0,0.0,0.0,0.0,0.0,0.0,0.0,0.0,0.0,0.0,0.0,0.0,0.0,0.0,0.0,0.0,0.0,0.0,0.0,0.0,0.0,0.0,0.0,0.0,0.0,0.0,0.0,1.0,0.0,0.0,0.0,0.0,0.0,0.0,0.0,0.0,0.0,0.0,0.0,0.0,0.0,0.0,0.0,0.0,0.0,0.0,0.0,0.0,0.0,0.0,0.0,0.0,0.0,0.0,0.0,0.0,0.0,0.0,0.0,0.0,0.0,0.0,0.0,0.0,0.0,0.0,0.0,0.0,0.0,0.0,0.0,0.0,0.0,0.0,0.0,0.0,0.0,0.0,0.0,0.0,0.0,0.0,0.0,0.0,0.0,0.0,0.0,0.0,0.0,0.0,0.0,0.0,0.0,0.0,0.0,0.0,0.0,0.0,0.0,0.0,0.0,0.0,0.0,0.0,0.0,0.0,0.0,0.0,0.0,0.0,0.0,0.0,0.0,0.0,0.0,0.0,0.0,0.0,0.0,0.0,0.0,0.0,0.0,0.0,0.0,0.0,0.0,0.0,0.0,0.0,0.0,0.0,0.0,0.0,0.0,0.0,0.0,0.0,0.0,0.0,0.0,0.0,0.0,0.0,0.0,0.0,0.0,0.0,0.0,0.0,0.0,0.0,0.0,0.0,0.0,0.0,0.0,0.0,0.0,0.0,0.0,0.0,0.0
5,2022-10-18,고민스러운 미니마켓 김호연 penerbitharu의 고급 독자 카피입니다 이 리뷰에는 스포일러가 일부 포함되어 있습니다 이야기의 시작 부분에서 우리는 기차에 탑승하게 될 것입니다 주머니를 잃어버린 할머니는 어디서 잃어버렸는지 혼란스러워하고 있었습니다 그러던 중 누군가 전화를 걸어 그를 발견한 사람은 서울역 노숙자라는 사실을 알게 됐다 이 한 번의 만남에서 이 책의 이야기는 시작되는데 노숙인과 그 속에서 서로의 삶을 바꾸는 데 성공한 사람들의 만남에 대한 이야기이다 CPNS 시험을 준비하는 여직원 오만하고 고집 센 노파 술 취한 남자 등 마침내 트라우마와 기억을 잃은 노숙자의 어두운 과거에 얽힌 사연까지 이 책에 담긴 이야기 하나하나가 너무나 따뜻하고 감동적이어서 삶의 힘든 고군분투를 떠올리며 눈물을 흘리기까지 했습니다 우리가 겪는 삶의 무거운 짐을 꼭 잊고 싶고 죽는 것으로 모든 것을 끝내고 싶은 시점이 옵니다 하지만 실제로 소통할 사람이 있으면 모든 것을 극복할 수 있습니다 저는 이 책을 정말 좋아합니다 먼저 이 책을 읽을 수 있는 기회를 주신 penerbitharu님께 진심으로 감사드립니다 이 책은 매우 아름답고 매우 마음이 따뜻해집니다 이 책이 출판된 후에 여러분 모두가 이 책을 읽을 수 있으며 그 이야기가 마음에 들 것이라는 것은 보장됩니다 내 평가는 별 5개 중 5개입니다,1,0.0,0.0,0.0,0.0,0.0,0.0,0.0,0.0,0.0,0.0,0.0,0.15126239320000182,0.0,0.0,0.0,0.0,0.0,0.1618582829109077,0.10842128880717374,0.1711532587077666,0.0,0.09796955561319262,0.0,0.0,0.0,0.0,0.0,0.0,0.0,0.0,0.0,0.0,0.0,0.0,0.0,0.0,0.0,0.0,0.0,0.0,0.0,0.13065065636527318,0.0,0.0,0.0,0.0,0.0,0.0,0.14304358262458253,0.0,0.0,0.13065065636527318,0.0,0.0,0.0,0.0,0.0,0.0,0.0,0.0,0.0,0.0,0.0,0.0,0.0,0.0,0.0,0.0,0.0,0.0,0.0,0.0,0.0,0.1594812037754211,0.0,0.0,0.0,0.0849627494258291,0.0,0.0,0.0,0.0,0.0,0.0,0.0,0.0,0.0,0.0,0.0,0.0,0.0,0.0,0.0,0.0,0.0,0.0,0.0,0.1551430257131092,0.0,0.0,0.0,0.0,0.0,0.0,0.10020247823175443,0.0,0.11979261648679837,0.0,0.0,0.0,0.0,0.0,0.0,0.1724018290410564,0.0,0.17829808594328814,0.0,0.0,0.0,0.0,0.0,0.0,0.0,0.0,0.0,0.0,0.0,0.0,0.0,0.0,0.0,0.0,0.11141740676743234,0.0,0.0,0.14946535665159838,0.0,0.0,0.12482295881503454,0.14946535665159838,0.0,0.11678425589951781,0.2514648714317562,0.0,0.0,0.0,0.0,0.0,0.0,0.0,0.0,0.0,0.0,0.0,0.0,0.0,0.0,0.14159900755108745,0.0,0.0,0.13512061253973648,0.0,0.0,0.0,0.0,0.0,0.0,0.0,0.0,0.0,0.0,0.0,0.0,0.0,0.1531516248980619,0.0,0.0,0.0,0.0,0.0,0.0,0.0,0.0,0.0,0.0,0.0,0.0,0.0,0.0,0.0,0.0,0.0,0.0,0.1257324357158781,0.11979261648679837,0.0,0.0,0.0,0.0,0.0,0.0,0.0,0.0,0.11751362514045884,0.10842128880717374,0.11268759964072039,0.0,0.0,0.13632832542678402,0.0,0.0,0.0,0.0,0.1477519340847488,0.0,0.0,0.0,0.0,0.0,0.0,0.0,0.0,0.30252478640000363,0.1477519340847488,0.0,0.08038857641298773,0.0,0.0,0.0,0.0,0.0,0.17303414095876138,0.1477519340847488,0.1317183236727356,0.0,0.0,0.0,0.0,0.0,0.0,0.0,0.0,0.0,0.0,0.13395124629129743,0.0,0.0,0.0,0.0,0.0855766293538833,0.0,0.0,0.0,0.14611468929698093,0.0,0.0,0.0,0.0,0.0,0.0,0.0,0.0,0.0,0.0,0.0,0.0,0.13632832542678402,0.08949166816847114,0.27818331786552053,0.1257324357158781,0.12306872522677245,0.0,0.0,0.0,0.0,0.0,0.0,0.0,0.0,0.0,0.0,0.0,0.0,0.0,0.0,0.0,0.0,0.0,0.0,0.0,0.11141740676743234,0.0,0.0,0.0,0.0,0.0,0.0,0.0,0.0,0.0
4,2025-04-16,나는 그것이 의미가 있는 경우에만 인생은 어떻게든 계속된다는 것을 기억하며 살겠습니다 짜증나는 식료품점 김호은 이 소설이 전달하는 기본 메시지는 식료품점 주인이 도난당한 지갑을 돌려주기 위해 야간 판매원으로 고용한 의문의 노숙자 독구 의 이야기를 통해 실수를 인정하고 관계를 다시 시작하기에 늦은 때란 없다는 것 그리고 가까운 사람들의 두려움과 그로 인한 고통을 이해하고 그들의 관점에서 사물을 봄으로써 소통과 대화의 다리를 놓는 것입니다 기억을 잃은 독구는 작은 가게를 자주 찾는 동네 주민들 사회적 가족적 문제로 어려움을 겪는 이웃들을 돕는데 그 이유는 결국 밝혀지게 된다 소설은 또한 한국 의료계의 부패를 비판하고 부패를 통해서라도 빨리 이익을 얻고 돈을 벌고 싶은 많은 한국인들의 욕망을 비판한다 그런데 소설에서 짜증나는 점은 독구가 행동이나 크기 측면에서 북극곰과 닮았다는 점을 모든 섹션에서 우리에게 상기시키려는 작가의 고집이었습니다 처음에는 다소 코믹했지만 잦은 반복은 과장되었습니다 게다가 마지막에 모든 것이 명확해지고 독구의 감동적인 이야기를 그의 말로 알기 때문에 완성되었을 때 영혼에 깊은 여운을 남기는 소설 중 하나이다,1,0.0,0.0,0.0,0.18280985890782286,0.0,0.0,0.0,0.0,0.0,0.0,0.0,0.0,0.0,0.0,0.0,0.0,0.0,0.0,0.0,0.09948758372999264,0.11982919443685759,0.11389504869083025,0.0,0.0,0.14307422713402745,0.0,0.0,0.1881692419422342,0.0,0.0,0.0,0.0,0.0,0.1495091877013931,0.0,0.0,0.15708521538170303,0.0,0.0,0.0,0.0,0.0,0.11240984157128948,0.0,0.13493671606585386,0.0,0.0,0.0,0.1662961080711868,0.0,0.0,0.0,0.0,0.16804407236562033,0.08654416493986068,0.0,0.0,0.0,0.0,0.0,0.0,0.0,0.13493671606585386,0.0,0.0,0.0,0.0,0.0,0.17804726851793148,0.1495091877013931,0.0,0.0,0.0,0.0,0.0,0.0,0.0,0.0,0.0,0.0,0.0,0.0,0.0,0.0,0.0,0.0,0.0,0.0,0.1854057554470301,0.0,0.0,0.0,0.0,0.15708521538170303,0.0,0.0,0.0,0.0,0.0,0.0,0.0,0.1260457689179591,0.0,0.1662961080711868,0.0,0.0,0.0,0.0,0.0,0.0,0.11543362782917323,0.0,0.0,0.0,0.0,0.2072814258765307,0.0,0.0,0.0,0.0,0.0,0.0,0.0,0.0,0.0,0.0,0.0,0.0,0.0,0.0,0.0,0.0,0.1295289224224461,0.0,0.0,0.0,0.0,0.0,0.0,0.0,0.0,0.0,0.0,0.0,0.0,0.0,0.0,0.0,0.1531298656432874,0.1531298656432874,0.0,0.0,0.17376177698139658,0.0,0.0,0.0,0.0,0.0,0.0,0.0,0.15708521538170303,0.0,0.0,0.0,0.0,0.0,0.0,0.0,0.0,0.0,0.0,0.0,0.0,0.0,0.0,0.0,0.0,0.15440814501895073,0.0,0.0,0.0,0.0,0.17804726851793148,0.0,0.0,0.0,0.0,0.0,0.0,0.0,0.0,0.0,0.0,0.0,0.0,0.0,0.0,0.12538189237793218,0.0,0.0,0.0,0.0,0.0,0.0,0.0,0.0,0.22579841788919813,0.0,0.0,0.0,0.16300069946733634,0.0,0.0,0.0,0.0,0.0,0.0,0.0,0.0,0.0,0.0,0.0,0.0,0.0,0.0,0.0934561840914468,0.0,0.0,0.0,0.0,0.0,0.0,0.0,0.0,0.0,0.0,0.0,0.0,0.0,0.17376177698139658,0.11339423386949196,0.0,0.0,0.0,0.0,0.0,0.17585093175910846,0.1854057554470301,0.0,0.0,0.0,0.0,0.0,0.0,0.0,0.0,0.0,0.0,0.0,0.0,0.0,0.0,0.0,0.1518886431103492,0.17376177698139658,0.0,0.0,0.0,0.0,0.0,0.0,0.0,0.0,0.15848924867769867,0.0,0.0,0.0,0.0,0.0,0.0,0.0,0.14307422713402745,0.0,0.0,0.0,0.0,0.0,0.0,0.0,0.0,0.0,0.13332070620280084,0.0,0.0,0.0,0.0,0.0,0.0,0.0,0.0
4,2024-05-17,인생은 문제 해결 과정의 연속이다 항상 연중무휴로 열리는 시장 중 하나이며 다양성이 많지 않습니다 은퇴한 역사 교사인 시장 주인은 노숙인과 우연히 마주친다 때로는 모든 변화가 한 사람에게서 시작되기도 합니다 독고는 노숙자 체포 발언으로 어떻게 이 일을 할 것인가 교란된 시장 은 우리가 원망하고 연민하고 혐오하는 사람들도 우리의 삶 편견으로 쌓은 벽에 닿을 수 있고 소통의 부재로 인해 얼마나 큰 상처가 생길 수 있는지 때로는 큰 발걸음을 내딛는 것보다 자신의 공간을 비우는 것에서 시작된다는 점을 보여준다 김호연은 널리 읽히는 책에서 우연과 안락함을 모두 활용한다 아늑한 소설이 등장합니다 나는 Rahats z Market을 무대와 드라마로 보고 싶습니다 대부분 나쁜 놈들도 부드러운 배를 가지고 있다는 것을 보여주기 때문입니다 나는 그것을 즐겁게 읽었습니다 Leonardo Ai 표지 이미지와 함께 Bet l T nk l 의 세심한 번역 특히 각주 포함,1,0.0,0.0,0.0,0.0,0.0,0.0,0.0,0.0,0.0,0.1808483350518995,0.0,0.0,0.0,0.0,0.0,0.0,0.0,0.0,0.0,0.11352292995277051,0.0,0.0,0.0,0.0,0.0,0.0,0.0,0.0,0.0,0.0,0.0,0.0,0.15788397979794033,0.0,0.0,0.0,0.0,0.0,0.0,0.0,0.0,0.0,0.0,0.0,0.0,0.0,0.0,0.0,0.0,0.0,0.0,0.0,0.0,0.0,0.19750700149584483,0.0,0.0,0.0,0.0,0.0,0.0,0.0,0.1539730968597517,0.0,0.0,0.0,0.0,0.0,0.0,0.0,0.0,0.0,0.0,0.0,0.0,0.0,0.0,0.0,0.0,0.0,0.0,0.0,0.0,0.0,0.1655857226096006,0.0,0.0,0.0,0.0,0.0,0.0,0.0,0.0,0.0,0.0,0.0,0.0,0.0,0.0,0.0,0.33859678091261125,0.0,0.19383057925241,0.0,0.0,0.0,0.0,0.0,0.0,0.0,0.0,0.0,0.0,0.0,0.18250476327478407,0.1182619675142327,0.0,0.0,0.0,0.0,0.0,0.0,0.0,0.0,0.0,0.0,0.0,0.0,0.0,0.0,0.0,0.0,0.0,0.0,0.0,0.0,0.0,0.0,0.0,0.0,0.0,0.0,0.0,0.0,0.0,0.0,0.0,0.0,0.0,0.0,0.0,0.0,0.19827545606358124,0.0,0.0,0.0,0.0,0.0,0.0,0.1960024902842024,0.0,0.20065934119375334,0.0,0.0,0.0,0.0,0.0,0.0,0.0,0.0,0.16325861837256,0.0,0.0,0.0,0.0,0.0,0.0,0.0,0.0,0.0,0.0,0.14863762458225194,0.0,0.17194011234861864,0.0,0.0,0.0,0.0,0.0,0.0,0.0,0.0,0.0,0.1667922025012212,0.0,0.0,0.0,0.0,0.0,0.0,0.0,0.0,0.0,0.0,0.0,0.0,0.0,0.0,0.0,0.0,0.18599624489929698,0.0,0.19383057925241,0.0,0.18421932351290293,0.0,0.0,0.0,0.0,0.0,0.18250476327478407,0.0,0.0,0.0,0.1644083173710491,0.0,0.18599624489929698,0.0,0.15588941906264828,0.0,0.0,0.0,0.0,0.0,0.0,0.0,0.0,0.13607841292079442,0.0,0.0,0.0,0.0,0.0,0.0,0.0,0.0,0.0,0.2115621246323263,0.0,0.0,0.0,0.0,0.0,0.0,0.0,0.0,0.0,0.0,0.0,0.0,0.0,0.0,0.0,0.0,0.0,0.0,0.0,0.0,0.0,0.0,0.0,0.0,0.0,0.0,0.0,0.0,0.0,0.0,0.0,0.0,0.0,0.0,0.1761914841423486,0.0,0.0,0.0,0.0,0.0,0.0,0.0,0.0,0.0,0.17331654007433,0.18250476327478407,0.1808483350518995,0.0,0.0,0.0,0.0,0.0
3,2024-04-24,이 책은 우주의 비밀을 밝히지는 않지만 자신의 행동을 반성하고 휴식을 취하고 뭔가를 먹고 귀를 기울이도록 초대합니다 나는 일부 이야기가 다른 것보다 더 아름답다고 생각했고 일부 캐릭터를 때렸을 수도 있지만 그것이 바로 삶의 아름다움입니다 큰 Dokko와 모든 다채로운 이웃과 고객의 이야기는 시적 특성을 가지고 있으며 당혹스럽지 않고 많은 주제가 다루어지며 일부는 다소 피상적인 방식으로 다루어지지만 이를 하나로 묶는 공통 스레드는 경청하고 판단 없이 상대방의 말에 마음을 여는 것입니다 결국 그것은 몇 시간 안에 읽을 수 있는 작은 책이고 어떤 철학적 메시지가 평생 동안 각인되어 있는지 누가 알 수 없습니다 이 캐릭터들과 함께 오후를 보낸 후 우리는 일상 생활로 돌아갑니다,0,0.0,0.0,0.0,0.0,0.0,0.0,0.0,0.0,0.0,0.1814148166338585,0.0,0.0,0.0,0.0,0.0,0.0,0.0,0.0,0.0,0.0,0.0,0.1303700380066145,0.0,0.0,0.16377000267907071,0.0,0.0,0.0,0.0,0.0,0.0,0.16492330294548,0.0,0.1711357842769679,0.0,0.0,0.0,0.0,0.0,0.0,0.0,0.0,0.0,0.0,0.0,0.0,0.0,0.0,0.0,0.0,0.0,0.0,0.0,0.0,0.09906283198567818,0.0,0.0,0.0,0.0,0.0,0.0,0.0,0.0,0.0,0.0,0.0,0.0,0.1164142449206232,0.20380191615410792,0.0,0.0,0.0,0.0,0.0,0.0,0.0,0.0,0.0,0.0,0.0,0.0,0.0,0.0,0.0,0.0,0.0,0.0,0.0,0.0,0.0,0.19443772586028685,0.0,0.0,0.0,0.0,0.0,0.0,0.0,0.0,0.0,0.0,0.0,0.0,0.0,0.0,0.16264321742540755,0.0,0.0,0.0,0.0,0.13213117356999135,0.0,0.0,0.0,0.0,0.1186324062380607,0.0,0.0,0.0,0.0,0.0,0.0,0.1923517514844877,0.21222481277380092,0.0,0.0,0.0,0.0,0.0,0.0,0.0,0.0,0.0,0.0,0.0,0.0,0.0,0.0,0.0,0.0,0.0,0.0,0.16731465525537126,0.0,0.0,0.0,0.0,0.0,0.0,0.0,0.0,0.0,0.0,0.0,0.16855555697470895,0.0,0.0,0.0,0.0,0.0,0.0,0.0,0.0,0.0,0.0,0.0,0.0,0.0,0.16154175534454526,0.0,0.0,0.0,0.0,0.0,0.0,0.0,0.0,0.0,0.0,0.0,0.15352178641867834,0.0,0.0,0.0,0.0,0.17825159010600045,0.19661644009320806,0.0,0.0,0.0,0.0,0.0,0.0,0.0,0.15941041955887628,0.0,0.0,0.0,0.0,0.0,0.0,0.0,0.0,0.0,0.14427836743819994,0.14995563219699415,0.0,0.0,0.0,0.0,0.0,0.0,0.0,0.3932328801864161,0.0,0.0,0.0,0.0,0.0,0.0,0.0,0.0,0.20128787792317177,0.0,0.0,0.10697467898739318,0.1865788515736617,0.0,0.0,0.0,0.0,0.0,0.0,0.17528019552504415,0.0,0.16377000267907071,0.0,0.13650465911542883,0.0,0.0,0.1297967800112702,0.0,0.0,0.0,0.0,0.0,0.0,0.0,0.0,0.0,0.0,0.0,0.0,0.0,0.0,0.0,0.0,0.0,0.0,0.0,0.0,0.0,0.0,0.0,0.0,0.0,0.0,0.11908834440837077,0.0,0.0,0.0,0.0,0.0,0.0,0.0,0.0,0.0,0.0,0.0,0.0,0.0,0.0,0.0,0.0,0.0,0.0,0.0,0.0,0.0,0.0,0.0,0.0,0.17385942938416407,0.0,0.0,0.0,0.0,0.0,0.0,0.0
4,2023-06-16,높은 리뷰점수를 보니 기대가 되네요 이 버릇을 꼭 고치고 싶네요 그래도 이 책은 실망시키지 않을거에요 스토리가 훈훈하네요 읽고 행복하세요 저는 토코 씨를 정말 좋아해요 그것을 읽으면서 우리는 웃었습니다 나는 Tokko 씨의 순진해 보이는 아이디어가 많은 사람들의 삶에 대한 큰 관점을 바꾸었다는 점을 좋아합니다 나는 그가 서로에게 친절을 베푸는 방식을 좋아합니다 읽어보시면 마음이 가득 찰 것입니다 그리고 가장 중요한 것은 작가의 설명이 특히 마음에 들었다는 것입니다 장소 사진을 참조하세요 분위기가 매우 깨끗합니다 그리고 밤에 편의점 앞에 앉아서 주먹밥에 라면을 먹고 싶어지네요 슈퍼 소프트 파워 별 5개 줄 뻔했는데 마지막 장에서 막혔네요 감정을 최대한 끌어내지 못합니다 그리고 제가 지금까지 읽은 이야기와 전혀 다른 이야기인 것 같아서 안타깝습니다,1,0.0,0.0,0.0,0.0,0.0,0.0,0.18883680692436647,0.13894443829955286,0.0,0.0,0.0,0.0,0.0,0.0,0.0,0.0,0.0,0.0,0.13368405326811741,0.0,0.0,0.2415940159969998,0.0,0.0,0.0,0.0,0.0,0.0,0.1995721647713537,0.0,0.1573582270828165,0.0,0.14674884432640373,0.0,0.0,0.0,0.0,0.0,0.0,0.0,0.0,0.0,0.3576653951373322,0.0,0.0,0.0,0.0,0.0,0.0,0.0,0.0,0.0,0.0,0.0,0.18357736011584014,0.0,0.0,0.0,0.0,0.0,0.0,0.0,0.0,0.0,0.0,0.0,0.0,0.10786598431537135,0.0,0.0,0.0,0.0,0.0,0.0,0.0,0.0,0.0,0.10475954349010405,0.0,0.0,0.0,0.0,0.0,0.0,0.0,0.0,0.0,0.0,0.0,0.0,0.0,0.0,0.0,0.0,0.0,0.0,0.0,0.0,0.0,0.0,0.0,0.0,0.0,0.0,0.1235502140299675,0.0,0.14770496366289934,0.15070037822066068,0.0,0.0,0.12242882394324084,0.0,0.0,0.106286207951443,0.0,0.0,0.0,0.0,0.0,0.0,0.0,0.0,0.0,0.0,0.0,0.0,0.0,0.0,0.0,0.0,0.0,0.0,0.13737828340874153,0.0,0.0,0.0,0.0,0.0,0.0,0.0,0.15174442399513866,0.0,0.0,0.0,0.0,0.0,0.0,0.0,0.0,0.0,0.0,0.0,0.0,0.0,0.0,0.0,0.0,0.0,0.0,0.0,0.0,0.0,0.0,0.0,0.0,0.0,0.0,0.0,0.0,0.0,0.0,0.0,0.0,0.0,0.0,0.0,0.0,0.0,0.0,0.0,0.0,0.0,0.0,0.0,0.0,0.0,0.0,0.0,0.0,0.0,0.0,0.0,0.0,0.0,0.14770496366289934,0.0,0.0,0.0,0.0,0.0,0.0,0.0,0.0,0.0,0.0,0.0,0.0,0.0,0.0,0.0,0.0,0.0,0.0,0.0,0.0,0.0,0.0,0.16660446821019168,0.0,0.0,0.0,0.19388800691974964,0.0,0.0,0.0,0.0,0.0,0.0,0.0,0.0,0.0,0.0,0.0,0.0,0.0,0.0,0.0,0.0,0.0,0.18429161763504498,0.0,0.0,0.0,0.0,0.16516263310966736,0.16376516927894696,0.0,0.19664121295121728,0.0,0.10551646086219119,0.1573582270828165,0.0,0.0,0.3603204522309571,0.0,0.0,0.0,0.0,0.0,0.0,0.0,0.0,0.1763735344749175,0.0,0.0,0.0,0.0,0.11034372553681548,0.0,0.0,0.0,0.0,0.0,0.0,0.0,0.0,0.0,0.0,0.0,0.0,0.0,0.0,0.16376516927894696,0.1439956382949361,0.0,0.0,0.0,0.0,0.0,0.0,0.0,0.0,0.0,0.0,0.0,0.0,0.0,0.0,0.0,0.0
4,2026-05-07,이렇게 조용한 책에는 참으로 위로가 되네요 그것이 내가 계속해서 그들에게로 돌아가는 이유이다 때로는 자기계발서보다 이 책이 더 도움이 된다고 생각합니다 글은 재치와 유머가 가미되어 읽기 쉽습니다 각 캐릭터의 이야기를 들려줄 수 있는 기회가 주어지는 것도 좋고 노숙자처럼 보이는 독구가 각자의 삶에 긍정적인 변화를 가져온 이유는 물론 점 부인의 친절함도 마음에 든다,1,0.0,0.0,0.0,0.0,0.0,0.0,0.0,0.0,0.0,0.0,0.0,0.0,0.0,0.0,0.0,0.0,0.0,0.0,0.0,0.0,0.0,0.0,0.0,0.0,0.0,0.0,0.0,0.0,0.0,0.0,0.0,0.0,0.0,0.26911671114923147,0.0,0.0,0.0,0.0,0.0,0.0,0.0,0.0,0.0,0.0,0.0,0.0,0.0,0.0,0.0,0.0,0.3290579579175248,0.0,0.0,0.0,0.0,0.0,0.0,0.0,0.0,0.0,0.23717440507950302,0.0,0.0,0.0,0.0,0.0,0.0,0.0,0.0,0.0,0.0,0.0,0.0,0.0,0.0,0.0,0.0,0.0,0.0,0.0,0.0,0.30918588966828514,0.0,0.0,0.0,0.0,0.0,0.0,0.0,0.0,0.0,0.0,0.0,0.0,0.0,0.0,0.0,0.0,0.0,0.0,0.2670612674193175,0.0,0.0,0.0,0.209683836431417,0.0,0.0,0.0,0.0,0.0,0.0,0.0,0.0,0.0,0.0,0.0,0.0,0.0,0.0,0.0,0.0,0.0,0.0,0.0,0.0,0.0,0.3290579579175248,0.0,0.0,0.0,0.0,0.0,0.0,0.0,0.0,0.0,0.0,0.0,0.0,0.0,0.2575337746696141,0.0,0.0,0.0,0.0,0.0,0.28789377890043016,0.0,0.0,0.0,0.0,0.0,0.0,0.0,0.0,0.0,0.0,0.0,0.0,0.0,0.0,0.0,0.0,0.0,0.0,0.0,0.0,0.0,0.0,0.0,0.0,0.0,0.0,0.0,0.0,0.0,0.0,0.0,0.0,0.0,0.0,0.0,0.0,0.0,0.0,0.0,0.0,0.0,0.0,0.0,0.0,0.0,0.0,0.0,0.0,0.0,0.0,0.0,0.0,0.0,0.0,0.0,0.0,0.0,0.0,0.0,0.20321870695467162,0.0,0.0,0.0,0.0,0.0,0.0,0.0,0.0,0.0,0.0,0.0,0.2593473776865102,0.0,0.0,0.0,0.0,0.0,0.0,0.1682212396838067,0.0,0.0,0.0,0.0,0.0,0.0,0.0,0.0,0.0,0.0,0.0,0.0,0.0,0.0,0.0,0.0,0.0,0.0,0.0,0.0,0.0,0.0,0.0,0.0,0.0,0.0,0.0,0.0,0.0,0.0,0.0,0.0,0.0,0.0,0.0,0.0,0.0,0.0,0.0,0.0,0.0,0.0,0.0,0.0,0.2575337746696141,0.0,0.0,0.0,0.0,0.0,0.0,0.0,0.0,0.0,0.302479525027463,0.0,0.0,0.0,0.0,0.0,0.0,0.0,0.0,0.0,0.0,0.0,0.0,0.0,0.0,0.0,0.0,0.0,0.0,0.0
3,2024-03-10,2 5 스크랩 통과 나는 내가 찾고 있던 단순하고 아늑한 첫 번째 장이 정말 마음에 들었습니다 즐겁고 편안한 독서를 하고 있었고 독서에 몰입할 때 매우 편안함을 느꼈습니다 하지만 마지막 장은 첫 번째 장의 설정과 어조에서 조금 멀어지고 주인공이 마음에 들지 않았고 읽기와의 모든 연결이 끊어졌습니다 마지막 장은 결국 내 경험을 망쳤고 나에게는 소설 전체를 망쳤습니다,0,0.0,0.0,0.0,0.0,0.0,0.0,0.0,0.0,0.0,0.0,0.0,0.0,0.0,0.0,0.0,0.0,0.0,0.0,0.0,0.0,0.0,0.0,0.0,0.0,0.18923071046988368,0.0,0.0,0.0,0.0,0.0,0.0,0.0,0.0,0.0,0.0,0.0,0.0,0.0,0.0,0.0,0.0,0.0,0.0,0.0,0.0,0.0,0.0,0.0,0.0,0.0,0.0,0.0,0.0,0.0,0.1144637587540581,0.0,0.0,0.24521860806964896,0.0,0.0,0.1742710494421287,0.0,0.0,0.0,0.0,0.0,0.0,0.0,0.0,0.0,0.0,0.0,0.0,0.0,0.0,0.0,0.0,0.0,0.0,0.0,0.0,0.0,0.0,0.0,0.0,0.0,0.0,0.0,0.0,0.0,0.0,0.0,0.0,0.0,0.0,0.19929330495589526,0.24521860806964896,0.0,0.0,0.0,0.0,0.0,0.0,0.0,0.3081430495310449,0.0,0.0,0.3758574962818982,0.0,0.0,0.0,0.0,0.0,0.13254269326196588,0.0,0.13707574128316838,0.0,0.0,0.0,0.0,0.0,0.0,0.0,0.0,0.0,0.2973476720501981,0.0,0.0,0.0,0.0,0.0,0.0,0.0,0.0,0.0,0.0,0.0,0.0,0.0,0.0,0.0,0.0,0.0,0.0,0.0,0.0,0.0,0.0,0.2025303498071143,0.0,0.0,0.0,0.0,0.0,0.0,0.0,0.0,0.0,0.0,0.0,0.0,0.23258134899722252,0.0,0.0,0.0,0.0,0.0,0.0,0.0,0.0,0.0,0.0,0.0,0.0,0.0,0.0,0.0,0.0,0.0,0.0,0.0,0.0,0.0,0.0,0.0,0.0,0.0,0.0,0.0,0.0,0.0,0.0,0.0,0.0,0.0,0.0,0.0,0.0,0.0,0.0,0.0,0.0,0.0,0.0,0.0,0.0,0.0,0.0,0.0,0.0,0.0,0.0,0.0,0.0,0.0,0.0,0.0,0.0,0.0,0.0,0.0,0.0,0.0,0.0,0.0,0.0,0.0,0.0,0.0,0.0,0.0,0.0,0.0,0.0,0.0,0.0,0.0,0.0,0.0,0.0,0.0,0.0,0.4230772790176931,0.0,0.0,0.0,0.0,0.0,0.0,0.13158279117959407,0.0,0.18923071046988368,0.0,0.0,0.0,0.0,0.0,0.0,0.0,0.0,0.0,0.0,0.0,0.0,0.0,0.0,0.0,0.0,0.0,0.0,0.0,0.0,0.0,0.0,0.0,0.0,0.0,0.0,0.0,0.0,0.0,0.0,0.0,0.0,0.0,0.0,0.0,0.0,0.2077617157641438,0.0,0.17131562062143396,0.0,0.0,0.0,0.0,0.0,0.0,0.0,0.0,0.0
4,2024-09-10,정말 마음에 들었고 매우 현실감 넘치는 캐릭터 시현이 바로 저입니다 와 매우 인간적인 갈등과 때로는 궁금하고 때로는 특이한 결심이 담겨 있습니다 부제에서 알 수 있듯이 이 책을 읽는 사람은 아무도 없을 것 같지만 등장인물들의 여정은 매우 재미있고 마지막 장은 상당한 여정입니다,1,0.0,0.0,0.0,0.0,0.0,0.0,0.0,0.0,0.0,0.0,0.0,0.0,0.0,0.0,0.0,0.0,0.0,0.0,0.0,0.0,0.0,0.0,0.0,0.0,0.0,0.0,0.0,0.0,0.0,0.0,0.0,0.0,0.0,0.0,0.0,0.0,0.0,0.0,0.0,0.0,0.0,0.0,0.0,0.0,0.0,0.0,0.0,0.0,0.0,0.0,0.0,0.0,0.0,0.0,0.0,0.0,0.0,0.0,0.0,0.0,0.0,0.0,0.0,0.0,0.0,0.0,0.0,0.0,0.0,0.0,0.0,0.0,0.0,0.0,0.0,0.0,0.0,0.0,0.0,0.0,0.0,0.0,0.0,0.0,0.0,0.0,0.0,0.0,0.0,0.0,0.0,0.0,0.0,0.0,0.0,0.0,0.0,0.0,0.0,0.0,0.48549998503126623,0.0,0.0,0.0,0.19059577682770285,0.0,0.0,0.2324792059706884,0.0,0.0,0.0,0.0,0.0,0.4918899379404347,0.0,0.0,0.0,0.0,0.0,0.0,0.0,0.0,0.27494403492536434,0.0,0.0,0.0,0.0,0.0,0.0,0.0,0.0,0.0,0.0,0.0,0.0,0.28429901398200447,0.0,0.0,0.0,0.0,0.0,0.0,0.0,0.0,0.0,0.0,0.0,0.0,0.0,0.0,0.0,0.0,0.0,0.0,0.0,0.0,0.0,0.0,0.0,0.0,0.0,0.0,0.0,0.0,0.0,0.0,0.0,0.0,0.0,0.0,0.0,0.0,0.0,0.0,0.0,0.0,0.0,0.0,0.0,0.0,0.0,0.0,0.0,0.0,0.0,0.0,0.0,0.0,0.0,0.0,0.0,0.0,0.0,0.0,0.0,0.0,0.0,0.0,0.0,0.0,0.0,0.0,0.0,0.0,0.0,0.0,0.0,0.0,0.0,0.0,0.0,0.0,0.0,0.0,0.0,0.0,0.0,0.0,0.0,0.22638333897320817,0.0,0.0,0.0,0.0,0.0,0.0,0.0,0.0,0.0,0.0,0.0,0.1645646749248665,0.0,0.0,0.0,0.0,0.0,0.0,0.0,0.0,0.0,0.0,0.26168606682917894,0.0,0.0,0.0,0.0,0.0,0.0,0.16277585582539944,0.0,0.0,0.0,0.0,0.0,0.0,0.0,0.0,0.0,0.0,0.0,0.0,0.0,0.0,0.0,0.0,0.0,0.0,0.176378091323109,0.0,0.0,0.0,0.0,0.0,0.0,0.0,0.0,0.26669235859565454,0.0,0.0,0.0,0.0,0.0,0.0,0.0,0.0,0.0,0.0,0.0,0.0,0.0,0.0,0.0,0.0,0.0,0.0,0.0,0.0,0.0,0.0
4,2025-02-15,두 번째 기회 우리를 하나로 묶고 구원하는 유대에 대한 강력한 메시지가 담긴 책입니다 우리를 변화시키고 심지어 구원할 수 있는 힘을 지닌 작은 몸짓 단순한 일상의 행동에 관한 책입니다 매우 유연하고 매혹적인 문체가 담긴 간단하고 직설적인 읽기 책입니다,1,0.0,0.0,0.0,0.0,0.0,0.0,0.0,0.0,0.0,0.0,0.0,0.0,0.0,0.0,0.0,0.0,0.0,0.0,0.0,0.0,0.0,0.0,0.0,0.0,0.0,0.0,0.0,0.0,0.0,0.2196914119045115,0.0,0.0,0.0,0.0,0.0,0.0,0.0,0.0,0.0,0.0,0.0,0.0,0.0,0.0,0.0,0.0,0.0,0.0,0.0,0.22156611336519574,0.0,0.0,0.0,0.0,0.0,0.0,0.0,0.0,0.0,0.0,0.0,0.0,0.0,0.0,0.0,0.0,0.0,0.0,0.0,0.0,0.0,0.22350033900281058,0.0,0.5275894245654141,0.0,0.0,0.0,0.14053520734076955,0.0,0.0,0.0,0.0,0.0,0.0,0.0,0.0,0.0,0.0,0.0,0.0,0.0,0.0,0.0,0.0,0.0,0.0,0.0,0.0,0.0,0.0,0.0,0.0,0.0,0.0,0.0,0.0,0.0,0.0,0.0,0.0,0.0,0.0,0.0,0.14258323179244464,0.0,0.0,0.0,0.0,0.0,0.0,0.0,0.0,0.0,0.0,0.0,0.15993636089422697,0.0,0.0,0.0,0.0,0.0,0.0,0.0,0.0,0.0,0.0,0.0,0.0,0.0,0.0,0.0,0.0,0.0,0.0,0.0,0.0,0.0,0.0,0.0,0.0,0.0,0.0,0.0,0.0,0.0,0.0,0.0,0.0,0.26379471228270707,0.0,0.0,0.0,0.0,0.0,0.0,0.0,0.0,0.0,0.0,0.0,0.0,0.0,0.0,0.0,0.0,0.0,0.0,0.0,0.0,0.0,0.0,0.0,0.0,0.0,0.0,0.0,0.0,0.0,0.0,0.0,0.0,0.0,0.0,0.0,0.0,0.0,0.0,0.0,0.0,0.0,0.0,0.0,0.0,0.0,0.0,0.0,0.0,0.0,0.0,0.0,0.0,0.0,0.0,0.0,0.0,0.0,0.0,0.0,0.20499909827031976,0.0,0.0,0.0,0.0,0.0,0.0,0.13296915801778483,0.0,0.0,0.0,0.0,0.0,0.0,0.0,0.0,0.0,0.0,0.0,0.0,0.0,0.0,0.16133695108869817,0.0,0.0,0.0,0.0,0.0,0.0,0.0,0.0,0.0,0.0,0.0,0.0,0.0,0.0,0.0,0.0,0.0,0.0,0.0,0.0,0.0,0.0,0.0,0.0,0.0,0.0,0.0,0.0,0.0,0.0,0.0,0.594439809550733,0.0,0.0,0.0,0.0,0.0,0.0,0.0,0.0,0.0,0.0,0.0,0.0,0.0,0.0,0.0,0.0,0.0,0.0,0.0,0.0,0.0,0.0,0.0,0.0,0.0,0.0,0.0
4,2023-05-14,4 5 이 소설은 현재 제가 가장 좋아하는 한국 소설 중 하나입니다 사장님과 독고님 정말 안타깝습니다 PO를 팔로우했는데 이제서야 읽었네요 마음챙김의 덤은 어디에 있나요 나중에 리뷰하도록 할게요,1,0.0,0.0,0.0,0.0,0.0,0.0,0.0,0.3526609135466292,0.0,0.0,0.0,0.0,0.0,0.0,0.0,0.0,0.0,0.0,0.0,0.0,0.0,0.0,0.0,0.0,0.0,0.0,0.0,0.0,0.0,0.0,0.0,0.0,0.0,0.0,0.0,0.0,0.0,0.0,0.0,0.0,0.0,0.0,0.0,0.0,0.0,0.0,0.0,0.0,0.0,0.0,0.0,0.0,0.0,0.0,0.0,0.0,0.0,0.0,0.0,0.0,0.0,0.0,0.0,0.0,0.0,0.0,0.0,0.0,0.0,0.0,0.0,0.0,0.0,0.0,0.0,0.0,0.0,0.0,0.0,0.0,0.0,0.0,0.0,0.0,0.0,0.0,0.0,0.0,0.0,0.0,0.0,0.0,0.0,0.0,0.0,0.0,0.0,0.0,0.0,0.0,0.0,0.0,0.0,0.0,0.0,0.0,0.0,0.0,0.0,0.0,0.0,0.0,0.0,0.0,0.0,0.0,0.0,0.0,0.0,0.0,0.0,0.0,0.0,0.0,0.0,0.0,0.0,0.0,0.0,0.0,0.0,0.0,0.0,0.0,0.0,0.0,0.0,0.0,0.0,0.0,0.0,0.0,0.0,0.0,0.0,0.0,0.0,0.0,0.4122184207078614,0.4122184207078614,0.0,0.0,0.0,0.0,0.0,0.0,0.0,0.0,0.0,0.0,0.0,0.0,0.0,0.0,0.0,0.0,0.0,0.0,0.0,0.0,0.0,0.0,0.0,0.0,0.0,0.0,0.0,0.0,0.0,0.0,0.0,0.0,0.0,0.0,0.0,0.0,0.0,0.0,0.0,0.0,0.0,0.0,0.0,0.0,0.0,0.0,0.0,0.0,0.0,0.0,0.0,0.0,0.0,0.0,0.0,0.0,0.0,0.0,0.0,0.0,0.0,0.0,0.0,0.0,0.0,0.0,0.0,0.0,0.0,0.0,0.0,0.0,0.0,0.0,0.0,0.0,0.0,0.0,0.0,0.0,0.0,0.0,0.0,0.0,0.0,0.0,0.0,0.0,0.0,0.0,0.0,0.0,0.0,0.0,0.0,0.0,0.0,0.0,0.0,0.26781591215362266,0.3993977506135457,0.0,0.4192064525148358,0.0,0.0,0.0,0.0,0.0,0.0,0.0,0.0,0.0,0.0,0.0,0.0,0.0,0.0,0.0,0.0,0.0,0.0,0.0,0.0,0.0,0.0,0.0,0.0,0.0,0.0,0.0,0.0,0.0,0.0,0.0,0.0,0.0,0.0,0.0,0.0,0.0,0.0,0.3588930920020334,0.0,0.0,0.0,0.0,0.0,0.0,0.0,0.0
5,2021-11-19,따뜻하고 가벼운 힐링소설이었다,1,0.0,0.0,0.0,0.0,0.0,0.0,0.0,0.0,0.0,0.0,0.0,0.0,0.0,0.0,0.0,0.0,0.0,0.0,0.0,0.0,0.0,0.0,0.0,0.0,0.0,0.0,0.0,0.0,0.0,0.0,0.0,0.0,0.0,0.0,0.0,0.0,0.0,0.0,0.0,0.0,0.0,0.0,0.0,0.0,0.0,0.0,0.0,0.0,0.0,0.0,0.0,0.0,0.0,0.0,0.0,0.0,0.0,0.0,0.0,0.0,0.0,0.0,0.0,0.0,0.0,0.0,0.0,0.0,0.0,0.0,0.0,0.0,0.0,0.0,0.0,0.0,0.0,0.0,0.0,0.0,0.0,0.0,0.0,0.0,0.0,0.0,0.0,0.0,0.0,0.0,0.0,0.0,0.0,0.0,0.0,0.0,0.0,1.0,0.0,0.0,0.0,0.0,0.0,0.0,0.0,0.0,0.0,0.0,0.0,0.0,0.0,0.0,0.0,0.0,0.0,0.0,0.0,0.0,0.0,0.0,0.0,0.0,0.0,0.0,0.0,0.0,0.0,0.0,0.0,0.0,0.0,0.0,0.0,0.0,0.0,0.0,0.0,0.0,0.0,0.0,0.0,0.0,0.0,0.0,0.0,0.0,0.0,0.0,0.0,0.0,0.0,0.0,0.0,0.0,0.0,0.0,0.0,0.0,0.0,0.0,0.0,0.0,0.0,0.0,0.0,0.0,0.0,0.0,0.0,0.0,0.0,0.0,0.0,0.0,0.0,0.0,0.0,0.0,0.0,0.0,0.0,0.0,0.0,0.0,0.0,0.0,0.0,0.0,0.0,0.0,0.0,0.0,0.0,0.0,0.0,0.0,0.0,0.0,0.0,0.0,0.0,0.0,0.0,0.0,0.0,0.0,0.0,0.0,0.0,0.0,0.0,0.0,0.0,0.0,0.0,0.0,0.0,0.0,0.0,0.0,0.0,0.0,0.0,0.0,0.0,0.0,0.0,0.0,0.0,0.0,0.0,0.0,0.0,0.0,0.0,0.0,0.0,0.0,0.0,0.0,0.0,0.0,0.0,0.0,0.0,0.0,0.0,0.0,0.0,0.0,0.0,0.0,0.0,0.0,0.0,0.0,0.0,0.0,0.0,0.0,0.0,0.0,0.0,0.0,0.0,0.0,0.0,0.0,0.0,0.0,0.0,0.0,0.0,0.0,0.0,0.0,0.0,0.0,0.0,0.0,0.0,0.0,0.0,0.0,0.0,0.0,0.0,0.0,0.0,0.0,0.0,0.0,0.0,0.0,0.0,0.0,0.0,0.0,0.0,0.0
5,2024-03-16,새로 생긴 상처에는 항상 반창고가 붙어 있습니다 그것이 바로 이 책이 나에게 딱 맞는 책이었습니다 언제 끝났는지도 몰랐어요,1,0.0,0.0,0.0,0.0,0.0,0.0,0.0,0.0,0.0,0.0,0.0,0.0,0.0,0.0,0.0,0.0,0.0,0.0,0.0,0.0,0.0,0.0,0.0,0.0,0.0,0.0,0.0,0.0,0.0,0.0,0.0,0.0,0.0,0.4233326094006597,0.0,0.0,0.0,0.0,0.0,0.0,0.0,0.0,0.0,0.0,0.0,0.0,0.0,0.0,0.0,0.0,0.0,0.0,0.0,0.0,0.0,0.0,0.3844251974152707,0.0,0.0,0.0,0.0,0.0,0.0,0.0,0.0,0.0,0.0,0.0,0.0,0.0,0.0,0.0,0.0,0.0,0.0,0.0,0.0,0.0,0.0,0.0,0.0,0.0,0.0,0.0,0.0,0.0,0.0,0.0,0.0,0.0,0.0,0.0,0.0,0.0,0.0,0.0,0.0,0.0,0.0,0.0,0.0,0.0,0.0,0.0,0.0,0.0,0.0,0.0,0.0,0.0,0.0,0.0,0.0,0.0,0.0,0.0,0.0,0.0,0.0,0.0,0.0,0.0,0.47581380611158586,0.0,0.0,0.0,0.0,0.0,0.0,0.0,0.0,0.0,0.0,0.0,0.0,0.0,0.0,0.0,0.0,0.0,0.0,0.0,0.0,0.0,0.0,0.0,0.0,0.0,0.0,0.0,0.0,0.0,0.0,0.0,0.0,0.0,0.0,0.0,0.0,0.0,0.0,0.0,0.0,0.0,0.0,0.0,0.0,0.0,0.0,0.0,0.0,0.0,0.0,0.0,0.0,0.0,0.0,0.0,0.0,0.0,0.0,0.0,0.0,0.0,0.0,0.0,0.0,0.0,0.0,0.0,0.0,0.0,0.0,0.0,0.0,0.0,0.0,0.0,0.0,0.0,0.0,0.0,0.0,0.0,0.0,0.0,0.0,0.0,0.0,0.0,0.0,0.0,0.0,0.0,0.0,0.0,0.0,0.0,0.0,0.0,0.0,0.0,0.0,0.0,0.0,0.0,0.0,0.0,0.0,0.0,0.0,0.28479302832946457,0.0,0.0,0.0,0.0,0.0,0.0,0.0,0.0,0.0,0.0,0.0,0.0,0.0,0.0,0.0,0.0,0.0,0.0,0.0,0.0,0.0,0.0,0.0,0.0,0.0,0.0,0.0,0.0,0.0,0.0,0.0,0.0,0.0,0.0,0.0,0.0,0.0,0.0,0.4051121328516599,0.0,0.0,0.0,0.0,0.0,0.0,0.0,0.0,0.0,0.0,0.0,0.0,0.0,0.0,0.0,0.0,0.0,0.0,0.0,0.0,0.0,0.0,0.0,0.44875949255160774,0.0,0.0,0.0,0.0,0.0
3,2024-06-04,6 5 나는 많은 엇갈린 감정을 가지고 있습니다 클럽렉투라코켓,0,0.0,0.0,0.0,0.0,0.0,0.0,0.0,0.0,0.0,0.6694394840883636,0.0,0.0,0.0,0.0,0.0,0.0,0.0,0.0,0.0,0.0,0.0,0.0,0.0,0.0,0.0,0.0,0.0,0.0,0.0,0.0,0.0,0.0,0.0,0.0,0.0,0.0,0.0,0.0,0.0,0.0,0.0,0.0,0.0,0.0,0.0,0.0,0.0,0.0,0.0,0.0,0.0,0.0,0.0,0.0,0.36555212174686064,0.0,0.0,0.0,0.0,0.0,0.0,0.0,0.0,0.0,0.0,0.0,0.0,0.0,0.0,0.0,0.0,0.0,0.0,0.0,0.0,0.0,0.0,0.0,0.0,0.0,0.0,0.0,0.0,0.0,0.0,0.0,0.0,0.0,0.0,0.0,0.0,0.0,0.0,0.0,0.0,0.0,0.0,0.0,0.0,0.0,0.0,0.0,0.0,0.0,0.0,0.0,0.0,0.0,0.0,0.0,0.4875777310141513,0.0,0.0,0.0,0.0,0.0,0.0,0.0,0.0,0.0,0.0,0.0,0.0,0.0,0.0,0.0,0.0,0.0,0.0,0.0,0.0,0.0,0.0,0.0,0.0,0.0,0.0,0.0,0.0,0.0,0.0,0.0,0.0,0.0,0.0,0.0,0.0,0.0,0.0,0.0,0.0,0.0,0.0,0.0,0.0,0.0,0.0,0.0,0.0,0.0,0.0,0.0,0.0,0.0,0.0,0.0,0.0,0.0,0.0,0.0,0.0,0.0,0.0,0.0,0.0,0.0,0.0,0.0,0.0,0.0,0.0,0.0,0.0,0.0,0.0,0.0,0.0,0.0,0.0,0.0,0.0,0.0,0.0,0.0,0.0,0.0,0.0,0.0,0.0,0.0,0.0,0.0,0.0,0.0,0.0,0.0,0.0,0.0,0.0,0.0,0.0,0.0,0.0,0.0,0.0,0.0,0.0,0.0,0.0,0.0,0.0,0.0,0.0,0.0,0.0,0.0,0.0,0.0,0.0,0.0,0.0,0.4248415935957374,0.0,0.0,0.0,0.0,0.0,0.0,0.0,0.0,0.0,0.0,0.0,0.0,0.0,0.0,0.0,0.0,0.0,0.0,0.0,0.0,0.0,0.0,0.0,0.0,0.0,0.0,0.0,0.0,0.0,0.0,0.0,0.0,0.0,0.0,0.0,0.0,0.0,0.0,0.0,0.0,0.0,0.0,0.0,0.0,0.0,0.0,0.0,0.0,0.0,0.0,0.0,0.0,0.0,0.0,0.0,0.0,0.0,0.0,0.0,0.0,0.0,0.0,0.0,0.0,0.0,0.0,0.0,0.0
5,2024-06-25,대화 관계 용서의 역할에 관한 따뜻하고 포용적인 이야기입니다 감사합니다 김 선생님,1,0.0,0.0,0.0,0.0,0.0,0.0,0.0,0.0,0.0,0.0,0.0,0.0,0.0,0.0,0.0,0.0,0.0,0.0,0.0,0.0,0.0,0.0,0.0,0.0,0.0,0.0,0.0,0.0,0.0,0.5600062012048146,0.0,0.0,0.0,0.0,0.0,0.0,0.0,0.0,0.0,0.0,0.0,0.0,0.0,0.0,0.0,0.0,0.0,0.0,0.0,0.0,0.0,0.0,0.0,0.0,0.0,0.0,0.0,0.0,0.0,0.0,0.0,0.0,0.0,0.0,0.0,0.0,0.0,0.0,0.0,0.0,0.0,0.0,0.0,0.0,0.0,0.0,0.0,0.0,0.0,0.0,0.0,0.0,0.0,0.0,0.0,0.0,0.0,0.0,0.0,0.0,0.0,0.0,0.0,0.0,0.0,0.0,0.0,0.6541368182292228,0.0,0.0,0.0,0.0,0.0,0.0,0.0,0.0,0.0,0.0,0.0,0.0,0.0,0.0,0.0,0.0,0.0,0.0,0.0,0.0,0.0,0.0,0.0,0.0,0.0,0.0,0.0,0.0,0.0,0.0,0.0,0.0,0.0,0.0,0.0,0.0,0.0,0.0,0.0,0.0,0.0,0.0,0.0,0.0,0.0,0.0,0.0,0.0,0.0,0.0,0.0,0.0,0.0,0.0,0.0,0.0,0.0,0.0,0.0,0.0,0.0,0.0,0.0,0.0,0.0,0.0,0.0,0.0,0.0,0.0,0.0,0.0,0.0,0.0,0.0,0.0,0.0,0.0,0.0,0.0,0.0,0.0,0.0,0.0,0.0,0.0,0.0,0.0,0.0,0.0,0.0,0.0,0.0,0.0,0.0,0.0,0.0,0.0,0.0,0.0,0.0,0.0,0.0,0.0,0.0,0.0,0.0,0.0,0.0,0.0,0.0,0.5084270622705891,0.0,0.0,0.0,0.0,0.0,0.0,0.0,0.0,0.0,0.0,0.0,0.0,0.0,0.0,0.0,0.0,0.0,0.0,0.0,0.0,0.0,0.0,0.0,0.0,0.0,0.0,0.0,0.0,0.0,0.0,0.0,0.0,0.0,0.0,0.0,0.0,0.0,0.0,0.0,0.0,0.0,0.0,0.0,0.0,0.0,0.0,0.0,0.0,0.0,0.0,0.0,0.0,0.0,0.0,0.0,0.0,0.0,0.0,0.0,0.0,0.0,0.0,0.0,0.0,0.0,0.0,0.0,0.0,0.0,0.0,0.0,0.0,0.0,0.0,0.0,0.0,0.0,0.0,0.0,0.0,0.0,0.0,0.0,0.0,0.0,0.0,0.0,0.0,0.0,0.0
4,2025-07-03,때로는 모든 것을 변화시키기 위해 필요한 것은 작은 친절의 행동 하나뿐입니다 두 번째 기회 편의점은 웅장한 도시 풍경이 아닌 서울역 근처의 소박한 편의점 내부를 배경으로 한 조용하고 아름다운 이야기입니다 이것은 화려한 이야기가 아닙니다 플롯 왜곡이나 극적인 전환에 의존하지 않습니다 대신 라면 냄새 공동체 친절함 등 일상의 조용한 시에 기댄다 편의점 주인 염씨 부인은 확실히 인물이다 그녀는 사납고 동정심 많고 현명했습니다 그리고 그녀는 표면적인 수준이 아니라 다른 사람들이 시간을 들여서 보는 사람들을 알고 있었습니다 편의점은 어떻게 당신의 생명을 구할 수 있습니까 김호연의 두 번째 기회 편의점 을 읽으면서 계속 되물었던 질문이다 그러다가 그럴 수 있다는 걸 깨달았어요 그리고 그것은 매장에 관한 것이 아니라 사람에 관한 것입니다 함께 나눈 커피 돌려받은 지갑 마침내 당신을 바라보는 눈 등 작은 친절에 대한 이야기입니다 이 책은 시끄럽지는 않지만 당신이 놓쳤는지 몰랐던 기억처럼 조용히 당신과 함께 있습니다 나는 캐릭터에 대해 자세히 설명하고 싶지 않습니다 그것은 여러분이 알아내는 것입니다 하지만 이 책은 화려한 변화가 아닌 느린 삶 느린 변화를 제시한다 내가 이 책을 좋아한 이유가 바로 이것이다 때때로 가장 작은 몸짓이 가장 큰 무게를 지닙니다 친절은 거창한 행동이 아니라 우리가 매일 내리는 간단한 선택입니다 급히 흘러가는 세상에서 잠시의 고요함이 생명을 구할 수 있습니다 때로는 단순히 나타나는 것이 사람이 할 수 있는 가장 용감한 일입니다 모든 사람은 자신만의 상처를 갖고 있습니다 일부는 숨기기가 더 쉽습니다,1,0.0,0.0,0.0,0.0,0.0,0.0,0.0,0.2399833954097415,0.0,0.0,0.0,0.0,0.0,0.0,0.0,0.0,0.0,0.0,0.07696590428051414,0.0607489796142713,0.14633989523347232,0.13909289444326514,0.0,0.0,0.0,0.1167035598198388,0.0,0.0,0.0,0.18856900333394755,0.0,0.1759580645874047,0.0,0.0,0.18258621338051592,0.0,0.0,0.0,0.0,0.0,0.0,0.0,0.13727910394508958,0.0,0.0,0.0,0.0,0.0,0.0,0.19017812670807188,0.0,0.0,0.0,0.0,0.052845485984807906,0.0,0.0,0.0,0.0,0.0,0.08045724167279518,0.0,0.0,0.0,0.0,0.0,0.0,0.06210167047590763,0.0,0.0,0.0,0.0,0.0,0.0,0.10871899266271695,0.11013264459585029,0.11013264459585029,0.060313199664575455,0.07909278296531294,0.0,0.0,0.0,0.0,0.0,0.0,0.0,0.0,0.0,0.0,0.0,0.0,0.0,0.0,0.0,0.0,0.0,0.0,0.0,0.0,0.0,0.18119166717839025,0.0,0.0,0.0,0.0,0.0,0.0,0.0,0.0,0.0,0.0,0.0,0.0,0.0,0.0,0.12656991599238412,0.0,0.0,0.0,0.0,0.0,0.0,0.10261085397494311,0.0,0.0,0.13727910394508958,0.11162711944255564,0.0,0.0,0.0,0.0,0.09677649990106363,0.0,0.09591917090704882,0.0,0.10610219136722417,0.0,0.0,0.08860909149728581,0.0,0.0,0.0,0.0,0.0,0.0,0.0,0.0,0.0,0.0,0.0,0.0,0.0,0.0,0.0,0.0,0.0,0.11162711944255564,0.0,0.0,0.0,0.0,0.0,0.2620913981914022,0.10488587011958841,0.08797903229370235,0.0,0.0,0.0,0.0,0.0,0.17472759879426814,0.0,0.0,0.0,0.0,0.10051804199427397,0.0,0.0,0.0,0.0,0.0,0.07953973729728042,0.0,0.0,0.0,0.0,0.0,0.0,0.09200948552232849,0.0,0.0,0.0,0.0,0.08925470928015646,0.0,0.0,0.0,0.07656052884687266,0.10488587011958841,0.0,0.0,0.0,0.0,0.0,0.07696590428051414,0.0,0.0,0.0,0.0,0.17120093347914092,0.0,0.0,0.0,0.0,0.0,0.0,0.0,0.0,0.0,0.0,0.0,0.0,0.0,0.0,0.0,0.05706609417319003,0.0,0.0,0.08342035520627697,0.0,0.0,0.18424973467127587,0.10488587011958841,0.0,0.0,0.0,0.0,0.0,0.0,0.0,0.20772192097083678,0.0,0.0,0.0,0.0,0.0,0.0,0.0,0.0,0.0,0.0,0.0,0.0,0.0,0.0,0.0,0.0,0.0,0.0,0.11013264459585029,0.0,0.0,0.0,0.0,0.0,0.0,0.0,0.12705636027640263,0.06582541999155443,0.0,0.0,0.0,0.0,0.0,0.0,0.0,0.0,0.0,0.0,0.11162711944255564,0.0,0.0,0.0,0.2487077757492577,0.0,0.22979931794917088,0.0,0.11162711944255564,0.0,0.0,0.07909278296531294,0.0,0.18549209334487501,0.0,0.0,0.0,0.09766289637080222,0.0,0.0,0.0
5,2025-08-29,언제나편의점이라는 편의점에서 이야기를 이끌어가는 주인공 독고 독고가 주인공이지만 다른 인물들도 도전과 우여곡절이 많은 삶을 의미하는 역할을 맡는다 언제나편의점의 직원과 고용주 등의 인물들의 이야기를 파헤쳐 독자들은 매일 이곳을 찾는 단골 고객의 삶도 경험하게 됩니다 이야기의 시작 부분에서 우리는 독고가 노숙자라는 것을 알고 있습니다 그는 자신의 정체도 모르고 어떻게 그런 상태에 이르게 되었는지도 모릅니다 어느 날 독고는 서울역에서 지갑을 잃어버린 염여사를 도와준다 그곳에서 독고는 염씨 부인에게 베풀어준 은혜에 대한 감사의 표시로 항상편의점 야간근무자로 생활하게 된다 고객이 직면한 생활 문제에 대한 조언과 정서적 지원을 제공하는 동시에 독고는 자신이 누구인지 어떻게 노숙자가 되었는지 기억하기 시작합니다 스포일러는 하지 않을 것이므로 읽는 것이 흥미진진합니다 독고 외에도 염씨 부인은 마음이 넓다 그녀는 역사 교사로서 연금으로 편안하게 살 수 있었지만 직원들이 살기 위해 계속 일해야 한다는 것을 알기 때문에 Always Convenience를 닫지 않을 것입니다 그렇기 때문에 그녀는 자신의 아들은 물론 누구에게도 Always Convenience를 닫거나 놓아주거나 팔고 싶지 않습니다 차분해 보이는 사람들은 우리가 모르는 자신만의 사연을 갖고 있는 경우가 많다 평온함 뒤에는 부담스러운 문제가 있을 수 있습니다 그러므로 어떤 문제에 직면하더라도 문제를 계속해서 가두어 두지 마십시오 이해해주는 가족이 있다면 표현해주세요 도움을 줄 수 있는 친구가 있다면 조언을 구하세요 모든 문제를 내부에만 보관하고 성급하게 처리할 수는 없습니다 이것이 내가 이 책에서 배운 교훈이다,1,0.0,0.0,0.0,0.0,0.0,0.0,0.0,0.0,0.0,0.0,0.0,0.0,0.0,0.0,0.0,0.0,0.0,0.0,0.0,0.13128184550224742,0.07906211609989952,0.07514682548870077,0.0,0.0,0.0,0.12610136669876762,0.0,0.0,0.0,0.0,0.0,0.0,0.0,0.0,0.197289363607929,0.08594484688840623,0.0,0.0,0.0,0.0,0.11464630009398143,0.0,0.0,0.0,0.0,0.0,0.0,0.0,0.0,0.0,0.0,0.0,0.0,0.0,0.0,0.0,0.0,0.0,0.0,0.0,0.08693623529063767,0.0,0.0,0.1160247037322797,0.0,0.0,0.0,0.06710254197367872,0.0,0.0,0.0,0.0,0.0,0.0,0.0,0.0,0.0,0.13034010135457277,0.0,0.0,0.12061613496694694,0.0,0.23494764996108297,0.20549263219666192,0.28723359142583155,0.0,0.0,0.0,0.0,0.1160247037322797,0.0,0.0,0.0,0.10364326985966857,0.09715740839537505,0.0,0.0,0.0,0.0,0.0,0.0,0.16632750078853195,0.0,0.0,0.0,0.0,0.09188604347161168,0.0,0.0,0.0,0.07616196477121222,0.0,0.0,0.0,0.0,0.06838111628397237,0.0,0.0,0.12415220283155848,0.20728653971933714,0.2241523907955214,0.0,0.0,0.0,0.0,0.0,0.0,0.0,0.0,0.0,0.12610136669876762,0.0,0.0,0.0,0.0,0.0,0.0,0.0,0.0,0.0,0.0,0.08957850265809578,0.0,0.0,0.0,0.0,0.0,0.0,0.0,0.0,0.0,0.0,0.0,0.0,0.0,0.0,0.0,0.0,0.0,0.0,0.0,0.0,0.0,0.0,0.0,0.0,0.0,0.0,0.0,0.0,0.09439895853204998,0.0,0.0,0.22929260018796285,0.0,0.10861247500016125,0.0,0.0,0.0,0.10972052566216346,0.08849176596951427,0.17188969377681246,0.0,0.0,0.0,0.10274631609833096,0.0,0.0,0.19883749718564708,0.0,0.0,0.0,0.0,0.09644213802821472,0.09188604347161168,0.0,0.0,0.08272573122598002,0.0,0.11900131429688851,0.0,0.0,0.0,0.0,0.0,0.0,0.14897956056724007,0.0,0.1045696371274935,0.0,0.0,0.0,0.0,0.0,0.0,0.0,0.0,0.0,0.0,0.09129124949354477,0.0,0.0,0.0,0.11333203194390615,0.0,0.12332292996904029,0.0,0.0,0.0,0.24830440566311696,0.0,0.1327245623686825,0.0,0.0,0.11900131429688851,0.0,0.0,0.15736578670662454,0.10364326985966857,0.0,0.0,0.0,0.0,0.0,0.0,0.0,0.0,0.0,0.0,0.0,0.0,0.0,0.0,0.0,0.0,0.0,0.0,0.0,0.0,0.0,0.0,0.0,0.0,0.10021462292458641,0.11464630009398143,0.0,0.0,0.0,0.0,0.0,0.0,0.0,0.0,0.0,0.0,0.0,0.0,0.0,0.0,0.0,0.0,0.0,0.0,0.0,0.1120761953977607,0.0,0.0,0.0,0.0,0.0,0.0,0.0,0.0,0.0,0.0,0.0,0.0,0.0,0.0,0.0
3,2026-06-16,전체적으로 이 책을 어떻게 평가해야 할지 모르겠습니다 한편으로는 기분이 우울하고 자신을 달래기 위해 멋지고 아늑한 것이 필요할 때 매우 즐거운 독서가 됩니다 그리고 그런 점에서 이 책은 이러한 기대에 부응한다 염여사님처럼 더 깊은 곳을 바라보고 사심 없이 도움이 필요한 이들에게 손을 내밀 수 있는 사람이 이 세상에 더 많다는 것을 믿어야 하기 때문입니다 반면 노숙인의 정체에 대한 미스터리 에 대한 해결은 작가가 이 실을 어떻게 이끌어야 할지 모르고 책을 마무리하고 싶은 듯 이루어졌다 마지막까지 비밀로 하는 게 좋을 것 같아요 아무튼 재미있게 읽었지만 다시 읽을지는 모르겠습니다 그렇다면 아마도 3 2 일까요,0,0.0,0.0,0.0,0.0,0.0,0.0,0.0,0.0,0.0,0.0,0.0,0.0,0.0,0.19988635080689213,0.0,0.0,0.0,0.0,0.0,0.11577242803529142,0.13944370010150076,0.0,0.0,0.0,0.0,0.0,0.0,0.0,0.0,0.0,0.0,0.0,0.0,0.0,0.0,0.0,0.0,0.0,0.0,0.0,0.20220435622860997,0.0,0.13080989411794597,0.0,0.0,0.0,0.0,0.20719132788786604,0.0,0.0,0.0,0.0,0.0,0.19555073653719668,0.0,0.0,0.0,0.0,0.0,0.0,0.0,0.0,0.0,0.0,0.0,0.0,0.0,0.0,0.0,0.17398192844597382,0.0,0.0,0.0,0.0,0.0,0.0,0.0,0.22988387992956028,0.0,0.0,0.0,0.19988635080689213,0.0,0.0,0.0,0.0,0.0,0.0,0.0,0.0,0.0,0.0,0.0,0.0,0.1713587896105013,0.0,0.0,0.0,0.0,0.0,0.0,0.0,0.19767140256928187,0.0,0.0,0.0,0.0,0.0,0.0,0.0,0.0,0.0,0.0,0.11661699284316693,0.0,0.0,0.0,0.0,0.0,0.0,0.0,0.0,0.0,0.0,0.0,0.0,0.0,0.0,0.0,0.0,0.0,0.0,0.0,0.0,0.0,0.0,0.0,0.0,0.16886686383506141,0.0,0.0,0.0,0.0,0.0,0.0,0.0,0.0,0.0,0.0,0.0,0.0,0.0,0.0,0.0,0.0,0.0,0.0,0.0,0.0,0.0,0.18279805490646236,0.20463547890833705,0.0,0.0,0.0,0.19988635080689213,0.0,0.0,0.0,0.0,0.0,0.0,0.0,0.0,0.0,0.0,0.0,0.0,0.0,0.0,0.0,0.30316586618130115,0.0,0.0,0.0,0.0,0.19988635080689213,0.0,0.0,0.0,0.0,0.0,0.0,0.0,0.0,0.0,0.0,0.14590530363716858,0.0,0.0,0.0,0.20988539645880847,0.0,0.0,0.0,0.0,0.0,0.0,0.0,0.0,0.0,0.0,0.0,0.0,0.0,0.0,0.0,0.0,0.0,0.0,0.0,0.0,0.0,0.0,0.0,0.10875376546026376,0.0,0.0,0.0,0.0,0.0,0.0,0.0,0.0,0.0,0.0,0.19351665285661615,0.0,0.0,0.0,0.0,0.0,0.0,0.19767140256928187,0.0,0.0,0.0,0.0,0.0,0.0,0.0,0.0,0.0,0.0,0.0,0.0,0.0,0.0,0.0,0.0,0.0,0.0,0.0,0.0,0.0,0.0,0.0,0.12106889218490069,0.2508937186189306,0.0,0.0,0.0,0.0,0.0,0.0,0.0,0.0,0.0,0.0,0.0,0.0,0.0,0.0,0.0,0.0,0.0,0.0,0.21273349337729733,0.0,0.1753471681143354,0.0,0.0,0.0,0.0,0.0,0.0,0.0,0.0,0.0,0.0
4,2025-07-14,정말 온화하고 사려 깊은 읽기입니다 두 번째 기회에 관한 모든 것 완전히 절망적이라고 느낄 때에도 포기하지 않는 것 확실히 위로가 되고 때로는 조금 가슴이 아프기도 하지만 각 챕터가 하나의 편의점을 중심으로 서로 다른 캐릭터를 따르기 때문에 각 이야기에 정말 몰입할 수 있습니다 짧고 달달한거 찾으신다면 추천드려요,1,0.0,0.0,0.0,0.0,0.0,0.0,0.0,0.0,0.0,0.0,0.0,0.0,0.0,0.0,0.0,0.0,0.0,0.0,0.0,0.0,0.0,0.0,0.0,0.0,0.0,0.0,0.0,0.0,0.0,0.23998065785512887,0.0,0.0,0.0,0.0,0.0,0.0,0.0,0.0,0.0,0.0,0.0,0.0,0.0,0.0,0.0,0.0,0.0,0.0,0.0,0.0,0.0,0.0,0.0,0.26117357364799004,0.0,0.0,0.0,0.0,0.0,0.0,0.0,0.0,0.0,0.0,0.0,0.0,0.0,0.15806627251794744,0.0,0.0,0.0,0.0,0.0,0.0,0.0,0.0,0.0,0.0,0.0,0.0,0.0,0.0,0.0,0.0,0.0,0.0,0.0,0.0,0.0,0.0,0.0,0.0,0.0,0.0,0.0,0.0,0.0,0.0,0.0,0.0,0.23059195688875778,0.19589994129568059,0.0,0.0,0.0,0.0,0.0,0.0,0.0,0.0,0.0,0.0,0.0,0.0,0.0,0.1610780731058387,0.0,0.0,0.0,0.0,0.0,0.0,0.0,0.0,0.0,0.17470702550281944,0.0,0.0,0.0,0.0,0.0,0.0,0.0,0.0,0.0,0.0,0.0,0.0,0.0,0.0,0.0,0.0,0.0,0.0,0.0,0.0,0.0,0.26117357364799004,0.0,0.0,0.0,0.0,0.0,0.0,0.0,0.0,0.0,0.0,0.0,0.0,0.0,0.0,0.0,0.0,0.0,0.0,0.0,0.0,0.0,0.25584677669824274,0.0,0.0,0.0,0.0,0.0,0.0,0.0,0.0,0.0,0.0,0.0,0.0,0.0,0.0,0.0,0.0,0.0,0.0,0.0,0.0,0.0,0.27006001234555277,0.0,0.0,0.0,0.0,0.0,0.0,0.0,0.0,0.0,0.0,0.0,0.0,0.0,0.0,0.0,0.28412251308192515,0.0,0.0,0.0,0.0,0.0,0.0,0.0,0.0,0.0,0.0,0.0,0.0,0.0,0.0,0.0,0.0,0.0,0.0,0.0,0.0,0.0,0.0,0.0,0.1563225194466008,0.0,0.0,0.0,0.0,0.0,0.0,0.0,0.0,0.0,0.0,0.0,0.0,0.0,0.0,0.0,0.0,0.0,0.3092465852628516,0.0,0.22236551799468904,0.0,0.0,0.0,0.0,0.0,0.0,0.0,0.0,0.0,0.25584677669824274,0.0,0.0,0.0,0.0,0.0,0.0,0.0,0.0,0.0,0.0,0.0,0.0,0.0,0.0,0.0,0.0,0.0,0.0,0.0,0.0,0.0,0.0,0.0,0.0,0.27672050993811187,0.0,0.0,0.0,0.20131344761890332,0.0,0.0,0.0,0.0,0.0,0.2485796255453089,0.0,0.0,0.0
4,2025-04-16,두 번째 기회 편의점 김호연 작 B 스토리 B 캐릭터 B 설정 B 가장 좋은 측면 전체적으로 스토리가 마음에 들었습니다 짧고 달콤했어요 최악의 점 아마도 번역 중에 뭔가가 누락되었을 수도 있습니다 나는 책에 속해 있다는 느낌을 받은 적이 없습니다 추천 그렇습니다,1,0.0,0.0,0.0,0.0,0.0,0.0,0.0,0.2356541989650016,0.0,0.0,0.0,0.0,0.0,0.0,0.0,0.0,0.0,0.0,0.0,0.0,0.0,0.0,0.0,0.0,0.0,0.0,0.0,0.0,0.0,0.0,0.0,0.0,0.0,0.0,0.0,0.0,0.0,0.0,0.0,0.0,0.0,0.0,0.0,0.0,0.0,0.0,0.0,0.0,0.0,0.2801210935877695,0.0,0.0,0.0,0.0,0.15567652896239445,0.0,0.0,0.0,0.0,0.0,0.0,0.0,0.0,0.0,0.0,0.2754515683453676,0.0,0.0,0.0,0.0,0.0,0.0,0.0,0.0,0.0,0.0,0.0,0.0,0.0,0.0,0.0,0.0,0.0,0.0,0.0,0.0,0.0,0.0,0.0,0.0,0.0,0.0,0.0,0.0,0.0,0.2710490228408456,0.0,0.0,0.0,0.0,0.0,0.0,0.0,0.0,0.2095451036076497,0.0,0.0,0.0,0.0,0.0,0.0,0.0,0.0,0.0,0.0,0.0,0.0,0.0,0.0,0.0,0.0,0.0,0.0,0.0,0.0,0.20220397260972392,0.0,0.0,0.0,0.0,0.0,0.0,0.0,0.0,0.0,0.0,0.0,0.0,0.0,0.0,0.0,0.0,0.0,0.0,0.0,0.0,0.0,0.0,0.0,0.0,0.0,0.0,0.0,0.0,0.26488384716216695,0.0,0.0,0.0,0.0,0.0,0.0,0.0,0.0,0.0,0.0,0.30898132344004026,0.0,0.0,0.0,0.0,0.0,0.0,0.0,0.0,0.0,0.0,0.0,0.0,0.0,0.0,0.0,0.0,0.0,0.0,0.0,0.2801210935877695,0.0,0.0,0.0,0.0,0.0,0.0,0.0,0.0,0.0,0.0,0.0,0.0,0.0,0.0,0.0,0.0,0.0,0.0,0.0,0.0,0.0,0.0,0.0,0.0,0.0,0.0,0.0,0.0,0.0,0.0,0.0,0.0,0.0,0.0,0.0,0.0,0.0,0.0,0.0,0.0,0.0,0.0,0.24574646445784623,0.0,0.0,0.180925949311371,0.0,0.0,0.0,0.0,0.0,0.0,0.0,0.0,0.0,0.0,0.0,0.0,0.0,0.0,0.0,0.0,0.0,0.0,0.0,0.0,0.0,0.0,0.0,0.20858827667876353,0.0,0.0,0.0,0.0,0.0,0.0,0.0,0.0,0.0,0.0,0.285092081356925,0.0,0.0,0.0,0.0,0.0,0.0,0.0,0.0,0.0,0.0,0.29320732517496273,0.0,0.0,0.0,0.0,0.0,0.24422119526432656,0.0,0.0,0.0,0.0,0.0,0.0,0.0,0.0,0.0,0.0,0.0,0.0,0.0,0.0,0.0,0.0
3,2024-12-23,확실히 나쁜 책은 아니고 내 것이 아닌 것뿐이다 나는 다른 사람들이 이것을 더 즐길 것이라고 상상할 수 있습니다,0,0.0,0.0,0.0,0.0,0.0,0.0,0.0,0.0,0.0,0.0,0.0,0.0,0.0,0.0,0.0,0.0,0.0,0.0,0.0,0.0,0.3726692874449077,0.0,0.0,0.0,0.0,0.0,0.0,0.0,0.0,0.0,0.0,0.0,0.0,0.0,0.0,0.0,0.0,0.0,0.0,0.0,0.0,0.0,0.0,0.0,0.0,0.0,0.0,0.0,0.0,0.0,0.0,0.0,0.0,0.0,0.269152708838808,0.0,0.0,0.0,0.0,0.0,0.0,0.0,0.0,0.0,0.0,0.0,0.0,0.3162963216349409,0.0,0.0,0.0,0.0,0.0,0.0,0.0,0.0,0.0,0.0,0.0,0.0,0.0,0.0,0.0,0.0,0.0,0.0,0.0,0.0,0.0,0.0,0.0,0.0,0.0,0.0,0.0,0.0,0.0,0.0,0.0,0.0,0.0,0.0,0.0,0.0,0.0,0.0,0.0,0.0,0.0,0.0,0.0,0.0,0.0,0.0,0.0,0.0,0.0,0.0,0.0,0.0,0.0,0.0,0.0,0.0,0.0,0.0,0.0,0.0,0.0,0.0,0.0,0.0,0.0,0.4885356657828192,0.0,0.0,0.0,0.0,0.0,0.0,0.0,0.0,0.0,0.0,0.0,0.0,0.0,0.0,0.0,0.0,0.0,0.0,0.0,0.0,0.0,0.0,0.0,0.0,0.0,0.0,0.0,0.0,0.0,0.0,0.0,0.0,0.0,0.0,0.0,0.0,0.0,0.0,0.0,0.0,0.0,0.0,0.0,0.0,0.0,0.0,0.0,0.0,0.0,0.0,0.0,0.0,0.0,0.0,0.0,0.0,0.0,0.0,0.0,0.0,0.0,0.0,0.0,0.0,0.0,0.0,0.0,0.0,0.0,0.0,0.0,0.0,0.0,0.0,0.0,0.0,0.0,0.0,0.0,0.0,0.0,0.0,0.0,0.0,0.0,0.0,0.0,0.0,0.0,0.0,0.0,0.0,0.0,0.0,0.0,0.0,0.0,0.312807008744084,0.0,0.0,0.0,0.0,0.0,0.0,0.0,0.0,0.0,0.0,0.0,0.0,0.0,0.0,0.0,0.0,0.0,0.0,0.0,0.0,0.0,0.0,0.0,0.0,0.0,0.0,0.0,0.0,0.0,0.0,0.0,0.0,0.0,0.0,0.0,0.32356182279622187,0.0,0.0,0.0,0.0,0.0,0.0,0.0,0.0,0.0,0.0,0.0,0.0,0.0,0.0,0.0,0.0,0.0,0.0,0.0,0.0,0.0,0.0,0.0,0.0,0.0,0.0,0.0,0.0,0.49741681094203594,0.0,0.0,0.0
4,2026-01-10,나는 아시아 문학에 매료된 적이 없는데 이 책에는 뭔가 마법 같은 것이 있다 가볍게 읽기에 좋은 이야기 추천합니다,1,0.0,0.0,0.0,0.0,0.0,0.0,0.0,0.0,0.0,0.0,0.0,0.0,0.0,0.0,0.41032551711610027,0.0,0.0,0.0,0.0,0.0,0.331400412179396,0.0,0.0,0.0,0.0,0.0,0.0,0.0,0.0,0.0,0.0,0.0,0.0,0.0,0.0,0.0,0.0,0.0,0.0,0.0,0.0,0.0,0.0,0.0,0.0,0.0,0.0,0.0,0.0,0.0,0.0,0.0,0.0,0.0,0.23934711459572075,0.0,0.0,0.0,0.0,0.0,0.0,0.0,0.0,0.0,0.0,0.0,0.0,0.0,0.0,0.0,0.0,0.0,0.0,0.0,0.0,0.0,0.0,0.0,0.0,0.0,0.0,0.0,0.0,0.0,0.0,0.0,0.0,0.0,0.0,0.0,0.0,0.0,0.0,0.0,0.0,0.0,0.0,0.0,0.0,0.0,0.0,0.0,0.0,0.0,0.0,0.0,0.0,0.0,0.0,0.0,0.0,0.0,0.0,0.0,0.0,0.0,0.0,0.0,0.0,0.0,0.0,0.0,0.0,0.0,0.0,0.0,0.0,0.0,0.0,0.0,0.0,0.0,0.0,0.0,0.0,0.0,0.0,0.0,0.0,0.0,0.0,0.0,0.0,0.0,0.0,0.0,0.0,0.0,0.0,0.0,0.0,0.0,0.0,0.0,0.0,0.0,0.0,0.0,0.0,0.0,0.0,0.0,0.0,0.0,0.0,0.0,0.49240870266677755,0.0,0.0,0.0,0.0,0.0,0.0,0.0,0.0,0.0,0.0,0.0,0.0,0.0,0.0,0.0,0.0,0.0,0.0,0.0,0.0,0.0,0.0,0.0,0.0,0.0,0.0,0.0,0.0,0.0,0.0,0.0,0.0,0.0,0.0,0.0,0.0,0.3778264301119773,0.0,0.0,0.0,0.0,0.0,0.0,0.0,0.0,0.0,0.0,0.0,0.0,0.0,0.0,0.0,0.0,0.0,0.0,0.0,0.0,0.0,0.0,0.0,0.42006423533676307,0.0,0.0,0.0,0.0,0.0,0.0,0.0,0.0,0.0,0.0,0.0,0.0,0.0,0.0,0.0,0.0,0.0,0.0,0.0,0.0,0.0,0.0,0.0,0.0,0.0,0.0,0.0,0.32069704080835404,0.0,0.0,0.0,0.0,0.0,0.0,0.0,0.0,0.0,0.0,0.0,0.0,0.0,0.0,0.0,0.0,0.0,0.0,0.0,0.0,0.0,0.0,0.0,0.0,0.0,0.0,0.0,0.0,0.0,0.0,0.0,0.0,0.0,0.0,0.0,0.0,0.0,0.0,0.0,0.0,0.0,0.0,0.0,0.0
5,2024-07-04,정말 좋은 책 읽기 쉽고 등장인물들이 흥미롭고 서로에 대해 어떤 가정을 갖고 있는지 살펴보는 것도 특별하다 캐릭터 전환 방식이 정말 잘 되어있습니다 중간중간 꼭 읽어보시길 추천드립니다 꽤 위안이 되는 책입니다,1,0.0,0.0,0.0,0.0,0.0,0.0,0.0,0.0,0.0,0.0,0.0,0.0,0.0,0.0,0.0,0.0,0.0,0.0,0.0,0.0,0.0,0.0,0.0,0.0,0.0,0.0,0.0,0.0,0.0,0.0,0.0,0.0,0.0,0.0,0.0,0.0,0.0,0.0,0.0,0.0,0.0,0.0,0.0,0.0,0.0,0.0,0.0,0.0,0.0,0.0,0.0,0.0,0.0,0.0,0.0,0.0,0.0,0.0,0.0,0.0,0.0,0.0,0.0,0.0,0.0,0.0,0.0,0.0,0.0,0.0,0.0,0.0,0.0,0.0,0.0,0.0,0.0,0.0,0.2519475483722317,0.0,0.0,0.0,0.0,0.0,0.0,0.0,0.0,0.0,0.0,0.0,0.0,0.2843180419340391,0.0,0.0,0.0,0.0,0.0,0.0,0.0,0.0,0.0,0.0,0.0,0.0,0.0,0.0,0.0,0.0,0.0,0.0,0.0,0.0,0.0,0.0,0.0,0.0,0.0,0.0,0.0,0.0,0.0,0.0,0.0,0.0,0.34204878962231167,0.0,0.0,0.0,0.0,0.0,0.0,0.0,0.0,0.0,0.0,0.0,0.0,0.0,0.0,0.0,0.0,0.0,0.0,0.0,0.0,0.0,0.0,0.0,0.0,0.0,0.0,0.0,0.0,0.0,0.0,0.34204878962231167,0.0,0.0,0.0,0.0,0.0,0.0,0.0,0.0,0.0,0.0,0.0,0.0,0.0,0.0,0.0,0.0,0.0,0.0,0.0,0.0,0.0,0.0,0.0,0.0,0.26087979945422696,0.0,0.0,0.0,0.0,0.0,0.0,0.0,0.0,0.0,0.0,0.0,0.0,0.0,0.0,0.0,0.0,0.0,0.0,0.0,0.0,0.0,0.0,0.0,0.0,0.0,0.0,0.0,0.0,0.0,0.0,0.0,0.0,0.0,0.0,0.0,0.0,0.0,0.28025441340559365,0.0,0.0,0.0,0.0,0.0,0.0,0.0,0.31705371932159077,0.0,0.0,0.0,0.0,0.0,0.0,0.0,0.0,0.0,0.0,0.0,0.0,0.0,0.0,0.0,0.0,0.0,0.0,0.0,0.0,0.0,0.0,0.3870278906899196,0.0,0.0,0.0,0.0,0.0,0.2255526490970841,0.0,0.0,0.0,0.0,0.0,0.0,0.0,0.0,0.0,0.0,0.0,0.0,0.0,0.0,0.0,0.0,0.2708863624868172,0.0,0.0,0.0,0.0,0.31705371932159077,0.0,0.0,0.0,0.0,0.0,0.0,0.0,0.0,0.0,0.0,0.0,0.0,0.0,0.0,0.0,0.0,0.0,0.0,0.0,0.0,0.0,0.0
4,2026-01-23,아주 달콤하고 단순한 작은 책 매우 간단한 이야기지만 표면 아래에는 더 깊고 무거운 주제가 있는 우화를 생각나게 했습니다,1,0.0,0.0,0.0,0.0,0.0,0.0,0.0,0.0,0.0,0.0,0.0,0.0,0.0,0.0,0.0,0.0,0.0,0.0,0.0,0.0,0.0,0.0,0.0,0.0,0.0,0.0,0.0,0.0,0.0,0.0,0.0,0.0,0.0,0.0,0.0,0.0,0.0,0.0,0.0,0.0,0.0,0.0,0.0,0.0,0.0,0.0,0.0,0.0,0.0,0.0,0.0,0.0,0.0,0.0,0.0,0.0,0.0,0.0,0.0,0.0,0.0,0.0,0.0,0.0,0.0,0.0,0.0,0.0,0.0,0.0,0.0,0.5548509385839244,0.0,0.0,0.0,0.0,0.0,0.0,0.0,0.0,0.0,0.0,0.0,0.0,0.0,0.0,0.0,0.0,0.0,0.0,0.0,0.0,0.0,0.0,0.0,0.0,0.0,0.0,0.0,0.0,0.0,0.0,0.0,0.0,0.0,0.0,0.0,0.0,0.0,0.0,0.0,0.0,0.0,0.35397011180986304,0.0,0.0,0.0,0.0,0.0,0.0,0.0,0.0,0.0,0.0,0.0,0.0,0.0,0.0,0.0,0.0,0.0,0.0,0.0,0.0,0.0,0.0,0.0,0.0,0.0,0.0,0.0,0.0,0.0,0.0,0.0,0.0,0.0,0.0,0.0,0.0,0.0,0.0,0.0,0.0,0.0,0.0,0.0,0.0,0.0,0.0,0.0,0.0,0.0,0.0,0.0,0.0,0.0,0.5453950836849195,0.0,0.0,0.0,0.0,0.0,0.0,0.0,0.0,0.0,0.0,0.0,0.0,0.0,0.0,0.0,0.0,0.0,0.0,0.0,0.0,0.0,0.0,0.0,0.0,0.0,0.0,0.0,0.0,0.0,0.0,0.0,0.0,0.0,0.0,0.0,0.0,0.0,0.0,0.0,0.0,0.0,0.0,0.0,0.0,0.0,0.0,0.0,0.0,0.0,0.0,0.0,0.0,0.0,0.0,0.0,0.0,0.0,0.33010268556216504,0.0,0.0,0.0,0.0,0.0,0.0,0.0,0.0,0.0,0.0,0.0,0.0,0.0,0.0,0.4005271720805183,0.0,0.0,0.0,0.0,0.0,0.0,0.0,0.0,0.0,0.0,0.0,0.0,0.0,0.0,0.0,0.0,0.0,0.0,0.0,0.0,0.0,0.0,0.0,0.0,0.0,0.0,0.0,0.0,0.0,0.0,0.0,0.0,0.0,0.0,0.0,0.0,0.0,0.0,0.0,0.0,0.0,0.0,0.0,0.0,0.0,0.0,0.0,0.0,0.0,0.0,0.0,0.0,0.0,0.0,0.0,0.0,0.0,0.0,0.0
2,2026-07-16,교훈적이고 도덕적이며 낙관적이며 현실적이지 않습니다,0,0.0,0.0,0.0,0.0,0.0,0.0,0.0,0.0,0.0,0.0,0.0,0.0,0.0,0.0,0.0,0.0,0.0,0.0,0.0,0.0,0.0,0.0,0.0,0.0,0.0,0.0,0.0,0.0,0.0,0.0,0.0,0.0,0.0,0.0,0.0,0.0,0.0,0.0,0.0,0.0,0.0,0.0,0.0,0.0,0.0,0.0,0.0,0.0,0.0,0.0,0.0,0.0,0.0,0.0,0.0,0.0,0.0,0.0,0.0,0.0,0.0,0.0,0.0,0.0,0.0,0.0,0.0,0.0,0.0,0.0,0.0,0.0,0.0,0.0,0.0,0.0,0.0,0.0,0.0,0.0,0.0,0.0,0.0,0.0,0.0,0.0,0.0,0.0,0.0,0.0,0.0,0.0,0.0,0.0,0.0,0.0,0.0,0.0,0.0,0.0,0.0,0.0,0.0,0.0,0.0,0.0,0.0,0.0,0.0,0.0,0.0,0.0,0.0,0.0,0.0,0.0,0.0,0.0,0.0,0.0,0.0,0.0,0.0,0.0,0.0,0.0,0.0,0.0,0.0,0.0,0.0,0.0,0.0,0.0,0.0,0.0,0.0,0.0,0.0,0.0,0.0,0.0,0.0,0.0,0.0,0.0,0.0,0.0,0.0,0.0,0.0,0.0,0.0,0.0,0.0,0.0,0.0,0.0,0.0,0.0,0.0,0.0,0.0,0.0,0.0,0.0,0.0,0.0,0.0,0.0,1.0,0.0,0.0,0.0,0.0,0.0,0.0,0.0,0.0,0.0,0.0,0.0,0.0,0.0,0.0,0.0,0.0,0.0,0.0,0.0,0.0,0.0,0.0,0.0,0.0,0.0,0.0,0.0,0.0,0.0,0.0,0.0,0.0,0.0,0.0,0.0,0.0,0.0,0.0,0.0,0.0,0.0,0.0,0.0,0.0,0.0,0.0,0.0,0.0,0.0,0.0,0.0,0.0,0.0,0.0,0.0,0.0,0.0,0.0,0.0,0.0,0.0,0.0,0.0,0.0,0.0,0.0,0.0,0.0,0.0,0.0,0.0,0.0,0.0,0.0,0.0,0.0,0.0,0.0,0.0,0.0,0.0,0.0,0.0,0.0,0.0,0.0,0.0,0.0,0.0,0.0,0.0,0.0,0.0,0.0,0.0,0.0,0.0,0.0,0.0,0.0,0.0,0.0,0.0,0.0,0.0,0.0,0.0,0.0,0.0,0.0,0.0,0.0,0.0,0.0,0.0,0.0,0.0,0.0,0.0,0.0,0.0,0.0,0.0,0.0,0.0,0.0,0.0,0.0,0.0
3,2026-03-30,그것은 단순하면서도 매우 건전한 전제였습니다 친절하게 대하는 데에는 비용이 들지 않습니다 그래도 더 나은 힐링 아시아 소설을 읽었습니다 아마도 이것을 완전히 즐길 기분을 잃었을 것입니다,0,0.0,0.0,0.0,0.0,0.0,0.0,0.0,0.0,0.0,0.0,0.0,0.0,0.0,0.0,0.0,0.0,0.0,0.0,0.0,0.0,0.0,0.20654896554301294,0.0,0.0,0.0,0.0,0.0,0.0,0.0,0.0,0.0,0.26129268763116803,0.0,0.0,0.0,0.0,0.0,0.0,0.0,0.0,0.0,0.0,0.0,0.0,0.0,0.0,0.0,0.0,0.0,0.0,0.0,0.0,0.0,0.0,0.0,0.0,0.0,0.0,0.32288918221515817,0.0,0.0,0.0,0.0,0.0,0.0,0.0,0.0,0.0,0.0,0.0,0.0,0.0,0.0,0.0,0.0,0.0,0.0,0.0,0.0,0.0,0.0,0.0,0.0,0.0,0.0,0.0,0.0,0.0,0.0,0.0,0.0,0.0,0.0,0.0,0.0,0.0,0.33623381730366725,0.0,0.0,0.0,0.0,0.0,0.0,0.0,0.0,0.0,0.0,0.0,0.0,0.0,0.0,0.0,0.0,0.18173716938529413,0.0,0.0,0.0,0.0,0.0,0.0,0.0,0.0,0.0,0.0,0.0,0.0,0.0,0.0,0.0,0.0,0.0,0.0,0.0,0.0,0.0,0.0,0.0,0.0,0.0,0.0,0.0,0.0,0.0,0.0,0.0,0.0,0.0,0.0,0.0,0.0,0.29560219030378676,0.0,0.0,0.0,0.0,0.0,0.0,0.0,0.0,0.0,0.0,0.0,0.0,0.0,0.0,0.31150502777288014,0.32288918221515817,0.0,0.0,0.0,0.25946548116080376,0.0,0.0,0.0,0.0,0.0,0.0,0.0,0.0,0.0,0.0,0.0,0.0,0.0,0.0,0.0,0.0,0.0,0.0,0.0,0.0,0.3151174322234846,0.0,0.0,0.0,0.0,0.0,0.0,0.0,0.0,0.0,0.0,0.0,0.0,0.0,0.0,0.0,0.0,0.0,0.0,0.0,0.0,0.0,0.0,0.0,0.0,0.0,0.0,0.0,0.0,0.29005320937586404,0.0,0.0,0.0,0.0,0.0,0.0,0.0,0.0,0.0,0.0,0.0,0.0,0.0,0.0,0.0,0.0,0.0,0.0,0.0,0.0,0.0,0.0,0.0,0.0,0.0,0.0,0.0,0.0,0.0,0.0,0.0,0.0,0.0,0.0,0.0,0.0,0.0,0.0,0.0,0.0,0.0,0.0,0.0,0.0,0.0,0.0,0.0,0.0,0.0,0.0,0.0,0.0,0.0,0.0,0.0,0.0,0.0,0.0,0.0,0.0,0.0,0.0,0.0,0.0,0.0,0.0,0.0,0.0,0.0,0.0,0.0,0.0,0.0,0.0,0.0,0.0,0.0,0.0,0.3151174322234846
3,2024-12-10,아늑한 문학 인류에 대해 서로 돕는 것에 대해 넘어지고 다시 일어나는 것에 대해 간단하고 좋아요 아시아로서의 하모닉 이 작업은 겨울에 전자레인지에 데운 접시만큼 편안합니다 마음의 평화를 주는 친숙한 맛이 있습니다 안전한 곳은 상점 자체와 소설 전체입니다 매우 한국적이다 매우 행복하게 마무리됩니다 최악의 경우는 제목 자체일 수 있습니다,0,0.0,0.0,0.0,0.0,0.0,0.0,0.0,0.0,0.0,0.0,0.0,0.0,0.0,0.0,0.0,0.0,0.5086188105401017,0.0,0.0,0.0,0.0,0.0,0.0,0.0,0.0,0.0,0.0,0.0,0.0,0.0,0.0,0.0,0.0,0.0,0.0,0.0,0.0,0.0,0.0,0.0,0.0,0.0,0.0,0.0,0.0,0.0,0.0,0.0,0.0,0.0,0.0,0.0,0.0,0.0,0.0,0.0,0.0,0.0,0.0,0.0,0.0,0.0,0.0,0.0,0.0,0.0,0.0,0.0,0.0,0.20507234263076768,0.0,0.0,0.0,0.0,0.0,0.0,0.0,0.0,0.5330000109290103,0.0,0.0,0.0,0.0,0.0,0.0,0.0,0.0,0.25809990576111,0.0,0.0,0.0,0.0,0.0,0.0,0.0,0.0,0.0,0.0,0.0,0.0,0.0,0.0,0.0,0.0,0.0,0.0,0.0,0.0,0.0,0.0,0.0,0.0,0.0,0.2749126892259957,0.0,0.0,0.0,0.0,0.0,0.0,0.0,0.0,0.0,0.0,0.0,0.0,0.0,0.0,0.0,0.0,0.0,0.0,0.0,0.0,0.0,0.0,0.0,0.0,0.0,0.0,0.0,0.0,0.0,0.0,0.0,0.0,0.0,0.23049547733520936,0.21003859867744468,0.0,0.0,0.0,0.0,0.0,0.0,0.0,0.0,0.0,0.0,0.0,0.0,0.24120365499991017,0.0,0.0,0.0,0.0,0.0,0.0,0.0,0.0,0.0,0.0,0.0,0.0,0.0,0.0,0.0,0.0,0.0,0.0,0.0,0.0,0.0,0.0,0.0,0.0,0.0,0.0,0.0,0.0,0.0,0.0,0.0,0.0,0.0,0.0,0.0,0.0,0.0,0.0,0.0,0.0,0.0,0.0,0.0,0.0,0.0,0.0,0.0,0.0,0.0,0.0,0.0,0.0,0.0,0.0,0.0,0.0,0.0,0.0,0.0,0.0,0.0,0.0,0.0,0.0,0.0,0.0,0.0,0.0,0.0,0.2759209764970346,0.0,0.0,0.0,0.0,0.0,0.0,0.0,0.0,0.0,0.0,0.0,0.0,0.0,0.0,0.0,0.0,0.0,0.0,0.0,0.0,0.0,0.0,0.0,0.0,0.0,0.20350605319805595,0.0,0.0,0.0,0.0,0.0,0.0,0.0,0.0,0.0,0.0,0.0,0.0,0.0,0.0,0.0,0.0,0.0,0.0,0.0,0.0,0.0,0.0,0.0,0.0,0.0,0.0,0.0,0.0,0.0,0.0,0.0,0.0,0.0,0.0,0.0,0.0,0.0,0.0,0.0,0.0,0.0,0.0
4,2025-05-29,두 번째 기회 따뜻한 마음 변화에 직면할 동기를 부여하는 소설입니다 기분 좋은 소설을 좋아하는 분들 지금 당장 안아주고 싶은 책이 필요한 분들에게 적극 추천하는 책,1,0.0,0.0,0.0,0.0,0.0,0.0,0.0,0.0,0.0,0.0,0.0,0.0,0.0,0.0,0.0,0.0,0.0,0.0,0.0,0.0,0.0,0.0,0.0,0.0,0.0,0.0,0.0,0.0,0.0,0.0,0.0,0.0,0.0,0.0,0.0,0.0,0.0,0.0,0.0,0.0,0.0,0.0,0.0,0.0,0.0,0.0,0.3230287138920327,0.0,0.0,0.3024959108251292,0.0,0.0,0.0,0.0,0.0,0.0,0.0,0.0,0.0,0.0,0.0,0.0,0.0,0.0,0.0,0.0,0.0,0.0,0.0,0.0,0.0,0.0,0.0,0.0,0.0,0.0,0.0,0.0,0.0,0.0,0.0,0.0,0.0,0.0,0.0,0.0,0.0,0.0,0.0,0.0,0.0,0.0,0.0,0.0,0.0,0.0,0.0,0.0,0.3078639588134901,0.0,0.0,0.0,0.0,0.0,0.0,0.0,0.0,0.0,0.0,0.0,0.0,0.0,0.0,0.0,0.0,0.0,0.0,0.0,0.0,0.0,0.0,0.0,0.0,0.0,0.0,0.21835511950788888,0.0,0.0,0.0,0.0,0.0,0.0,0.0,0.0,0.0,0.0,0.0,0.0,0.0,0.0,0.0,0.0,0.0,0.0,0.0,0.0,0.0,0.0,0.0,0.0,0.3166274119289413,0.0,0.0,0.35035232721311665,0.0,0.0,0.0,0.0,0.0,0.0,0.30513663659815043,0.0,0.0,0.0,0.0,0.0,0.0,0.0,0.0,0.0,0.0,0.0,0.0,0.0,0.0,0.0,0.0,0.0,0.0,0.0,0.0,0.0,0.0,0.0,0.0,0.0,0.0,0.0,0.0,0.0,0.0,0.0,0.0,0.0,0.0,0.0,0.0,0.0,0.0,0.0,0.0,0.0,0.0,0.0,0.0,0.0,0.0,0.0,0.0,0.0,0.0,0.0,0.0,0.0,0.0,0.0,0.0,0.0,0.0,0.0,0.0,0.0,0.0,0.0,0.0,0.0,0.0,0.0,0.0,0.0,0.0,0.0,0.0,0.0,0.0,0.0,0.0,0.0,0.0,0.0,0.0,0.0,0.0,0.0,0.0,0.0,0.0,0.0,0.0,0.0,0.0,0.0,0.3024959108251292,0.0,0.0,0.22524937316659668,0.0,0.0,0.0,0.0,0.0,0.0,0.0,0.0,0.0,0.0,0.0,0.0,0.0,0.0,0.2779204162878977,0.0,0.0,0.0,0.0,0.0,0.0,0.0,0.0,0.0,0.0,0.0,0.0,0.0,0.0,0.0,0.0,0.355106528316941,0.0,0.0,0.0,0.0,0.0,0.0,0.0,0.0,0.0,0.0,0.0,0.0
3,2024-08-22,호기심에 이 책을 읽었지만 딱히 내 독서 장르는 아닌 것 같다 노숙인 남자는 잃어버린 지갑을 돌려주며 할머니를 돕는다 독고의 또 다른 새로운 존재의 시작 때로는 불편한 편의점 독고가 밤에 운영하는 동네 가게에 대한 설명 등 반가운 말들 이런 식으로 그는 다양한 사람들과 접촉하게 된다 그의 존재 방식은 많은 사람들에게 매력적이며 이는 매장이 더 나은 수입을 창출한다는 것을 의미합니다 술을 끊기 때문에 점차 기억도 돌아옵니다 마지막 장은 과거 독고에 대한 많은 정보를 얻을 수 있기 때문에 항상 흥미로웠습니다,0,0.0,0.0,0.0,0.0,0.20179667562905723,0.0,0.0,0.0,0.0,0.0,0.0,0.0,0.0,0.0,0.0,0.0,0.0,0.0,0.0,0.11553900985502363,0.0,0.0,0.0,0.0,0.0,0.0,0.0,0.0,0.0,0.0,0.0,0.0,0.0,0.0,0.0,0.1512773144472298,0.0,0.0,0.0,0.0,0.0,0.0,0.0,0.0,0.15670754060777478,0.0,0.0,0.0,0.0,0.0,0.0,0.0,0.0,0.0,0.0,0.0,0.0,0.0,0.2067735926503524,0.0,0.0,0.0,0.0,0.0,0.0,0.0,0.0,0.11811170430661382,0.0,0.0,0.15670754060777478,0.0,0.0,0.0,0.0,0.0,0.0,0.2294203923977129,0.0,0.0,0.0,0.0,0.0,0.18085071218852128,0.0,0.0,0.17783599110895337,0.0,0.21531930521008844,0.0,0.0,0.0,0.0,0.18242950092468227,0.0,0.0,0.0,0.0,0.0,0.0,0.1723049996287852,0.29276423833390824,0.0,0.0,0.0,0.0,0.0,0.16501475070447244,0.0,0.0,0.26811560927145583,0.0,0.0,0.0,0.0,0.0,0.0,0.0,0.0,0.0,0.0,0.0,0.0,0.0,0.0,0.0,0.0,0.0,0.1994833437260396,0.18929939512094845,0.0,0.0,0.0,0.0,0.0,0.0,0.0,0.0,0.0,0.0,0.0,0.0,0.0,0.0,0.0,0.174993636469617,0.0,0.0,0.0,0.0,0.0,0.0,0.0,0.0,0.0,0.0,0.0,0.0,0.0,0.0,0.0,0.0,0.0,0.0,0.0,0.0,0.0,0.0,0.0,0.0,0.0,0.0,0.0,0.0,0.0,0.0,0.0,0.0,0.0,0.0,0.0,0.0,0.0,0.0,0.0,0.0,0.0,0.0,0.0,0.0,0.0,0.0,0.0,0.0,0.0,0.2067735926503524,0.0,0.0,0.0,0.0,0.20179667562905723,0.0,0.19117613362934194,0.0,0.0,0.0,0.0,0.0,0.0,0.0,0.0,0.0,0.0,0.0,0.0,0.0,0.0,0.0,0.0,0.0,0.0,0.0,0.0,0.1994833437260396,0.0,0.0,0.0,0.0,0.0,0.0,0.0,0.0,0.0,0.0,0.0,0.0,0.0,0.0,0.0,0.0,0.0,0.0,0.18574590746879696,0.0,0.0,0.0,0.0,0.0,0.0,0.0,0.0,0.0,0.0,0.0,0.0,0.0,0.0,0.0,0.0,0.0,0.0,0.0,0.0,0.17639450849284485,0.0,0.0,0.0,0.0,0.12519393572379603,0.0,0.0,0.0,0.0,0.0,0.0,0.0,0.0,0.0,0.0,0.0,0.0,0.0,0.0,0.15767315673871768,0.0,0.0,0.0,0.0,0.0,0.0,0.0,0.0,0.0,0.0,0.18406006235497177,0.0,0.0,0.0,0.0,0.0
3,2025-09-29,3 5 너무 좋았어요 그것은 영혼을 살짝 안아주는 것과 같습니다 다른 사람을 만났을 때 그 사람의 삶에서 무슨 일이 일어나고 있는지 결코 알 수 없으며 친절하게 대하는 데는 아무런 비용도 들지 않는다는 사실을 너무나 분명하게 보여줍니다 정말 얼마나 아름다운지,0,0.0,0.0,0.0,0.0,0.0,0.0,0.0,0.0,0.0,0.0,0.0,0.0,0.30435189589667,0.0,0.0,0.0,0.0,0.0,0.0,0.0,0.0,0.0,0.0,0.0,0.0,0.0,0.0,0.0,0.0,0.0,0.0,0.26095275733969947,0.0,0.0,0.0,0.0,0.0,0.0,0.0,0.0,0.0,0.0,0.0,0.0,0.0,0.0,0.0,0.0,0.0,0.0,0.0,0.0,0.0,0.0,0.0,0.0,0.0,0.0,0.0,0.0,0.0,0.22023733533967474,0.0,0.0,0.0,0.0,0.0,0.18419845869627186,0.0,0.0,0.0,0.0,0.0,0.0,0.0,0.0,0.0,0.0,0.0,0.0,0.0,0.0,0.0,0.0,0.0,0.0,0.0,0.0,0.0,0.0,0.0,0.0,0.0,0.0,0.0,0.0,0.3357963918994058,0.0,0.0,0.0,0.0,0.0,0.0,0.0,0.0,0.0,0.0,0.0,0.0,0.0,0.0,0.0,0.0,0.0,0.0,0.0,0.0,0.31849123698712634,0.0,0.0,0.0,0.0,0.0,0.0,0.0,0.0,0.0,0.0,0.0,0.0,0.0,0.0,0.0,0.0,0.0,0.0,0.30435189589667,0.2729073998939342,0.0,0.31470747830723206,0.0,0.0,0.0,0.0,0.0,0.0,0.0,0.0,0.0,0.0,0.0,0.0,0.0,0.0,0.0,0.0,0.0,0.0,0.0,0.0,0.0,0.0,0.0,0.0,0.0,0.0,0.0,0.0,0.0,0.0,0.0,0.0,0.0,0.0,0.0,0.0,0.0,0.0,0.0,0.0,0.0,0.0,0.0,0.2729073998939342,0.0,0.0,0.0,0.0,0.0,0.0,0.0,0.0,0.0,0.0,0.0,0.0,0.0,0.0,0.0,0.0,0.0,0.0,0.0,0.0,0.0,0.0,0.0,0.0,0.0,0.0,0.0,0.0,0.0,0.0,0.0,0.2870467409843905,0.0,0.0,0.0,0.0,0.0,0.0,0.0,0.0,0.0,0.0,0.29521762485873093,0.0,0.0,0.0,0.0,0.0,0.0,0.0,0.0,0.0,0.0,0.0,0.0,0.0,0.0,0.0,0.0,0.0,0.0,0.0,0.0,0.0,0.0,0.18018627078093055,0.0,0.0,0.0,0.0,0.0,0.0,0.0,0.0,0.0,0.0,0.0,0.0,0.0,0.0,0.0,0.0,0.0,0.0,0.0,0.0,0.0,0.0,0.0,0.0,0.0,0.0,0.0,0.0,0.0,0.0,0.0,0.0,0.0,0.0,0.0,0.0,0.0,0.0,0.0,0.0,0.0,0.0,0.0,0.0,0.0,0.0,0.0,0.0,0.0,0.0
4,2025-11-02,과거가 공개된게 정말 후회됩니다,1,0.0,0.0,0.0,0.0,0.0,0.0,0.0,0.0,0.0,0.0,0.0,0.0,0.0,0.0,0.0,0.0,0.0,0.0,0.0,0.0,0.0,0.0,0.0,0.0,0.0,0.0,0.0,0.0,0.0,0.0,0.0,0.0,0.0,0.0,0.0,0.0,0.0,0.0,0.0,0.0,0.0,0.0,0.0,0.0,0.0,0.0,0.0,0.0,0.0,0.0,0.0,0.0,0.0,0.0,0.0,0.0,0.0,0.0,0.0,0.0,0.0,0.0,0.0,0.0,0.0,0.0,0.0,0.0,0.0,0.0,0.0,0.0,0.0,0.0,0.0,0.0,0.0,0.0,0.0,0.0,0.0,0.0,0.0,0.0,0.0,0.0,0.0,0.0,0.0,0.0,0.0,0.0,0.0,0.0,0.0,0.0,0.0,0.0,0.0,0.0,0.0,0.0,0.0,0.0,0.0,0.0,0.0,0.0,0.0,0.0,0.0,0.0,0.0,0.0,0.0,0.0,0.0,0.0,0.0,0.0,0.0,0.0,0.0,0.0,0.0,0.0,0.0,0.0,0.0,0.0,0.0,0.0,0.0,0.0,0.0,0.0,0.0,0.0,0.0,0.0,0.0,0.0,0.0,0.0,0.0,0.0,0.0,0.0,0.0,0.0,0.0,0.0,0.0,0.0,0.0,0.0,0.0,0.0,0.0,0.0,0.0,0.0,0.0,0.0,0.0,0.0,0.0,0.0,0.0,0.0,0.0,0.0,0.0,0.0,0.0,0.0,0.0,0.0,0.0,0.0,0.0,0.0,0.0,0.0,0.0,0.0,0.0,0.0,0.0,0.0,0.0,0.0,0.0,0.0,0.0,0.0,0.0,0.0,0.0,0.0,0.0,0.0,0.0,0.0,0.0,0.0,0.0,0.0,0.0,0.0,0.0,0.0,0.0,0.0,0.0,0.0,0.0,0.0,0.0,0.0,0.0,0.0,0.0,0.0,0.0,0.0,0.0,0.0,0.0,0.0,0.0,0.0,0.0,0.0,0.0,0.0,0.0,0.0,0.0,0.0,0.0,0.0,0.0,0.0,0.0,0.0,0.0,0.0,0.0,1.0,0.0,0.0,0.0,0.0,0.0,0.0,0.0,0.0,0.0,0.0,0.0,0.0,0.0,0.0,0.0,0.0,0.0,0.0,0.0,0.0,0.0,0.0,0.0,0.0,0.0,0.0,0.0,0.0,0.0,0.0,0.0,0.0,0.0,0.0,0.0,0.0,0.0,0.0,0.0,0.0,0.0,0.0,0.0,0.0,0.0,0.0,0.0,0.0,0.0,0.0
4,2024-06-03,인생은 문제 해결의 연속이었습니다 이 책은 편의점 곳곳에 얽힌 다양한 인물들의 이야기를 담고 있습니다 혼란스러워 보일 수도 있고 저에게는 확실히 달랐지만 각 캐릭터가 어떻게 표현되고 모든 것이 어떻게 해결되는지 캐릭터가 하는 일이 자신과 다른 캐릭터의 미래에 긍정적이거나 부정적인 영향을 미칠 수 있다는 것을 어떻게 알 수 있는지가 마음에 들었습니다 앞서 말했듯이 저자는 이러한 이야기를 매우 매력적인 방식으로 제시하여 차분하고 빠르게 읽습니다 다양한 성격과 동기를 지닌 다양한 인물들이 삶의 여러 단계에서 어떻게 일생 동안 취하는 각 행동이 어떤 반응을 불러일으키는지 보여줍니다 모든 등장인물과 동일시할 수는 없지만 이야기에 참여하고 공감하게 될 것입니다 그리고 무엇보다도 독고의 역사와 과거에 대해 더 알고 싶을 것입니다 나는 구성과 작가가 캐릭터를 표현하는 방식을 정말 좋아했습니다 많은 순간에 나는 영감과 동기를 부여받았을 뿐만 아니라 내가 사용할 수 있는 몇 가지 인생 교훈을 배울 수 있었습니다 그럼에도 불구하고 나는 같은 장르의 다른 책 특히 결말을 좋아하는 만큼 이 책을 좋아하지 않았습니다 많은 사람들이 결말에 도달하기 전에 결말이 어떻게 될지 이해할 수 있지만 저는 전혀 몰랐기 때문에 일어난 일이 주로 개인적인 이유로 저를 매우 놀랍고 슬프게 만들었습니다 보통 책을 한 권 끝내고 서평을 쓰는데 이번 건은 내가 무슨 말을 하고 싶은지 어떻게 하고 싶은지 좀 고민해야 할 것 같았는데 그럼에도 불구하고 책에 대한 내 감정과 마찬가지로 결과도 조금 혼란스러웠던 것 같다 내가 매긴 평가는 책 전반에 걸쳐 일어나는 모든 일과 관련이 있으며 결말이 나에게 나쁜 감정을 남겼기 때문에 취소할 수 없는 것입니다 그러니 정말 읽어볼 만한 가치가 있기 때문에 꼭 읽어보시길 권합니다 우리가 살아가면서 겪을 수 있는 갈등과 문제에 대해 읽는 것은 매우 흥미롭고 그것을 다른 관점에서 보면 그것을 해결하는 것이 때로는 그리 어렵지 않다는 것을 알 수 있습니다,1,0.0,0.0,0.0,0.0,0.0,0.0,0.0,0.0,0.09297566080534107,0.0,0.0,0.0,0.0,0.0,0.07747687214411347,0.0,0.0,0.0,0.06582065961705168,0.10390413642645899,0.12514877233757152,0.17842678805409395,0.0,0.0,0.0,0.0,0.0,0.0982613199205432,0.0,0.0,0.0,0.0,0.14450647620971777,0.0,0.0,0.0,0.0,0.0,0.0,0.0,0.0,0.0,0.0587000260555065,0.0,0.0,0.0,0.0,0.0,0.0,0.0,0.0,0.0,0.0,0.0,0.1355791805924773,0.0,0.07089767001260937,0.0,0.0,0.0,0.20641927490011977,0.0,0.0,0.0,0.0,0.0,0.0,0.1593266376425813,0.0,0.0,0.21139044335064197,0.0,0.0982613199205432,0.0,0.0,0.0,0.0,0.05157939249396132,0.13527910038583724,0.0,0.0,0.0,0.0,0.0,0.0,0.0,0.07996388018602975,0.0,0.0,0.0,0.08870366083152029,0.0,0.0,0.0,0.0,0.07868581659266607,0.0,0.0,0.0,0.0,0.07747687214411347,0.19746197885115502,0.0,0.0,0.060831164110280826,0.0,0.0,0.0,0.0,0.0,0.12055807332415547,0.0,0.091828741432736,0.15699318231011966,0.0,0.1623624532740543,0.0,0.091828741432736,0.0,0.0,0.08870366083152029,0.0,0.0,0.09681823693950685,0.0,0.0,0.0,0.15863143624232665,0.0,0.0,0.0,0.0,0.0,0.08202934998349755,0.0,0.0,0.0,0.0,0.0,0.0,0.0,0.0,0.07632995277150842,0.0,0.0,0.0,0.0,0.0,0.0,0.0,0.0,0.0,0.0,0.0,0.07689605960468786,0.0,0.0,0.0,0.0,0.0,0.0,0.0,0.07471286093142143,0.0,0.0,0.0,0.0,0.0,0.0,0.0,0.0,0.08683924592596515,0.0,0.0,0.0,0.08596226977810825,0.0,0.0,0.0,0.0,0.07003756299081952,0.40813069295668375,0.0,0.0,0.08596226977810825,0.0,0.0,0.091828741432736,0.0,0.0,0.08511839508047328,0.0,0.0,0.07632995277150842,0.0,0.0,0.0,0.0,0.0,0.0,0.0,0.09418460525389365,0.0,0.0,0.0,0.0,0.11791114397205381,0.09546266884725733,0.0,0.0,0.08511839508047328,0.0,0.0,0.0,0.0,0.16552506251863122,0.0,0.0,0.0,0.07225323810485888,0.0,0.0,0.0,0.0,0.07523900345451379,0.09760498483999792,0.0,0.0,0.07134045726473756,0.0,0.0,0.10504598699643941,0.08969760337796168,0.07996388018602975,0.0,0.07471286093142143,0.0,0.0,0.0,0.0,0.0,0.0982613199205432,0.0,0.0,0.08131944827827926,0.08063139320454128,0.0,0.0,0.0,0.10390413642645899,0.0,0.07471286093142143,0.08131944827827926,0.0,0.09546266884725733,0.0,0.0,0.0,0.0,0.0,0.0,0.0,0.0,0.0,0.0,0.0,0.08276253125931561,0.05432881949554299,0.11258680331026782,0.0,0.0,0.0,0.0,0.0,0.0,0.0,0.0,0.0,0.17023679016094656,0.0,0.08775202676608646,0.0,0.08063139320454128,0.07089767001260937,0.0,0.0,0.0,0.0,0.1640586999669951,0.07868581659266607,0.0,0.0,0.0,0.0,0.0,0.0,0.08352057082067488,0.0,0.0,0.0
5,2024-02-26,따뜻한 소설로 재회 이 소설은 독도 고독을 품은 사람 이라는 뜻 라 불리는 서울역에 사는 노숙인의 삶과 그에게 영향을 받는 주변 사람들의 삶을 그린다 어느 날 그는 역사 교사이자 올웨이즈 미니마켓의 주인인 염 할머니의 지갑이 들어 있는 파우치 를 발견하고 돌려준다 독도의 삶의 변화 그리고 자신의 미래를 아직 결정하지 못한 아르바이트생 시현 아이의 미래를 생각하는 중년 엄마 선숙 가족 특히 딸 인경과의 긴장된 관계로 인해 혼술을 하는 회사원 경만 등 각자의 삶에 영향을 받은 주변 사람들의 변화가 시작된 사건 작가가 되기 위해 전업을 선택한 예술가 염 할머니의 아들 민식 그리고 사립탐정 곽 나는 이 소설의 거의 모든 것을 좋아했다 큰 그림은 인간관계의 이야기를 말해줍니다 노숙자인 독도에 대한 염할머니의 공경적인 태도를 통해 인간적인 관계가 드러난다 염 할머니와 그녀의 직원 아르바이트생 사이에서 만들어지는 따뜻함 염 할머니가 편의점에서 아르바이트를 제안하기까지 두 가지 사건이 필요하기 때문에 이야기는 덜 서두르고 강요되지 않습니다 선숙이 독도를 냉소에서 감상으로 바꾸는 데에도 두 가지 사건이 있었다 한편 노숙자가 되기 전 독특한 삶을 살았던 독도의 배경과 성격을 이해하기 위해서는 전체 이야기가 필요하다 이 소설의 이야기를 통해 우리는 각 개인이 고유한 복잡성을 가지고 있음을 이해할 것입니다 우리 동료 인간이 다른 사람들에게 새로운 복잡성을 유발하지 않음으로써 서로를 존중한다면 얼마나 칭찬할 만합니까 대접받고 싶은 대로 남을 대접하고 대접받고 싶지 않은 대로 남을 대접하지 않는 것입니다,1,0.0,0.0,0.0,0.0,0.0,0.0,0.0,0.0,0.2848258515139848,0.12676924388169117,0.0,0.0,0.0,0.0,0.0,0.14065616337374856,0.0,0.0,0.0,0.07957615970983059,0.0,0.18220023534551089,0.0,0.0,0.0,0.0,0.0,0.0,0.0,0.0,0.0,0.0,0.0,0.0,0.0,0.10419050457531343,0.0,0.0,0.0,0.0,0.0,0.0,0.17982431918561076,0.12793035024907412,0.0,0.0,0.0,0.0,0.0,0.0,0.0,0.0,0.0,0.0,0.0692232340258565,0.0,0.0,0.0,0.0,0.0,0.0,0.0,0.0,0.14065616337374856,0.0,0.0,0.0,0.08134807332429916,0.0,0.0,0.0,0.0,0.0,0.0,0.0,0.0,0.0,0.07900532386870986,0.0,0.0,0.0,0.0,0.0,0.0,0.0,0.0,0.0,0.0,0.0,0.0,0.0,0.0,0.0,0.0,0.0,0.0,0.0,0.0,0.12676924388169117,0.0,0.0,0.1008189953169009,0.0,0.0,0.0,0.0,0.0,0.0,0.0,0.0,0.0,0.0,0.0,0.0,0.0,0.08289808251448946,0.14622233231095064,0.0,0.0,0.0,0.0,0.0,0.0,0.0,0.0,0.0,0.0,0.0,0.0,0.13037777386201088,0.0,0.0,0.2072100624275879,0.0,0.0,0.0,0.0,0.0,0.0,0.0,0.11443938149787035,0.21719113429026507,0.11691631769998784,0.0,0.0,0.12052484768030755,0.0,0.0,0.0,0.12248248663718993,0.0,0.28852938670813655,0.0,0.0,0.0,0.0,0.0,0.0,0.0,0.0,0.12564621351336602,0.0,0.0,0.0,0.0,0.0,0.0,0.0,0.0,0.13167035585198036,0.11443938149787035,0.0,0.13167035585198036,0.0,0.0,0.0,0.0,0.0,0.0,0.13301364008307479,0.0,0.0,0.0,0.12052484768030755,0.0,0.0,0.0,0.0,0.0,0.0,0.26075554772402176,0.0,0.12350493144826942,0.0,0.11139298723944634,0.0,0.0,0.10028798688754585,0.0,0.0,0.0,0.0,0.0,0.0,0.1008189953169009,0.10478616059117427,0.18060717016651207,0.0,0.0,0.0,0.0,0.0,0.13586940662697655,0.0,0.0,0.0,0.0,0.0,0.0,0.0,0.0,0.0,0.0,0.0,0.0,0.07475188312257998,0.0,0.0,0.0,0.0,0.0,0.0,0.0,0.0,0.0,0.0,0.0,0.09538687491725667,0.0,0.0,0.0,0.0,0.0,0.0,0.0,0.0,0.0,0.0,0.0,0.0,0.0,0.0,0.0,0.0,0.0,0.0,0.0,0.0,0.23734616016646334,0.0,0.0,0.0,0.0,0.0,0.0,0.0,0.0,0.0,0.0,0.0,0.0,0.0,0.0,0.0,0.0,0.0,0.0,0.0,0.0,0.0,0.0,0.2288787629957407,0.12350493144826942,0.0,0.13586940662697655,0.0,0.0,0.0,0.0,0.12052484768030755,0.0,0.0,0.0,0.0,0.0,0.0,0.0,0.0,0.0,0.0
3,2025-08-15,우리에게 매우 먼 땅을 알 수 있는 기회를 제공하는 또 다른 책입니다 그리고 이미 그것들을 소개하면서 그는 인류애 친절 공감은 국경이나 언어 장벽 문화에 의해 방해받지 않는 보편적인 것임을 다시 한번 확인한다 이 소설은 작은 가게를 운영하는 염종석과 그의 지갑을 아껴주는 노숙자 독이의 이야기를 담고 있다 그 여자는 편견에도 불구하고 Doc이 밤에 일하도록 허용합니다 즉 그녀는 그 남자에게 두 번째 기회를 주는 것이다 Doc은 매우 다채로운 캐릭터로 밝혀졌습니다 그가 변하는 것을 보는 것은 재미있었습니다 하지만 소설의 전체적인 내용과 결론이 너무 성급하게 전개되는 느낌이 들었습니다 이렇게 다층적인 성격을 밝히는 데 단지 몇 페이지만 투자하는 것은 옳지 않은 것 같았습니다 나는 Doc과 그의 운명에 관심이 있습니다 나는 덜 교훈적이고 더 많은 답변이나 설명을 원했습니다 어쩌면 약간의 에필로그일 수도 있습니다 소설은 나에게 커피가 식을 때까지 를 조금 생각나게 했다 안나의 성공을 따라잡은 다른 작가들도 이제 같거나 비슷한 품종의 말을 타고 있다는 느낌을 받는다 카페 상점 노인과 비밀 어떤 형태로든 과거로의 여행 모든 것이 반복되기 시작하고 때로는 독창성이 그리워집니다 일하고 벌고 부담이 되지 않으려는 독의 진심이 매력적이었다 그리고 가장 흥미로운 점은 가장 적게 가진 사람이 가장 많이 기부한다는 증거라는 점이다 왠지 그 작은 가게의 곰처럼 돌아서서 모든 일을 완벽하게 해내려고 애쓰는 그 사람의 모습이 아주 잘 상상되었습니다 아름다운 책인데 모든 것에도 불구하고 읽는 것이 즐거웠습니다 그런 이야기는 마음을 따뜻하게 하고 그 안에 무엇인가를 남겨준다 나에게는 조금 과할 수도 있지만 아늑함을 찾는 분들은 정말 좋아하실 거라 믿어 의심치 않습니다 출판사로부터의 선물 인스타그램에서 만나보세요 https www instagram com gretosknygo,0,0.0,0.0,0.0,0.12277774688347541,0.0,0.0,0.0,0.26395575488281775,0.0,0.0,0.0,0.0,0.0,0.0,0.0,0.0,0.0,0.0,0.169308325102372,0.06681730102646505,0.16095804232568864,0.0,0.0,0.0,0.0,0.0,0.0,0.0,0.0,0.0,0.09964560924494462,0.0,0.0,0.0,0.10041253417088077,0.08748510023219895,0.0,0.0,0.0,0.0,0.11670092411701914,0.0,0.15099215280955242,0.0,0.18125090265262322,0.0,0.0,0.0,0.0,0.0,0.0,0.20402122171846354,0.0,0.0,0.11624862729734609,0.0,0.09118387625810029,0.1245211885672589,0.0,0.0,0.0,0.08166917639662345,0.09062545132631161,0.0,0.0,0.10284423387543898,0.10120047333258152,0.13661022906993006,0.0,0.10041253417088077,0.0,0.0,0.126377186090867,0.0,0.0,0.0,0.0,0.0,0.0,0.0,0.0,0.0,0.0,0.0,0.0,0.0,0.0,0.0,0.0,0.0,0.0,0.0,0.0,0.0,0.0,0.10120047333258152,0.0,0.0,0.0,0.0,0.09964560924494462,0.0,0.0,0.0,0.0,0.09542958941281265,0.0,0.0,0.0,0.0,0.07752689501608194,0.10201061085923177,0.11810403070016927,0.13460947218326846,0.0,0.20881980812161913,0.0,0.0,0.0,0.0,0.0,0.0,0.0,0.0,0.0,0.07549607640477621,0.0,0.20402122171846354,0.0,0.0,0.0,0.0,0.0,0.0,0.0,0.0,0.0,0.10120047333258152,0.09746040802411837,0.0,0.0,0.0,0.0,0.0,0.0,0.0,0.0,0.0,0.0,0.20568846775087796,0.0,0.12113398634061795,0.0,0.0,0.19779721343401874,0.0,0.0,0.0,0.0,0.0,0.0,0.0,0.0,0.0,0.0967674111089827,0.0,0.0,0.1037027448035104,0.0,0.11055896433434807,0.09609072152650072,0.0,0.11055896433434807,0.0,0.0,0.0,0.0,0.0,0.0,0.0,0.09007766370937113,0.0,0.0,0.0,0.0,0.0,0.0,0.0,0.0,0.0,0.0,0.0,0.0,0.0,0.0,0.11957912225298108,0.0,0.0,0.0,0.0,0.0,0.0,0.0,0.0,0.0,0.08798525162760591,0.07582474261486026,0.0,0.0,0.0,0.0,0.0,0.0,0.0,0.1084277687263214,0.0,0.0,0.0,0.0,0.09292731794188376,0.0,0.0,0.0,0.0,0.0,0.062766525742251,0.0,0.10201061085923177,0.0917533598250432,0.0,0.0,0.135103174448325,0.0,0.0,0.0,0.09609072152650072,0.0,0.0,0.0,0.0,0.15231441703692855,0.0,0.0,0.0,0.0,0.0,0.11810403070016927,0.0,0.0,0.06681730102646505,0.0,0.19218144305300144,0.0,0.0,0.0,0.0,0.0,0.09964560924494462,0.0,0.0,0.0,0.0,0.0,0.10201061085923177,0.11670092411701914,0.0,0.0,0.0,0.0,0.0,0.0,0.0,0.09353277147019427,0.0,0.0,0.0,0.0,0.0,0.0,0.0,0.0,0.0,0.0,0.0,0.0,0.0,0.0,0.0,0.10550070400194174,0.0,0.08699349885331524,0.0,0.0,0.0,0.0,0.0,0.0,0.0,0.12277774688347541,0.0
4,2025-04-18,그렇죠 마음에 들어서 페이지나 줄을 건너뛰지 않고 다 읽었습니다 성격이 뚜렷하고 대화도 재미있다,1,0.0,0.0,0.0,0.0,0.0,0.0,0.0,0.0,0.0,0.0,0.0,0.0,0.0,0.0,0.0,0.0,0.0,0.0,0.0,0.0,0.0,0.0,0.0,0.0,0.0,0.0,0.0,0.0,0.0,0.0,0.0,0.0,0.0,0.0,0.0,0.0,0.0,0.0,0.0,0.0,0.0,0.0,0.0,0.0,0.0,0.0,0.0,0.0,0.0,0.0,0.0,0.0,0.0,0.0,0.0,0.0,0.0,0.0,0.0,0.0,0.0,0.0,0.0,0.0,0.0,0.0,0.0,0.0,0.0,0.0,0.0,0.0,0.0,0.0,0.0,0.0,0.0,0.0,0.0,0.0,0.0,0.0,0.0,0.0,0.0,0.0,0.0,0.0,0.0,0.0,0.0,0.0,0.0,0.0,0.0,0.0,0.0,0.0,0.0,0.0,0.0,0.0,0.0,0.0,0.47930861924173074,0.0,0.0,0.0,0.0,0.0,0.0,0.0,0.0,0.0,0.0,0.0,0.0,0.0,0.0,0.0,0.0,0.0,0.0,0.0,0.0,0.0,0.0,0.0,0.0,0.0,0.0,0.0,0.0,0.0,0.0,0.0,0.0,0.0,0.0,0.0,0.0,0.0,0.0,0.0,0.0,0.0,0.0,0.0,0.0,0.0,0.0,0.0,0.0,0.0,0.0,0.0,0.0,0.0,0.0,0.0,0.0,0.0,0.0,0.0,0.0,0.0,0.0,0.0,0.5806773948767132,0.0,0.0,0.0,0.0,0.0,0.0,0.0,0.0,0.0,0.0,0.0,0.0,0.0,0.0,0.0,0.0,0.0,0.0,0.0,0.0,0.0,0.0,0.0,0.0,0.0,0.0,0.0,0.0,0.0,0.0,0.0,0.0,0.0,0.0,0.0,0.0,0.0,0.0,0.0,0.0,0.0,0.0,0.0,0.0,0.0,0.0,0.0,0.0,0.0,0.0,0.0,0.6580858687130269,0.0,0.0,0.0,0.0,0.0,0.0,0.0,0.0,0.0,0.0,0.0,0.0,0.0,0.0,0.0,0.0,0.0,0.0,0.0,0.0,0.0,0.0,0.0,0.0,0.0,0.0,0.0,0.0,0.0,0.0,0.0,0.0,0.0,0.0,0.0,0.0,0.0,0.0,0.0,0.0,0.0,0.0,0.0,0.0,0.0,0.0,0.0,0.0,0.0,0.0,0.0,0.0,0.0,0.0,0.0,0.0,0.0,0.0,0.0,0.0,0.0,0.0,0.0,0.0,0.0,0.0,0.0,0.0,0.0,0.0,0.0,0.0,0.0,0.0,0.0,0.0,0.0,0.0,0.0
4,2025-09-07,제목이 두 번째 기회 를 가리키는 것은 당연한 일입니다 개인 평점 별 3 75개 마찬가지로 나는 문맥에 대한 단서 없이 읽기 시작했습니다 더 깊이 들어갈수록 이것이 전형적인 아늑하고 삶의 단편적인 이야기가 아니라는 것을 더욱 깨달았습니다 대신 그것은 미스터리 구원 그리고 등장하는 모든 캐릭터에 대한 두 번째 기회라는 부드러운 주제의 혼합을 가져옵니다 그 이야기 속에서 나는 정체를 아무도 모르는 독고라는 노숙자를 만났습니다 염씨 편의점 주인 의 친절함으로 야간근무자로 새로운 삶을 시작한다 게다가 독고가 채용된 이유도 있었어요 솔직히 재미있는 캐릭터라고 느꼈어요 이야기는 여러 POV를 통해 전개되며 각 POV는 이러한 캐릭터 검색이 두 번째 기회를 얻는 것을 보면서 페이지를 계속 넘기고 싶은 유혹을 줍니다 신선하고 희망적인 방식으로 건강 가족 직업 및 관계를 다루는 이 책의 아름다움은 모든 작은 변화에 뿌리를 내리게 만듭니다 간단히 말해서 사람들의 배경을 절대로 판단하지 마십시오 열린 마음으로 경험해 보시기를 진심으로 권하는 진심 어린 글입니다 단 한자리에 다이빙을 했는데 좋은 방법으로 힐링이 되었습니다,1,0.0,0.0,0.0,0.0,0.0,0.0,0.0,0.0,0.0,0.0,0.0,0.0,0.0,0.0,0.0,0.0,0.0,0.0,0.12251938699248204,0.19340844007061636,0.0,0.0,0.0,0.0,0.0,0.18577639985693145,0.0,0.0,0.0,0.0,0.0,0.14005080828427563,0.0,0.0,0.0,0.0,0.0,0.0,0.0,0.0,0.0,0.0,0.10926495192552323,0.0,0.0,0.0,0.0,0.0,0.0,0.1513690232153269,0.0,0.14763925520667273,0.0,0.0,0.168245838432062,0.0,0.0,0.0,0.0,0.0,0.0,0.0,0.0,0.0,0.0,0.0,0.0,0.0,0.0,0.0,0.0,0.0,0.0,0.0,0.0,0.0,0.0,0.19202103371712884,0.0,0.0,0.0,0.0,0.0,0.1513690232153269,0.0,0.0,0.0,0.0,0.0,0.0,0.0,0.0,0.17531638496139462,0.0,0.0,0.0,0.0,0.0,0.0,0.0,0.0,0.0,0.0,0.0,0.0,0.0,0.0,0.0,0.0,0.177695388285083,0.0,0.0,0.0,0.0,0.0,0.20148231433178793,0.0,0.0,0.0,0.0,0.0,0.0,0.0,0.18021865943817172,0.0,0.32779485577656964,0.0,0.0,0.0,0.0,0.0,0.0,0.1259050923266153,0.0,0.0,0.0,0.0,0.0,0.0,0.0,0.0,0.1319697967124272,0.142081514787913,0.0,0.0,0.14646674873854978,0.0,0.0,0.0,0.0,0.0,0.0,0.0,0.0,0.0,0.0,0.0,0.0,0.0,0.0,0.15269044299832962,0.0,0.0,0.0,0.0,0.0,0.0,0.0,0.0,0.0,0.0,0.0,0.0,0.0,0.0,0.0,0.0,0.0,0.0,0.0,0.0,0.0,0.0,0.0,0.0,0.0,0.16696422437121292,0.17093115101075784,0.14646674873854978,0.0,0.0,0.0,0.0,0.0,0.0,0.0,0.0,0.0,0.0,0.17531638496139462,0.0,0.17531638496139462,0.0,0.13279400636049912,0.12251938699248204,0.12734044929303398,0.0,0.0,0.0,0.0,0.0,0.0,0.0,0.0,0.0,0.0,0.0,0.0,0.14005080828427563,0.0,0.0,0.0,0.0,0.0,0.0,0.0,0.0,0.0,0.0,0.0,0.0,0.0,0.0,0.0,0.0,0.0,0.0,0.0,0.0,0.0,0.11022180388470632,0.0,0.0,0.0,0.0,0.0,0.0,0.0,0.0,0.0,0.0,0.0,0.0,0.0,0.0,0.11271483803892784,0.0,0.0,0.0,0.17531638496139462,0.17306604086568983,0.0,0.0,0.0,0.0,0.0,0.0,0.0,0.0,0.142081514787913,0.0,0.0,0.0,0.0,0.0,0.0,0.0,0.15844042961158367,0.0,0.177695388285083,0.0,0.13907144010755115,0.0,0.1319697967124272,0.0,0.0,0.0,0.0,0.0,0.0,0.0,0.0,0.0,0.0,0.0,0.0,0.0,0.0,0.0,0.0
4,2025-05-02,나는 단순한 삶과 작은 행동이 얼마나 변화를 가져올 수 있는지를 보여주는 책을 점점 더 좋아합니다 실수를 저지르지만 기꺼이 변화하려는 캐릭터를 중심으로 살아가는 작은 서사입니다 인생의 두 번째 기회를 잡고 다른 사람들의 삶을 변화시키는 캐릭터입니다 나는 올웨이즈 편의점을 따라가며 고객이 어떻게 그 매장에 도착하고 상호 도움의 간단한 몸짓으로 그들의 삶이 변화되는지 관찰하는 것을 즐겼습니다 도카는 가게 주인의 도움을 받은 후 자신의 길을 건너는 모든 사람을 돕기로 결심하고 그의 친절한 행동은 보답의 법칙으로 이어졌습니다 가장 놀라운 책 중 하나가 아닐 수도 있습니다 도카를 둘러싼 미스터리는 특히 결론이 나지 않은 결말로 인해 다소 실망스러울 수 있습니다 하지만 이 책은 세상의 악을 잊어버리고 실제로 변화를 만드는 것은 이러한 친절한 몸짓임을 일깨워주는 완벽한 읽기입니다 우리 모두는 간단하고 친근한 말로 누군가를 도울 수 있습니다,1,0.0,0.0,0.14793244703310346,0.0,0.0,0.0,0.0,0.11408950356288977,0.0,0.0,0.0,0.0,0.0,0.0,0.0,0.0,0.0,0.0,0.10977011716548504,0.08664125592077923,0.0,0.0,0.0,0.0,0.0,0.0,0.0,0.0,0.0,0.0,0.0,0.0,0.0,0.0,0.0,0.0,0.13680159711380968,0.0,0.0,0.0,0.0,0.0,0.0,0.0,0.117513021338427,0.0,0.0,0.0,0.0,0.0,0.0,0.13227603190061554,0.14959006016571885,0.0,0.15073831048816758,0.0,0.0,0.0,0.0,0.0,0.0,0.0,0.0,0.0,0.14959006016571885,0.0,0.0,0.08857048725715547,0.15505692649571542,0.0,0.0,0.13680159711380968,0.0,0.0,0.0,0.0,0.0,0.0,0.0,0.0,0.1592045477097989,0.0,0.0,0.0,0.0,0.0,0.0,0.0,0.0,0.0,0.0,0.0,0.0,0.0,0.0,0.0,0.0,0.0,0.0,0.0,0.0,0.0,0.0,0.0,0.0,0.0,0.0,0.0,0.14634539239905545,0.0,0.0,0.0,0.0,0.0,0.0,0.09025811258886957,0.0,0.0,0.0,0.0,0.0,0.0,0.0,0.0,0.0,0.09789492805478815,0.3184090954195978,0.0,0.0,0.0,0.0,0.0,0.11280350869917286,0.0,0.0,0.0,0.14634539239905545,0.0,0.0,0.0,0.0,0.11823712477697329,0.0,0.1692081534493577,0.1592045477097989,0.0,0.0,0.0,0.0,0.0,0.0,0.0,0.0,0.0,0.12824073051653206,0.0,0.0,0.14336058739389235,0.0,0.0,0.0,0.0,0.0,0.0,0.0,0.0,0.0,0.0,0.0,0.0,0.0,0.0,0.14336058739389235,0.0,0.0,0.0,0.0,0.0,0.0,0.0,0.0,0.1134409627750566,0.0,0.1312255355216952,0.0,0.0,0.0,0.0,0.0,0.0,0.0,0.0,0.13447020328835857,0.0,0.0,0.0,0.0,0.0,0.0,0.0,0.0,0.1570731015771605,0.0,0.0,0.0,0.0,0.0,0.0,0.0,0.0,0.0,0.1592045477097989,0.14793244703310346,0.0,0.0,0.0,0.0,0.0,0.0,0.0,0.0,0.0,0.0,0.0,0.0,0.0,0.0,0.0,0.0,0.0,0.0,0.26278019015877374,0.0,0.0,0.0,0.0,0.0,0.10385571094816769,0.0,0.0,0.19750442152241168,0.0,0.0,0.0,0.0,0.0,0.0,0.0,0.0,0.0,0.0,0.0,0.0,0.14793244703310346,0.0,0.0,0.0,0.0,0.0,0.0,0.0,0.14336058739389235,0.0,0.0,0.0,0.0,0.0,0.09060500025653458,0.0938813638647724,0.0,0.0,0.0,0.0,0.0,0.0,0.0,0.314146203154321,0.0,0.0,0.0,0.0,0.0,0.13447020328835857,0.0,0.0,0.0,0.15505692649571542,0.0,0.0,0.0,0.11280350869917286,0.0,0.0,0.0,0.0,0.0,0.0,0.0,0.0,0.0
5,2024-12-03,염씨네 놀라운 가게 에서 저는 그 캐릭터를 강조하고 싶습니다 이 소설은 문제를 안고 있는 실제적이고 가까운 존재들 개인 드라마 그들이 다루어야 했던 삶에 대한 비전 그리고 목표 달성을 위해 멈추지 않는 인물들의 소설이기 때문입니다 그것은 단순하고 예측 가능하며 존재 방식에 대한 고정관념입니다 하지만 우리는 그들의 인간성을 강조해야 합니다 다양한 순간에 우리 자신을 반성하고 반대편에 서서 모든 것이 우리가 계획한 대로 이루어지지는 않는다는 사실을 깨닫게 해주는 소설 김호연은 기분 좋은 것을 추구하는 데 영감을 주기 위해 친절하고 희망적인 이야기를 씁니다 그것이 전달하는 가치는 매우 긍정적이며 줄거리의 단순성으로 인해 읽는 것이 즐겁습니다 한마디로 내가 읽기를 좋아하고 즐겁게 하고 예상하지 못한 결말과 가끔씩 흥미를 유발하는 반전으로 기분을 좋게 만든 소설이다,1,0.0,0.0,0.17556431738589154,0.0,0.0,0.0,0.0,0.0,0.0,0.0,0.0,0.0,0.0,0.0,0.0,0.0,0.0,0.0,0.0,0.10282472343463694,0.24769731689946892,0.0,0.0,0.0,0.0,0.0,0.0,0.0,0.0,0.0,0.0,0.14891475908052504,0.0,0.15452421598714913,0.0,0.0,0.16235436847205845,0.19753436746604153,0.0,0.0,0.0,0.0,0.1161804361664745,0.0,0.0,0.0,0.17187422469806468,0.0,0.0,0.0,0.0,0.0,0.0,0.0,0.0,0.0,0.0,0.0,0.0,0.0,0.13618325239121218,0.0,0.0,0.0,0.17753155124130388,0.0,0.0,0.0,0.0,0.0,0.13946293588057757,0.0,0.0,0.0,0.0,0.0,0.0,0.20417423022891706,0.0,0.0,0.0,0.0,0.0,0.0,0.0,0.0,0.0,0.0,0.0,0.0,0.0,0.0,0.0,0.0,0.0,0.0,0.0,0.0,0.0,0.0,0.0,0.0,0.17556431738589154,0.0,0.0,0.0,0.0,0.0,0.0,0.0,0.0,0.0,0.0,0.10357483418437395,0.0,0.10711716221159974,0.18894190087415924,0.0,0.0,0.16235436847205845,0.0,0.0,0.0,0.0,0.0,0.0,0.0,0.0,0.0,0.0,0.0,0.0,0.0,0.0,0.0,0.0,0.0,0.0,0.0,0.17959031661793973,0.147873405746869,0.0,0.0,0.0,0.0,0.0,0.0,0.0,0.15826634333674458,0.15826634333674458,0.0,0.0,0.0,0.0,0.0,0.0,0.0,0.0,0.0,0.17753155124130388,0.0,0.0,0.0,0.0,0.0,0.0,0.0,0.0,0.0,0.17013849341799225,0.0,0.0,0.0,0.0,0.0,0.0,0.0,0.0,0.0,0.0,0.0,0.0,0.0,0.0,0.0,0.0,0.0,0.0,0.0,0.0,0.0,0.0,0.15958750039320205,0.15107399095827756,0.14393699252665904,0.0,0.0,0.25917522416589994,0.0,0.0,0.0,0.0,0.0,0.0,0.0,0.0,0.11668621852575922,0.0,0.0,0.0,0.0,0.0,0.17556431738589154,0.0,0.0,0.0,0.0,0.0,0.0,0.14300526390780335,0.0,0.0,0.0,0.0,0.0,0.09659101087970755,0.0,0.0,0.0,0.0,0.0,0.0,0.0,0.0,0.0,0.0,0.17187422469806468,0.0,0.0,0.0,0.0,0.0,0.0,0.0,0.16094931475590515,0.0,0.0,0.0,0.0,0.0,0.0,0.0,0.0,0.0,0.0,0.11984866890091261,0.0,0.0,0.0,0.0,0.0,0.0,0.0,0.0,0.0,0.0,0.0,0.0,0.0,0.0,0.0,0.0,0.0,0.0,0.0,0.0,0.0,0.0,0.0,0.0,0.0,0.0,0.0,0.0,0.0,0.0,0.0,0.0,0.16235436847205845,0.0,0.13387374711020686,0.0,0.0,0.16530582691127568,0.0,0.0,0.0,0.0,0.0,0.0
4,2022-06-17,이 책을 구입하기로 결정했을 때 지금은 쉽고 마음이 따뜻해지는 책이 필요하다는 생각이 들었습니다 이 책이 바로 내가 찾던 책이다 일부 부품이 내가 바라는 것만큼 편안하지 않기 때문에 별 5개를 줄 수 없습니다 하지만 인생이 항상 그렇게 편리한 것은 아닌 것 같아요 그렇지 않나요 이 책을 구입하기로 결정했을 때 나는 당시의 답답한 마음을 단순하면서도 달래줄 수 있는 이야기를 읽고 싶은 마음이 들었다 이 책이 딱 필요한 책이다 속도는 느리지만 의외로 매력적이다 때로는 웃게 만들 수도 있지만 별 5개를 줄 수는 없습니다 일부 에피소드에서는 조금 더 희망을 주고 싶었기 때문입니다 하지만 그게 다야 살다보면 이런 불편함도 있잖아요 오른쪽,1,0.0,0.0,0.0,0.0,0.0,0.0,0.0,0.0,0.0,0.0,0.0,0.0,0.0,0.15122960267834643,0.0,0.0,0.0,0.0,0.11097322366540588,0.0,0.0,0.0,0.0,0.0,0.0,0.0,0.0,0.0,0.0,0.0,0.0,0.0,0.0,0.0,0.0,0.0,0.0,0.0,0.0,0.0,0.0,0.0,0.0,0.0,0.0,0.0,0.0,0.0,0.0,0.0,0.0,0.0,0.0,0.0,0.07619521904823366,0.0,0.0,0.0,0.0,0.0,0.2320144110336196,0.0,0.0,0.0,0.0,0.0,0.0,0.0,0.0,0.0,0.0,0.0,0.0,0.0,0.0,0.0,0.0,0.0,0.0,0.0,0.0,0.0,0.0,0.0,0.0,0.0,0.0,0.0,0.0,0.0,0.0,0.0,0.0,0.0,0.0,0.13266379849178686,0.0,0.0,0.0,0.1567563871589805,0.13062552565361066,0.11097322366540588,0.1495538217129392,0.0,0.0,0.12509874117297662,0.24522440139033055,0.0,0.0,0.0,0.0,0.0,0.0,0.0,0.0,0.0,0.0,0.0,0.0,0.0,0.0,0.0,0.1479493725839662,0.0,0.0,0.0,0.0,0.0,0.0,0.0,0.0,0.0,0.0,0.0,0.0,0.0,0.0,0.0,0.0,0.0,0.0,0.0,0.0,0.0,0.0,0.0,0.0,0.0,0.0,0.0,0.0,0.0,0.0,0.0,0.12964627931636105,0.1548226882139563,0.0,0.0,0.0,0.0,0.13830097504049121,0.0,0.0,0.0,0.0,0.0,0.0,0.0,0.0,0.0,0.0,0.0,0.0,0.0,0.0,0.0,0.0,0.0,0.0,0.0,0.0,0.0,0.0,0.0,0.0,0.2742081703415514,0.0,0.0,0.0,0.0,0.0,0.0,0.0,0.0,0.0,0.0,0.0,0.0,0.0,0.0,0.0,0.0,0.1449318534085404,0.0,0.0,0.0,0.09939872852067842,0.0,0.0,0.0,0.0,0.0,0.0,0.30245920535669285,0.0,0.0,0.0,0.13830097504049121,0.0,0.0,0.0,0.0,0.0,0.0,0.0,0.08228069937711162,0.0,0.0,0.0,0.0,0.0,0.0,0.0,0.0,0.0,0.12596541990103474,0.0,0.0,0.0,0.0,0.0,0.0,0.0,0.0,0.0,0.0,0.0,0.0,0.0,0.0,0.0,0.12596541990103474,0.0,0.0,0.0,0.0,0.1548226882139563,0.0,0.0,0.0,0.0,0.0,0.0,0.0,0.0,0.0,0.0,0.0,0.1898206517256878,0.0,0.3778962597031042,0.313512774317961,0.0,0.0,0.0,0.0,0.0,0.0,0.0,0.0,0.0,0.0,0.0,0.0,0.0,0.0,0.0,0.16094946728456674,0.0,0.0,0.22807972377844826,0.0,0.0,0.0,0.13953711412177697,0.0,0.0,0.0,0.0,0.0
2,2025-02-17,DNF는 40 입니다 이 장르의 많은 책과 마찬가지로 이 책 역시 인간과 가까워지지 않고 인간이 되는 것에 관한 이야기입니다 당신은 멀리서 등장인물들을 관찰하지만 실제로 그들이 아무것도 드러내는 것을 보지 못합니다 그러다 보니 전혀 와 닿지도 않았고 이야기에 몰입도 안 됐어요 나는 이전에 이 장르의 책 아시아 힐링 소설 을 몇 권 읽었지만 이 책을 읽은 후에는 이 장르가 나에게 적합하지 않다는 결론을 내렸습니다 책들은 모두 너무 멀게 느껴지고 아주 기본적이며 심지어 약간 유치하기도 합니다 하지만 접근 방식은 종종 매우 좋습니다 좀 더 생생하고 더 생생하고 더 가까이 다가오고 뭔가를 생각하거나 실제로 느끼게 만드는 것을 주세요,0,0.0,0.0,0.0,0.0,0.0,0.0,0.0,0.0,0.0,0.0,0.0,0.0,0.0,0.0,0.0,0.0,0.1978103420341334,0.0,0.0,0.21228761662042098,0.0,0.0,0.0,0.0,0.0,0.0,0.0,0.0,0.0,0.16473883405297476,0.0,0.0,0.0,0.0,0.0,0.0,0.0,0.20391059012497526,0.0,0.0,0.0,0.0,0.0,0.0,0.0,0.0,0.0,0.0,0.0,0.0,0.0,0.0,0.0,0.0,0.09233440907233993,0.0,0.14485176344803635,0.0,0.0,0.0,0.0,0.12973701827409148,0.0,0.0,0.0,0.0,0.0,0.0,0.0,0.0,0.0,0.0,0.0,0.0,0.0,0.0,0.0,0.0,0.0,0.0,0.0,0.0,0.0,0.0,0.0,0.0,0.0,0.0,0.0,0.0,0.0,0.15595051658103695,0.0,0.0,0.0,0.0,0.0,0.0,0.0,0.0,0.0,0.0,0.0,0.0,0.0,0.0,0.0,0.0,0.1792870741865877,0.0,0.12315672373856384,0.0,0.0,0.1069181319258935,0.17064174274570207,0.0,0.0,0.0,0.0,0.0,0.0,0.0,0.0,0.0,0.0,0.0,0.0,0.0,0.0,0.0,0.0,0.0,0.0,0.0,0.0,0.0,0.0,0.0,0.0,0.0,0.0,0.0,0.0,0.0,0.0,0.0,0.0,0.0,0.163375031295582,0.0,0.0,0.0,0.0,0.0,0.0,0.0,0.0,0.3512608063181831,0.1978103420341334,0.0,0.0,0.0,0.0,0.0,0.0,0.0,0.18995953496080845,0.16473883405297476,0.15056971642405229,0.0,0.0,0.0,0.0,0.0,0.0,0.0,0.0,0.0,0.17563040315909156,0.0,0.0,0.0,0.0,0.0,0.0,0.0,0.0,0.0,0.0,0.0,0.0,0.0,0.0,0.0,0.0,0.0,0.0,0.0,0.0,0.0,0.0,0.0,0.0,0.0,0.0,0.0,0.0,0.1950407668336887,0.0,0.14956563205771145,0.0,0.0,0.0,0.0,0.0,0.0,0.0,0.0,0.0,0.0,0.0,0.1950407668336887,0.0,0.0,0.0,0.0,0.0,0.0,0.0,0.0,0.0,0.0,0.0,0.0,0.0,0.0,0.0,0.0,0.0,0.0,0.0,0.40151743961940933,0.0,0.0,0.0,0.16473883405297476,0.0,0.0,0.0,0.0,0.0,0.0,0.0,0.0,0.0,0.0,0.0,0.0,0.0,0.0,0.0,0.0,0.0,0.0,0.0,0.0,0.0,0.0,0.115013631601497,0.0,0.0,0.0,0.0,0.0,0.0,0.0,0.0,0.0,0.0,0.0,0.0,0.0,0.0,0.0,0.0,0.0,0.0,0.0,0.0,0.0,0.13819506512038657,0.0,0.0,0.17064174274570207,0.0,0.0,0.0,0.0,0.0,0.18538732227742957
5,2024-05-11,멋진 책 무슨 말을 해야 할지조차 모르겠습니다 저는 편의점 주인 할머니인 시현 심지어 독고 자신과 같은 일부 캐릭터에 너무 애착을 느꼈습니다 그것은 단순하고 어리석은 책처럼 보였지만 그 안에는 훨씬 더 많은 것이 있습니다 다른 모든 장에서 캐릭터가 제시되는 깊이는 나를 이 책의 모든 줄에 집착하게 만들었습니다 마지막 장과 특히 마지막 페이지에서 내가 흘린 눈물의 양 그가 자신의 기억이 돌아왔다고 우리에게 말해주는 것 너무 너무 너무 좋았어요,1,0.0,0.0,0.0,0.0,0.0,0.0,0.0,0.0,0.0,0.0,0.0,0.0,0.0,0.0,0.15644166333432094,0.0,0.0,0.0,0.0,0.0,0.12635049381136812,0.0,0.0,0.0,0.0,0.0,0.0,0.0,0.0,0.0,0.15644166333432094,0.15192294838834886,0.0,0.0,0.0,0.0,0.0,0.0,0.0,0.0,0.0,0.0,0.0,0.0,0.0,0.0,0.0,0.0,0.0,0.0,0.0,0.0,0.0,0.0,0.0,0.15412579836203677,0.0,0.0,0.0,0.0,0.1389342557590274,0.5128760572771562,0.0,0.0,0.0,0.0,0.0,0.10723769780787766,0.0,0.0,0.0,0.0,0.0,0.0,0.0,0.0,0.0,0.0,0.0,0.0,0.0,0.0,0.18773689003525815,0.0,0.0,0.0,0.0,0.0,0.0,0.0,0.0,0.0,0.0,0.0,0.0,0.0,0.0,0.0,0.0,0.0,0.0,0.0,0.0,0.0,0.0,0.0,0.0,0.29964518882820973,0.0,0.0,0.12171571333010293,0.0,0.18542102506297395,0.0,0.0,0.2185620177161809,0.0,0.18542102506297395,0.0,0.0,0.0,0.0,0.0,0.0,0.0,0.0,0.0,0.0,0.0,0.0,0.0,0.0,0.0,0.0,0.0,0.0,0.0,0.0,0.0,0.0,0.0,0.0,0.0,0.0,0.0,0.0,0.0,0.0,0.0,0.0,0.0,0.0,0.0,0.0,0.0,0.0,0.0,0.0,0.19549583777387478,0.0,0.0,0.0,0.0,0.0,0.0,0.0,0.0,0.0,0.0,0.0,0.0,0.0,0.0,0.0,0.0,0.0,0.0,0.0,0.0,0.0,0.0,0.0,0.0,0.0,0.0,0.0,0.0,0.0,0.0,0.0,0.0,0.0,0.0,0.0,0.0,0.0,0.0,0.0,0.0,0.0,0.0,0.0,0.0,0.0,0.0,0.0,0.0,0.0,0.0,0.0,0.0,0.0,0.0,0.18111782111504204,0.0,0.0,0.0,0.0,0.0,0.0,0.0,0.0,0.0,0.0,0.0,0.0,0.0,0.0,0.0,0.0,0.0,0.10605467462438735,0.0,0.0,0.0,0.0,0.0,0.12574445157952022,0.0,0.0,0.0,0.0,0.0,0.0,0.1642006110729376,0.0,0.0,0.0,0.0,0.0,0.0,0.0,0.0,0.0,0.0,0.0,0.0,0.0,0.0,0.19017799633158053,0.0,0.0,0.0,0.0,0.0,0.0,0.0,0.0,0.0,0.15412579836203677,0.0,0.0,0.0,0.0,0.0,0.0,0.0,0.0,0.17187146225996483,0.1927586683290373,0.0,0.0,0.16281128704342632,0.14315690755648441,0.0,0.0,0.0,0.0,0.0,0.0,0.0,0.0,0.0,0.0,0.0,0.0,0.0,0.19840971769229543,0.0,0.0
4,2022-03-04,원 플러스 원 편의점에서 가장 좋아하는 메뉴는 원 플러스 원으로 결정된다는 건 만고의 진리인가보다 편의와 효율성을 최고로 여기는 요즘 세상에 여러모로 불편하긴 하지만 사람을 신뢰하고 소중히 여기는 마음이 느껴지는 청파동 모퉁이의 작은 편의점 이야기를 참 행복하게 읽었다 그 따스함은 어디에서부터 시작되었을까 서울역 홈리스였던 독고씨를 편의점 직원으로 거둬준 사장님의 마음으로부터 돈보다는 사람을 더 중시 여길 줄 아는 직원들과 주위 사람들의 마음이 온기로 연결되어 주위로 퍼져나가는 걸 보면 나도 슬쩍 그 연결 고리에 끼어보고 싶어진다,1,0.0,0.0,0.0,0.0,0.0,0.0,0.0,0.2087902544736161,0.0,0.0,0.0,0.0,0.0,0.0,0.0,0.0,0.0,0.0,0.0,0.0,0.0,0.0,0.0,0.0,0.0,0.0,0.0,0.0,0.0,0.0,0.0,0.0,0.0,0.0,0.0,0.0,0.0,0.0,0.0,0.0,0.0,0.0,0.0,0.0,0.0,0.0,0.0,0.0,0.0,0.0,0.0,0.0,0.0,0.0,0.0,0.0,0.0,0.0,0.0,0.0,0.0,0.0,0.0,0.0,0.0,0.0,0.0,0.0,0.0,0.0,0.0,0.0,0.0,0.0,0.0,0.0,0.0,0.0,0.0,0.0,0.0,0.0,0.0,0.0,0.0,0.0,0.0,0.0,0.0,0.0,0.0,0.0,0.0,0.0,0.0,0.0,0.0,0.0,0.0,0.0,0.0,0.0,0.0,0.0,0.0,0.0,0.44390919604433304,0.0,0.0,0.0,0.0,0.0,0.0,0.0,0.0,0.0,0.0,0.0,0.0,0.0,0.0,0.0,0.0,0.0,0.0,0.0,0.0,0.0,0.0,0.0,0.0,0.0,0.2064368110238494,0.0,0.0,0.0,0.5356407165571867,0.0,0.0,0.0,0.0,0.0,0.0,0.0,0.0,0.0,0.0,0.0,0.0,0.0,0.0,0.0,0.0,0.0,0.0,0.0,0.0,0.0,0.0,0.0,0.0,0.0,0.0,0.0,0.0,0.0,0.0,0.0,0.0,0.0,0.0,0.0,0.0,0.0,0.0,0.0,0.0,0.0,0.0,0.0,0.0,0.0,0.0,0.0,0.0,0.0,0.0,0.0,0.0,0.0,0.0,0.0,0.0,0.0,0.0,0.0,0.0,0.0,0.0,0.0,0.0,0.0,0.0,0.0,0.0,0.0,0.17993319349655523,0.0,0.0,0.0,0.0,0.0,0.0,0.0,0.0,0.0,0.0,0.0,0.0,0.0,0.0,0.0,0.0,0.0,0.0,0.0,0.0,0.0,0.0,0.0,0.0,0.0,0.0,0.0,0.0,0.0,0.0,0.0,0.0,0.0,0.18072213981804877,0.0,0.0,0.0,0.0,0.0,0.0,0.0,0.0,0.0,0.0,0.0,0.24818804277832623,0.0,0.0,0.0,0.0,0.0,0.0,0.0,0.0,0.0,0.0,0.0,0.0,0.0,0.0,0.0,0.0,0.0,0.0,0.0,0.0,0.0,0.0,0.0,0.0,0.0,0.0,0.0,0.0,0.0,0.0,0.43276127250049473,0.2707247581625297,0.0,0.0,0.0,0.0,0.0,0.2064368110238494,0.0,0.0,0.0,0.0,0.0,0.0,0.0,0.0,0.0
4,2024-03-09,인생의 의미 덧없음에 대해 많은 생각을 하게 하고 세상의 가장 작은 순간과 요소에서 기쁨을 찾는 매우 즐거운 독서입니다 그 이야기는 확실히 나를 사로잡았으며 행복과 정화는 종종 선택 사항이라는 것을 보여주었습니다 그리고 결말은 아름답고 깊은 무엇인가 다시 태어나기 위해서는 때로는 처음으로 돌아가서 그것을 다시 경험해야 할 때도 있습니다,1,0.0,0.0,0.0,0.0,0.0,0.0,0.0,0.20360004384172045,0.0,0.0,0.0,0.0,0.0,0.0,0.0,0.0,0.0,0.0,0.0,0.1546168837017382,0.0,0.0,0.0,0.0,0.0,0.0,0.0,0.0,0.0,0.0,0.0,0.0,0.21503610726874095,0.0,0.0,0.0,0.0,0.0,0.0,0.0,0.0,0.0,0.17469978412913426,0.0,0.0,0.0,0.0,0.0,0.0,0.0,0.0,0.0,0.0,0.2611627483509647,0.0,0.22716900089891234,0.0,0.0,0.0,0.0,0.0,0.0,0.0,0.0,0.0,0.0,0.0,0.0,0.0,0.4647141647324709,0.0,0.0,0.0,0.0,0.0,0.0,0.0,0.0,0.20130510344443261,0.0,0.0,0.0,0.0,0.0,0.0,0.0,0.0,0.0,0.0,0.0,0.0,0.0,0.0,0.0,0.0,0.0,0.0,0.0,0.0,0.0,0.23058239915904533,0.0,0.0,0.0,0.0,0.0,0.0,0.0,0.0,0.0,0.17939914851859404,0.0,0.0,0.15574482047298793,0.0,0.0,0.0,0.0,0.0,0.0,0.0,0.0,0.0,0.0,0.0,0.0,0.0,0.0,0.0,0.0,0.0,0.0,0.0,0.0,0.0,0.0,0.0,0.0,0.0,0.0,0.0,0.0,0.0,0.0,0.0,0.0,0.0,0.0,0.0,0.0,0.0,0.0,0.0,0.0,0.0,0.0,0.0,0.0,0.0,0.0,0.0,0.0,0.0,0.0,0.0,0.0,0.0,0.0,0.0,0.0,0.0,0.0,0.0,0.0,0.0,0.0,0.0,0.0,0.0,0.0,0.0,0.0,0.0,0.0,0.0,0.0,0.0,0.0,0.0,0.0,0.0,0.0,0.0,0.0,0.0,0.0,0.0,0.0,0.0,0.0,0.0,0.0,0.0,0.0,0.0,0.20360004384172045,0.0,0.0,0.0,0.0,0.0,0.2841107365819036,0.0,0.0,0.0,0.0,0.0,0.0,0.0,0.0,0.0,0.0,0.0,0.0,0.0,0.0,0.0,0.0,0.0,0.0,0.0,0.15631604008622327,0.0,0.0,0.0,0.0,0.0,0.0,0.0,0.0,0.17622966015769614,0.0,0.0,0.0,0.0,0.0,0.0,0.0,0.0,0.0,0.0,0.0,0.0,0.0,0.0,0.0,0.0,0.0,0.0,0.0,0.0,0.0,0.0,0.0,0.27004881871747066,0.0,0.0,0.0,0.0,0.0,0.0,0.0,0.0,0.0,0.0,0.0,0.0,0.0,0.0,0.0,0.0,0.0,0.0,0.0,0.0,0.0,0.0,0.0,0.24413123293709196,0.0,0.0,0.0,0.0,0.0,0.0,0.0,0.24856932225067085,0.0,0.0,0.0
3,2025-04-07,즐겁고 일상의 스트레스에서 벗어나 다른 세계로 안내합니다,0,0.0,0.0,0.0,0.0,0.0,0.0,0.0,0.0,0.0,0.0,0.0,0.0,0.0,0.0,0.0,0.0,0.0,0.0,0.0,0.0,0.0,0.0,0.0,0.0,0.0,0.0,0.0,0.0,0.0,0.0,0.0,0.0,0.0,0.0,0.0,0.0,0.0,0.0,0.0,0.0,0.0,0.0,0.0,0.0,0.0,0.0,0.0,0.0,0.0,0.0,0.0,0.0,0.0,0.0,0.0,0.0,0.0,0.0,0.0,0.0,0.0,0.0,0.0,0.0,0.0,0.0,0.0,1.0,0.0,0.0,0.0,0.0,0.0,0.0,0.0,0.0,0.0,0.0,0.0,0.0,0.0,0.0,0.0,0.0,0.0,0.0,0.0,0.0,0.0,0.0,0.0,0.0,0.0,0.0,0.0,0.0,0.0,0.0,0.0,0.0,0.0,0.0,0.0,0.0,0.0,0.0,0.0,0.0,0.0,0.0,0.0,0.0,0.0,0.0,0.0,0.0,0.0,0.0,0.0,0.0,0.0,0.0,0.0,0.0,0.0,0.0,0.0,0.0,0.0,0.0,0.0,0.0,0.0,0.0,0.0,0.0,0.0,0.0,0.0,0.0,0.0,0.0,0.0,0.0,0.0,0.0,0.0,0.0,0.0,0.0,0.0,0.0,0.0,0.0,0.0,0.0,0.0,0.0,0.0,0.0,0.0,0.0,0.0,0.0,0.0,0.0,0.0,0.0,0.0,0.0,0.0,0.0,0.0,0.0,0.0,0.0,0.0,0.0,0.0,0.0,0.0,0.0,0.0,0.0,0.0,0.0,0.0,0.0,0.0,0.0,0.0,0.0,0.0,0.0,0.0,0.0,0.0,0.0,0.0,0.0,0.0,0.0,0.0,0.0,0.0,0.0,0.0,0.0,0.0,0.0,0.0,0.0,0.0,0.0,0.0,0.0,0.0,0.0,0.0,0.0,0.0,0.0,0.0,0.0,0.0,0.0,0.0,0.0,0.0,0.0,0.0,0.0,0.0,0.0,0.0,0.0,0.0,0.0,0.0,0.0,0.0,0.0,0.0,0.0,0.0,0.0,0.0,0.0,0.0,0.0,0.0,0.0,0.0,0.0,0.0,0.0,0.0,0.0,0.0,0.0,0.0,0.0,0.0,0.0,0.0,0.0,0.0,0.0,0.0,0.0,0.0,0.0,0.0,0.0,0.0,0.0,0.0,0.0,0.0,0.0,0.0,0.0,0.0,0.0,0.0,0.0,0.0,0.0,0.0,0.0,0.0,0.0,0.0,0.0,0.0,0.0,0.0,0.0,0.0,0.0
4,2023-04-05,서울의 한 편의점에서 훈훈한 이야기가 이어졌다 인상적인 것은 없었지만 읽기를 멈출 수 없었습니다,1,0.0,0.0,0.0,0.0,0.0,0.0,0.0,0.0,0.0,0.0,0.0,0.0,0.0,0.0,0.0,0.0,0.0,0.0,0.5119005978491807,0.0,0.0,0.0,0.0,0.0,0.0,0.0,0.0,0.0,0.0,0.0,0.0,0.0,0.0,0.0,0.0,0.0,0.0,0.0,0.0,0.0,0.0,0.0,0.0,0.0,0.0,0.0,0.0,0.0,0.0,0.0,0.0,0.0,0.0,0.0,0.0,0.0,0.0,0.0,0.0,0.0,0.0,0.0,0.0,0.0,0.0,0.0,0.0,0.0,0.0,0.0,0.0,0.0,0.0,0.0,0.0,0.0,0.0,0.0,0.0,0.0,0.0,0.0,0.0,0.0,0.0,0.0,0.0,0.0,0.0,0.0,0.0,0.0,0.0,0.0,0.0,0.0,0.0,0.0,0.0,0.0,0.0,0.0,0.0,0.0,0.0,0.0,0.0,0.0,0.0,0.0,0.0,0.0,0.0,0.0,0.0,0.0,0.0,0.0,0.0,0.0,0.0,0.0,0.0,0.0,0.0,0.0,0.0,0.0,0.0,0.0,0.0,0.0,0.0,0.0,0.0,0.0,0.0,0.0,0.0,0.0,0.0,0.0,0.0,0.0,0.0,0.0,0.0,0.0,0.0,0.0,0.0,0.0,0.0,0.0,0.0,0.0,0.0,0.0,0.0,0.0,0.0,0.0,0.0,0.0,0.0,0.0,0.0,0.0,0.0,0.0,0.0,0.0,0.0,0.0,0.0,0.0,0.0,0.0,0.0,0.0,0.0,0.0,0.0,0.0,0.0,0.0,0.0,0.0,0.0,0.0,0.0,0.0,0.0,0.0,0.0,0.0,0.0,0.0,0.0,0.0,0.0,0.0,0.0,0.0,0.5119005978491807,0.0,0.0,0.0,0.0,0.0,0.0,0.0,0.0,0.0,0.0,0.0,0.0,0.0,0.0,0.0,0.0,0.0,0.0,0.0,0.0,0.0,0.0,0.0,0.0,0.0,0.0,0.0,0.0,0.0,0.0,0.0,0.0,0.0,0.0,0.0,0.0,0.0,0.0,0.0,0.0,0.0,0.0,0.0,0.0,0.0,0.0,0.0,0.0,0.0,0.0,0.0,0.0,0.0,0.0,0.0,0.0,0.0,0.0,0.0,0.0,0.0,0.0,0.0,0.0,0.0,0.0,0.0,0.0,0.0,0.0,0.0,0.0,0.0,0.0,0.0,0.0,0.0,0.0,0.0,0.6898663318667627,0.0,0.0,0.0,0.0,0.0,0.0,0.0,0.0,0.0,0.0,0.0,0.0,0.0,0.0,0.0
4,2023-06-11,책 너무 오래 동안 읽어서 처음에 어떤 느낌 드렀는지 기억 잘 안 나는데 재미있게 봤다 모르는 단어는 처음보다 끝에 더 많이 나왔다 그런데 웬만한 내용 다 이해했다 많은 다양한 사람들의 삶에 대해 알 수 있어서 좋았다,1,0.0,0.0,0.0,0.0,0.0,0.0,0.0,0.0,0.0,0.0,0.0,0.0,0.0,0.0,0.0,0.0,0.0,0.0,0.0,0.0,0.0,0.0,0.0,0.0,0.0,0.0,0.0,0.0,0.0,0.0,0.0,0.0,0.0,0.0,0.0,0.0,0.0,0.0,0.0,0.0,0.0,0.0,0.0,0.0,0.0,0.0,0.0,0.0,0.0,0.0,0.0,0.0,0.0,0.0,0.0,0.0,0.0,0.0,0.0,0.0,0.0,0.27251350450124023,0.0,0.0,0.0,0.0,0.0,0.0,0.0,0.0,0.302398780391776,0.0,0.0,0.0,0.0,0.0,0.0,0.0,0.29027969042089796,0.0,0.0,0.0,0.0,0.0,0.0,0.0,0.0,0.0,0.0,0.0,0.3806777415274675,0.0,0.0,0.0,0.0,0.0,0.0,0.0,0.0,0.0,0.0,0.0,0.0,0.0,0.0,0.0,0.0,0.0,0.0,0.0,0.2586915503020269,0.3403887523801558,0.0,0.0,0.0,0.0,0.0,0.0,0.0,0.0,0.0,0.0,0.0,0.0,0.0,0.0,0.0,0.0,0.0,0.0,0.0,0.0,0.29027969042089796,0.0,0.0,0.0,0.0,0.0,0.0,0.0,0.3206352803910744,0.0,0.0,0.0,0.0,0.0,0.0,0.0,0.0,0.0,0.0,0.0,0.0,0.0,0.0,0.0,0.0,0.0,0.0,0.0,0.0,0.0,0.0,0.0,0.0,0.0,0.0,0.0,0.0,0.0,0.0,0.0,0.0,0.0,0.0,0.0,0.0,0.0,0.0,0.0,0.3005709240351762,0.0,0.0,0.0,0.0,0.0,0.0,0.0,0.0,0.0,0.0,0.0,0.0,0.0,0.0,0.0,0.0,0.0,0.0,0.0,0.0,0.0,0.0,0.0,0.0,0.0,0.0,0.0,0.0,0.0,0.0,0.0,0.0,0.0,0.0,0.0,0.0,0.0,0.0,0.0,0.0,0.0,0.0,0.0,0.0,0.0,0.0,0.0,0.0,0.0,0.0,0.0,0.0,0.0,0.0,0.0,0.0,0.0,0.0,0.0,0.0,0.0,0.0,0.3806777415274675,0.0,0.0,0.0,0.0,0.0,0.0,0.0,0.0,0.0,0.0,0.0,0.0,0.0,0.0,0.0,0.0,0.0,0.0,0.0,0.0,0.0,0.0,0.0,0.0,0.0,0.0,0.0,0.0,0.0,0.0,0.0,0.0,0.0,0.0,0.0,0.0,0.0,0.0,0.0,0.0,0.0,0.0,0.0,0.0,0.0,0.0,0.0,0.0,0.0,0.0,0.0,0.0,0.0,0.0,0.0,0.0
2,2024-09-21,시작은 아주 좋았지만 결국 마음에 들지 않았어,0,0.0,0.0,0.0,0.0,0.0,0.0,0.0,0.0,0.0,0.0,0.0,0.0,0.0,0.0,0.0,0.0,0.0,0.0,0.0,0.0,0.0,0.0,0.0,0.0,0.47104290167705287,0.0,0.0,0.0,0.0,0.0,0.0,0.0,0.0,0.0,0.0,0.0,0.0,0.0,0.0,0.0,0.0,0.0,0.0,0.0,0.0,0.0,0.0,0.0,0.0,0.0,0.0,0.0,0.0,0.0,0.0,0.0,0.0,0.0,0.0,0.0,0.0,0.0,0.0,0.0,0.0,0.0,0.0,0.0,0.0,0.0,0.0,0.0,0.0,0.0,0.0,0.0,0.0,0.0,0.0,0.0,0.0,0.0,0.0,0.0,0.0,0.0,0.0,0.0,0.0,0.0,0.0,0.0,0.0,0.0,0.0,0.0,0.6104108810008338,0.0,0.0,0.0,0.0,0.0,0.0,0.0,0.3835228325843542,0.0,0.0,0.0,0.0,0.0,0.0,0.0,0.0,0.0,0.0,0.0,0.0,0.0,0.0,0.0,0.0,0.0,0.0,0.0,0.0,0.0,0.0,0.0,0.0,0.0,0.0,0.0,0.0,0.0,0.0,0.0,0.0,0.0,0.0,0.0,0.0,0.0,0.0,0.0,0.0,0.0,0.0,0.0,0.0,0.0,0.0,0.0,0.0,0.0,0.0,0.0,0.0,0.0,0.0,0.0,0.0,0.0,0.0,0.0,0.0,0.0,0.0,0.508357529718919,0.0,0.0,0.0,0.0,0.0,0.0,0.0,0.0,0.0,0.0,0.0,0.0,0.0,0.0,0.0,0.0,0.0,0.0,0.0,0.0,0.0,0.0,0.0,0.0,0.0,0.0,0.0,0.0,0.0,0.0,0.0,0.0,0.0,0.0,0.0,0.0,0.0,0.0,0.0,0.0,0.0,0.0,0.0,0.0,0.0,0.0,0.0,0.0,0.0,0.0,0.0,0.0,0.0,0.0,0.0,0.0,0.0,0.0,0.0,0.0,0.0,0.0,0.0,0.0,0.0,0.0,0.0,0.0,0.0,0.0,0.0,0.0,0.0,0.0,0.0,0.0,0.0,0.0,0.0,0.0,0.0,0.0,0.0,0.0,0.0,0.0,0.0,0.0,0.0,0.0,0.0,0.0,0.0,0.0,0.0,0.0,0.0,0.0,0.0,0.0,0.0,0.0,0.0,0.0,0.0,0.0,0.0,0.0,0.0,0.0,0.0,0.0,0.0,0.0,0.0,0.0,0.0,0.0,0.0,0.0,0.0,0.0,0.0,0.0,0.0,0.0,0.0,0.0,0.0,0.0,0.0,0.0
4,2026-01-13,마음이 따뜻해지고 현명한 이야기 나는 이 번역된 이야기의 속도를 정말 즐겼습니다,1,0.0,0.0,0.0,0.0,0.0,0.0,0.0,0.0,0.0,0.0,0.0,0.0,0.0,0.0,0.0,0.0,0.0,0.0,0.0,0.0,0.0,0.0,0.0,0.0,0.0,0.0,0.0,0.0,0.0,0.0,0.0,0.0,0.0,0.0,0.0,0.0,0.0,0.0,0.0,0.0,0.0,0.0,0.0,0.0,0.0,0.0,0.0,0.0,0.0,0.0,0.0,0.0,0.0,0.0,0.3049043179481828,0.0,0.0,0.0,0.0,0.0,0.0,0.0,0.0,0.0,0.0,0.0,0.0,0.0,0.0,0.0,0.0,0.0,0.0,0.0,0.0,0.0,0.0,0.0,0.0,0.0,0.0,0.0,0.0,0.0,0.0,0.0,0.0,0.0,0.0,0.0,0.0,0.0,0.0,0.0,0.0,0.0,0.0,0.0,0.0,0.0,0.0,0.0,0.0,0.0,0.0,0.0,0.49064744339693217,0.0,0.0,0.0,0.0,0.0,0.0,0.0,0.0,0.0,0.0,0.0,0.0,0.0,0.0,0.0,0.0,0.0,0.0,0.0,0.0,0.0,0.0,0.0,0.0,0.0,0.0,0.0,0.0,0.0,0.0,0.0,0.0,0.0,0.0,0.0,0.0,0.0,0.0,0.0,0.0,0.0,0.0,0.0,0.0,0.0,0.0,0.0,0.0,0.0,0.0,0.0,0.0,0.0,0.0,0.0,0.0,0.0,0.0,0.0,0.0,0.0,0.0,0.0,0.0,0.0,0.0,0.0,0.0,0.0,0.0,0.0,0.0,0.0,0.0,0.0,0.0,0.0,0.0,0.0,0.0,0.0,0.0,0.0,0.0,0.0,0.0,0.0,0.0,0.0,0.0,0.0,0.0,0.0,0.0,0.0,0.0,0.48131313456890473,0.0,0.0,0.0,0.0,0.5583745166849078,0.0,0.0,0.0,0.0,0.0,0.0,0.0,0.0,0.0,0.0,0.0,0.0,0.0,0.0,0.0,0.0,0.0,0.0,0.0,0.0,0.0,0.0,0.0,0.0,0.0,0.0,0.0,0.0,0.0,0.0,0.0,0.0,0.0,0.0,0.0,0.0,0.0,0.0,0.0,0.0,0.35050536200314936,0.0,0.0,0.0,0.0,0.0,0.0,0.0,0.0,0.0,0.0,0.0,0.0,0.0,0.0,0.0,0.0,0.0,0.0,0.0,0.0,0.0,0.0,0.0,0.0,0.0,0.0,0.0,0.0,0.0,0.0,0.0,0.0,0.0,0.0,0.0,0.0,0.0,0.0,0.0,0.0,0.0,0.0,0.0,0.0,0.0,0.0,0.0,0.0,0.0,0.0
5,2025-10-29,나는 이 책을 정말 좋아했습니다 노숙자에서 편의점 직원으로 변신한 독고를 중심으로 이야기가 전개되지만 등장인물 모두가 각자의 매력을 발산하며 이야기를 고조시킨다 솔직히 이 책은 너무 좋아서 리뷰하기가 어렵습니다 나는 울고 웃다가 또 울었다 감정의 소용돌이였습니다 자 먼저 간략한 요약을 하겠습니다 소설은 편의점 주인인 염씨 부인이 서울역에서 지갑을 잃어버리는 장면으로 시작됩니다 잃어버린 소지품 때문에 당황하던 그녀는 누군가로부터 지갑을 가지고 있다는 전화를 받는다 술로 인한 기억상실증을 앓고 있는 주정뱅이 노숙자 독고를 만나는 곳이다 그는 더럽고 흐트러져 있고 배고프다 하지만 가방을 건네기 전 염씨의 신분증을 먼저 확인하고 지갑을 지키느라 구타당하는 등 마음씨가 착하고 도덕심이 강한 사람임을 독자들은 쉽게 알 수 있다 염씨와 독고의 만남은 말 그대로 남자의 인생을 바꿔놓는다 결국 그는 염씨의 편의점에서 야간 근무를 하게 되고 동료인 오씨와 시현을 만나 각자의 이야기와 이야기를 갖게 된다 너무 자세히 설명하지는 않겠지만 독자들은 각 장마다 새로운 고객에 대해 배우고 각 이야기에서 Dokgo가 어떻게 나타나는지 배울 수 있을 것으로 기대할 수 있습니다 나는 진심으로 The Second Chance Convenience Store만큼 의미와 영향력이 큰 짧은 책을 읽은 적이 없다고 생각합니다 여러분도 이 책을 읽고 염여사님이 독고에 도전한 것처럼 기회를 주시길 바랍니다,1,0.0,0.15148290707726597,0.0,0.0,0.0,0.0,0.0,0.0,0.0,0.1275894608618333,0.0,0.0,0.0,0.0,0.0,0.0,0.0,0.15148290707726597,0.0,0.0,0.0,0.0,0.14519810864866792,0.0,0.11517982232584528,0.0,0.0,0.0,0.0,0.0,0.0,0.0,0.0,0.0,0.1203601935895578,0.20972926710982084,0.0,0.0,0.0,0.0,0.0,0.0,0.0,0.0,0.0,0.14519810864866792,0.0,0.0,0.0,0.0,0.0,0.12227573950391105,0.0,0.0,0.20901335776793592,0.0,0.0,0.0,0.0,0.0,0.0,0.19578667070924144,0.10862883758329747,0.0,0.0,0.0,0.0,0.0,0.0,0.0,0.0,0.0,0.0,0.0,0.0,0.0,0.0,0.0,0.10427537208850184,0.0,0.0,0.0,0.0,0.0,0.0,0.262442677199284,0.12327496762259055,0.0,0.0,0.0,0.0,0.0,0.0,0.12645916431009402,0.0,0.0,0.0,0.0,0.0,0.0,0.0,0.10147131010042179,0.0,0.0,0.0,0.0,0.0,0.0,0.0,0.0,0.0,0.0,0.0,0.0,0.0,0.0,0.0,0.0,0.0,0.0,0.0,0.0,0.0,0.0,0.0,0.0,0.0,0.0,0.0,0.0,0.0,0.0,0.0,0.0,0.0,0.0,0.0,0.0,0.0,0.0,0.0,0.0,0.0,0.0,0.0,0.12130466243323526,0.1287580797703431,0.0,0.0,0.12327496762259055,0.0,0.0,0.0,0.0,0.0,0.0,0.0,0.0,0.0,0.0,0.0,0.0,0.0,0.0,0.0,0.0,0.0,0.0,0.0,0.0,0.0,0.0,0.0,0.0,0.0,0.0,0.0,0.12430402781268175,0.0,0.0,0.0,0.10486463355491042,0.0,0.0,0.0,0.0,0.0,0.0,0.12130466243323526,0.0,0.0,0.0,0.0,0.0,0.0,0.0,0.0,0.0,0.0,0.0,0.0,0.0,0.0,0.0,0.10147131010042179,0.0,0.18177572701176897,0.0,0.0,0.0,0.0,0.0,0.0,0.0,0.0,0.0,0.0,0.12645916431009402,0.0,0.0,0.0,0.1471684138380232,0.0,0.13828079786170772,0.11599094107531299,0.07523553958338494,0.0,0.12227573950391105,0.10998081307499867,0.0,0.0,0.08097118733947775,0.0,0.0,0.14519810864866792,0.0,0.0,0.0,0.0,0.0,0.0,0.0,0.0,0.0,0.0,0.0,0.0,0.0,0.0,0.08009103000020969,0.0,0.0,0.0,0.0,0.1471684138380232,0.0,0.0,0.0,0.0,0.0,0.0,0.13252228379873016,0.0,0.36682721851173317,0.0,0.0,0.0,0.08375510854032703,0.2603513205058742,0.0,0.0,0.0,0.0,0.0,0.0,0.0,0.0,0.0,0.0,0.0,0.0,0.0,0.0,0.21859639514712922,0.1367485030937922,0.0,0.0,0.0,0.0,0.0,0.10427537208850184,0.0,0.0,0.0,0.0,0.0,0.0,0.0,0.0,0.0
4,2025-02-07,생각 없이 쓰는 것은 단지 타이핑일 뿐 쓰는 것이 아니다 라고 이 이야기 속 인물이 말했습니다 이 한국 소설의 작가 김호염은 서울역 주변을 목적 없이 방황하는 정신 나간 방랑자 독고를 창조하기 위해 많은 고민을 해야 했고 그 이야기가 그의 독자들 모두를 감동시켰다고 믿습니다 독고나 염부인 같은 캐릭터에 인간미를 부여한다는 것은 쉬운 일이 아니다 편의점이라는 작은 공간에서 그토록 많은 소소한 개선 이야기를 하나로 뭉치기가 쉽지 않듯이 책의 모든 페이지를 편안하고 차분하게 만들어줍니다 앞으로 나아가고 편견을 극복하고 의사소통을 장려하고 두 번째 기회가 존재한다는 것을 장려하는 아시아 철학의 전형적인 예입니다 글쎄 강은 가라앉는 곳이 아니라 건너가는 곳이다 결국 이 책은 일하기 위해 살고 대부분의 사람들이 우울증 알코올 중독 가정 파탄에 빠지는 혼돈과 어지러운 리듬으로 가득 찬 아시아 사회를 반영한 것입니다 책에 대해 긍정적인 말을 해야 한다면 그것은 이야기의 구성입니다 각 장은 문을 열고 인생의 교훈을 드러냅니다 사소하지만 결말이 다른 장의 역동성을 약간 깨뜨리고 약간의 불꽃이 부족하므로 일부 독자가 마음에 들지 않는 경우 이해합니다 독서 습관을 시작하는 데 어려움을 겪는 처음 독자들에게 TikTok에서 이 책을 추천한 사람에게 감사드립니다 그리고 물론 내가 그 책을 좋아할 것이라는 것을 알기 때문에 나에게 책을 주는 그 작은 사람에게도,1,0.0,0.0,0.0,0.0,0.0,0.0,0.14135248619251395,0.0,0.0,0.0,0.0,0.13960880506805806,0.0,0.0,0.11778941289719605,0.0,0.0,0.0,0.2001365475461506,0.15796723446059568,0.09513290876680934,0.09042176513842384,0.0,0.0,0.11358723941013693,0.0,0.0,0.0,0.0,0.0,0.0,0.11438714288042702,0.0,0.0,0.0,0.0,0.0,0.0,0.0,0.0,0.0,0.0,0.08924265286893814,0.0,0.10712683465088282,0.0,0.0,0.0,0.0,0.0,0.1451335270247125,0.0,0.0,0.0,0.0,0.0,0.10778693944988962,0.0,0.0,0.0,0.10460758386461419,0.0,0.0,0.0,0.0,0.0,0.0,0.08074233676640848,0.0,0.0,0.0,0.0,0.0,0.0,0.0,0.0,0.0,0.0,0.10283356420267724,0.0,0.0,0.0,0.0,0.0,0.0,0.12940695082051382,0.0,0.0,0.0,0.0,0.0,0.0,0.0,0.0,0.0,0.0,0.14719442036371103,0.0,0.0,0.0,0.0,0.1000682737730753,0.0,0.0,0.09248265847742233,0.0,0.0,0.0,0.0,0.0,0.18328649936274313,0.0,0.13960880506805806,0.0,0.0,0.08228080422987807,0.0,0.0,0.0,0.0,0.0,0.0,0.0,0.0,0.0,0.08924265286893814,0.0,0.0,0.0,0.0,0.0,0.0,0.0,0.12471062276394321,0.13636879945957386,0.0,0.0,0.0,0.0,0.0,0.0,0.0,0.0,0.0,0.0,0.0,0.0,0.0,0.0,0.0,0.0,0.14319046510001882,0.0,0.0,0.0,0.0,0.0,0.0,0.0,0.0,0.0,0.0,0.11358723941013693,0.0,0.0,0.0,0.2827049723850279,0.0,0.0,0.1306899079462007,0.0,0.0,0.0,0.0,0.0,0.0,0.14135248619251395,0.0,0.1306899079462007,0.0,0.0,0.0,0.14135248619251395,0.0,0.0,0.0,0.27273759891914773,0.0,0.0,0.0,0.0,0.0,0.0,0.0,0.0,0.0,0.0,0.1990824387104597,0.0,0.0,0.0,0.0,0.0,0.10846011647708724,0.1000682737730753,0.0,0.0896311637147074,0.0,0.12582529078855303,0.0,0.0,0.1451335270247125,0.0,0.13636879945957386,0.0,0.12582529078855303,0.0,0.0,0.0,0.0,0.0,0.0,0.0,0.0,0.0,0.0,0.0,0.0,0.0,0.0,0.0,0.0,0.0,0.0,0.0,0.0,0.0,0.0,0.0,0.0,0.18004833222963815,0.0,0.1269777512895303,0.0,0.0,0.0,0.0,0.0,0.0,0.0,0.0,0.0,0.0,0.0,0.0,0.0,0.0,0.11778941289719605,0.0,0.0,0.0,0.0,0.0,0.0,0.0,0.0,0.12582529078855303,0.0825970328264466,0.2567514619825057,0.1160457317727402,0.0,0.0,0.0,0.0,0.0,0.0,0.0,0.0,0.0,0.1451335270247125,0.0,0.0,0.0,0.0,0.0,0.0,0.0,0.0,0.0,0.0,0.0,0.10584387752519593,0.0,0.0,0.0,0.0,0.0,0.0,0.0,0.0
4,2024-04-10,이 책은 참 이상한 책이다 그것은 씁쓸하면서도 현실적이다 처음에 그냥 놓아버릴까 고민했던 순간이 있었음에도 불구하고 읽기도 꽤 쉽습니다 하지만 서서히 다양한 사람들의 모든 이야기가 하나로 합쳐지기 시작하고 그 이야기는 희망으로 가득 차서 내려놓기 힘들 정도였습니다 이 책은 삶에 관한 책이고 삶을 이루는 작은 것들에 관한 책입니다 그래서 희망도 작은 것들의 희망입니다 그럼에도 불구하고 작은 일이 계속되면서 책은 이야기를 쌓아갑니다 그리고 그것은 우리가 삶을 구축하는 방식과 똑같습니다 작은 것 뒤에 작은 것 우리는 거기에 있는 많은 다양한 인물들을 알게 되었는데 그들 모두는 깊은 인간적이었고 거의 모두는 예상치 못한 소책자를 가지고 있었습니다 적어도 처음에는 그러나 우리가 그들을 더 잘 알게 되면서 그들은 더 현실적이고 더 이해하기 쉬워졌습니다 그리고 나는 그들과 함께 고통을 겪고 다시 희망을 갖기 시작했습니다 이 책은 어떤 면에서는 매우 감성적인 책이기도 하고 상당히 실용적이기도 합니다 이 작품에 대한 리뷰를 쓰는 것은 꽤 어렵지만 솔직히 말해서 재미있게 즐겼고 이야기가 시작되자 완전히 몰입했다고 말할 수 있습니다,1,0.0,0.0,0.0,0.0,0.0,0.0,0.12683964577200701,0.0,0.0,0.11290664736553511,0.0,0.0,0.0,0.0,0.0,0.12527499061720415,0.0,0.0,0.08979413620717266,0.0,0.0,0.0,0.0,0.13023248230940185,0.0,0.0,0.0,0.0,0.0,0.21999859454787365,0.0,0.20528573744454887,0.0,0.0,0.0,0.0,0.0,0.0,0.12683964577200701,0.1119064237316732,0.0,0.0,0.16015999127505665,0.0,0.0,0.0,0.0,0.0,0.0,0.0,0.0,0.0,0.0,0.11971343784358117,0.061653466048542827,0.0,0.0,0.0,0.0,0.0,0.0,0.0,0.0,0.0,0.0,0.0,0.0,0.0,0.0,0.10650931387804659,0.19225597123616725,0.0,0.0,0.0,0.0,0.0,0.0,0.07036585506788398,0.0,0.0,0.0,0.0,0.0,0.0,0.0,0.0,0.0,0.0,0.0,0.0,0.0,0.0,0.0,0.0,0.0,0.0,0.0,0.0,0.0,0.0,0.0,0.0,0.0,0.0,0.0,0.0,0.0,0.0,0.0,0.0,0.08223412010701778,0.0,0.0,0.07139129911474558,0.0,0.07383292889620437,0.13023248230940185,0.0,0.0,0.0,0.0,0.0,0.0,0.0,0.0,0.0,0.0,0.21640884299179483,0.0,0.0,0.0,0.0,0.09227551073403972,0.0,0.0,0.0,0.0,0.0,0.0,0.0,0.10192509236363853,0.19344063322738816,0.0,0.0,0.0,0.0,0.0,0.0,0.0,0.0,0.0,0.0,0.0,0.0,0.0,0.0,0.0,0.0,0.0,0.0,0.0,0.0,0.0,0.0,0.0,0.0,0.0,0.0,0.0,0.0,0.0,0.0,0.0,0.0,0.25367929154401403,0.0,0.0,0.0,0.0,0.0,0.09554693780654316,0.0,0.0,0.0,0.0,0.0,0.0,0.0,0.0,0.0,0.0,0.1237866911663132,0.0,0.20826233634633076,0.09921183044189612,0.0,0.0,0.0,0.0,0.0,0.0,0.0,0.0,0.0,0.17958827241434533,0.0933274800762992,0.08042861757820534,0.0,0.0,0.0,0.0,0.0,0.0,0.0,0.0,0.11290664736553511,0.0,0.0,0.0,0.0,0.0,0.0,0.0,0.0,0.0,0.06657754080719726,0.0,0.0,0.0,0.0,0.0,0.07165313838583559,0.12236764052560586,0.0,0.0,0.0,0.0,0.0,0.0,0.0,0.4039063495979988,0.0,0.0,0.12101168005792709,0.0,0.0,0.0,0.0,0.0,0.0,0.0,0.0,0.0,0.0,0.0,0.0,0.0,0.0,0.0,0.0,0.0,0.0,0.0,0.0,0.0,0.0,0.0,0.29646675959436125,0.0,0.0,0.0,0.12683964577200701,0.09921183044189612,0.11290664736553511,0.0,0.0,0.0,0.0,0.0,0.0,0.0,0.0,0.0,0.0,0.0,0.0,0.0,0.0,0.1119064237316732,0.0,0.09227551073403972,0.0,0.10820442149589742,0.11394078327391312,0.0,0.0,0.0,0.0,0.0,0.0
5,2024-04-17,염스씨는 서울에서 작은 가게를 운영하는 미혼 여성이다 아주 다양한 사람들이 모인 이곳에는 아무 관련도 없어 보이지만 여전히 연결되어 있고 초점은 노숙자 독고에 있다 독고는 염스씨의 도움으로 작은 가게에 취직한 뒤 야간 근무를 맡는다 이 책은 주로 밤에 키오스크를 방문하고 독고와 작은 상호 작용을 하는 다양한 캐릭터의 많은 이야기로 구성되어 있습니다 각자의 소소한 이야기를 섬세하게 풀어내는 방식이 마음에 들었습니다 이 책의 내용은 지나치게 드라마틱하지 않으며 스트레스를 받을 수 있는 일상적인 사건들일 뿐입니다 읽으면서 독고에게도 이야기가 필요하다는 사실을 잊어버릴 뻔했습니다 그는 우리가 그에 대해 많이 알지 못하는 사이에 등장하지만 운 좋게도 저자는 그에게 배경 지식도 제공하는데 이는 물론 가장 흥미로운 일입니다 이 책은 인간미를 자극하는 재미있는 즐거움을 선사합니다 나는 섬세하고 부드러운 이야기 스타일을 매우 좋아합니다,1,0.0,0.0,0.0,0.1802442008900665,0.17132310491548405,0.0,0.0,0.12916698483464092,0.0,0.0,0.0,0.0,0.0,0.0,0.0,0.0,0.0,0.0,0.0,0.0,0.0,0.0,0.0,0.0,0.0,0.0,0.0,0.0,0.0,0.0,0.0,0.0,0.0,0.0,0.0,0.12843273623603504,0.0,0.0,0.0,0.0,0.0,0.0,0.0,0.1576961835159007,0.0,0.17783107381270488,0.0,0.0,0.0,0.0,0.0,0.0,0.0,0.0,0.08532955467762125,0.0,0.0,0.0,0.0,0.0,0.0,0.0,0.1330429370895316,0.0,0.0,0.0,0.0,0.0,0.0,0.0,0.2660858741790632,0.0,0.0,0.0,0.0,0.0,0.0,0.0,0.1277110395121373,0.0,0.0,0.0,0.0,0.0,0.14307701361712583,0.0,0.0,0.0,0.0,0.0,0.0,0.0,0.0,0.0,0.0,0.14856762653283923,0.0,0.0,0.0,0.0,0.0,0.0,0.0,0.0,0.11485604474156783,0.0,0.0,0.0,0.0,0.0,0.11381356633726017,0.1497569511035264,0.0,0.09880689848842772,0.0,0.0,0.0,0.0,0.0,0.0,0.0,0.0,0.0,0.0,0.17338293930129917,0.0,0.0,0.0,0.0,0.0,0.0,0.0,0.0,0.15488059171029442,0.0,0.0,0.0,0.0,0.0,0.17132310491548405,0.0,0.0,0.0,0.0,0.1802442008900665,0.0,0.0,0.0,0.0,0.0,0.0,0.0,0.0,0.0,0.0,0.0,0.0,0.0,0.0,0.0,0.0,0.0,0.0,0.0,0.0,0.0,0.0,0.15224109288269524,0.0,0.0,0.0,0.0,0.0,0.0,0.0,0.0,0.0,0.15224109288269524,0.0,0.0,0.0,0.0,0.0,0.0,0.0,0.0,0.0,0.0,0.0,0.0,0.0,0.0,0.0,0.1441194920214335,0.0,0.17554845141505857,0.0,0.0,0.0,0.0,0.17132310491548405,0.0,0.0,0.13469876618878956,0.12427677057421174,0.0,0.1113147169354831,0.0,0.0,0.0,0.0,0.0,0.0,0.0,0.0,0.0,0.0,0.0,0.0,0.0,0.0,0.0,0.0,0.0,0.1420596576356184,0.09214456660289529,0.0,0.1497569511035264,0.0,0.0,0.0,0.09916928895616936,0.0,0.0,0.0,0.0,0.0,0.0,0.0,0.0,0.33540838319316607,0.0,0.0,0.0,0.0,0.0,0.0,0.0,0.0,0.0,0.0,0.0,0.0,0.16748243743512534,0.0,0.0,0.0,0.0,0.0,0.0,0.0,0.0,0.0,0.0,0.0,0.0,0.0,0.2051577810158018,0.0,0.1441194920214335,0.0,0.0,0.0,0.0,0.0,0.0,0.0,0.0,0.0,0.0,0.16568564583339115,0.0,0.0,0.0,0.0,0.0,0.0,0.0,0.0,0.14856762653283923,0.0,0.0,0.0,0.0,0.0,0.0,0.0,0.0,0.1802442008900665,0.0
5,2022-11-25,언제나 작은 편의점 교외 한켠에는 야간 근무 직원들이 있습니다 주인은 기차역에서 노숙자였던 그를 구출했습니다 이 직원은 신비한 배경을 가지고 있습니다 그는 자신의 과거를 기억하지 못합니다 나는 내 이름조차 기억하지 못한다 물어 보면 그는 Tokko라고 불릴 것입니다 Mr Tokko는 가게에서 일을 시작하면서 점차 주변 사람들의 삶을 더 나은 방향으로 변화시킵니다 그에게 직업을 가르쳐준 여직원이 유튜버가 됐다 아침 교대 근무자는 아들을 이해했습니다 혹은 다양한 고객님들에게도 톡코씨로부터 정신적 힐링을 받은 적도 있습니다 돗코 씨는 반년 동안 이 가게에서 일했습니다 다른 사람을 돕는 것 외에도 편의점에서 일하는 것도 그에게 도움이 됩니다 삶의 질 측면에서 그리고 가장 중요한 것은 과거의 기억을 되살리는 데 도움이 된다는 것입니다 구매할까 말까 오랫동안 고민했어요 그들이 그것을 얻기로 결정한 것은 3번째 인쇄가 되어서야였습니다 처음에는 유행하는 책인줄 알았습니다 하지만 읽어보면 책도 좋을 것 같아요 추세가 올 것입니다 미스터 덕코의 편의점은 피콜로 출판 스타일의 기분 좋은 책입니다 이야기를 하나로 묶는 또 다른 책 한국 교외의 분위기를 잘 말해줍니다 이야기는 섹션으로 나누어져 있습니다 각 직원이나 고객의 사례에 따라 끝나면 모든 사람이 어느 정도 관련이 있습니다 이 책의 이름을 올바르게 지정해야 한다면 Khun Thokko가 될 것입니다 매장 직원이 구매하기 편하진 않지만 끌리지도 않죠 Goodreads는 4 2를 주었고 우리는 4 7을주었습니다,1,0.0,0.0,0.0,0.0,0.0,0.26221255434858864,0.0,0.09522859055180737,0.0,0.1152065917108195,0.0,0.0,0.0,0.124860308313017,0.0,0.0,0.0,0.0,0.1832465426867903,0.0,0.0,0.3311634191437676,0.0,0.0,0.0,0.0,0.12630826546696267,0.0,0.0,0.0,0.0,0.0,0.1005775098401689,0.0,0.0,0.1893745289189347,0.0,0.13892855580754063,0.0,0.0,0.0,0.11040858000348784,0.08171125063831362,0.23252358659363806,0.0,0.0,0.12088143508469636,0.0,0.12088143508469636,0.0,0.0,0.0,0.0,0.0,0.06290936677639328,0.0,0.0,0.0,0.129423409729737,0.0,0.0,0.0,0.0,0.0,0.0,0.0,0.0,0.147856593333959,0.0,0.0,0.09808614328288537,0.0,0.0,0.0,0.0,0.0,0.0,0.0,0.0,0.0,0.0,0.249720616626034,0.0,0.0,0.0,0.0,0.0,0.13678112054817118,0.0,0.0,0.12347672649900625,0.0,0.0,0.0,0.1070403817796591,0.0,0.0,0.0,0.0,0.0,0.0,0.0,0.0,0.0,0.0,0.0,0.0,0.0,0.0,0.0,0.0,0.0,0.0,0.0,0.0,0.07533692915901302,0.0,0.0,0.0,0.0,0.0,0.0,0.0,0.0,0.0,0.0,0.0,0.0,0.0,0.0,0.0,0.0,0.09415519225920177,0.0,0.0,0.0,0.12215203867752059,0.0,0.10548378414626108,0.0,0.0,0.09869054024941674,0.10625235321404576,0.0,0.0,0.0,0.0,0.0,0.0,0.0,0.0,0.0,0.0,0.0,0.0,0.0,0.0,0.0,0.0,0.0,0.0,0.0,0.0,0.0,0.0,0.0,0.0,0.0,0.0,0.0,0.0,0.0,0.0,0.0,0.0,0.0,0.0,0.11224001797243906,0.0,0.12088143508469636,0.0,0.0,0.0,0.0,0.0,0.0,0.0,0.0,0.0,0.0,0.0,0.0,0.0,0.0,0.1012328070073539,0.0,0.0,0.0,0.0,0.0,0.0,0.0,0.0,0.0,0.0,0.09522859055180737,0.08206697411888941,0.0,0.0,0.0,0.0,0.0,0.0,0.0,0.11735402697018893,0.0,0.0,0.0,0.0,0.0,0.0,0.0,0.0,0.0,0.0,0.0,0.0,0.0,0.0,0.0,0.0,0.3655636781105782,0.0,0.0,0.0,0.0,0.0,0.08668661590676671,0.0,0.0,0.0824268101007281,0.0,0.0,0.0,0.0,0.0,0.0,0.0,0.0,0.0,0.0,0.0,0.0,0.0,0.0,0.08429116765578676,0.0,0.0,0.10784888089238531,0.0,0.0,0.0,0.12088143508469636,0.0,0.0,0.0,0.0,0.0,0.0,0.10625235321404576,0.0,0.0,0.1012328070073539,0.1152065917108195,0.0,0.0,0.0,0.0,0.0,0.0,0.0,0.0,0.0,0.09869054024941674,0.12347672649900625,0.13678112054817118,0.0,0.0,0.0,0.0,0.09415519225920177,0.09691145799636472,0.0,0.0,0.0,0.0,0.0,0.0,0.0,0.0
4,2025-04-21,먼저 아크를 제작해주신 PanMacmillanExport에 깊은 감사의 말씀을 전하고 싶습니다 당신이 아니었다면 나는 그 책을 읽지 않았을 것이다 정말 감사드립니다 두 번째 기회 편의점 이 따뜻한 포옹을 선사했습니다 매우 건강하고 아름답습니다 두 번째 기회 사람과 그들의 삶에 대한 이야기입니다 희망이 가득해서 도저히 멈출 수 없어서 앉은 자리에서 단번에 읽었습니다 인생의 작은 것들이 얼마나 쉽게 잃어버릴 수 있는지에 대한 책입니다 모든 것은 도난당한 지갑으로 시작하여 인생의 두 번째 기회로 끝납니다 염씨네 편의점에서는 온갖 일이 벌어지고 있고 염씨씨는 역대 최고로 착하고 멋진 여성이다 그녀는 친절하고 친절함이 얼마나 중요한지 알고 있습니다 그녀는 사람을 아주 잘 다루며 누구에게나 사랑을 받습니다 그녀는 은퇴한 역사 교사이고 기독교인입니다 그리고 그녀는 지갑을 훔친 도둑들로부터 지갑을 되찾는 노숙자 독코를 돕습니다 이런 친절한 몸짓으로 도그코의 새로운 삶이 시작된다 책 전체에서 우리는 도그코와 이 편의점의 영향을 받은 다양한 캐릭터들을 만나게 됩니다 우리는 친절한 말 조언 또는 옥수수 실크차 한 병으로 사람들을 돕는 것이 얼마나 중요한지 알고 있습니다 나는 한국 문학을 많이 읽는 사람은 아니지만 결국에는 다양한 이야기가 함께 나오는 인생 이야기를 좋아합니다 Dogko는 삶이 힘들더라도 모든 사람에게 매우 친절하고 관대합니다 그 이유는 여기서는 말하지 않겠습니다 마지막 장을 읽으면서 울었는데 평범한 책처럼 보이지만 훨씬 더 많습니다,1,0.0,0.0,0.0,0.0,0.0,0.0,0.0,0.0,0.0,0.0,0.0,0.1087744971229205,0.0,0.0,0.0,0.0,0.0,0.0,0.07796697459246012,0.0,0.07412164516346792,0.0,0.0,0.0,0.0,0.0,0.0,0.0,0.0,0.0,0.0,0.0,0.0,0.0,0.369922104928125,0.0,0.09716676015113218,0.0,0.0,0.0,0.0,0.0,0.06953232414676044,0.0,0.0,0.0,0.0,0.0,0.0,0.1926517113220469,0.0,0.0,0.0,0.10394547974927766,0.10706565983002057,0.0,0.0,0.0,0.0,0.0,0.0,0.0,0.08346656617997313,0.0,0.0,0.0,0.0,0.0,0.0,0.0,0.16693313235994625,0.0,0.0,0.0,0.0,0.0,0.11156510383753189,0.12219534740212153,0.0,0.0,0.0,0.0,0.0,0.0,0.0,0.0,0.0,0.11639412121117473,0.0,0.0,0.0,0.0,0.0,0.0,0.09108619026822734,0.0,0.0,0.0,0.09803524014261142,0.0,0.0,0.0,0.0,0.0,0.0,0.0,0.0,0.08789120521532376,0.0,0.0,0.0,0.09395236412874575,0.0,0.12397610443870988,0.0,0.12821616944019235,0.0,0.0,0.0,0.0,0.0,0.0,0.0,0.0,0.0,0.20859697244028133,0.0,0.0,0.0,0.0,0.0,0.09803524014261142,0.0,0.0,0.10625008628388709,0.10748222782366622,0.10394547974927766,0.0,0.0,0.0,0.0885001117257273,0.0,0.0,0.2403686566341995,0.0,0.09320622276896857,0.0,0.0,0.0,0.0,0.0,0.0,0.0,0.0,0.0,0.0,0.0,0.0,0.0,0.10625008628388709,0.0,0.0,0.0,0.0,0.0,0.0,0.0,0.09551082930357799,0.0,0.0,0.0,0.0,0.0,0.0,0.0,0.20365089449707288,0.0,0.0,0.0,0.0,0.0,0.0,0.0,0.27961866830690574,0.0,0.0,0.0,0.0,0.0,0.0,0.10082584685722282,0.0,0.0,0.0,0.1722884497822452,0.0,0.0,0.0,0.0,0.0,0.0,0.0,0.10182544724853644,0.0,0.07796697459246012,0.0,0.06983502763207966,0.0,0.0,0.08671384397774837,0.0,0.22615803365830625,0.0,0.0,0.0,0.09803524014261142,0.0,0.0,0.0,0.08558659868071436,0.09893316568095205,0.0,0.0,0.0,0.0891233467551029,0.0,0.0,0.0,0.0,0.0,0.0,0.12443080708765084,0.0,0.0,0.0,0.0,0.0,0.0,0.0,0.0,0.07014123065716399,0.0,0.0,0.0,0.0,0.0,0.0,0.0,0.0,0.061539121697851744,0.0,0.0,0.0,0.10507272504631168,0.0,0.0,0.0,0.0,0.0,0.0,0.0,0.0,0.0,0.1879047282574915,0.0,0.0,0.0,0.0,0.06668158967267392,0.0,0.0,0.0,0.0861442248911226,0.0,0.0,0.0,0.22313020767506378,0.0,0.0,0.0,0.0,0.0,0.0,0.08398087878028074,0.0,0.0,0.0,0.0,0.0,0.0,0.0,0.08246696578865949,0.09395236412874575,0.0,0.0,0.0,0.0,0.11639412121117473,0.0,0.0
3,2025-11-06,3 5 5 시놉시스 70대 윤이 노숙자 독고에게 자신의 작은 편의점에서 일자리를 제공하며 두 번째 기회를 주면서 이 소박한 콘비니 안에서 놀라운 일들이 펼쳐지기 시작한다 윤이 중요한 역할을 담당하지만 독고는 이야기의 핵심이다 기억을 잃고 과거를 기억할 수 없게 된 그는 천천히 현재를 재건하는 방법을 배웁니다 처음에 독고는 머뭇거리며 적응하기 위해 애쓰지만 시간이 지날수록 가게의 리듬을 천천히 익힌다 그는 자신이 비축해야 하는 선반 그 이상을 깨닫기 시작하고 고객을 진정으로 보고 상호 작용하기 시작합니다 각 방문자는 점차 자신의 삶에 대해 이야기하고 실크 옥수수 차를 마시며 내가 방문한다면 맛보고 싶습니다 ngl 개인적인 이야기와 고민을 공유합니다 이러한 상호작용을 통해 독고는 우정과 존엄성 그리고 새로운 희망을 발견합니다 콘비니는 그 자신뿐만 아니라 그 문을 통과하는 모든 사람에게 치유의 상징이자 두 번째 기회의 조용한 힘이 됩니다 생각 두 번째 기회와 다시 시작의 힘에 대해 읽어 보면 기분이 좋아집니다 이 책을 둘러싸고 꽤 많은 비판이 있으며 전적으로 동의하지는 않지만 이 책이 모든 사람의 마음에 들지 않는 이유를 이해할 수 있습니다 개인적으로 정말 재미있게 봤습니다 그것은 나에게 바다 옆 편의점 을 많이 생각나게 했고 그렇게 많은 사람들에게 영향을 미친 실제 사건을 포함시키는 것도 마음에 들지 않았습니다 전체적으로 짧고 진심 어린 섬세한 이야기다,0,0.0,0.0,0.0,0.0,0.0,0.0,0.0,0.0,0.0,0.0,0.0,0.0,0.0,0.0,0.0,0.0,0.0,0.0,0.0,0.0,0.0,0.0,0.0,0.0,0.0,0.0,0.12698416119755043,0.0,0.0,0.0,0.0,0.10529418360570356,0.0,0.0,0.0,0.19038790231223696,0.0,0.0,0.0,0.0,0.0,0.0,0.0821485006095902,0.0,0.0,0.0,0.0,0.1301159750955192,0.1215282909779272,0.0,0.0,0.11099939397412331,0.0,0.0,0.0,0.0,0.09921864911511429,0.0,0.0,0.0,0.09629202954656928,0.0,0.09861101792374617,0.0,0.12552845579328395,0.0,0.0,0.0,0.0,0.10926050090763717,0.0,0.0,0.0,0.0,0.0,0.0,0.0,0.0,0.18931806350481653,0.0,0.0,0.0,0.0,0.0,0.3181447342397395,0.0,0.0,0.0,0.0,0.0,0.0,0.0,0.0,0.0,0.10761317198288045,0.0,0.27098703461302576,0.0,0.0,0.0,0.0,0.0,0.0,0.0,0.17026189791705254,0.0,0.0,0.0,0.0,0.0,0.1687165343094659,0.11099939397412331,0.0,0.0,0.0,0.15148013823305645,0.0,0.0,0.0,0.0,0.0,0.0,0.0,0.0,0.0,0.2464455018287706,0.0,0.0,0.0,0.11912002430022199,0.0,0.0,0.0,0.0,0.12552845579328395,0.0,0.0,0.1101178702410877,0.0,0.0,0.10455786673698338,0.0,0.0,0.0,0.13359645023967373,0.1101178702410877,0.0,0.0,0.0,0.0,0.0,0.0,0.0,0.0,0.0,0.0,0.0,0.0,0.0,0.12552845579328395,0.0,0.0,0.10455786673698338,0.0,0.0,0.0,0.0,0.0,0.0,0.12030099551559305,0.0,0.1215282909779272,0.0,0.0,0.0,0.0,0.0,0.0,0.0,0.0,0.0,0.0,0.0,0.0,0.0,0.0,0.0,0.0,0.0,0.0,0.11912002430022199,0.0,0.0,0.0,0.0,0.0,0.0,0.0916284047594533,0.0,0.0,0.0,0.13180784783293456,0.0,0.0,0.0,0.0,0.0,0.0,0.11582308060950744,0.0,0.0,0.0,0.0,0.0,0.0,0.0,0.12851090414222002,0.0,0.0,0.0,0.0,0.0,0.0,0.0,0.0,0.0,0.0,0.0,0.0,0.0,0.0,0.07350397356427159,0.0,0.11190647264782687,0.0,0.0,0.0,0.17430097970673541,0.11479702071599858,0.0,0.0828678891451365,0.0,0.0,0.12413747021169275,0.0,0.0,0.0,0.0,0.0,0.07270498488788328,0.0,0.0,0.0,0.0,0.0,0.0,0.0,0.0,0.0,0.0,0.0,0.0,0.1215282909779272,0.0,0.0,0.0,0.0,0.0,0.07878051937847255,0.0,0.10455786673698338,0.0,0.0,0.0,0.27502611640270863,0.0,0.0,0.0,0.0,0.0,0.0,0.10455786673698338,0.0,0.09921864911511429,0.12413747021169275,0.0,0.0,0.0,0.0,0.1101178702410877,0.0,0.0,0.0,0.0,0.0,0.0,0.0,0.0,0.0,0.0
5,2025-06-28,두 번째 기회 편의점은 이름난 가게를 중심으로 한 집단의 사람들이 서로의 삶에 긍정적인 영향을 미치는 달콤하고 가슴 따뜻해지는 현대 이야기였습니다 빠르고 가볍게 읽었지만 여전히 몇 가지 중요한 주제를 다루고 감정적인 펀치를 담았습니다 너무 많은 정보를 제공하고 싶지는 않지만 이 이야기는 최근 몇 년간 일본과 한국에서 나오는 아늑한 스타일의 현대 문학 팬들의 관심을 끌 것이라고 말할 수 있습니다 흥미로운 점은 이 책의 한국어 제목을 직역하면 불편한 편의점 이겠지만 그들이 번역판에 사용하기로 선택한 영어 제목이 좀 더 매력적이고 긍정적으로 들린다고 생각합니다 나는 이 책에 별 4 5개를 주고 싶다 나는 이 책을 출판사로부터 무료 eBook ARC로 제공받고 솔직한 리뷰를 작성했습니다,1,0.0,0.0,0.0,0.22748877258471073,0.0,0.0,0.0,0.0,0.2215622003057702,0.0,0.0,0.0,0.0,0.0,0.0,0.0,0.0,0.0,0.0,0.0,0.0,0.0,0.0,0.0,0.0,0.0,0.0,0.0,0.0,0.0,0.0,0.0,0.0,0.0,0.0,0.0,0.0,0.23783422623696499,0.0,0.0,0.0,0.0,0.0,0.0,0.0,0.0,0.0,0.0,0.0,0.19378529533561334,0.0,0.0,0.0,0.0,0.21539129206882368,0.0,0.0,0.0,0.0,0.0,0.0,0.15132074963148398,0.0,0.0,0.0,0.0,0.0,0.0,0.0,0.0,0.0,0.0,0.0,0.0,0.0,0.0,0.0,0.0,0.0,0.0,0.0,0.0,0.0,0.0,0.0,0.0,0.0,0.0,0.0,0.0,0.0,0.0,0.0,0.0,0.0,0.0,0.0,0.0,0.0,0.2215622003057702,0.0,0.0,0.0,0.0,0.0,0.0,0.0,0.0,0.0,0.0,0.14364572275666912,0.0,0.0,0.0,0.0,0.0,0.0,0.0,0.0,0.0,0.0,0.0,0.0,0.0,0.0,0.13988292009124323,0.0,0.0,0.0,0.0,0.0,0.0,0.0,0.19547700026620038,0.0,0.0,0.0,0.0,0.0,0.0,0.1780417123763407,0.0,0.0,0.0,0.0,0.0,0.19903059877752002,0.0,0.0,0.0,0.0,0.0,0.0,0.0,0.0,0.0,0.0,0.0,0.0,0.0,0.0,0.21882907663053525,0.0,0.0,0.0,0.0,0.0,0.0,0.0,0.0,0.0,0.0,0.0,0.0,0.0,0.0,0.0,0.0,0.0,0.0,0.0,0.0,0.0,0.0,0.0,0.0,0.0,0.0,0.0,0.0,0.2028382346215294,0.0,0.0,0.0,0.0,0.0,0.0,0.0,0.0,0.0,0.0,0.0,0.0,0.0,0.0,0.1630234908718209,0.0,0.0,0.0,0.0,0.0,0.0,0.0,0.0,0.0,0.0,0.0,0.0,0.0,0.0,0.0,0.0,0.0,0.0,0.0,0.0,0.0,0.0,0.0,0.0,0.0,0.1251629717424145,0.0,0.0,0.0,0.0,0.0,0.0,0.0,0.0,0.0,0.0,0.0,0.0,0.0,0.0,0.21882907663053525,0.0,0.0,0.0,0.0,0.0,0.0,0.0,0.0,0.0,0.21882907663053525,0.0,0.0,0.0,0.0,0.2048491989230558,0.2069390444079044,0.0,0.0,0.0,0.19722418071413872,0.0,0.13414790306810556,0.18189526311298249,0.0,0.0,0.0,0.0,0.0,0.0,0.0,0.0,0.0,0.0,0.0,0.0,0.0,0.1689500631507615,0.0,0.2341579942316915,0.0,0.0,0.0,0.0,0.0,0.0,0.0,0.0,0.0,0.0,0.0,0.0,0.22748877258471073,0.0
3,2025-10-04,결국 인생은 관계이고 관계는 소통이다 3 염부인의 놀라운 가게 솔직히 나는 아시아 문학을 별로 좋아하지 않는다 내 생각에는 이 책은 진부하고 세속적인 것에 매우 초점을 맞추고 철학적 요소가 가미된 일종의 책이다 하지만 이 책은 각 캐릭터별로 챕터를 나눠서 표현하는 방식이 나에게 가장 어려운 것 중 하나임에도 불구하고 잘 작성되고 구성되어 있었습니다 이야기 속에는 노숙인 한 남자가 선한 일을 한 뒤 퇴직한 교사인 염씨 부인이 운영하는 작은 24시간 가게에 야간 근무로 일자리를 얻는다 당신의 도착은 당신 주변 사람들의 삶을 당신처럼 개선하고 번영하게 만들 것입니다 나쁘지 않았고 너무 깊게 생각하지 않아도 될 정도로 아주 편안하게 읽었습니다,0,0.1815911076406095,0.0,0.1873821627063975,0.0,0.19167916596075074,0.0,0.0,0.14451419109513958,0.0,0.0,0.0,0.0,0.0,0.0,0.0,0.0,0.2045238094694122,0.0,0.0,0.0,0.0,0.1256392995017239,0.0,0.0,0.15782727941637892,0.0,0.0,0.0,0.0,0.0,0.0,0.0,0.0,0.0,0.0,0.0,0.0,0.0,0.0,0.0,0.0,0.0,0.0,0.0,0.0,0.0,0.0,0.0,0.0,0.0,0.0,0.0,0.0,0.0,0.09546813829038003,0.0,0.14976787444026798,0.0,0.0,0.0,0.0,0.13414015128714188,0.0,0.0,0.1894818179203107,0.0,0.0,0.0,0.0,0.0,0.0,0.0,0.0,0.0,0.0,0.19896039081908592,0.0,0.0,0.0,0.0,0.0,0.0,0.0,0.0,0.0,0.0,0.0,0.0,0.0,0.0,0.0,0.0,0.0,0.0,0.0,0.0,0.0,0.0,0.0,0.0,0.0,0.0,0.0,0.0,0.0,0.0,0.0,0.0,0.0,0.0,0.0,0.0,0.0,0.11054681680426792,0.0,0.0,0.0,0.0,0.0,0.0,0.0,0.0,0.0,0.0,0.19398374325220882,0.0,0.0,0.16755059102220665,0.0,0.0,0.0,0.0,0.1428852550258358,0.0,0.0,0.0,0.0,0.0,0.0,0.0,0.0,0.14976787444026798,0.0,0.0,0.0,0.0,0.0,0.0,0.0,0.0,0.0,0.0,0.0,0.0,0.0,0.0,0.0,0.0,0.0,0.0,0.0,0.0,0.0,0.0,0.0,0.0,0.19640655455981423,0.17032989054864375,0.0,0.0,0.0,0.0,0.0,0.0,0.0,0.0,0.0,0.17032989054864375,0.0,0.0,0.0,0.0,0.0,0.0,0.0,0.0,0.0,0.0,0.16621995472607828,0.0,0.0,0.0,0.0,0.0,0.0,0.19640655455981423,0.0,0.0,0.0,0.0,0.0,0.0,0.0,0.15070324094199777,0.0,0.0,0.0,0.0,0.0,0.0,0.17980846344741902,0.0,0.0,0.0,0.17809065723941006,0.0,0.19398374325220882,0.0,0.0,0.0,0.17643313752942283,0.0,0.0,0.0,0.0,0.0,0.0,0.0,0.0,0.0,0.0,0.0,0.1894818179203107,0.0,0.0,0.0,0.0,0.0,0.0,0.0,0.12508684332337128,0.0,0.0,0.0,0.0,0.0,0.0,0.0,0.0,0.0,0.0,0.0,0.0,0.0,0.0,0.0,0.0,0.0,0.16366611846680654,0.0,0.0,0.0,0.0,0.0,0.0,0.0,0.0,0.22953396960011033,0.0,0.0,0.0,0.19640655455981423,0.0,0.0,0.0,0.19398374325220882,0.0,0.0,0.0,0.0,0.0,0.0,0.0,0.0,0.0,0.0,0.0,0.0,0.0,0.0,0.1428852550258358,0.0,0.0,0.0,0.0,0.0,0.0,0.0,0.0,0.0
4,2024-02-11,같은 역에 사는 주인공 독고를 만나기 위해 서울로 여행을 떠난다 그는 심각한 알코올 문제로 인해 기억을 잃었고 이로 인해 그는 결국 아무런 희망도 없이 노숙자가 되었습니다 연씨의 필통을 발견하면서 그의 인생은 바뀌게 된다 여기에는 그녀의 전화번호가 포함되어 있으며 그는 그녀에게 전화번호를 돌려주기 위해 그녀에게 연락하기로 결정합니다 연씨는 케이스를 돌려준 것에 대한 감사의 마음으로 그를 자신의 가게에 초대하지만 그뿐만 아니라 계속해서 그를 돕고 싶어한다 그리하여 식품사업장 야간근무 자리가 공석이 되자 독고는 직원의 일원이 되기 시작한다 가까운 사람들의 눈에는 처음에는 좋은 평가를 받지 못하더라도 노숙자의 삶을 변화시키도록 돕는 연씨의 자선적이고 인간적인 행동에서 우리가 발견한 많은 이야기에 매우 놀랐습니다 내가 말했듯이 우리는 독고가 그 모든 공통 주제이고 항상 매우 중요한 메시지를 담고 있는 다른 이야기들을 알고 있습니다 결말은 저를 즐겁게 놀라게 했습니다 완벽하게 닫혀 있고 삶을 개선할 필요가 없는 사람들을 가치 있게 여기고 돕는 배움으로 가득 찬 줄거리가 소설에서 가장 관련성이 높은 부분입니다 비용이 전혀 들지 않는 몸짓으로 우리는 한 사람의 삶 전체를 바꿀 수 있으며 심지어 삶의 의지를 되돌려 줄 수도 있습니다 민첩하고 재미있으며 꼭 읽어야 할 책입니다 적극 권장합니다,1,0.0,0.0,0.0,0.0,0.12340046537493508,0.0,0.12644389448319845,0.09303628980769943,0.0,0.0,0.0,0.0,0.0,0.0,0.1053660426978732,0.0,0.1316696738650666,0.0,0.0,0.0,0.0,0.0,0.0,0.0,0.10160707675882247,0.0,0.0,0.0,0.0,0.0,0.0,0.0,0.0,0.0,0.0,0.27752227748944946,0.0,0.0,0.0,0.0,0.0,0.21573362762043125,0.0,0.0,0.09582805751620839,0.0,0.0,0.0,0.11809856852593067,0.0,0.0,0.0,0.0,0.0,0.0,0.0,0.0,0.0,0.0,0.0,0.09357451469445831,0.0,0.0,0.12488412119549863,0.0,0.0,0.0,0.07222635968718688,0.0,0.0,0.0,0.0,0.13363222009065012,0.0,0.0,0.0,0.0,0.070146307168158,0.0,0.0,0.0,0.0,0.0,0.11059182207974132,0.10305539392085541,0.1157582669798706,0.0,0.26726444018130024,0.0,0.0,0.0,0.0,0.1280880198700443,0.1115572654606278,0.0,0.0,0.1316696738650666,0.0,0.0,0.0,0.0,0.0,0.0,0.0,0.0,0.0,0.0,0.0,0.0,0.0,0.08197754213553017,0.0,0.0,0.14233710347172177,0.0,0.07360256340922007,0.0,0.0,0.0,0.0,0.0,0.1316696738650666,0.0,0.0,0.0,0.0,0.0,0.0,0.0,0.0,0.0,0.11255436830532488,0.0919876027059449,0.0,0.0,0.0,0.0,0.10701016808471908,0.0,0.0,0.0,0.19283708076993897,0.10380626941017337,0.0,0.0,0.0,0.0,0.0,0.0,0.0,0.0,0.0,0.0,0.0,0.1045761564113599,0.0,0.0,0.0,0.1316696738650666,0.0,0.0,0.0,0.10160707675882247,0.0,0.0,0.0,0.0,0.0,0.0,0.11690590930153365,0.0,0.0,0.0,0.0,0.0,0.11690590930153365,0.12644389448319845,0.0,0.0,0.0,0.0,0.0,0.0,0.0,0.11690590930153365,0.0,0.12198584230193756,0.0,0.0,0.0,0.0,0.0,0.0,0.10380626941017337,0.1978045609245727,0.0,0.0,0.17808500969328084,0.0,0.0,0.0,0.0,0.0,0.0,0.0,0.0,0.0,0.12982614506046847,0.0,0.0,0.1157582669798706,0.0,0.24126822510972376,0.0,0.0,0.0,0.0,0.0,0.0,0.0,0.0,0.0,0.0,0.0,0.10232261358960981,0.06636981279424212,0.0,0.0,0.0,0.0,0.0,0.14285914808898245,0.0,0.21749658655028645,0.0,0.0,0.0,0.08469096385043166,0.0,0.0,0.0,0.0,0.0,0.0,0.0,0.1096560894117638,0.0,0.0,0.0,0.0,0.0,0.0,0.0,0.0,0.0,0.08235066230437157,0.0,0.0,0.0,0.0,0.0,0.0,0.11809856852593067,0.0,0.0,0.0,0.0,0.0,0.0,0.0,0.0,0.0,0.09890228046228634,0.11255436830532488,0.0,0.0,0.0,0.0,0.0,0.0,0.0,0.0,0.0,0.0,0.0,0.0,0.0,0.0,0.0,0.0,0.0,0.0,0.0,0.0,0.11255436830532488,0.0,0.0,0.0,0.0,0.0
4,2024-12-10,이것이 내가 처음으로 한국 문학을 접한 것이었고 솔직히 말해 내 입에 기분 좋은 맛을 남겼다 이 소설은 2부작의 첫 번째 작품으로 단 8개의 장으로 구성되어 있으며 각기 삶의 문제와 열망을 갖고 있는 다양한 인물에 초점을 맞추고 있으며 이는 우리가 읽는 동안 드러날 것입니다 염여사님의 놀라운 가게는 우리 모두에게 두 번째 기회가 주어졌음을 강조하고 외로움 편견 동정심 공감 구원과 같은 보편적인 주제를 탐구하는 따뜻하고 위안이 되는 책입니다 연대와 희망의 이야기 단순하지만 감동적인 디테일을 통해 평범함 속에서 특별함을 발견하는 작가의 능력에 놀랐습니다 등장인물 간의 상호작용부터 작은 반성의 순간까지 각 페이지에는 인간 본성에 대한 깊은 감성이 담겨 있습니다,1,0.0,0.0,0.0,0.0,0.0,0.0,0.0,0.0,0.0,0.0,0.0,0.0,0.0,0.0,0.1679191689416541,0.0,0.0,0.0,0.0,0.0,0.0,0.12890417978000637,0.0,0.0,0.0,0.0,0.0,0.0,0.0,0.0,0.0,0.0,0.0,0.0,0.0,0.0,0.0,0.0,0.0,0.0,0.0,0.0,0.0,0.0,0.0,0.0,0.1882106698923557,0.0,0.0,0.0,0.20690060884190856,0.0,0.0,0.1901889815595321,0.0,0.0,0.0,0.0,0.0,0.0,0.14912731217084235,0.0,0.0,0.0,0.19440571874493004,0.0,0.0,0.0,0.0,0.0,0.152718725762105,0.0,0.0,0.0,0.0,0.0,0.0,0.11179037669449118,0.0,0.0,0.0,0.0,0.0,0.0,0.0,0.0,0.0,0.0,0.0,0.0,0.19225150159915086,0.16543339812307106,0.0,0.0,0.0,0.0,0.0,0.20413060315488213,0.0,0.0,0.0,0.0,0.0,0.0,0.0,0.0,0.0,0.0,0.0,0.0,0.0,0.0,0.0,0.0,0.0,0.0,0.0,0.0,0.0,0.0,0.0,0.0,0.0,0.0,0.0,0.25444650304827765,0.0,0.0,0.0,0.0,0.0,0.0,0.0,0.0,0.0,0.0,0.0,0.0,0.0,0.0,0.0,0.0,0.16543339812307106,0.0,0.0,0.0,0.0,0.0,0.0,0.17330937523151296,0.0,0.0,0.0,0.0,0.0,0.0,0.0,0.0,0.0,0.0,0.0,0.0,0.0,0.0,0.0,0.0,0.0,0.0,0.0,0.0,0.0,0.0,0.0,0.0,0.0,0.0,0.0,0.0,0.0,0.0,0.0,0.0,0.0,0.0,0.0,0.0,0.0,0.0,0.0,0.0,0.0,0.0,0.17475610672988445,0.16543339812307106,0.0,0.0,0.0,0.0,0.0,0.20413060315488213,0.19666016737658798,0.0,0.0,0.15461943628196007,0.0,0.0,0.0,0.0,0.0,0.0,0.0,0.0,0.0,0.0,0.0,0.0,0.0,0.0,0.0,0.1565977479491365,0.0,0.0,0.0,0.0,0.0,0.10577187414335011,0.0,0.0,0.0,0.0,0.0,0.11383548631317648,0.0,0.3466187504630259,0.0,0.0,0.0,0.0,0.0,0.19666016737658798,0.1283373673987103,0.0,0.0,0.0,0.0,0.0,0.0,0.0,0.0,0.0,0.0,0.0,0.0,0.0,0.0,0.1312401455143954,0.0,0.0,0.0,0.0,0.0,0.0,0.0,0.0,0.0,0.0,0.0,0.0,0.0,0.0,0.0,0.0,0.1576180362897575,0.0,0.0,0.19902463173346668,0.0,0.0,0.0,0.0,0.0,0.16192860100910592,0.0,0.0,0.0,0.0,0.0,0.0,0.0,0.0,0.0,0.15088975752944098,0.0,0.0,0.0,0.0,0.0,0.0,0.0,0.0
3,2025-08-24,국내 베스트셀러이자 편의점 직원들의 삶을 따라가는 작가의 편의점 시리즈 중 첫 번째 작품이다 인간의 다양한 경험을 탐구하는 감정의 깊이가 가득한 가볍고 기분 좋은 소설이었습니다 오디오가 좋고 향동서점에 오신 것을 환영합니다 같은 책의 팬에게 추천합니다 나의 솔직한 리뷰에 대한 대가로 초기 디지털 및 오디오 사본을 제공해 주신 NetGalley와 출판사에 많은 감사를 드립니다 CW 알코올 중독 의료 과실 죄책감 노숙자,0,0.0,0.0,0.0,0.0,0.0,0.0,0.0,0.0,0.0,0.0,0.0,0.0,0.0,0.0,0.26204570669501076,0.0,0.0,0.0,0.0,0.17571458491355058,0.0,0.0,0.0,0.0,0.0,0.0,0.0,0.0,0.0,0.0,0.0,0.0,0.0,0.0,0.0,0.0,0.0,0.0,0.0,0.0,0.0,0.0,0.0,0.0,0.0,0.0,0.2937115417514995,0.0,0.0,0.0,0.0,0.0,0.0,0.0,0.0,0.0,0.0,0.0,0.0,0.0,0.0,0.0,0.23832470509544756,0.0,0.0,0.0,0.0,0.0,0.0,0.0,0.23832470509544756,0.0,0.0,0.0,0.0,0.0,0.0,0.1744541045983147,0.0,0.0,0.0,0.0,0.0,0.0,0.0,0.0,0.0,0.0,0.0,0.0,0.0,0.0,0.0,0.0,0.0,0.0,0.0,0.0,0.0,0.0,0.0,0.0,0.0,0.0,0.0,0.0,0.0,0.0,0.0,0.0,0.20387842621765878,0.0,0.0,0.0,0.0,0.0,0.0,0.0,0.0,0.0,0.0,0.0,0.0,0.0,0.0,0.1985378266448182,0.0,0.0,0.0,0.0,0.0,0.0,0.0,0.0,0.0,0.0,0.0,0.0,0.0,0.0,0.0,0.23979323799916002,0.0,0.0,0.0,0.0,0.0,0.0,0.0,0.0,0.0,0.0,0.0,0.0,0.0,0.0,0.0,0.0,0.0,0.0,0.0,0.0,0.0,0.0,0.0,0.0,0.0,0.0,0.0,0.0,0.0,0.0,0.0,0.0,0.0,0.0,0.31446639580199326,0.0,0.0,0.0,0.0,0.0,0.0,0.0,0.0,0.0,0.0,0.0,0.0,0.0,0.0,0.0,0.0,0.0,0.0,0.0,0.0,0.0,0.0,0.0,0.0,0.0,0.0,0.0,0.0,0.0,0.0,0.0,0.0,0.0,0.0,0.0,0.0,0.0,0.0,0.0,0.0,0.0,0.0,0.0,0.0,0.0,0.0,0.0,0.0,0.0,0.0,0.0,0.0,0.0,0.0,0.0,0.0,0.0,0.0,0.0,0.0,0.0,0.0,0.30689737725454863,0.0,0.0,0.0,0.0,0.0,0.0,0.0,0.0,0.0,0.0,0.0,0.0,0.0,0.0,0.0,0.2048063773470997,0.0,0.0,0.0,0.0,0.0,0.0,0.0,0.0,0.0,0.0,0.0,0.0,0.0,0.2581665452214106,0.0,0.0,0.0,0.0,0.0,0.0,0.0,0.0,0.0,0.0,0.0,0.0,0.0,0.47958647599832005,0.0,0.0,0.0,0.0,0.0,0.0,0.0,0.0,0.0,0.0,0.0,0.0,0.0,0.0,0.0,0.0
4,2024-05-05,나는 바쁜 결혼식을 마치고 이 책을 다 읽는 데 4개월이 걸렸다는 것을 믿을 수 없습니다 v 이 책은 Baby Thy가 나에게 준 것입니다 광고대로 최근 우리가 좋아하는 일본 이야기 매우 일본적이지만 한국적 의 색깔을 담고 있으며 아름답지만 슬프고 삶의 사람들을 연결하는 마법 같은 실을 담고 있습니다 그 이야기는 즐겁고 가볍게 읽혀서 나에게 특별한 것은 아니지만 한 번만 읽어도 충분하다고 생각한다 결말은 슬프지만 매우 인간적이며 기회를 주면 삶이 항상 좋을 것이라는 희망을 열어줍니다,1,0.0,0.0,0.0,0.0,0.0,0.0,0.0,0.0,0.0,0.0,0.0,0.0,0.0,0.0,0.18588550018788416,0.0,0.0,0.0,0.15791946547421012,0.12464540602062717,0.0,0.1426961441373091,0.0,0.0,0.0,0.0,0.0,0.0,0.0,0.0,0.0,0.0,0.0,0.0,0.0,0.0,0.0,0.0,0.0,0.0,0.0,0.0,0.0,0.0,0.0,0.0,0.0,0.0,0.0,0.0,0.0,0.1902973303864057,0.0,0.0,0.10842893327193141,0.0,0.3402008493046979,0.0,0.0,0.0,0.0,0.0,0.0,0.0,0.0,0.0,0.0,0.0,0.0,0.0,0.0,0.0,0.471504698036255,0.0,0.0,0.0,0.0,0.0,0.0,0.0,0.0,0.0,0.0,0.0,0.0,0.0,0.0,0.0,0.0,0.0,0.0,0.0,0.0,0.0,0.0,0.0,0.0,0.0,0.0,0.0,0.0,0.0,0.0,0.0,0.0,0.0,0.0,0.0,0.0,0.0,0.0,0.0,0.0,0.25110939916385117,0.0,0.0,0.0,0.0,0.0,0.0,0.0,0.0,0.0,0.0,0.0,0.0,0.0,0.0,0.0,0.0,0.0,0.19856705742246658,0.0,0.0,0.0,0.0,0.0,0.0,0.0,0.0,0.0,0.0,0.18313376698864886,0.2434292850969338,0.0,0.0,0.0,0.0,0.0,0.0,0.0,0.0,0.0,0.0,0.0,0.0,0.0,0.0,0.0,0.0,0.0,0.0,0.0,0.0,0.0,0.0,0.0,0.0,0.0,0.0,0.0,0.0,0.0,0.0,0.0,0.0,0.0,0.0,0.0,0.0,0.0,0.0,0.0,0.0,0.0,0.19510475706987102,0.0,0.0,0.0,0.0,0.0,0.0,0.0,0.18313376698864886,0.0,0.0,0.0,0.0,0.0,0.0,0.0,0.0,0.0,0.1711627769074267,0.0,0.16413349902604096,0.0,0.0,0.0,0.0,0.0,0.0,0.0,0.0,0.0,0.0,0.0,0.0,0.0,0.17335275590802784,0.0,0.0,0.0,0.0,0.0,0.0,0.0,0.0,0.0,0.0,0.0,0.12601519198685604,0.0,0.19185242581419215,0.0,0.0,0.0,0.0,0.0,0.0,0.0,0.0,0.0,0.0,0.0,0.0,0.0,0.0,0.0,0.0,0.0,0.0,0.19510475706987102,0.0,0.0,0.0,0.0,0.0,0.0,0.0,0.0,0.0,0.0,0.0,0.0,0.0,0.0,0.1303477993763275,0.13506130067406283,0.0,0.0,0.0,0.0,0.0,0.0,0.0,0.0,0.0,0.0,0.0,0.0,0.0,0.0,0.0,0.0,0.0,0.0,0.0,0.0,0.0,0.0,0.0,0.0,0.0,0.19856705742246658,0.0,0.0,0.0,0.0,0.0
5,2025-10-11,이 책을 주신 마리아에게 감사드립니다 이제 염여사 가게에서 살고 싶습니다 상황이 제시되는 방식 특히 전개되는 방식이 정말 마음에 들었습니다 일상의 상황을 통해 정체성을 재구성하는 것이 아주 좋은 점이라고 생각합니다 단순한 내레이션과 이야기의 일상적인 성격 덕분에 매우 간단하고 편안한 내레이션이 됩니다 ESE FINAL PELOS 전반적으로 매우 읽기 좋습니다,1,0.0,0.0,0.0,0.0,0.0,0.26248461022143893,0.0,0.0,0.0,0.0,0.0,0.25591901497193514,0.0,0.0,0.0,0.0,0.0,0.0,0.0,0.0,0.17438957586628007,0.0,0.0,0.0,0.0,0.0,0.0,0.0,0.0,0.0,0.0,0.0,0.0,0.0,0.0,0.0,0.0,0.0,0.0,0.0,0.0,0.0,0.0,0.0,0.0,0.0,0.0,0.0,0.0,0.0,0.0,0.0,0.0,0.0,0.0,0.0,0.0,0.0,0.0,0.0,0.0,0.0,0.0,0.0,0.0,0.0,0.0,0.0,0.0,0.0,0.0,0.22860893135448193,0.0,0.0,0.0,0.0,0.0,0.0,0.0,0.27814539933347787,0.0,0.0,0.0,0.0,0.0,0.0,0.0,0.0,0.0,0.0,0.0,0.0,0.0,0.0,0.21430288079979617,0.2192907836966036,0.0,0.0,0.0,0.0,0.0,0.0,0.0,0.0,0.16953136192226437,0.0,0.0,0.0,0.0,0.0,0.0,0.0,0.0,0.2916845709905546,0.0,0.0,0.0,0.0,0.0,0.0,0.0,0.0,0.0,0.0,0.25591901497193514,0.0,0.0,0.0,0.0,0.0,0.0,0.0,0.0,0.0,0.0,0.0,0.0,0.0,0.0,0.0,0.0,0.0,0.0,0.0,0.0,0.0,0.23276483899082462,0.0,0.0,0.0,0.0,0.0,0.0,0.0,0.0,0.0,0.0,0.0,0.0,0.24997971162052687,0.0,0.0,0.0,0.0,0.0,0.0,0.0,0.22471294284084334,0.0,0.0,0.0,0.0,0.0,0.0,0.0,0.0,0.0,0.0,0.0,0.0,0.0,0.0,0.0,0.0,0.0,0.0,0.0,0.0,0.0,0.0,0.0,0.0,0.0,0.0,0.0,0.0,0.0,0.0,0.0,0.0,0.0,0.0,0.0,0.0,0.0,0.0,0.0,0.0,0.2306522461922516,0.0,0.0,0.0,0.0,0.0,0.0,0.0,0.0,0.0,0.20968480402895895,0.0,0.0,0.0,0.0,0.0,0.0,0.0,0.0,0.0,0.0,0.0,0.0,0.0,0.0,0.0,0.0,0.0,0.0,0.0,0.0,0.0,0.0,0.0,0.0,0.0,0.0,0.0,0.0,0.0,0.0,0.14478606496663535,0.0,0.0,0.0,0.0,0.0,0.16875724613723658,0.0,0.0,0.0,0.0,0.0,0.0,0.0,0.0,0.0,0.0,0.0,0.0,0.15688499783647897,0.0,0.0,0.0,0.0,0.0,0.0,0.0,0.0,0.0,0.0,0.0,0.0,0.2082184888628813,0.22471294284084334,0.0,0.0,0.0,0.0,0.0,0.0,0.0,0.0,0.0,0.0,0.0,0.0,0.0,0.0,0.0,0.0,0.0
5,2024-06-19,4 5 생각해보면 가족도 인생길에서 만나는 손님이 아닐까 올해 최고의 책을 바로 선정했습니다 작은 가게에서 일하는 사람들의 삶을 엮어 놓은 책입니다 그들 모두는 성취해야 할 도전과 꿈을 가지고 있습니다 그리고 조금씩 그들은 치유하고 용기를 얻고 계속해서 앞으로 나아갈 수 있도록 자신의 삶에 명확성을 부여하고 있습니다,1,0.0,0.0,0.0,0.0,0.0,0.3381654928531907,0.0,0.0,0.0,0.29715506156912036,0.0,0.0,0.0,0.0,0.0,0.0,0.0,0.0,0.0,0.0,0.0,0.0,0.0,0.0,0.0,0.0,0.0,0.0,0.0,0.0,0.0,0.0,0.0,0.0,0.0,0.0,0.0,0.0,0.0,0.0,0.0,0.0,0.2107597434638594,0.0,0.0,0.0,0.0,0.0,0.0,0.0,0.0,0.0,0.0,0.0,0.0,0.0,0.0,0.0,0.0,0.0,0.0,0.0,0.0,0.0,0.0,0.0,0.0,0.0,0.0,0.0,0.0,0.0,0.0,0.0,0.0,0.0,0.0,0.0,0.0,0.0,0.0,0.0,0.0,0.0,0.0,0.0,0.0,0.0,0.0,0.0,0.0,0.0,0.0,0.0,0.0,0.0,0.0,0.0,0.0,0.0,0.0,0.0,0.0,0.0,0.0,0.0,0.0,0.0,0.0,0.0,0.0,0.0,0.0,0.0,0.0,0.0,0.0,0.0,0.0,0.0,0.0,0.0,0.3150696156789725,0.0,0.0,0.0,0.0,0.0,0.0,0.0,0.0,0.0,0.2428566936783,0.0,0.0,0.0,0.0,0.0,0.0,0.0,0.2682530905261881,0.25455482302364674,0.0,0.0,0.0,0.0,0.0,0.0,0.0,0.0,0.0,0.0,0.0,0.0,0.0,0.0,0.0,0.0,0.0,0.0,0.0,0.0,0.0,0.0,0.0,0.0,0.0,0.0,0.0,0.0,0.0,0.0,0.0,0.0,0.0,0.0,0.0,0.0,0.0,0.0,0.0,0.0,0.0,0.0,0.0,0.0,0.0,0.0,0.0,0.0,0.0,0.0,0.0,0.0,0.0,0.0,0.0,0.0,0.0,0.0,0.0,0.0,0.0,0.0,0.0,0.0,0.0,0.0,0.0,0.0,0.0,0.0,0.0,0.0,0.0,0.0,0.0,0.0,0.0,0.0,0.0,0.0,0.0,0.0,0.0,0.0,0.0,0.0,0.0,0.0,0.3338248334197849,0.37716278439710565,0.0,0.0,0.0,0.0,0.0,0.223592819685636,0.0,0.0,0.2126054027525559,0.0,0.0,0.0,0.0,0.0,0.0,0.0,0.0,0.0,0.0,0.0,0.0,0.0,0.0,0.0,0.0,0.0,0.0,0.0,0.0,0.0,0.0,0.0,0.0,0.0,0.0,0.0,0.20211886925442096,0.0,0.0,0.0,0.26111215124386,0.0,0.0,0.0,0.0,0.0,0.0,0.0,0.0,0.0,0.0,0.0,0.0,0.0,0.0,0.0,0.0,0.0,0.0,0.0,0.0,0.0,0.0,0.0,0.0,0.0,0.0,0.0
4,2024-09-01,나는 그것이 내 눈에 약간의 눈물을 가져왔다는 것을 인정합니다 나는 책이 당신이 찾고 있는 것을 제공한다고 생각합니다 마침내 자신에게 허락할 수 있도록 말로 두 번째 기회를 주는 사람 모든 등장인물과 얽혀 공감하는 일상의 이야기 게다가 진부한 표현에 빠지지 않고 교훈을 줍니다 읽기가 빠르고 따뜻하면서도 씁쓸한 느낌을 주는 결말로 잘 읽었습니다,1,0.0,0.0,0.0,0.0,0.0,0.0,0.0,0.0,0.0,0.0,0.0,0.0,0.0,0.0,0.0,0.0,0.0,0.0,0.0,0.2918757694286561,0.0,0.0,0.0,0.0,0.0,0.0,0.0,0.0,0.0,0.0,0.0,0.0,0.0,0.21931434838859115,0.0,0.0,0.0,0.0,0.0,0.0,0.0,0.0,0.0,0.0,0.0,0.0,0.0,0.0,0.0,0.0,0.0,0.22280476072082303,0.0,0.0,0.2539024849566947,0.0,0.0,0.0,0.0,0.0,0.0,0.0,0.0,0.0,0.0,0.22462550441692464,0.0,0.0,0.0,0.0,0.0,0.0,0.0,0.0,0.0,0.0,0.2645727597791201,0.0,0.0,0.0,0.0,0.0,0.0,0.0,0.0,0.0,0.0,0.0,0.0,0.0,0.0,0.0,0.0,0.0,0.0,0.0,0.0,0.0,0.0,0.0,0.0,0.0,0.0,0.0,0.0,0.0,0.0,0.0,0.0,0.0,0.0,0.0,0.0,0.0,0.0,0.15203009108699012,0.0,0.0,0.0,0.0,0.0,0.0,0.0,0.0,0.0,0.16489348605057272,0.0,0.0,0.0,0.0,0.0,0.0,0.0,0.0,0.0,0.0,0.0,0.0,0.0,0.0,0.0,0.0,0.0,0.0,0.0,0.0,0.2346165582027524,0.0,0.0,0.0,0.0,0.0,0.0,0.0,0.0,0.0,0.0,0.0,0.0,0.0,0.0,0.0,0.0,0.0,0.0,0.0,0.0,0.0,0.20701938499081196,0.0,0.0,0.0,0.0,0.0,0.0,0.0,0.0,0.0,0.0,0.0,0.0,0.0,0.0,0.0,0.0,0.0,0.0,0.0,0.0,0.0,0.0,0.0,0.0,0.0,0.0,0.0,0.0,0.0,0.0,0.0,0.0,0.0,0.0,0.200401558317894,0.0,0.0,0.0,0.0,0.0,0.0,0.0,0.0,0.0,0.0,0.0,0.0,0.0,0.0,0.0,0.0,0.2346165582027524,0.0,0.0,0.0,0.0,0.13709045197834954,0.0,0.0,0.0,0.0,0.2611767295222541,0.0,0.0,0.0,0.0,0.0,0.0,0.0,0.0,0.0,0.0,0.0,0.0,0.0,0.0,0.0,0.0,0.0,0.0,0.0,0.0,0.0,0.0,0.0,0.0,0.0,0.0,0.43527856441007323,0.0,0.0,0.2611767295222541,0.0,0.0,0.0,0.0,0.0,0.0,0.0,0.0,0.0,0.20987493395904624,0.0,0.0,0.0,0.0,0.0,0.0,0.0,0.0,0.0,0.0,0.0,0.0,0.0,0.0,0.0,0.0,0.0,0.0,0.0,0.0,0.0,0.0,0.0,0.0,0.0,0.0,0.0,0.0,0.0
5,2025-02-26,아름다운 이야기 각 장은 캐릭터에 초점을 맞추고 있으며 다른 캐릭터보다 더 공감할 수 있지만 모두 매우 흥미롭고 뭔가를 가르쳐줍니다 이 책은 더 이상 고민하지 않고 삶에 대해 다루고 있으며 우리 자신 우리 자신 또는 다른 사람에게 성공을 요구하는 것과 그것이 어떻게 매우 부정적인 결과를 초래할 수 있는지에 대해 다루고 있습니다 소통과 공감의 중요성도 이야기한다 나는 모든 캐릭터가 쓰여진 방식을 좋아했습니다 나는 그것들이 매우 현실적이며 우리 주변의 많은 사람들 심지어 그것을 읽는 사람의 삶 실패 두려움을 반영할 수 있다고 생각합니다 그러나 그것이 이 책을 그렇게 특별하게 만드는 것은 아닙니다,1,0.0,0.0,0.0,0.0,0.0,0.0,0.0,0.0,0.0,0.0,0.0,0.0,0.0,0.0,0.0,0.0,0.0,0.0,0.11389514805958206,0.0,0.0,0.0,0.0,0.0,0.0,0.0,0.0,0.0,0.0,0.0,0.0,0.0,0.12502599183319693,0.2701934577526592,0.0,0.0,0.0,0.0,0.0,0.14194243898433026,0.0,0.0,0.0,0.0,0.0,0.0,0.0,0.0,0.0,0.0,0.0,0.0,0.0,0.0,0.15640287752830545,0.0,0.0,0.0,0.0,0.0,0.0,0.0,0.0,0.0,0.0,0.0,0.0,0.18379772237384354,0.0,0.0,0.0,0.0,0.0,0.0,0.0,0.0,0.0,0.0,0.23408506170333873,0.0,0.0,0.0,0.0,0.0,0.0,0.0,0.0,0.0,0.0,0.0,0.0,0.0,0.0,0.0,0.0,0.0,0.0,0.0,0.0,0.0,0.0,0.0,0.0,0.0,0.0,0.0,0.0,0.0,0.15184487878426875,0.0,0.10430600126860057,0.0,0.0,0.27165880511662027,0.14452282664723126,0.09364990547828302,0.0,0.0,0.0,0.0,0.0,0.0,0.0,0.0,0.0,0.0,0.0,0.0,0.0,0.0,0.0,0.0,0.0,0.0,0.1552114773197441,0.0,0.0,0.1361568356068118,0.0,0.0,0.12928208874307198,0.0,0.0,0.0,0.0,0.0,0.14452282664723126,0.0,0.0,0.0,0.0,0.0,0.0,0.0,0.0,0.0,0.0,0.0,0.16753292196172573,0.0,0.0,0.0,0.0,0.1552114773197441,0.13019251840021448,0.0,0.0,0.0,0.1275230824236537,0.0,0.0,0.0,0.0,0.0,0.0,0.0,0.0,0.0,0.0,0.0,0.0,0.11770393969615944,0.0,0.0,0.0,0.0,0.0,0.0,0.0,0.0,0.0,0.0,0.4185703024268614,0.0,0.0,0.0,0.0,0.0,0.0,0.0,0.0,0.0,0.0,0.12344652864433771,0.0,0.0,0.0,0.0,0.0,0.0,0.0,0.0,0.0,0.0,0.0,0.0,0.0,0.0,0.0,0.12502599183319693,0.0,0.0,0.0,0.0,0.0,0.0,0.0,0.0,0.0,0.0,0.0,0.09088505274508761,0.0,0.276736757917483,0.0,0.12928208874307198,0.0,0.0,0.0,0.0,0.0,0.0,0.14452282664723126,0.0,0.0,0.0,0.0,0.0,0.0,0.0,0.0,0.0,0.0,0.0,0.1651872659098133,0.0,0.0,0.0,0.0,0.0,0.0,0.0,0.0,0.0,0.0,0.0,0.0,0.09400982877333779,0.09740931424254531,0.0,0.0,0.0,0.0,0.0,0.0,0.15889916877856763,0.0,0.0,0.1472876793804267,0.1651872659098133,0.0,0.0,0.0,0.0,0.0,0.0,0.0,0.0,0.0,0.0,0.0,0.0,0.0,0.0,0.0,0.0,0.0,0.0,0.0,0.0
3,2025-03-31,그 사이에 읽으면 참 좋은 책이다 아름다운 메시지로 긍정적입니다 제목에서 알 수 있듯이 인생의 두 번째 기회는 다시 시작하거나 잘못된 일을 바로잡기에 너무 늦지 않은 때입니다 아쉽게도 별 반개를 줄 수는 없지만 저에게는 별 3 5개입니다 저는 재미있고 즐거웠습니다,0,0.0,0.0,0.0,0.0,0.0,0.0,0.0,0.0,0.0,0.0,0.0,0.0,0.0,0.0,0.0,0.0,0.0,0.0,0.0,0.0,0.0,0.0,0.0,0.0,0.0,0.0,0.0,0.0,0.0,0.0,0.0,0.0,0.0,0.0,0.0,0.0,0.0,0.0,0.0,0.0,0.0,0.0,0.0,0.0,0.0,0.0,0.0,0.0,0.0,0.0,0.0,0.0,0.0,0.0,0.0,0.0,0.0,0.0,0.0,0.0,0.0,0.2554990702299621,0.0,0.0,0.0,0.0,0.0,0.0,0.0,0.3141369884214362,0.0,0.0,0.0,0.0,0.0,0.0,0.0,0.0,0.0,0.0,0.0,0.0,0.0,0.0,0.0,0.0,0.0,0.0,0.0,0.0,0.0,0.0,0.0,0.0,0.0,0.0,0.0,0.0,0.0,0.0,0.0,0.0,0.0,0.0,0.0,0.0,0.0,0.0,0.0,0.0,0.0,0.0,0.0,0.0,0.0,0.0,0.0,0.0,0.0,0.0,0.0,0.0,0.0,0.0,0.0,0.23618674974452167,0.0,0.0,0.0,0.0,0.0,0.0,0.0,0.0,0.0,0.0,0.0,0.0,0.0,0.0,0.0,0.0,0.0,0.0,0.0,0.0,0.0,0.0,0.0,0.0,0.0,0.0,0.0,0.0,0.0,0.0,0.0,0.0,0.0,0.0,0.0,0.0,0.0,0.0,0.30273335250541084,0.0,0.0,0.0,0.0,0.0,0.0,0.0,0.34587972891791463,0.0,0.0,0.0,0.0,0.0,0.0,0.0,0.0,0.0,0.0,0.0,0.0,0.0,0.0,0.0,0.0,0.0,0.0,0.0,0.0,0.0,0.0,0.0,0.0,0.0,0.0,0.0,0.0,0.0,0.0,0.0,0.0,0.0,0.0,0.0,0.0,0.0,0.0,0.3841057490443181,0.0,0.0,0.339212360390962,0.0,0.0,0.0,0.0,0.0,0.0,0.0,0.0,0.0,0.0,0.0,0.0,0.0,0.0,0.0,0.0,0.0,0.0,0.0,0.0,0.0,0.0,0.0,0.0,0.0,0.0,0.0,0.0,0.0,0.32719876753892513,0.0,0.0,0.0,0.0,0.0,0.0,0.0,0.0,0.0,0.0,0.24364401187436904,0.0,0.0,0.0,0.0,0.0,0.0,0.0,0.0,0.0,0.0,0.0,0.0,0.0,0.0,0.0,0.37409896735305875,0.0,0.0,0.0,0.0,0.0,0.0,0.0,0.0,0.0,0.0,0.0,0.0,0.0,0.0,0.0,0.0,0.0,0.0,0.0,0.0,0.0,0.0,0.0,0.0,0.0,0.0,0.0,0.0
4,2026-03-10,우리 지역 k lit 클럽의 월간 그룹 읽기 선택으로 읽어보세요 우리가 진행 중인 오만이라는 전염병 속에서 이 책을 읽은 것은 좋은 일이었습니다 5e 소설의 교훈 중 일부를 기억하는 것이 중요했습니다 결국 인생은 관계로 귀결되고 관계는 소통으로 귀결됩니다 행복은 멀리 있는 것이 아니라는 것을 깨달았습니다 주변 사람들과 마음과 생각을 나누는 데 있었습니다 두 번째 찬스 편의점 김호연 발췌 이 자료는 저작권의 보호를 받을 수 있습니다,1,0.0,0.0,0.0,0.0,0.0,0.0,0.0,0.0,0.0,0.0,0.0,0.0,0.0,0.0,0.0,0.0,0.0,0.0,0.18692097480951045,0.14753621872351003,0.3554040730927608,0.0,0.0,0.0,0.21217351629959613,0.0,0.0,0.0,0.0,0.0,0.0,0.0,0.0,0.0,0.0,0.0,0.0,0.0,0.0,0.0,0.0,0.0,0.0,0.0,0.0,0.0,0.0,0.0,0.0,0.0,0.0,0.0,0.0,0.0,0.0,0.0,0.0,0.0,0.0,0.0,0.0,0.0,0.0,0.0,0.0,0.0,0.0,0.0,0.0,0.0,0.0,0.0,0.0,0.0,0.0,0.0,0.0,0.0,0.0,0.0,0.0,0.0,0.0,0.0,0.0,0.0,0.0,0.0,0.0,0.0,0.0,0.0,0.0,0.0,0.0,0.0,0.0,0.0,0.0,0.0,0.0,0.0,0.0,0.0,0.0,0.0,0.0,0.0,0.0,0.0,0.0,0.0,0.0,0.0,0.0,0.0,0.0,0.0,0.0,0.0,0.0,0.0,0.0,0.0,0.0,0.16669942470154817,0.0,0.0,0.2547279768849642,0.0,0.0,0.0,0.0,0.0,0.0,0.0,0.0,0.0,0.0,0.0,0.0,0.0,0.0,0.0,0.0,0.0,0.0,0.0,0.0,0.0,0.0,0.2674704010645606,0.0,0.0,0.0,0.0,0.0,0.0,0.0,0.0,0.0,0.0,0.0,0.0,0.0,0.0,0.0,0.0,0.0,0.0,0.0,0.0,0.0,0.0,0.0,0.0,0.0,0.0,0.0,0.0,0.0,0.0,0.0,0.0,0.0,0.0,0.0,0.0,0.0,0.0,0.0,0.0,0.22898127587492725,0.21676581885116852,0.0,0.0,0.0,0.0,0.0,0.0,0.0,0.0,0.0,0.0,0.0,0.0,0.0,0.0,0.0,0.0,0.24172370005452376,0.0,0.0,0.0,0.0,0.0,0.0,0.0,0.21366768353944676,0.0,0.0,0.27109991335036876,0.0,0.0,0.0,0.13859188755253263,0.0,0.0,0.0,0.0,0.0,0.14915756240852712,0.2547279768849642,0.0,0.0,0.0,0.0,0.0,0.0,0.0,0.0,0.0,0.0,0.0,0.0,0.0,0.0,0.0,0.0,0.0,0.0,0.0,0.0,0.0,0.0,0.1719627229527788,0.0,0.0,0.22002290087378185,0.0,0.0,0.0,0.0,0.0,0.0,0.0,0.0,0.0,0.1598649660143329,0.0,0.0,0.0,0.0,0.0,0.0,0.0,0.0,0.0,0.0,0.0,0.0,0.0,0.0,0.2013389362486239,0.0,0.0,0.0,0.0,0.0,0.0,0.0,0.0,0.0,0.0,0.0,0.2834286606411917,0.0,0.0,0.0,0.0
2,2026-04-13,정말 별 2 5개네요 나는 책과 이야기와의 연결이 끝나지 않았거나 아직 끝나지 않았다고 생각합니다 그 장들은 나에게 아무 것도 말해주지 않았고 이야기들도 마찬가지였습니다 나는 그것이 마음에 들지 않았다거나 나쁘다고 말하지 않고 오히려 나를 그냥 내버려 두었다고 말하고 싶습니다 한동안 기억이 나지 않을 것 같아요,0,0.0,0.0,0.0,0.0,0.0,0.0,0.0,0.0,0.0,0.0,0.0,0.0,0.0,0.32194889322326825,0.0,0.0,0.0,0.0,0.0,0.0,0.0,0.0,0.0,0.0,0.0,0.0,0.0,0.0,0.0,0.0,0.0,0.0,0.0,0.2802256836343213,0.0,0.0,0.0,0.0,0.0,0.0,0.0,0.0,0.0,0.0,0.0,0.0,0.0,0.0,0.0,0.0,0.0,0.0,0.0,0.0,0.324420166515398,0.27396878945607683,0.2544708613505296,0.0,0.0,0.0,0.0,0.0,0.0,0.0,0.0,0.0,0.0,0.0,0.0,0.0,0.0,0.0,0.0,0.0,0.0,0.0,0.0,0.0,0.0,0.0,0.0,0.0,0.0,0.0,0.0,0.0,0.0,0.0,0.0,0.0,0.0,0.0,0.0,0.0,0.0,0.0,0.3475067677690131,0.0,0.0,0.0,0.0,0.0,0.0,0.0,0.2183394563650041,0.0,0.0,0.0,0.0,0.0,0.0,0.0,0.0,0.0,0.0,0.0,0.0,0.0,0.0,0.0,0.0,0.0,0.0,0.0,0.0,0.0,0.0,0.0,0.0,0.0,0.0,0.0,0.0,0.0,0.0,0.0,0.0,0.0,0.0,0.0,0.0,0.0,0.0,0.0,0.0,0.0,0.29977785720525135,0.0,0.0,0.0,0.0,0.0,0.0,0.0,0.0,0.0,0.0,0.0,0.0,0.32194889322326825,0.0,0.0,0.0,0.0,0.0,0.0,0.0,0.0,0.26451597495034146,0.0,0.0,0.0,0.0,0.3256824111798223,0.0,0.0,0.0,0.0,0.0,0.0,0.0,0.0,0.0,0.0,0.0,0.0,0.0,0.0,0.0,0.0,0.0,0.0,0.0,0.0,0.0,0.0,0.0,0.0,0.0,0.0,0.0,0.0,0.0,0.0,0.0,0.0,0.0,0.0,0.0,0.0,0.0,0.0,0.0,0.0,0.0,0.0,0.0,0.0,0.0,0.0,0.0,0.0,0.0,0.0,0.0,0.0,0.0,0.0,0.0,0.0,0.0,0.0,0.0,0.0,0.0,0.0,0.0,0.0,0.0,0.0,0.0,0.0,0.0,0.0,0.0,0.0,0.0,0.0,0.0,0.1864699861760014,0.0,0.0,0.0,0.0,0.0,0.0,0.0,0.0,0.0,0.0,0.0,0.0,0.0,0.0,0.0,0.0,0.0,0.0,0.0,0.0,0.0,0.0,0.0,0.0,0.0,0.0,0.0,0.0,0.0,0.0,0.0,0.0,0.0,0.0,0.0,0.0,0.0,0.0,0.0,0.0,0.0,0.0,0.0,0.0,0.0,0.0,0.0,0.0,0.0,0.0
5,2024-06-03,책이 너무 귀엽고 사랑스러워서 등장인물들의 이야기가 깊이가 있어서 슬프지 않을 정도였어요 결말은 완전 아우구스토 큐리의 드림셀러 느낌이었는데 암튼 마음에 들었어요,1,0.0,0.0,0.0,0.0,0.0,0.0,0.0,0.0,0.0,0.0,0.0,0.0,0.0,0.0,0.0,0.0,0.0,0.0,0.0,0.0,0.0,0.0,0.0,0.0,0.0,0.0,0.0,0.0,0.0,0.0,0.0,0.0,0.0,0.0,0.0,0.0,0.0,0.0,0.0,0.0,0.0,0.0,0.0,0.0,0.0,0.0,0.0,0.0,0.0,0.0,0.0,0.0,0.0,0.0,0.0,0.0,0.0,0.0,0.0,0.0,0.0,0.39471794014626066,0.0,0.0,0.0,0.0,0.0,0.0,0.0,0.0,0.0,0.0,0.0,0.0,0.0,0.0,0.0,0.0,0.0,0.0,0.0,0.0,0.0,0.0,0.0,0.0,0.0,0.0,0.0,0.0,0.0,0.0,0.0,0.0,0.0,0.0,0.0,0.0,0.0,0.0,0.0,0.0,0.0,0.0,0.3781297999400009,0.0,0.0,0.0,0.0,0.0,0.0,0.0,0.0,0.0,0.0,0.0,0.0,0.0,0.0,0.0,0.0,0.0,0.0,0.0,0.0,0.0,0.0,0.0,0.0,0.0,0.0,0.0,0.0,0.0,0.0,0.0,0.0,0.0,0.0,0.0,0.0,0.0,0.0,0.0,0.0,0.0,0.0,0.0,0.0,0.0,0.0,0.0,0.0,0.0,0.0,0.0,0.0,0.0,0.0,0.0,0.0,0.0,0.0,0.0,0.0,0.0,0.0,0.0,0.0,0.0,0.0,0.0,0.0,0.5640310140624774,0.0,0.0,0.0,0.0,0.0,0.0,0.0,0.0,0.0,0.0,0.0,0.0,0.0,0.0,0.0,0.0,0.0,0.0,0.0,0.0,0.0,0.0,0.0,0.0,0.0,0.0,0.0,0.0,0.0,0.0,0.4091447733565286,0.0,0.0,0.0,0.0,0.0,0.0,0.0,0.0,0.0,0.0,0.0,0.0,0.0,0.0,0.0,0.0,0.0,0.0,0.0,0.0,0.0,0.0,0.0,0.0,0.0,0.0,0.0,0.0,0.0,0.0,0.0,0.0,0.0,0.0,0.0,0.0,0.0,0.0,0.0,0.0,0.0,0.0,0.0,0.0,0.0,0.0,0.0,0.0,0.0,0.0,0.0,0.0,0.0,0.0,0.0,0.0,0.0,0.0,0.0,0.0,0.0,0.0,0.0,0.0,0.0,0.4644191767516887,0.0,0.0,0.0,0.0,0.0,0.0,0.0,0.0,0.0,0.0,0.0,0.0,0.0,0.0,0.0,0.0,0.0,0.0,0.0,0.0,0.0,0.0,0.0,0.0,0.0,0.0,0.0,0.0,0.0
4,2024-12-03,나는 아시아인 독자가 아니며 공동 독서에 참여함으로써 나의 안락함을 벗어났고 매우 현실적이고 가까운 이야기를 발견했으며 매우 읽기 쉽고 재미있습니다 우리가 항상 앞으로 나아갈 수 있도록 격려하는 감동적인 이야기입니다 등장하는 거의 모든 캐릭터가 매우 실제적이고 가까운 사람들처럼 보이지만 거의 전체 이야기는 캐릭터 중 한 명을 중심으로 전개됩니다 사람들의 편견이 보이고 모르면 선입견을 가질 수 없다는 이야기 이야기의 마지막 반전을 기대하지 않았는데 많은 생각을 하게 만들었습니다 8 10,1,0.0,0.0,0.0,0.0,0.0,0.0,0.0,0.0,0.0,0.0,0.0,0.0,0.0,0.0,0.0,0.45941662247507686,0.0,0.0,0.0,0.0,0.0,0.0,0.0,0.0,0.0,0.0,0.0,0.0,0.0,0.0,0.0,0.0,0.0,0.0,0.0,0.0,0.0,0.0,0.0,0.0,0.0,0.0,0.0,0.0,0.0,0.0,0.0,0.0,0.0,0.0,0.0,0.0,0.0,0.0,0.113049807453003,0.0,0.0,0.0,0.0,0.0,0.0,0.0,0.0,0.0,0.0,0.0,0.0,0.0,0.0,0.0,0.0,0.0,0.0,0.0,0.0,0.0,0.0,0.0,0.0,0.0,0.0,0.0,0.0,0.0,0.0,0.0,0.0,0.0,0.0,0.0,0.0,0.0,0.0,0.0,0.0,0.0,0.0,0.0,0.0,0.0,0.0,0.0,0.0,0.0,0.0,0.0,0.0,0.18560729634841713,0.0,0.0,0.15078716639946643,0.0,0.0,0.39271624789369725,0.0,0.1353824680162396,0.0,0.0,0.0,0.0,0.0,0.0,0.0,0.0,0.0,0.0,0.0,0.0,0.0,0.0,0.0,0.0,0.16919938796137243,0.0,0.0,0.0,0.0,0.0,0.0,0.0,0.0,0.0,0.0,0.0,0.0,0.0,0.0,0.0,0.0,0.0,0.0,0.0,0.0,0.0,0.0,0.22970831123753843,0.0,0.0,0.0,0.0,0.0,0.0,0.0,0.0,0.0,0.0,0.0,0.0,0.0,0.0,0.0,0.0,0.0,0.0,0.0,0.0,0.0,0.0,0.0,0.0,0.0,0.0,0.0,0.0,0.0,0.0,0.0,0.0,0.0,0.0,0.0,0.0,0.0,0.19093830835988904,0.0,0.0,0.0,0.0,0.0,0.0,0.0,0.0,0.0,0.1784571551947098,0.0,0.17112831327913575,0.1474765380387276,0.0,0.2070293134012622,0.1831209629821101,0.0,0.0,0.0,0.0,0.0,0.0,0.0,0.0,0.18820931391498372,0.0,0.0,0.0,0.0,0.0,0.0,0.0,0.0,0.0,0.0,0.0,0.23257731399306142,0.0,0.0,0.0,0.0,0.0,0.0,0.0,0.0,0.0,0.0,0.0,0.0,0.0,0.0,0.0,0.0,0.0,0.0,0.0,0.0,0.0,0.0,0.0,0.0,0.0,0.0,0.0,0.0,0.0,0.0,0.2150334145147676,0.0,0.0,0.0,0.0,0.0,0.0,0.0,0.0,0.0,0.0,0.0,0.0,0.0,0.0,0.0,0.21292247377153845,0.21292247377153845,0.0,0.0,0.0,0.0,0.0,0.0,0.0,0.0,0.0,0.0,0.0,0.0,0.0,0.0,0.0,0.2070293134012622,0.0,0.0,0.0,0.0,0.0
4,2025-05-24,요즘 힐링소설 이라는 장르가 굉장히 인기가 많은데 당연히 그 이유가 궁금했어요 이 책은 실망시키지 않았습니다 우리는 실제로 모두 연결된 다양한 캐릭터의 여러 이야기를 따릅니다 편의점에서 낯선 신사와 이야기를 나눈 후 그들의 삶은 좋아진다 읽기 쉽고 마지막 페이지를 넘기는 듯한 기분을 선사하는 아름다운 이야기입니다,1,0.0,0.0,0.0,0.0,0.0,0.0,0.0,0.0,0.0,0.0,0.0,0.0,0.0,0.0,0.0,0.0,0.0,0.0,0.0,0.0,0.0,0.0,0.0,0.0,0.0,0.0,0.0,0.0,0.0,0.0,0.0,0.0,0.0,0.0,0.0,0.0,0.23647884177219897,0.0,0.0,0.0,0.0,0.0,0.0,0.0,0.0,0.0,0.0,0.0,0.0,0.0,0.0,0.0,0.0,0.0,0.0,0.0,0.0,0.0,0.0,0.2877206130527545,0.0,0.0,0.0,0.0,0.0,0.0,0.0,0.0,0.0,0.0,0.20313610195752368,0.0,0.0,0.0,0.0,0.0,0.0,0.0,0.0,0.0,0.0,0.0,0.0,0.0,0.0,0.0,0.0,0.0,0.0,0.0,0.0,0.0,0.0,0.0,0.0,0.0,0.0,0.0,0.0,0.0,0.0,0.0,0.0,0.0,0.0,0.0,0.0,0.21390453256807737,0.0,0.0,0.0,0.0,0.0,0.0,0.24077781740071738,0.0,0.0,0.0,0.0,0.0,0.0,0.0,0.0,0.0,0.0,0.0,0.0,0.0,0.0,0.0,0.0,0.0,0.0,0.0,0.0,0.0,0.0,0.0,0.0,0.0,0.0,0.0,0.0,0.0,0.0,0.0,0.0,0.0,0.0,0.0,0.0,0.0,0.0,0.0,0.0,0.2647290807470842,0.0,0.24781688502134822,0.0,0.0,0.0,0.0,0.0,0.0,0.21690324739373568,0.0,0.0,0.0,0.0,0.0,0.0,0.2503450813772716,0.0,0.0,0.0,0.0,0.0,0.0,0.0,0.0,0.0,0.0,0.0,0.0,0.0,0.0,0.0,0.2647290807470842,0.0,0.0,0.0,0.0,0.0,0.0,0.20965283288164815,0.0,0.0,0.0,0.0,0.0,0.0,0.0,0.0,0.0,0.0,0.0,0.33992090348339726,0.0,0.0,0.21103913887401718,0.0,0.0,0.0,0.0,0.0,0.0,0.0,0.0,0.21690324739373568,0.0,0.0,0.0,0.0,0.0,0.0,0.0,0.0,0.0,0.0,0.0,0.0,0.0,0.0,0.0,0.0,0.0,0.0,0.0,0.0,0.0,0.0,0.0,0.0,0.0,0.0,0.0,0.0,0.0,0.0,0.0,0.0,0.0,0.0,0.0,0.0,0.0,0.0,0.0,0.0,0.0,0.0,0.0,0.0,0.0,0.0,0.0,0.0,0.15662218842087033,0.0,0.0,0.0,0.0,0.0,0.0,0.0,0.0,0.0,0.0,0.0,0.0,0.2529764975217024,0.0,0.0,0.0,0.2557199219378417,0.0,0.0,0.0,0.0,0.0,0.0,0.0,0.0,0.0,0.0,0.0,0.0,0.0,0.0,0.0
5,2025-06-22,사람마다 사연이 다 다르고 삶을 고칠 수 없는 무게를 갖고 있음에도 불구하고 어느 순간 한 장소 사람 조언 하나에 마음의 안정이 찾아온다는 점을 반성하게 해주는 점이 참 마음에 듭니다 모든 일이 뜻대로 되지는 않는다는 걸 독고 선생님은 우리에게 가장 큰 증거를 주시지만 우리가 마주하는 태도가 가장 큰 기쁨입니다 그에게도 평화롭게 사는 것이 어려웠다는 점을 생각하면 마음의 평화는 양심을 어떻게 유지하는가에서 비롯됩니다 가장 큰 교훈은 우리가 있는 그대로 함께 사는 법을 배우는 위대한 이야기입니다 동료가 필요한 사교적인 존재 고독을 기뻐하더라도 건강한 공존은 우리 삶에 큰 변화를 가져올 것입니다 그것이 우리에게 제공하는 기본 구성 요소는 공감 주변 사람들의 말에 귀 기울이기 아무리 작더라도 다른 사람들에게 변화를 주기 위해 살아가는 것입니다,1,0.0,0.0,0.0,0.0,0.0,0.0,0.0,0.3835304564028021,0.0,0.0,0.0,0.0,0.0,0.0,0.0,0.0,0.0,0.0,0.0,0.0,0.1169368545540497,0.22229188480782197,0.0,0.0,0.0,0.0,0.0,0.0,0.0,0.0,0.0,0.0,0.0,0.14590045621932662,0.0,0.0,0.0,0.0,0.0,0.0,0.0,0.0,0.0,0.0,0.0,0.0,0.0,0.0,0.0,0.0,0.0,0.0,0.0,0.0,0.0,0.0,0.0,0.0,0.0,0.0,0.0,0.0,0.0,0.0,0.0,0.0,0.0,0.09924804164194458,0.0,0.0,0.0,0.0,0.0,0.0,0.0,0.0,0.0,0.0,0.0,0.0,0.0,0.0,0.1737497079928895,0.0,0.0,0.0,0.0,0.0,0.0,0.0,0.0,0.0,0.0,0.0,0.0,0.0,0.0,0.0,0.0,0.0,0.0,0.0,0.0,0.0,0.11367918129839916,0.0,0.0,0.0,0.0,0.0,0.0,0.0,0.0,0.0,0.0,0.10113911748881962,0.0,0.0,0.0,0.0,0.0,0.0,0.0,0.0,0.0,0.0,0.35679468567928774,0.1482224782639759,0.0,0.1590663208193735,0.0,0.0,0.12640245837451342,0.0,0.0,0.0,0.0,0.0,0.0,0.0,0.13962081750971658,0.13249112031435512,0.0,0.0,0.0,0.0,0.0,0.0,0.0,0.0,0.0,0.0,0.0,0.0,0.0,0.0,0.0,0.0,0.0,0.0,0.0,0.0,0.0,0.0,0.0,0.0,0.0,0.0,0.0,0.0,0.0,0.0,0.0,0.0,0.0,0.0,0.0,0.0,0.0,0.162282187523774,0.0,0.12711676028960223,0.0,0.0,0.16064332474735465,0.0,0.0,0.0,0.0,0.0,0.0,0.0,0.15068116647947613,0.2852855659273522,0.0,0.0,0.0,0.12235552597689865,0.0,0.0,0.0,0.0,0.0,0.0,0.0,0.0,0.0,0.0,0.0,0.1368027401265266,0.0,0.0,0.0,0.0,0.0,0.1546637637689412,0.0,0.0,0.0,0.0,0.0,0.0,0.0,0.0,0.0,0.0912004145370152,0.0,0.0,0.0,0.0,0.0,0.0,0.0,0.0,0.0,0.0,0.0,0.0,0.0,0.0,0.0,0.0,0.0,0.0,0.0,0.0,0.0,0.36186116346826414,0.18362736543421812,0.0,0.0,0.0,0.0,0.0,0.0,0.0,0.0,0.0,0.14478610632761255,0.0,0.0,0.0,0.0,0.0,0.0,0.0,0.0,0.0,0.0,0.0,0.0,0.0,0.0,0.0,0.0,0.0,0.0,0.0,0.0,0.0,0.0,0.0,0.0,0.0,0.0,0.0,0.0,0.17839734283964387,0.0,0.0,0.0,0.0,0.1482224782639759,0.0,0.0,0.0,0.0,0.0,0.0,0.0
3,2026-02-20,아주 좋고 주인 아들과의 갈등이 조금 많지만 전반적으로 나쁘지 않습니다 모든 것이 너무 그림 같고 좋을 때 이 장르는 잘 작동하지 않지만 여기서는 완전히 솔직한 문제입니다 비록 약간 훌륭하게 보여졌지만 꽤 활기차고 캐릭터가 이해하기 쉽고 기억에 남습니다 속편에서 그것들을 모두 기억할 수 있을지는 잘 모르겠지만,0,0.0,0.0,0.0,0.0,0.0,0.0,0.0,0.0,0.0,0.0,0.0,0.0,0.0,0.0,0.0,0.0,0.0,0.0,0.0,0.0,0.2274466636388206,0.0,0.0,0.0,0.0,0.0,0.0,0.0,0.0,0.0,0.0,0.0,0.0,0.0,0.0,0.0,0.0,0.0,0.0,0.0,0.0,0.0,0.0,0.0,0.0,0.0,0.0,0.0,0.0,0.0,0.0,0.0,0.0,0.0,0.0,0.0,0.0,0.0,0.0,0.0,0.0,0.23081023383666885,0.0,0.0,0.0,0.0,0.0,0.0,0.0,0.0,0.0,0.0,0.0,0.0,0.0,0.0,0.0,0.0,0.0,0.0,0.0,0.0,0.0,0.0,0.0,0.0,0.0,0.0,0.0,0.0,0.0,0.0,0.0,0.0,0.0,0.0,0.0,0.0,0.0,0.0,0.0,0.0,0.0,0.0,0.0,0.0,0.0,0.0,0.0,0.0,0.0,0.0,0.0,0.0,0.30358228568366563,0.19671945960863937,0.0,0.0,0.0,0.0,0.0,0.0,0.0,0.0,0.0,0.0,0.0,0.0,0.0,0.0,0.0,0.0,0.0,0.0,0.0,0.0,0.0,0.0,0.0,0.0,0.0,0.0,0.0,0.0,0.0,0.0,0.0,0.0,0.0,0.0,0.0,0.0,0.0,0.0,0.0,0.3337809948097654,0.0,0.0,0.0,0.0,0.0,0.0,0.0,0.0,0.0,0.0,0.0,0.29308064356324565,0.0,0.0,0.27156784093616526,0.0,0.0,0.0,0.0,0.0,0.0,0.0,0.3124574231877014,0.0,0.0,0.0,0.0,0.0,0.0,0.0,0.0,0.0,0.0,0.0,0.0,0.3298155898327166,0.0,0.0,0.0,0.0,0.0,0.0,0.0,0.0,0.0,0.0,0.0,0.0,0.0,0.0,0.0,0.0,0.0,0.0,0.0,0.0,0.0,0.0,0.0,0.0,0.0,0.0,0.0,0.0,0.0,0.0,0.0,0.0,0.0,0.0,0.0,0.0,0.0,0.0,0.0,0.0,0.0,0.0,0.0,0.0,0.0,0.0,0.0,0.0,0.0,0.0,0.0,0.0,0.0,0.0,0.0,0.0,0.0,0.0,0.0,0.27156784093616526,0.0,0.0,0.0,0.0,0.0,0.0,0.0,0.34234413699807825,0.0,0.0,0.0,0.0,0.0,0.0,0.0,0.0,0.0,0.0,0.0,0.0,0.0,0.0,0.0,0.0,0.0,0.0,0.30939009011009727,0.0,0.0,0.0,0.0,0.0,0.0,0.0,0.0,0.0,0.0,0.0,0.0,0.0,0.0,0.0,0.0,0.0,0.0,0.0,0.0,0.0
5,2024-07-19,자신에게 멋진 선물을 주고 싶다면 이 명작을 읽어보세요 일흔 살의 전직 교사 염씨 여사가 주인인 작은 편의점에서 나비효과 로 움직이는 수많은 이야기를 이야기하는 호감과 친절의 이야기 선을 행하면 필연적으로 선이 생기고 그렇게 하면 결코 잘못될 수 없다는 사실을 가르쳐 주는 책입니다,1,0.0,0.0,0.0,0.0,0.0,0.0,0.0,0.0,0.0,0.0,0.0,0.0,0.0,0.0,0.0,0.0,0.0,0.0,0.0,0.0,0.0,0.0,0.0,0.0,0.0,0.0,0.0,0.0,0.0,0.0,0.0,0.0,0.0,0.0,0.0,0.0,0.0,0.0,0.0,0.0,0.0,0.0,0.0,0.0,0.0,0.0,0.0,0.0,0.0,0.0,0.0,0.0,0.0,0.0,0.0,0.0,0.0,0.0,0.0,0.0,0.0,0.0,0.0,0.0,0.0,0.0,0.0,0.0,0.0,0.0,0.0,0.0,0.0,0.0,0.0,0.0,0.0,0.0,0.0,0.0,0.0,0.0,0.0,0.0,0.0,0.0,0.0,0.0,0.0,0.0,0.0,0.0,0.0,0.0,0.0,0.0,0.0,0.0,0.0,0.0,0.0,0.0,0.0,0.0,0.0,0.0,0.0,0.0,0.0,0.0,0.0,0.0,0.0,0.0,0.0,0.0,0.0,0.0,0.0,0.0,0.0,0.0,0.0,0.0,0.0,0.0,0.0,0.0,0.0,0.0,0.0,0.0,0.0,0.0,0.0,0.0,0.0,0.0,0.0,0.39015322695067234,0.0,0.0,0.0,0.0,0.0,0.0,0.0,0.0,0.0,0.0,0.0,0.0,0.0,0.0,0.0,0.0,0.0,0.0,0.0,0.0,0.0,0.0,0.0,0.0,0.0,0.0,0.0,0.0,0.0,0.0,0.0,0.0,0.0,0.0,0.0,0.0,0.0,0.0,0.0,0.0,0.0,0.0,0.0,0.0,0.0,0.0,0.0,0.0,0.3383322928964194,0.0,0.0,0.0,0.0,0.0,0.0,0.0,0.0,0.0,0.0,0.0,0.0,0.0,0.0,0.3067488084619732,0.0,0.0,0.2534964331921481,0.0,0.0,0.0,0.0,0.0,0.0,0.0,0.0,0.0,0.0,0.0,0.0,0.0,0.0,0.0,0.0,0.0,0.0,0.0,0.0,0.0,0.0,0.0,0.0,0.0,0.0,0.0,0.0,0.0,0.0,0.0,0.0,0.0,0.2546079294902589,0.0,0.0,0.0,0.0,0.0,0.0,0.0,0.0,0.0,0.0,0.0,0.0,0.0,0.0,0.0,0.3948440772186859,0.333134088633247,0.0,0.0,0.0,0.0,0.0,0.0,0.0,0.0,0.0,0.0,0.0,0.0,0.0,0.0,0.3126977176131395,0.0,0.0,0.0,0.0,0.0,0.0,0.0,0.0,0.0,0.0,0.0,0.38140689462237565,0.0,0.0,0.0,0.0,0.0,0.0,0.0,0.0,0.0,0.0,0.0,0.0,0.0,0.0,0.0
5,2024-07-19,정말 잘 읽었습니다 하지만 마지막 두 장이 존재하지 않고 비밀이 비밀로 남아 있었으면 좋았을 텐데,1,0.0,0.0,0.0,0.0,0.0,0.0,0.0,0.0,0.0,0.0,0.0,0.0,0.0,0.0,0.0,0.0,0.0,0.0,0.0,0.0,0.0,0.0,0.0,0.0,0.0,0.0,0.0,0.0,0.0,0.0,0.0,0.0,0.0,0.0,0.0,0.0,0.0,0.0,0.0,0.0,0.0,0.0,0.0,0.0,0.0,0.0,0.0,0.0,0.0,0.0,0.0,0.0,0.0,0.0,0.0,0.0,0.0,0.0,0.0,0.0,0.0,0.0,0.0,0.0,0.0,0.0,0.0,0.0,0.0,0.0,0.0,0.0,0.0,0.0,0.0,0.0,0.0,0.0,0.0,0.0,0.0,0.0,0.0,0.0,0.0,0.0,0.0,0.0,0.0,0.0,0.0,0.0,0.0,0.0,0.0,0.0,0.0,0.0,0.0,0.0,0.0,0.0,0.0,0.0,0.0,0.0,0.0,0.46753455524154097,0.0,0.0,0.0,0.0,0.0,0.0,0.0,0.0,0.0,0.0,0.0,0.0,0.0,0.0,0.0,0.0,0.0,0.0,0.0,0.0,0.0,0.0,0.0,0.0,0.0,0.0,0.0,0.0,0.0,0.0,0.0,0.0,0.0,0.0,0.0,0.0,0.0,0.0,0.0,0.0,0.0,0.0,0.0,0.0,0.0,0.0,0.0,0.0,0.0,0.0,0.0,0.0,0.0,0.0,0.0,0.0,0.0,0.0,0.0,0.0,0.46436828988942114,0.0,0.0,0.0,0.0,0.0,0.0,0.0,0.0,0.0,0.0,0.0,0.0,0.0,0.0,0.0,0.0,0.0,0.0,0.0,0.0,0.0,0.0,0.0,0.0,0.0,0.0,0.0,0.0,0.0,0.0,0.0,0.0,0.0,0.0,0.0,0.0,0.0,0.0,0.0,0.0,0.0,0.0,0.0,0.0,0.0,0.0,0.0,0.0,0.0,0.0,0.0,0.5262719233621015,0.0,0.0,0.0,0.0,0.0,0.0,0.0,0.0,0.0,0.0,0.0,0.0,0.0,0.0,0.0,0.0,0.0,0.0,0.0,0.0,0.0,0.0,0.0,0.0,0.0,0.0,0.0,0.0,0.32735545976952724,0.0,0.0,0.0,0.0,0.0,0.0,0.0,0.0,0.0,0.0,0.0,0.0,0.0,0.0,0.0,0.0,0.0,0.0,0.0,0.0,0.0,0.0,0.0,0.0,0.0,0.0,0.0,0.0,0.0,0.0,0.0,0.0,0.0,0.0,0.0,0.0,0.0,0.0,0.0,0.0,0.4262039378514757,0.0,0.0,0.0,0.0,0.0,0.0,0.0,0.0,0.0
5,2025-02-20,다리는 뛰어넘기 위한 것이 아닙니다 하지만 짚고 넘어가야 할 부분이 있는데 마음을 치유하는 글이라 읽는 것이 매우 즐겁습니다 이 장에서는 Tokko 씨의 정체가 드러납니다 무겁지만 이 삶에는 아직 희망이 있습니다,1,0.0,0.0,0.0,0.0,0.0,0.0,0.0,0.0,0.0,0.0,0.0,0.0,0.0,0.0,0.0,0.0,0.0,0.0,0.0,0.0,0.5404630474125012,0.0,0.0,0.0,0.0,0.0,0.0,0.0,0.0,0.0,0.0,0.0,0.0,0.0,0.0,0.0,0.0,0.0,0.0,0.0,0.0,0.0,0.0,0.0,0.0,0.0,0.0,0.0,0.0,0.0,0.0,0.0,0.0,0.0,0.0,0.0,0.0,0.0,0.0,0.0,0.0,0.0,0.0,0.0,0.0,0.0,0.0,0.0,0.0,0.0,0.0,0.0,0.0,0.0,0.0,0.0,0.0,0.0,0.0,0.0,0.0,0.0,0.0,0.0,0.0,0.0,0.0,0.0,0.0,0.0,0.0,0.0,0.0,0.0,0.0,0.0,0.0,0.0,0.0,0.0,0.0,0.0,0.0,0.0,0.0,0.32043236834982936,0.0,0.0,0.0,0.0,0.0,0.0,0.0,0.22599506211547207,0.0,0.0,0.0,0.0,0.0,0.0,0.0,0.0,0.0,0.0,0.0,0.0,0.0,0.0,0.0,0.0,0.0,0.0,0.0,0.0,0.0,0.0,0.0,0.0,0.0,0.0,0.0,0.0,0.0,0.0,0.0,0.0,0.0,0.0,0.0,0.0,0.0,0.0,0.0,0.0,0.0,0.0,0.0,0.0,0.0,0.0,0.0,0.0,0.0,0.38736488710003225,0.0,0.0,0.0,0.0,0.0,0.0,0.0,0.0,0.0,0.0,0.0,0.0,0.0,0.0,0.0,0.0,0.0,0.0,0.0,0.0,0.0,0.0,0.0,0.0,0.0,0.0,0.0,0.0,0.0,0.0,0.0,0.0,0.4122616942669748,0.0,0.0,0.0,0.0,0.0,0.0,0.0,0.0,0.0,0.0,0.0,0.0,0.0,0.0,0.0,0.0,0.0,0.0,0.0,0.0,0.0,0.0,0.3120302702310219,0.0,0.0,0.0,0.0,0.0,0.0,0.0,0.0,0.0,0.0,0.0,0.2268239359848094,0.0,0.0,0.0,0.0,0.0,0.0,0.0,0.0,0.0,0.0,0.0,0.0,0.0,0.0,0.0,0.0,0.0,0.0,0.0,0.0,0.0,0.0,0.0,0.0,0.0,0.0,0.0,0.0,0.0,0.0,0.0,0.0,0.0,0.0,0.0,0.0,0.0,0.0,0.0,0.0,0.0,0.0,0.0,0.0,0.0,0.0,0.0,0.0,0.0,0.0,0.0,0.0,0.0,0.0,0.0,0.0,0.0,0.0,0.2921057613275586,0.0,0.0,0.0,0.0,0.0,0.0,0.0,0.0,0.0
5,2025-05-12,당신을 사랑에 빠지게 만드는 작은 미스터리가 담긴 감동적인 소설,1,0.0,0.0,0.0,0.0,0.0,0.0,0.0,0.0,0.0,0.0,0.0,0.0,0.0,0.0,0.0,0.0,0.0,0.0,0.0,0.0,0.0,0.0,0.0,0.0,0.0,0.0,0.0,0.0,0.0,0.0,0.0,0.0,0.0,0.0,0.0,0.0,0.0,0.0,0.0,0.0,0.0,0.0,0.0,0.0,0.0,0.0,0.0,0.0,0.0,0.0,0.0,0.0,0.0,0.0,0.0,0.0,0.0,0.0,0.0,0.0,0.0,0.0,0.0,0.0,0.0,0.0,0.0,0.0,0.0,0.0,0.0,0.0,0.0,0.5129973751937444,0.4926372495281551,0.0,0.0,0.0,0.0,0.0,0.0,0.0,0.0,0.0,0.0,0.0,0.0,0.0,0.0,0.0,0.0,0.0,0.0,0.0,0.0,0.0,0.0,0.0,0.0,0.0,0.0,0.0,0.0,0.0,0.0,0.0,0.0,0.0,0.4649595037251136,0.0,0.0,0.0,0.0,0.0,0.0,0.0,0.0,0.0,0.0,0.0,0.0,0.0,0.0,0.0,0.0,0.0,0.0,0.0,0.0,0.0,0.0,0.0,0.0,0.0,0.0,0.0,0.0,0.0,0.0,0.0,0.0,0.0,0.0,0.0,0.0,0.0,0.0,0.0,0.4236935307071424,0.0,0.0,0.0,0.0,0.0,0.0,0.0,0.0,0.0,0.0,0.0,0.0,0.0,0.0,0.0,0.0,0.0,0.0,0.0,0.0,0.0,0.0,0.0,0.0,0.0,0.0,0.0,0.0,0.0,0.0,0.0,0.0,0.0,0.0,0.0,0.0,0.0,0.0,0.0,0.0,0.0,0.0,0.0,0.0,0.0,0.0,0.0,0.0,0.0,0.0,0.0,0.0,0.0,0.0,0.0,0.0,0.0,0.0,0.0,0.0,0.0,0.0,0.0,0.0,0.0,0.0,0.0,0.0,0.0,0.0,0.0,0.0,0.0,0.0,0.0,0.0,0.0,0.0,0.0,0.0,0.0,0.0,0.0,0.0,0.0,0.0,0.0,0.0,0.0,0.0,0.0,0.3137493989703801,0.0,0.0,0.0,0.0,0.0,0.0,0.0,0.0,0.0,0.0,0.0,0.0,0.0,0.0,0.0,0.0,0.0,0.0,0.0,0.0,0.0,0.0,0.0,0.0,0.0,0.0,0.0,0.0,0.0,0.0,0.0,0.0,0.0,0.0,0.0,0.0,0.0,0.0,0.0,0.0,0.0,0.0,0.0,0.0,0.0,0.0,0.0,0.0,0.0,0.0,0.0,0.0,0.0,0.0,0.0,0.0,0.0,0.0,0.0
5,2025-07-17,정말 좋은 책이에요 나는 그것을 내려놓을 수 없었다 제가 만난 최초의 한국 작가인 것 같아요 올해의 3대 도서에 들어갈 예정입니다,1,0.0,0.0,0.0,0.0,0.0,0.0,0.0,0.0,0.0,0.0,0.0,0.0,0.0,0.49737001550199694,0.0,0.0,0.0,0.0,0.0,0.0,0.0,0.0,0.0,0.0,0.0,0.0,0.0,0.0,0.0,0.0,0.0,0.0,0.40064163146986165,0.0,0.0,0.0,0.0,0.0,0.0,0.0,0.0,0.0,0.0,0.0,0.0,0.0,0.0,0.0,0.0,0.0,0.0,0.0,0.0,0.0,0.250593908917439,0.0,0.0,0.0,0.0,0.0,0.0,0.0,0.0,0.0,0.0,0.0,0.0,0.0,0.0,0.0,0.0,0.0,0.0,0.0,0.0,0.0,0.0,0.0,0.0,0.0,0.0,0.0,0.0,0.0,0.0,0.0,0.0,0.0,0.0,0.0,0.0,0.0,0.0,0.0,0.0,0.0,0.0,0.0,0.0,0.0,0.0,0.0,0.0,0.0,0.0,0.0,0.0,0.0,0.0,0.0,0.0,0.0,0.0,0.0,0.0,0.0,0.0,0.0,0.0,0.0,0.0,0.0,0.0,0.0,0.0,0.0,0.0,0.0,0.0,0.0,0.0,0.0,0.0,0.0,0.0,0.0,0.0,0.0,0.0,0.0,0.0,0.0,0.0,0.0,0.0,0.0,0.0,0.0,0.0,0.0,0.0,0.0,0.0,0.0,0.0,0.0,0.0,0.0,0.0,0.0,0.0,0.0,0.0,0.0,0.0,0.0,0.0,0.0,0.0,0.0,0.0,0.0,0.0,0.0,0.0,0.0,0.0,0.0,0.0,0.0,0.0,0.0,0.0,0.0,0.0,0.0,0.0,0.0,0.0,0.0,0.0,0.0,0.0,0.0,0.0,0.0,0.0,0.0,0.0,0.0,0.0,0.0,0.0,0.0,0.0,0.0,0.0,0.0,0.0,0.0,0.0,0.0,0.0,0.0,0.0,0.0,0.0,0.0,0.0,0.0,0.0,0.0,0.0,0.0,0.0,0.0,0.0,0.0,0.0,0.0,0.0,0.0,0.0,0.0,0.0,0.0,0.0,0.0,0.0,0.0,0.0,0.0,0.0,0.0,0.0,0.0,0.0,0.0,0.0,0.2880723675937521,0.4296064961400269,0.0,0.0,0.0,0.0,0.33576642513599664,0.0,0.0,0.0,0.0,0.0,0.0,0.0,0.0,0.0,0.0,0.0,0.0,0.0,0.0,0.0,0.0,0.0,0.0,0.0,0.0,0.0,0.0,0.0,0.0,0.0,0.0,0.0,0.0,0.0,0.0,0.0,0.0,0.0,0.0,0.0,0.3860382375889743,0.0,0.0,0.0,0.0,0.0,0.0,0.0,0.0
5,2025-07-29,제가 가장 좋아하는 아늑한 조명 책을 찾은 것 같아요,1,0.0,0.0,0.0,0.0,0.0,0.0,0.0,0.35592598864477265,0.0,0.0,0.0,0.0,0.0,0.46667737515892754,0.0,0.0,0.0,0.0,0.0,0.0,0.0,0.0,0.0,0.0,0.0,0.0,0.0,0.0,0.0,0.0,0.0,0.0,0.0,0.0,0.0,0.0,0.0,0.0,0.0,0.0,0.0,0.0,0.0,0.0,0.0,0.0,0.0,0.0,0.0,0.0,0.0,0.0,0.0,0.0,0.0,0.0,0.0,0.0,0.0,0.0,0.0,0.0,0.0,0.0,0.0,0.0,0.0,0.0,0.0,0.0,0.0,0.0,0.0,0.0,0.0,0.0,0.0,0.0,0.0,0.0,0.0,0.0,0.0,0.0,0.0,0.0,0.0,0.0,0.0,0.0,0.0,0.0,0.0,0.0,0.0,0.0,0.0,0.0,0.0,0.0,0.0,0.0,0.0,0.0,0.0,0.0,0.0,0.0,0.0,0.0,0.0,0.0,0.0,0.0,0.0,0.0,0.0,0.0,0.0,0.0,0.0,0.0,0.0,0.0,0.0,0.0,0.0,0.0,0.0,0.0,0.0,0.0,0.0,0.0,0.0,0.0,0.0,0.0,0.0,0.0,0.0,0.0,0.0,0.0,0.0,0.0,0.0,0.0,0.0,0.0,0.0,0.0,0.0,0.0,0.0,0.0,0.0,0.0,0.0,0.0,0.0,0.4777652289705015,0.0,0.0,0.0,0.0,0.0,0.0,0.0,0.0,0.0,0.0,0.0,0.0,0.0,0.0,0.0,0.0,0.0,0.0,0.0,0.0,0.0,0.0,0.0,0.0,0.0,0.0,0.0,0.0,0.0,0.0,0.0,0.0,0.0,0.0,0.0,0.0,0.0,0.0,0.0,0.0,0.0,0.0,0.0,0.0,0.0,0.0,0.0,0.0,0.0,0.0,0.0,0.0,0.0,0.0,0.0,0.0,0.0,0.0,0.0,0.0,0.0,0.0,0.0,0.0,0.0,0.0,0.0,0.0,0.0,0.0,0.0,0.0,0.0,0.0,0.0,0.0,0.0,0.0,0.0,0.0,0.0,0.0,0.0,0.0,0.0,0.0,0.0,0.0,0.4030955339507126,0.0,0.42308763269815164,0.0,0.0,0.0,0.0,0.0,0.0,0.0,0.0,0.0,0.0,0.0,0.0,0.0,0.0,0.0,0.29288248441250725,0.0,0.0,0.0,0.0,0.0,0.0,0.0,0.0,0.0,0.0,0.0,0.0,0.0,0.0,0.0,0.0,0.0,0.0,0.0,0.0,0.0,0.0,0.0,0.0,0.0,0.0,0.0,0.0,0.0,0.0,0.0
5,2025-07-31,매우 아름다운 가치를 지닌 아름다운 소설 힘들고 슬픈 상황에도 불구하고 매우 부드러운 장면으로 읽는 것이 매우 즐겁습니다 100 추천,1,0.0,0.0,0.0,0.0,0.0,0.0,0.0,0.0,0.0,0.0,0.0,0.0,0.0,0.0,0.0,0.0,0.0,0.0,0.0,0.0,0.23802389671978272,0.0,0.0,0.0,0.0,0.0,0.0,0.0,0.0,0.0,0.0,0.0,0.0,0.0,0.0,0.0,0.0,0.0,0.0,0.0,0.0,0.0,0.0,0.0,0.0,0.0,0.0,0.0,0.0,0.0,0.0,0.0,0.0,0.0,0.0,0.0,0.0,0.0,0.0,0.0,0.0,0.0,0.0,0.0,0.0,0.0,0.0,0.0,0.0,0.0,0.0,0.0,0.0,0.0,0.0,0.0,0.0,0.0,0.0,0.0,0.0,0.0,0.0,0.0,0.0,0.0,0.0,0.0,0.0,0.0,0.0,0.0,0.0,0.0,0.0,0.0,0.0,0.0,0.0,0.0,0.0,0.0,0.0,0.0,0.0,0.0,0.0,0.0,0.0,0.0,0.0,0.0,0.0,0.5971793140902506,0.0,0.0,0.0,0.0,0.0,0.0,0.0,0.0,0.0,0.0,0.0,0.0,0.0,0.3017054973164833,0.0,0.0,0.0,0.0,0.0,0.0,0.0,0.0,0.0,0.0,0.0,0.0,0.0,0.0,0.0,0.0,0.0,0.0,0.0,0.0,0.3041710118797313,0.0,0.0,0.0,0.0,0.0,0.0,0.0,0.0,0.0,0.0,0.0,0.0,0.0,0.0,0.0,0.5723965310422822,0.0,0.0,0.0,0.0,0.0,0.0,0.0,0.0,0.0,0.0,0.0,0.0,0.0,0.0,0.0,0.0,0.0,0.0,0.0,0.0,0.0,0.0,0.0,0.0,0.0,0.0,0.0,0.0,0.0,0.0,0.0,0.0,0.0,0.0,0.0,0.0,0.0,0.0,0.0,0.0,0.0,0.0,0.0,0.0,0.0,0.0,0.0,0.0,0.0,0.0,0.0,0.0,0.0,0.0,0.2748408468275115,0.0,0.0,0.0,0.0,0.0,0.0,0.0,0.0,0.0,0.0,0.0,0.0,0.0,0.0,0.0,0.0,0.0,0.0,0.0,0.0,0.0,0.0,0.0,0.0,0.0,0.0,0.0,0.0,0.0,0.0,0.0,0.0,0.0,0.0,0.0,0.0,0.0,0.0,0.0,0.0,0.0,0.0,0.0,0.0,0.0,0.0,0.0,0.0,0.0,0.0,0.0,0.0,0.0,0.0,0.0,0.0,0.0,0.0,0.0,0.0,0.0,0.0,0.0,0.0,0.0,0.0,0.0,0.0,0.0,0.0,0.0,0.0,0.0,0.0,0.0,0.0,0.0,0.0,0.0,0.0
3,2025-08-12,초반의 서술방식이 조금 지루했습니다 소설이 가볍기 때문에 중요하거나 강렬한 사건 없이 이대로 남을 것 같은 느낌이 들었는데 마지막 텍스트나 마지막 세 번째 부분에서 그 이야기를 듣고 완결에 대한 동기가 부여되었습니다,0,0.0,0.0,0.0,0.0,0.0,0.0,0.0,0.0,0.0,0.0,0.0,0.0,0.0,0.0,0.29285336813110513,0.0,0.0,0.0,0.0,0.0,0.0,0.0,0.0,0.0,0.0,0.0,0.0,0.0,0.0,0.0,0.0,0.0,0.0,0.0,0.0,0.0,0.0,0.0,0.0,0.0,0.0,0.0,0.0,0.0,0.0,0.0,0.0,0.0,0.0,0.0,0.0,0.0,0.0,0.0,0.0,0.0,0.0,0.0,0.0,0.0,0.0,0.0,0.0,0.0,0.0,0.0,0.29742303445660523,0.0,0.0,0.0,0.0,0.0,0.0,0.0,0.0,0.0,0.0,0.19496397311853117,0.0,0.0,0.0,0.0,0.0,0.0,0.0,0.0,0.0,0.0,0.0,0.0,0.0,0.0,0.0,0.0,0.0,0.0,0.0,0.0,0.0,0.0,0.0,0.24879427018697908,0.0,0.0,0.0,0.0,0.0,0.5609254013433308,0.0,0.0,0.0,0.0,0.0,0.0,0.0,0.0,0.0,0.0,0.0,0.0,0.0,0.0,0.0,0.0,0.0,0.2218791216527551,0.0,0.0,0.0,0.0,0.0,0.0,0.0,0.0,0.0,0.0,0.0,0.0,0.0,0.0,0.0,0.0,0.0,0.0,0.0,0.0,0.0,0.0,0.0,0.0,0.0,0.0,0.3429780694869449,0.0,0.0,0.0,0.0,0.0,0.0,0.0,0.0,0.0,0.0,0.0,0.0,0.0,0.0,0.0,0.0,0.0,0.0,0.0,0.0,0.0,0.0,0.0,0.0,0.0,0.0,0.0,0.0,0.0,0.0,0.0,0.0,0.0,0.3390462796905757,0.0,0.0,0.0,0.0,0.0,0.0,0.0,0.0,0.0,0.0,0.0,0.0,0.0,0.0,0.0,0.0,0.0,0.0,0.0,0.22284505489701278,0.0,0.0,0.0,0.0,0.0,0.0,0.0,0.0,0.0,0.0,0.0,0.0,0.0,0.0,0.0,0.0,0.0,0.0,0.0,0.0,0.0,0.0,0.0,0.0,0.0,0.0,0.0,0.0,0.0,0.0,0.0,0.0,0.0,0.0,0.0,0.0,0.0,0.0,0.0,0.0,0.0,0.0,0.0,0.0,0.2824057342658226,0.0,0.0,0.0,0.0,0.0,0.0,0.0,0.0,0.0,0.0,0.0,0.0,0.0,0.0,0.0,0.0,0.0,0.0,0.0,0.0,0.0,0.0,0.0,0.0,0.0,0.0,0.0,0.0,0.0,0.0,0.0,0.0,0.0,0.0,0.0,0.0,0.0,0.0,0.0,0.0,0.0,0.0,0.0,0.0,0.0,0.0,0.0,0.0
4,2025-10-18,별 4 5개 마지막 장은 내 영혼을 아프게 했습니다,1,0.0,0.0,0.0,0.0,0.0,0.0,0.0,0.0,0.0,0.0,0.0,0.0,0.0,0.0,0.0,0.0,0.0,0.0,0.0,0.0,0.0,0.0,0.0,0.0,0.0,0.0,0.0,0.0,0.0,0.0,0.0,0.0,0.0,0.0,0.0,0.0,0.0,0.0,0.0,0.0,0.0,0.0,0.0,0.0,0.0,0.0,0.0,0.0,0.0,0.0,0.0,0.0,0.0,0.0,0.0,0.0,0.0,0.0,0.0,0.0,0.0,0.0,0.0,0.0,0.0,0.0,0.0,0.0,0.0,0.0,0.0,0.0,0.0,0.0,0.0,0.0,0.0,0.0,0.0,0.0,0.0,0.0,0.0,0.0,0.0,0.0,0.0,0.0,0.0,0.0,0.0,0.0,0.0,0.0,0.0,0.0,0.0,0.0,0.0,0.0,0.0,0.0,0.0,0.0,0.0,0.0,0.0,0.664155340126123,0.0,0.0,0.0,0.0,0.0,0.0,0.0,0.0,0.0,0.0,0.0,0.0,0.0,0.0,0.0,0.0,0.0,0.0,0.0,0.0,0.0,0.0,0.0,0.0,0.0,0.0,0.0,0.0,0.0,0.0,0.0,0.0,0.0,0.0,0.0,0.0,0.0,0.0,0.0,0.0,0.0,0.0,0.0,0.0,0.0,0.0,0.0,0.0,0.0,0.0,0.0,0.0,0.0,0.0,0.0,0.0,0.0,0.0,0.0,0.0,0.0,0.0,0.0,0.0,0.0,0.0,0.0,0.0,0.0,0.0,0.0,0.0,0.0,0.0,0.0,0.0,0.0,0.0,0.0,0.0,0.0,0.0,0.0,0.0,0.0,0.0,0.0,0.0,0.0,0.0,0.0,0.0,0.0,0.0,0.0,0.0,0.0,0.0,0.0,0.0,0.0,0.0,0.0,0.0,0.0,0.0,0.0,0.0,0.0,0.0,0.0,0.0,0.0,0.0,0.0,0.0,0.0,0.0,0.0,0.0,0.0,0.0,0.0,0.0,0.0,0.0,0.0,0.0,0.0,0.0,0.0,0.0,0.0,0.0,0.7475945988180718,0.0,0.0,0.0,0.0,0.0,0.0,0.0,0.0,0.0,0.0,0.0,0.0,0.0,0.0,0.0,0.0,0.0,0.0,0.0,0.0,0.0,0.0,0.0,0.0,0.0,0.0,0.0,0.0,0.0,0.0,0.0,0.0,0.0,0.0,0.0,0.0,0.0,0.0,0.0,0.0,0.0,0.0,0.0,0.0,0.0,0.0,0.0,0.0,0.0,0.0,0.0,0.0,0.0,0.0,0.0,0.0,0.0
5,2025-10-25,결국 이 책에 별 다섯 개를 주겠다고 확신하는 데는 이 책의 몇 페이지밖에 걸리지 않았습니다 이야기는 염모가 소중한 물건이 담긴 주머니를 잃어버리면서 시작된다 그는 70세인데 주머니를 어디에 두었는지 잊어버렸습니다 운 좋게도 염씨 어머니에게 전화를 걸어 위치를 알려준 친절한 사람이 주머니를 발견했다 그 사람은 노숙자로 밝혀졌고 보통 독고라고 불렸다 은혜를 갚고자 했던 염모는 독고에게 거절당했다 염씨의 어머니는 자신이 운영하는 미니마켓에서 음식을 사달라고 고집했다 어쩌다보니 독고는 염모네 미니마켓에서 야간근무를 시작하게 됐다 미니마켓에서 독고는 많은 사람들을 만났습니다 아이가 계속 게임을 하고 방에 틀어박혀 짜증을 내는 엄마가 있다 집이 불편해서 일부러 늦게 집에 오는 아버지가 있습니다 독고는 고객 개개인이 겪는 문제에 대한 솔루션을 제공할 수 있다고 생각합니다 ps 심지어 악마 고객도 감히 직면합니다 독자로서 우리 역시 독고의 정체가 궁금합니다 독고는 알코올 중독으로 인해 대부분의 기억을 잃었다고 한다 독고를 채팅에 자주 초대하는 고객은 간접적으로 독고의 과거를 기억하게 만든다 독자로서 독고가 미니마켓에서 활동하는 모습을 계속 보고 싶은 마음이 이기적이다 하지만 기억이 천천히 돌아오면서 독고가 퍼즐 조각을 다시 맞추고 다시 자신을 찾을 수 있어서 기뻐요 아 이게 힐링픽션이라는 걸 방금 깨달았어요 나를 따뜻하게 해주는 책은 모든 것이 잘될 것이라는 느낌도 갖게 해준다,1,0.0,0.0,0.0,0.0,0.0,0.0,0.0,0.0,0.0,0.0,0.0,0.0,0.0,0.0,0.0,0.0,0.0,0.0,0.0,0.0,0.09279510494631049,0.0,0.0,0.0,0.11079593737075705,0.29601002689833633,0.13456021636816184,0.0,0.0,0.0,0.0,0.0,0.0,0.0,0.0,0.10087335730461656,0.0,0.0,0.0,0.0,0.0,0.0,0.0,0.0,0.0,0.0,0.0,0.0,0.12877884119266259,0.0,0.0,0.0,0.0,0.0,0.0,0.113194014542524,0.0,0.0,0.0,0.0,0.0,0.0,0.0,0.0,0.0,0.0,0.0,0.0,0.0,0.23155827473243976,0.0,0.0,0.0,0.14357725273220417,0.0,0.0,0.0,0.07649000545740324,0.0,0.0,0.0,0.0,0.0,0.24118644062458958,0.44950093378539663,0.1262268939090946,0.23716594306691918,0.0,0.0,0.0,0.0,0.0,0.0,0.0,0.0,0.0,0.0,0.0,0.0,0.0,0.0,0.0,0.0,0.0,0.0,0.0,0.10784653216561566,0.0,0.0,0.0,0.08939120102643978,0.0,0.0,0.0,0.0,0.08025882906927584,0.0,0.0,0.0,0.0,0.1315436877603586,0.0,0.0,0.0,0.0,0.0,0.0,0.0,0.0,0.0,0.0,0.12273324988142705,0.0,0.0,0.0,0.13456021636816184,0.0,0.0,0.11237523344634916,0.0,0.0,0.0,0.0,0.0,0.0,0.0,0.12385738972452594,0.0,0.0,0.0,0.0,0.0,0.0,0.0,0.0,0.0,0.0,0.0,0.14357725273220417,0.0,0.12164597379931431,0.0,0.0,0.0,0.0,0.0,0.0,0.0,0.0,0.0,0.0,0.12877884119266259,0.0,0.0,0.0,0.0,0.1378788787254293,0.0,0.0,0.0,0.0,0.0,0.0,0.0,0.0,0.0,0.0,0.0,0.11668765857019153,0.0,0.0,0.0,0.11957286443370677,0.0,0.0,0.1378788787254293,0.0,0.0,0.0,0.0,0.0,0.0,0.0,0.0,0.0,0.10145004922451357,0.0,0.0,0.0,0.0,0.0,0.0,0.1315436877603586,0.0,0.0,0.0,0.0,0.0,0.0,0.0,0.0,0.0,0.0,0.0,0.0,0.0,0.0,0.11762177525948798,0.0,0.0,0.0,0.07788932488470718,0.0,0.0,0.0,0.0,0.12877884119266259,0.0,0.12164597379931431,0.0,0.0,0.0,0.0,0.0,0.0,0.0,0.0,0.0,0.0,0.0,0.0,0.0,0.0,0.0,0.0,0.0,0.0,0.0,0.0,0.0,0.0,0.0,0.0,0.0,0.0,0.14156700395336896,0.12273324988142705,0.08056728663864893,0.0,0.113194014542524,0.0,0.0,0.0,0.0,0.14571728230133643,0.0,0.1396716909901009,0.0,0.0,0.0,0.0,0.0,0.0,0.0,0.0,0.0,0.0,0.0,0.12164597379931431,0.0,0.10030652385055455,0.0,0.0,0.0,0.0,0.0,0.0,0.0,0.0,0.0
3,2026-05-18,귀여운 스토리와 캐릭터로 독고를 사랑했습니다 하지만 관점의 끊임없는 전환은 나에게 매우 짜증났고 끝 부분이 성급하게 느껴졌지만 책의 다른 부분은 조금 너무 느리게 느껴졌습니다 스토리 컨셉이 맘에 드네요,0,0.0,0.0,0.0,0.0,0.0,0.0,0.0,0.0,0.0,0.0,0.0,0.0,0.0,0.0,0.0,0.0,0.0,0.0,0.0,0.0,0.0,0.0,0.0,0.0,0.0,0.0,0.0,0.0,0.0,0.0,0.0,0.0,0.0,0.0,0.0,0.0,0.0,0.0,0.0,0.0,0.0,0.0,0.0,0.0,0.0,0.0,0.0,0.0,0.0,0.0,0.0,0.0,0.0,0.0,0.0,0.0,0.3644350679855197,0.0,0.0,0.0,0.0,0.3264076180330278,0.0,0.0,0.0,0.0,0.0,0.2729954031439561,0.0,0.0,0.0,0.0,0.0,0.0,0.0,0.0,0.0,0.0,0.0,0.0,0.0,0.0,0.0,0.0,0.0,0.43753381588497314,0.0,0.0,0.0,0.0,0.0,0.0,0.0,0.0,0.0,0.0,0.0,0.0,0.0,0.0,0.0,0.0,0.0,0.0,0.0,0.0,0.0,0.0,0.0,0.0,0.0,0.0,0.0,0.26899718546592527,0.0,0.0,0.0,0.0,0.0,0.0,0.0,0.0,0.0,0.0,0.0,0.0,0.0,0.0,0.0,0.0,0.0,0.0,0.0,0.0,0.0,0.0,0.0,0.0,0.0,0.0,0.0,0.0,0.0,0.0,0.0,0.0,0.0,0.0,0.0,0.0,0.0,0.0,0.0,0.0,0.0,0.0,0.0,0.0,0.0,0.0,0.0,0.0,0.0,0.0,0.0,0.0,0.0,0.0,0.0,0.0,0.0,0.0,0.0,0.0,0.0,0.0,0.0,0.0,0.0,0.0,0.0,0.0,0.0,0.0,0.0,0.0,0.0,0.0,0.0,0.0,0.0,0.0,0.0,0.0,0.0,0.0,0.0,0.0,0.0,0.0,0.0,0.0,0.0,0.0,0.0,0.0,0.0,0.0,0.0,0.0,0.0,0.0,0.0,0.0,0.0,0.0,0.0,0.0,0.0,0.0,0.0,0.0,0.0,0.0,0.0,0.0,0.0,0.0,0.0,0.0,0.0,0.0,0.0,0.0,0.0,0.0,0.0,0.0,0.0,0.0,0.0,0.0,0.0,0.0,0.0,0.0,0.0,0.0,0.0,0.0,0.0,0.3840462817479428,0.0,0.0,0.0,0.0,0.0,0.0,0.0,0.0,0.0,0.0,0.0,0.0,0.0,0.0,0.0,0.0,0.0,0.3923586137974462,0.0,0.0,0.0,0.0,0.0,0.0,0.0,0.0,0.0,0.0,0.0,0.0,0.0,0.0,0.0,0.0,0.0,0.0,0.0,0.0,0.34768736502457914,0.0,0.0,0.0,0.0,0.0,0.0,0.0,0.0,0.0
4,2024-04-12,긴장을 풀고 신경을 진정시키면 우리 삶의 모든 것이 천천히 저절로 정리될 것입니다 게다가 엄청나게 아름다운 표지와 모든 타이포그래피도 포함됩니다 3,1,0.0,0.0,0.0,0.0,0.0,0.0,0.0,0.0,0.0,0.0,0.0,0.0,0.0,0.0,0.0,0.0,0.0,0.0,0.0,0.0,0.28920994482033713,0.27488777590457475,0.0,0.0,0.0,0.0,0.0,0.0,0.0,0.0,0.0,0.0,0.0,0.0,0.0,0.0,0.0,0.0,0.0,0.0,0.0,0.0,0.0,0.0,0.0,0.0,0.0,0.0,0.0,0.0,0.0,0.0,0.0,0.0,0.0,0.0,0.0,0.0,0.0,0.0,0.0,0.0,0.0,0.0,0.0,0.0,0.0,0.0,0.0,0.0,0.0,0.0,0.0,0.0,0.0,0.0,0.0,0.0,0.0,0.0,0.0,0.0,0.0,0.0,0.0,0.0,0.0,0.0,0.0,0.0,0.0,0.0,0.0,0.0,0.0,0.0,0.0,0.0,0.0,0.0,0.0,0.0,0.0,0.0,0.0,0.0,0.0,0.0,0.0,0.0,0.0,0.0,0.0,0.0,0.0,0.5002774993336117,0.0,0.0,0.0,0.0,0.0,0.0,0.0,0.0,0.0,0.0,0.0,0.0,0.0,0.0,0.0,0.0,0.0,0.0,0.0,0.0,0.0,0.0,0.0,0.0,0.0,0.0,0.3527862242170718,0.0,0.0,0.0,0.0,0.0,0.0,0.0,0.0,0.0,0.0,0.0,0.0,0.0,0.0,0.0,0.0,0.0,0.0,0.0,0.0,0.0,0.3477440110834304,0.0,0.0,0.0,0.0,0.0,0.0,0.0,0.0,0.0,0.0,0.0,0.0,0.0,0.0,0.0,0.0,0.0,0.0,0.0,0.0,0.0,0.0,0.0,0.0,0.0,0.0,0.0,0.3726668722977391,0.0,0.0,0.0,0.0,0.0,0.0,0.0,0.0,0.0,0.0,0.0,0.0,0.0,0.0,0.0,0.0,0.0,0.0,0.0,0.0,0.0,0.0,0.0,0.0,0.0,0.0,0.0,0.0,0.0,0.0,0.0,0.0,0.0,0.0,0.0,0.0,0.0,0.0,0.0,0.0,0.0,0.0,0.0,0.0,0.0,0.0,0.0,0.0,0.0,0.0,0.0,0.0,0.0,0.0,0.0,0.0,0.0,0.0,0.0,0.0,0.0,0.0,0.0,0.0,0.0,0.0,0.0,0.0,0.0,0.0,0.0,0.0,0.0,0.0,0.0,0.0,0.0,0.0,0.0,0.0,0.0,0.4541498950631295,0.0,0.0,0.0,0.0,0.0,0.0,0.0,0.0,0.0,0.0,0.0,0.0,0.0,0.0,0.0,0.0,0.0,0.0,0.0,0.0,0.0,0.0,0.0,0.0,0.0
4,2024-08-27,때때로 우리는 쉽고 아름다운 책을 읽고 싶을 때가 있습니다 그리고 그 이상은 없습니다,1,0.0,0.0,0.0,0.0,0.0,0.0,0.0,0.0,0.0,0.0,0.0,0.0,0.0,0.0,0.0,0.0,0.0,0.0,0.0,0.0,0.0,0.0,0.0,0.0,0.0,0.0,0.0,0.0,0.0,0.0,0.0,0.0,0.0,0.0,0.0,0.0,0.0,0.0,0.0,0.0,0.0,0.0,0.28609601607105684,0.0,0.0,0.0,0.0,0.0,0.0,0.0,0.0,0.0,0.0,0.0,0.0,0.0,0.0,0.0,0.0,0.0,0.0,0.0,0.0,0.0,0.0,0.0,0.0,0.0,0.0,0.0,0.0,0.0,0.0,0.0,0.0,0.0,0.0,0.0,0.0,0.0,0.0,0.0,0.0,0.0,0.0,0.0,0.0,0.0,0.0,0.0,0.0,0.0,0.0,0.0,0.0,0.0,0.0,0.0,0.0,0.0,0.0,0.0,0.0,0.0,0.0,0.0,0.0,0.0,0.0,0.0,0.0,0.0,0.0,0.0,0.0,0.0,0.0,0.0,0.0,0.0,0.0,0.0,0.0,0.0,0.0,0.0,0.0,0.0,0.0,0.0,0.0,0.0,0.0,0.0,0.0,0.0,0.0,0.0,0.0,0.0,0.0,0.0,0.0,0.0,0.0,0.0,0.0,0.0,0.0,0.0,0.0,0.0,0.0,0.0,0.0,0.44756091010730426,0.0,0.0,0.0,0.0,0.0,0.0,0.0,0.0,0.36670476297810123,0.0,0.0,0.0,0.0,0.0,0.0,0.0,0.0,0.0,0.0,0.0,0.0,0.0,0.0,0.0,0.0,0.0,0.0,0.0,0.0,0.3963400315957716,0.0,0.0,0.0,0.0,0.0,0.0,0.0,0.0,0.35444694034476043,0.0,0.0,0.0,0.0,0.0,0.0,0.0,0.0,0.0,0.0,0.0,0.0,0.0,0.0,0.0,0.0,0.0,0.0,0.0,0.0,0.0,0.0,0.39979999683450845,0.0,0.0,0.0,0.0,0.0,0.0,0.0,0.0,0.0,0.0,0.0,0.0,0.0,0.2559899918572024,0.0,0.0,0.0,0.0,0.0,0.0,0.0,0.0,0.0,0.0,0.0,0.0,0.0,0.0,0.0,0.0,0.0,0.0,0.0,0.0,0.0,0.0,0.0,0.0,0.0,0.0,0.0,0.0,0.0,0.0,0.0,0.0,0.0,0.0,0.0,0.0,0.2743664530811712,0.0,0.0,0.0,0.0,0.0,0.0,0.0,0.0,0.0,0.0,0.0,0.0,0.0,0.0,0.0,0.0,0.0,0.0,0.0,0.0,0.0,0.0,0.0,0.0,0.0,0.0,0.0,0.0,0.0,0.0,0.0
5,2024-12-16,강은 가라앉는 곳이 아니라 건너가는 곳이다 그것은 아름다웠고 캐릭터 그들의 이야기가 어떻게 얽혀 있는지 그들의 관점은 나에게 치명적이었습니다 한국 드라마로 만들어졌으면 좋겠고 출연진도 생각하고 있어요 완전히 울고 있어요 또한 완벽하고 환상적인 번역에 감사드립니다,1,0.0,0.0,0.0,0.0,0.0,0.0,0.0,0.0,0.0,0.0,0.0,0.2968586692805205,0.0,0.0,0.0,0.0,0.0,0.0,0.0,0.0,0.0,0.0,0.0,0.0,0.0,0.0,0.0,0.0,0.0,0.0,0.0,0.24322831931503663,0.0,0.0,0.0,0.0,0.5303595213898085,0.0,0.0,0.0,0.0,0.0,0.0,0.0,0.0,0.0,0.0,0.0,0.0,0.0,0.0,0.0,0.0,0.0,0.0,0.0,0.22919390646826165,0.0,0.0,0.0,0.0,0.0,0.0,0.0,0.0,0.0,0.0,0.0,0.0,0.0,0.0,0.0,0.0,0.0,0.0,0.0,0.0,0.0,0.0,0.0,0.0,0.0,0.0,0.0,0.0,0.0,0.0,0.0,0.0,0.0,0.0,0.0,0.0,0.0,0.0,0.0,0.0,0.0,0.0,0.0,0.0,0.0,0.0,0.28072891542120093,0.0,0.0,0.0,0.0,0.0,0.0,0.0,0.0,0.0,0.0,0.0,0.0,0.0,0.0,0.0,0.0,0.0,0.0,0.0,0.0,0.0,0.0,0.0,0.0,0.0,0.0,0.0,0.0,0.0,0.0,0.0,0.0,0.0,0.0,0.0,0.0,0.0,0.0,0.0,0.0,0.0,0.0,0.0,0.0,0.0,0.0,0.0,0.0,0.0,0.0,0.0,0.0,0.0,0.0,0.0,0.0,0.0,0.0,0.24152743605321494,0.0,0.0,0.0,0.0,0.0,0.0,0.0,0.0,0.0,0.0,0.0,0.0,0.0,0.0,0.0,0.0,0.0,0.0,0.2198969017639659,0.0,0.0,0.0,0.0,0.0,0.0,0.0,0.0,0.0,0.2933319111278702,0.0,0.0,0.0,0.0,0.0,0.0,0.0,0.0,0.0,0.0,0.0,0.0,0.21278123951417294,0.0,0.0,0.0,0.0,0.0,0.0,0.0,0.0,0.0,0.0,0.0,0.0,0.0,0.0,0.0,0.0,0.0,0.0,0.0,0.0,0.0,0.2751658478668321,0.0,0.0,0.0,0.0,0.0,0.0,0.0,0.0,0.0,0.0,0.0,0.0,0.0,0.0,0.0,0.0,0.0,0.0,0.0,0.0,0.0,0.0,0.0,0.0,0.0,0.0,0.0,0.0,0.0,0.0,0.0,0.0,0.0,0.0,0.0,0.0,0.0,0.0,0.0,0.0,0.0,0.0,0.0,0.0,0.0,0.0,0.0,0.0,0.0,0.0,0.2751658478668321,0.0,0.0,0.0,0.0,0.0,0.0,0.0,0.0,0.0,0.0,0.0,0.0,0.0,0.22506225605399857,0.0,0.0,0.0,0.0,0.0,0.0,0.0,0.0
4,2025-03-26,4 5 훌륭하고 편안하며 아늑합니다 나는 일상을 다룬 이런 책을 좋아하지만 좀 더 깊고 감동적인 책을 좋아한다,1,0.0,0.0,0.0,0.0,0.0,0.0,0.0,0.0,0.0,0.0,0.0,0.0,0.0,0.0,0.0,0.0,0.0,0.0,0.0,0.0,0.0,0.0,0.0,0.0,0.0,0.0,0.0,0.0,0.0,0.0,0.0,0.0,0.0,0.0,0.0,0.0,0.0,0.0,0.0,0.0,0.0,0.0,0.0,0.0,0.0,0.0,0.0,0.0,0.0,0.0,0.0,0.0,0.0,0.0,0.3039483870778327,0.0,0.0,0.0,0.0,0.0,0.0,0.0,0.0,0.0,0.0,0.0,0.0,0.0,0.0,0.0,0.0,0.0,0.0,0.0,0.0,0.0,0.0,0.0,0.0,0.0,0.0,0.0,0.0,0.0,0.0,0.0,0.0,0.0,0.0,0.0,0.0,0.0,0.0,0.0,0.0,0.0,0.0,0.0,0.0,0.0,0.0,0.0,0.0,0.0,0.0,0.0,0.0,0.0,0.0,0.0,0.0,0.0,0.0,0.0,0.0,0.0,0.0,0.0,0.0,0.0,0.0,0.0,0.0,0.0,0.0,0.0,0.0,0.0,0.0,0.0,0.0,0.0,0.0,0.0,0.0,0.0,0.0,0.0,0.0,0.0,0.0,0.0,0.0,0.0,0.0,0.0,0.0,0.0,0.0,0.0,0.0,0.0,0.0,0.0,0.0,0.0,0.0,0.0,0.0,0.0,0.0,0.0,0.0,0.0,0.0,0.0,0.0,0.0,0.0,0.0,0.0,0.0,0.0,0.0,0.0,0.0,0.0,0.0,0.0,0.0,0.0,0.0,0.0,0.0,0.0,0.0,0.0,0.0,0.0,0.0,0.0,0.0,0.0,0.0,0.0,0.0,0.0,0.0,0.0,0.0,0.0,0.0,0.5781439259573589,0.0,0.0,0.0,0.0,0.0,0.0,0.0,0.0,0.0,0.0,0.0,0.0,0.0,0.0,0.0,0.0,0.0,0.0,0.0,0.0,0.0,0.0,0.0,0.0,0.0,0.0,0.0,0.0,0.0,0.0,0.0,0.0,0.0,0.0,0.0,0.0,0.0,0.0,0.0,0.0,0.0,0.0,0.0,0.0,0.0,0.0,0.0,0.0,0.0,0.0,0.0,0.0,0.0,0.0,0.0,0.0,0.0,0.0,0.0,0.0,0.0,0.0,0.0,0.0,0.0,0.757208675908693,0.0,0.0,0.0,0.0,0.0,0.0,0.0,0.0,0.0,0.0,0.0,0.0,0.0,0.0,0.0,0.0,0.0,0.0,0.0,0.0,0.0,0.0,0.0,0.0,0.0,0.0,0.0,0.0,0.0,0.0,0.0
4,2025-07-19,예전에 이 책을 읽었는데 재미있게 읽었습니다 빨리 읽으십시오 일부 캐릭터는 더 발전할 수도 있었지만 나는 그것을 읽는 것이 즐거웠고 항상 친절의 중요성에 대해 읽는 것을 좋아합니다,1,0.0,0.0,0.0,0.0,0.0,0.0,0.0,0.0,0.0,0.0,0.0,0.0,0.0,0.0,0.0,0.0,0.0,0.0,0.0,0.17713000049434158,0.2133466757765704,0.0,0.0,0.0,0.0,0.0,0.0,0.0,0.0,0.0,0.0,0.0,0.24634661412714254,0.0,0.0,0.0,0.0,0.0,0.0,0.0,0.0,0.0,0.0,0.0,0.0,0.0,0.0,0.0,0.0,0.0,0.0,0.0,0.0,0.0,0.15408523761300758,0.0,0.0,0.0,0.0,0.0,0.0,0.0,0.0,0.0,0.0,0.0,0.0,0.0,0.0,0.0,0.0,0.0,0.0,0.0,0.0,0.0,0.0,0.0,0.23061629635098493,0.0,0.0,0.0,0.0,0.0,0.0,0.0,0.0,0.0,0.0,0.0,0.0,0.0,0.0,0.0,0.0,0.0,0.0,0.0,0.0,0.0,0.0,0.0,0.0,0.0,0.0,0.0,0.0,0.0,0.0,0.0,0.0,0.0,0.0,0.0,0.0,0.0,0.0,0.0,0.0,0.0,0.0,0.0,0.0,0.0,0.0,0.0,0.0,0.0,0.0,0.0,0.0,0.0,0.0,0.0,0.0,0.0,0.0,0.0,0.0,0.0,0.0,0.0,0.0,0.0,0.0,0.0,0.0,0.0,0.0,0.0,0.0,0.0,0.0,0.0,0.26217626254815435,0.0,0.0,0.0,0.0,0.0,0.0,0.0,0.0,0.0,0.0,0.0,0.0,0.0,0.0,0.0,0.0,0.0,0.0,0.0,0.0,0.0,0.0,0.0,0.0,0.0,0.0,0.0,0.0,0.0,0.0,0.0,0.0,0.0,0.0,0.0,0.0,0.0,0.0,0.0,0.0,0.0,0.0,0.0,0.0,0.0,0.0,0.0,0.0,0.0,0.0,0.0,0.0,0.0,0.0,0.0,0.0,0.0,0.0,0.30582298409120356,0.0,0.0,0.0,0.0,0.0,0.4926932282542851,0.28476246008212946,0.0,0.0,0.0,0.0,0.0,0.0,0.0,0.0,0.0,0.0,0.0,0.0,0.0,0.0,0.0,0.0,0.0,0.0,0.0,0.0,0.0,0.0,0.30243414800059965,0.0,0.0,0.0,0.0,0.0,0.0,0.0,0.0,0.0,0.30243414800059965,0.0,0.0,0.0,0.0,0.0,0.0,0.0,0.0,0.0,0.0,0.0,0.0,0.0,0.0,0.19193172872495728,0.0,0.0,0.0,0.0,0.0,0.0,0.0,0.0,0.0,0.0,0.0,0.0,0.0,0.0,0.0,0.0,0.0,0.0,0.0,0.0,0.0,0.0,0.0,0.0,0.0,0.28217793260331575,0.0,0.0,0.0,0.0,0.0
3,2025-09-08,정말 친절한 책이고 실제로 아무 일도 일어나지 않지만 다 좋은데 제 생각에는 조금 비현실적이지만 시간을 보내기에는 괜찮습니다,0,0.0,0.0,0.0,0.0,0.0,0.0,0.0,0.0,0.0,0.0,0.0,0.0,0.0,0.0,0.0,0.0,0.0,0.0,0.0,0.0,0.0,0.0,0.0,0.0,0.0,0.0,0.0,0.0,0.0,0.0,0.0,0.0,0.0,0.0,0.0,0.0,0.0,0.0,0.0,0.0,0.0,0.0,0.0,0.0,0.0,0.0,0.0,0.0,0.0,0.0,0.0,0.0,0.0,0.0,0.0,0.0,0.0,0.0,0.0,0.0,0.0,0.0,0.0,0.0,0.0,0.0,0.0,0.0,0.0,0.0,0.0,0.0,0.0,0.0,0.0,0.0,0.0,0.0,0.0,0.0,0.0,0.0,0.0,0.0,0.0,0.0,0.0,0.0,0.0,0.0,0.0,0.0,0.0,0.0,0.0,0.0,0.0,0.0,0.0,0.0,0.0,0.0,0.0,0.0,0.0,0.0,0.0,0.0,0.0,0.0,0.0,0.0,0.0,0.0,0.0,0.0,0.0,0.0,0.0,0.0,0.0,0.0,0.0,0.0,0.0,0.0,0.0,0.0,0.0,0.0,0.0,0.0,0.0,0.0,0.0,0.0,0.0,0.0,0.0,0.0,0.0,0.0,0.0,0.0,0.0,0.0,0.0,0.0,0.0,0.0,0.0,0.0,0.0,0.0,0.0,0.0,0.5203704588464233,0.4685834400826034,0.0,0.0,0.0,0.0,0.0,0.0,0.0,0.0,0.0,0.0,0.0,0.0,0.0,0.0,0.0,0.0,0.0,0.0,0.0,0.0,0.0,0.0,0.0,0.0,0.0,0.0,0.0,0.0,0.0,0.0,0.0,0.0,0.0,0.0,0.0,0.0,0.0,0.0,0.0,0.0,0.0,0.0,0.0,0.0,0.0,0.0,0.0,0.0,0.0,0.0,0.0,0.0,0.0,0.0,0.0,0.0,0.0,0.0,0.0,0.0,0.0,0.0,0.0,0.0,0.0,0.0,0.0,0.0,0.0,0.0,0.0,0.0,0.0,0.0,0.0,0.0,0.0,0.0,0.0,0.0,0.0,0.0,0.0,0.0,0.0,0.0,0.0,0.0,0.0,0.0,0.0,0.2831926018891689,0.0,0.407262505795005,0.0,0.0,0.0,0.0,0.0,0.0,0.0,0.0,0.0,0.0,0.0,0.0,0.0,0.0,0.0,0.0,0.0,0.0,0.0,0.0,0.0,0.0,0.0,0.0,0.5134036879972059,0.0,0.0,0.0,0.0,0.0,0.0,0.0,0.0,0.0,0.0,0.0,0.0,0.0,0.0,0.0,0.0,0.0,0.0,0.0,0.0,0.0,0.0,0.0
4,2025-09-15,제가 알던거랑은 다르지만 마음에 들었어요 마음이 따뜻해지는 책이군요,1,0.0,0.0,0.0,0.0,0.0,0.0,0.0,0.0,0.0,0.0,0.0,0.0,0.0,0.0,0.0,0.0,0.0,0.0,0.0,0.0,0.0,0.0,0.0,0.0,0.0,0.0,0.0,0.0,0.0,0.0,0.0,0.0,0.0,0.0,0.0,0.0,0.0,0.0,0.0,0.0,0.0,0.0,0.0,0.0,0.0,0.0,0.0,0.0,0.0,0.0,0.0,0.0,0.0,0.0,0.0,0.0,0.0,0.0,0.0,0.0,0.0,0.0,0.0,0.0,0.0,0.0,0.0,0.0,0.0,0.0,0.0,0.0,0.0,0.0,0.0,0.0,0.0,0.0,0.0,0.0,0.0,0.0,0.0,0.0,0.0,0.0,0.0,0.0,0.0,0.0,0.0,0.0,0.0,0.0,0.0,0.0,0.0,0.0,0.0,0.6047544570574928,0.0,0.0,0.0,0.0,0.39567255887225494,0.0,0.4730287307835608,0.0,0.0,0.0,0.0,0.0,0.0,0.0,0.0,0.0,0.0,0.0,0.0,0.0,0.0,0.0,0.0,0.0,0.0,0.0,0.0,0.0,0.0,0.0,0.0,0.0,0.0,0.0,0.0,0.0,0.0,0.0,0.0,0.0,0.0,0.0,0.0,0.0,0.0,0.0,0.0,0.0,0.0,0.0,0.0,0.0,0.0,0.0,0.0,0.0,0.0,0.0,0.0,0.0,0.0,0.0,0.0,0.0,0.0,0.0,0.0,0.0,0.0,0.0,0.0,0.0,0.0,0.0,0.0,0.0,0.0,0.0,0.0,0.0,0.0,0.0,0.0,0.0,0.0,0.0,0.0,0.0,0.0,0.0,0.0,0.0,0.0,0.0,0.0,0.0,0.0,0.0,0.0,0.0,0.0,0.0,0.0,0.0,0.0,0.0,0.0,0.0,0.0,0.0,0.0,0.0,0.0,0.0,0.0,0.0,0.0,0.0,0.0,0.0,0.0,0.0,0.0,0.0,0.0,0.0,0.0,0.0,0.0,0.0,0.0,0.0,0.0,0.0,0.0,0.0,0.0,0.0,0.0,0.0,0.0,0.0,0.0,0.0,0.0,0.0,0.0,0.0,0.0,0.0,0.5039435411609845,0.0,0.0,0.0,0.0,0.0,0.0,0.0,0.0,0.0,0.0,0.0,0.0,0.0,0.0,0.0,0.0,0.0,0.0,0.0,0.0,0.0,0.0,0.0,0.0,0.0,0.0,0.0,0.0,0.0,0.0,0.0,0.0,0.0,0.0,0.0,0.0,0.0,0.0,0.0,0.0,0.0,0.0,0.0,0.0,0.0,0.0,0.0,0.0,0.0
4,2026-01-06,건전한 이야기와 캐릭터 쉽고 즐겁게 읽었습니다 스토리 4 5 캐릭터 4 5 스타일 4 5,1,0.0,0.0,0.0,0.0,0.0,0.0,0.0,0.0,0.0,0.0,0.0,0.0,0.0,0.0,0.0,0.0,0.0,0.0,0.0,0.0,0.0,0.0,0.0,0.0,0.0,0.0,0.0,0.0,0.0,0.0,0.0,0.0,0.0,0.0,0.0,0.0,0.0,0.0,0.0,0.0,0.0,0.0,0.0,0.0,0.0,0.0,0.0,0.0,0.0,0.0,0.0,0.0,0.0,0.0,0.0,0.0,0.0,0.0,0.0,0.0,0.0,0.0,0.0,0.0,0.0,0.0,0.0,0.0,0.0,0.0,0.0,0.0,0.0,0.0,0.0,0.0,0.0,0.0,0.0,0.0,0.0,0.0,0.0,0.0,0.0,0.0,0.0,0.0,0.0,0.0,0.0,0.0,0.0,0.0,0.0,0.0,0.0,0.0,0.0,0.0,0.0,0.0,0.0,0.0,0.0,0.0,0.0,0.0,0.0,0.0,0.0,0.0,0.0,0.0,0.0,0.0,0.0,0.0,0.0,0.0,0.0,0.0,0.0,0.0,0.0,0.0,0.0,0.0,0.0,0.0,0.0,0.0,0.0,0.0,0.0,0.0,0.0,0.0,0.0,0.0,0.0,0.0,0.0,0.0,0.0,0.0,0.0,0.0,0.0,0.0,0.0,0.0,0.0,0.0,0.0,0.43585505299771743,0.0,0.0,0.0,0.0,0.0,0.0,0.0,0.0,0.0,0.0,0.0,0.0,0.0,0.0,0.0,0.0,0.0,0.0,0.0,0.0,0.0,0.0,0.0,0.0,0.0,0.0,0.0,0.0,0.0,0.0,0.0,0.0,0.0,0.0,0.0,0.0,0.0,0.0,0.0,0.0,0.0,0.0,0.0,0.0,0.0,0.0,0.0,0.0,0.0,0.0,0.0,0.0,0.0,0.0,0.0,0.0,0.0,0.0,0.0,0.0,0.0,0.0,0.0,0.0,0.39642123210530694,0.0,0.0,0.0,0.0,0.0,0.0,0.0,0.0,0.0,0.0,0.0,0.0,0.0,0.0,0.0,0.0,0.0,0.0,0.0,0.0,0.0,0.0,0.0,0.0,0.0,0.0,0.0,0.0,0.0,0.0,0.0,0.0,0.0,0.0,0.0,0.0,0.0,0.0,0.0,0.0,0.0,0.0,0.0,0.0,0.0,0.0,0.0,0.0,0.0,0.0,0.0,0.0,0.0,0.0,0.0,0.0,0.808010259534164,0.0,0.0,0.0,0.0,0.0,0.0,0.0,0.0,0.0,0.0,0.0,0.0,0.0,0.0,0.0,0.0,0.0,0.0,0.0,0.0,0.0,0.0
3,2026-01-23,조용하고 좋은 독서,0,0.0,0.0,0.0,0.0,0.0,0.0,0.0,0.0,0.0,0.0,0.0,0.0,0.0,0.0,0.0,0.0,0.0,0.0,0.0,0.0,0.0,0.0,0.0,0.0,0.0,0.0,0.0,0.0,0.0,0.0,0.0,0.0,0.0,0.0,0.0,0.0,0.0,0.0,0.0,0.0,0.0,0.0,0.0,0.0,0.0,0.0,0.0,0.0,0.0,0.0,0.0,0.0,0.0,0.0,0.0,0.0,0.0,0.0,0.0,0.0,0.0,0.0,0.0,0.0,0.0,0.0,0.0,0.0,0.0,0.0,0.0,0.0,0.0,0.0,0.0,0.0,0.0,0.0,0.0,0.0,0.0,0.0,0.0,0.0,0.0,0.0,0.0,0.0,0.0,0.0,0.0,0.0,0.0,0.0,0.0,0.0,0.0,0.0,0.0,0.0,0.0,0.0,0.0,0.0,0.0,0.0,0.0,0.0,0.0,0.0,0.0,0.0,0.0,0.0,0.0,0.0,0.0,0.0,0.0,0.0,0.0,0.0,0.0,0.0,0.0,0.0,0.0,0.0,0.0,0.0,0.0,0.0,0.0,0.0,0.0,0.0,0.0,0.0,0.0,0.0,0.0,0.0,0.0,0.0,0.0,0.0,0.0,0.0,0.0,0.0,0.0,0.0,0.0,0.0,0.0,0.0,0.0,0.0,0.0,0.0,0.0,0.0,0.0,0.0,0.0,0.0,0.0,0.0,0.0,0.0,0.0,0.0,0.0,0.0,0.0,0.0,0.0,0.0,0.0,0.0,0.0,0.0,0.0,0.0,0.0,0.0,0.0,0.0,0.0,0.0,0.0,0.0,0.0,0.0,0.0,0.0,0.0,0.0,0.0,0.0,0.0,0.0,0.0,0.0,0.0,0.0,0.0,0.0,0.0,0.0,0.0,0.0,0.0,0.0,0.0,0.0,0.0,0.0,0.0,0.0,0.0,0.0,0.0,0.0,0.0,0.0,0.0,0.0,0.0,0.0,0.0,0.0,0.0,0.0,0.0,0.0,0.0,0.0,0.0,0.0,0.0,0.0,0.0,0.0,0.0,0.0,0.0,0.0,0.0,0.0,0.0,0.0,0.0,0.0,0.0,1.0,0.0,0.0,0.0,0.0,0.0,0.0,0.0,0.0,0.0,0.0,0.0,0.0,0.0,0.0,0.0,0.0,0.0,0.0,0.0,0.0,0.0,0.0,0.0,0.0,0.0,0.0,0.0,0.0,0.0,0.0,0.0,0.0,0.0,0.0,0.0,0.0,0.0,0.0,0.0,0.0,0.0,0.0,0.0,0.0
4,2026-03-08,아주 좋고 포근한 이야기 그냥 지나쳐버릴 것 같은 책이에요,1,0.0,0.0,0.0,0.0,0.0,0.0,0.0,0.0,0.0,0.0,0.0,0.0,0.0,0.0,0.5841109698870685,0.0,0.0,0.0,0.0,0.0,0.0,0.0,0.0,0.0,0.0,0.0,0.0,0.0,0.0,0.0,0.0,0.0,0.0,0.0,0.0,0.0,0.0,0.0,0.0,0.0,0.0,0.0,0.0,0.0,0.0,0.0,0.0,0.0,0.0,0.0,0.0,0.0,0.0,0.0,0.0,0.0,0.0,0.0,0.0,0.0,0.0,0.0,0.0,0.0,0.0,0.0,0.0,0.0,0.0,0.0,0.0,0.0,0.0,0.0,0.0,0.0,0.0,0.0,0.0,0.0,0.0,0.0,0.0,0.0,0.0,0.0,0.0,0.0,0.0,0.0,0.0,0.0,0.0,0.0,0.0,0.0,0.0,0.0,0.0,0.0,0.0,0.0,0.0,0.0,0.0,0.0,0.0,0.0,0.0,0.0,0.0,0.0,0.0,0.0,0.0,0.0,0.0,0.0,0.0,0.0,0.0,0.0,0.0,0.0,0.0,0.0,0.0,0.0,0.0,0.0,0.0,0.0,0.0,0.0,0.0,0.0,0.0,0.0,0.0,0.0,0.0,0.0,0.0,0.0,0.0,0.0,0.0,0.0,0.0,0.0,0.0,0.0,0.0,0.0,0.0,0.0,0.0,0.0,0.0,0.0,0.0,0.0,0.0,0.0,0.0,0.0,0.0,0.6078934265756696,0.0,0.0,0.0,0.0,0.0,0.0,0.0,0.0,0.0,0.0,0.0,0.0,0.0,0.0,0.0,0.0,0.0,0.0,0.0,0.0,0.0,0.0,0.0,0.0,0.0,0.0,0.0,0.0,0.0,0.0,0.0,0.0,0.0,0.0,0.0,0.5378475218718399,0.0,0.0,0.0,0.0,0.0,0.0,0.0,0.0,0.0,0.0,0.0,0.0,0.0,0.0,0.0,0.0,0.0,0.0,0.0,0.0,0.0,0.0,0.0,0.0,0.0,0.0,0.0,0.0,0.0,0.0,0.0,0.0,0.0,0.0,0.0,0.0,0.0,0.0,0.0,0.0,0.0,0.0,0.0,0.0,0.0,0.0,0.0,0.0,0.0,0.0,0.0,0.0,0.0,0.0,0.0,0.0,0.0,0.0,0.0,0.0,0.0,0.0,0.0,0.0,0.0,0.0,0.0,0.0,0.0,0.0,0.0,0.0,0.0,0.0,0.0,0.0,0.0,0.0,0.0,0.0,0.0,0.0,0.0,0.0,0.0,0.0,0.0,0.0,0.0,0.0,0.0,0.0,0.0,0.0,0.0,0.0
4,2024-08-21,3 5 따뜻하고 포근하고 빠르다 그리고 그게 전부입니다,1,0.0,0.0,0.0,0.0,0.0,0.0,0.0,0.0,0.0,0.0,0.0,0.0,0.0,0.0,0.0,0.0,0.0,0.0,0.0,0.0,0.0,0.0,0.0,0.0,0.0,0.0,0.0,0.0,0.0,0.0,0.0,0.0,0.0,0.0,0.0,0.0,0.0,0.0,0.0,0.0,0.0,0.0,0.5289271024092465,0.0,0.0,0.0,0.0,0.0,0.0,0.0,0.0,0.0,0.0,0.0,0.0,0.0,0.0,0.0,0.0,0.0,0.0,0.0,0.0,0.0,0.0,0.0,0.0,0.0,0.0,0.0,0.0,0.0,0.0,0.0,0.0,0.0,0.0,0.0,0.0,0.0,0.0,0.0,0.0,0.0,0.0,0.0,0.0,0.0,0.0,0.0,0.0,0.0,0.0,0.0,0.0,0.0,0.0,0.8486672612614194,0.0,0.0,0.0,0.0,0.0,0.0,0.0,0.0,0.0,0.0,0.0,0.0,0.0,0.0,0.0,0.0,0.0,0.0,0.0,0.0,0.0,0.0,0.0,0.0,0.0,0.0,0.0,0.0,0.0,0.0,0.0,0.0,0.0,0.0,0.0,0.0,0.0,0.0,0.0,0.0,0.0,0.0,0.0,0.0,0.0,0.0,0.0,0.0,0.0,0.0,0.0,0.0,0.0,0.0,0.0,0.0,0.0,0.0,0.0,0.0,0.0,0.0,0.0,0.0,0.0,0.0,0.0,0.0,0.0,0.0,0.0,0.0,0.0,0.0,0.0,0.0,0.0,0.0,0.0,0.0,0.0,0.0,0.0,0.0,0.0,0.0,0.0,0.0,0.0,0.0,0.0,0.0,0.0,0.0,0.0,0.0,0.0,0.0,0.0,0.0,0.0,0.0,0.0,0.0,0.0,0.0,0.0,0.0,0.0,0.0,0.0,0.0,0.0,0.0,0.0,0.0,0.0,0.0,0.0,0.0,0.0,0.0,0.0,0.0,0.0,0.0,0.0,0.0,0.0,0.0,0.0,0.0,0.0,0.0,0.0,0.0,0.0,0.0,0.0,0.0,0.0,0.0,0.0,0.0,0.0,0.0,0.0,0.0,0.0,0.0,0.0,0.0,0.0,0.0,0.0,0.0,0.0,0.0,0.0,0.0,0.0,0.0,0.0,0.0,0.0,0.0,0.0,0.0,0.0,0.0,0.0,0.0,0.0,0.0,0.0,0.0,0.0,0.0,0.0,0.0,0.0,0.0,0.0,0.0,0.0,0.0,0.0,0.0,0.0,0.0,0.0,0.0,0.0,0.0,0.0,0.0,0.0,0.0,0.0,0.0,0.0,0.0
5,2025-09-23,꽤 단순한 이야기지만 왠지 모르게 감동적이었습니다 나는 내내 이 이모티콘 이었습니다 이 책은 친절하고 공감하는 사람이 되는 것이 얼마나 영향력이 있는지 보여줍니다,1,0.0,0.0,0.0,0.0,0.0,0.0,0.0,0.0,0.0,0.0,0.0,0.0,0.0,0.0,0.0,0.0,0.0,0.0,0.0,0.0,0.310385075162016,0.0,0.0,0.0,0.0,0.0,0.0,0.0,0.0,0.0,0.0,0.0,0.0,0.0,0.0,0.0,0.0,0.0,0.0,0.0,0.0,0.0,0.0,0.0,0.0,0.0,0.0,0.0,0.0,0.0,0.0,0.0,0.0,0.0,0.22416922074734597,0.0,0.0,0.0,0.0,0.0,0.0,0.0,0.0,0.0,0.0,0.0,0.0,0.0,0.0,0.0,0.0,0.40688670746913164,0.0,0.0,0.0,0.0,0.0,0.0,0.0,0.0,0.0,0.0,0.0,0.0,0.0,0.0,0.0,0.0,0.0,0.0,0.0,0.3786162290780248,0.0,0.0,0.0,0.0,0.0,0.0,0.0,0.0,0.0,0.0,0.0,0.0,0.0,0.0,0.0,0.0,0.0,0.0,0.0,0.0,0.0,0.0,0.0,0.0,0.0,0.0,0.0,0.0,0.0,0.0,0.0,0.0,0.0,0.0,0.0,0.0,0.0,0.0,0.0,0.0,0.0,0.0,0.0,0.0,0.0,0.0,0.37587753470158647,0.0,0.0,0.0,0.0,0.0,0.0,0.0,0.0,0.0,0.0,0.0,0.0,0.0,0.0,0.0,0.0,0.0,0.0,0.0,0.0,0.0,0.0,0.0,0.0,0.0,0.0,0.0,0.0,0.0,0.0,0.0,0.0,0.0,0.0,0.0,0.0,0.0,0.0,0.0,0.0,0.0,0.0,0.0,0.0,0.390301920524188,0.0,0.0,0.0,0.0,0.0,0.0,0.0,0.0,0.0,0.0,0.0,0.0,0.0,0.0,0.0,0.0,0.0,0.0,0.0,0.0,0.0,0.0,0.0,0.0,0.0,0.0,0.0,0.0,0.0,0.0,0.0,0.0,0.0,0.0,0.0,0.0,0.0,0.0,0.0,0.0,0.0,0.0,0.422209166917914,0.0,0.0,0.0,0.0,0.0,0.0,0.0,0.0,0.0,0.0,0.0,0.0,0.0,0.0,0.0,0.0,0.0,0.0,0.0,0.0,0.0,0.0,0.0,0.0,0.0,0.0,0.0,0.0,0.0,0.0,0.0,0.0,0.0,0.0,0.0,0.0,0.0,0.0,0.0,0.0,0.2694849403253033,0.0,0.0,0.0,0.0,0.0,0.0,0.0,0.0,0.0,0.0,0.0,0.0,0.0,0.0,0.0,0.0,0.0,0.0,0.0,0.0,0.0,0.0,0.0,0.0,0.0,0.0,0.0,0.0,0.0,0.0,0.0,0.0
4,2026-04-08,정말 좋았어요 코로나19 팬데믹이 포함된 것만으로도 나를 실망시켰어,1,0.0,0.0,0.0,0.0,0.0,0.0,0.0,0.0,0.0,0.0,0.0,0.0,0.0,0.0,0.0,0.0,0.0,0.0,0.0,0.0,0.0,0.0,0.0,0.0,0.0,0.0,0.0,0.0,0.0,0.0,0.0,0.0,0.0,0.0,0.0,0.0,0.0,0.0,0.0,0.0,0.0,0.0,0.0,0.0,0.0,0.0,0.0,0.0,0.0,0.0,0.0,0.0,0.0,0.0,0.0,0.8266862062575302,0.0,0.0,0.0,0.0,0.0,0.0,0.0,0.0,0.0,0.0,0.0,0.0,0.0,0.0,0.0,0.0,0.0,0.0,0.0,0.0,0.0,0.0,0.0,0.0,0.0,0.0,0.0,0.0,0.0,0.0,0.0,0.0,0.0,0.0,0.0,0.0,0.0,0.0,0.0,0.0,0.0,0.0,0.0,0.0,0.0,0.0,0.0,0.0,0.0,0.0,0.0,0.0,0.0,0.0,0.0,0.0,0.0,0.0,0.0,0.0,0.0,0.0,0.0,0.0,0.0,0.0,0.0,0.0,0.0,0.0,0.0,0.0,0.0,0.0,0.0,0.0,0.0,0.0,0.0,0.0,0.0,0.0,0.0,0.0,0.0,0.0,0.0,0.0,0.0,0.0,0.0,0.0,0.0,0.0,0.0,0.0,0.0,0.0,0.0,0.0,0.0,0.0,0.0,0.0,0.0,0.0,0.0,0.0,0.0,0.0,0.0,0.0,0.0,0.0,0.0,0.0,0.0,0.0,0.0,0.0,0.0,0.0,0.0,0.0,0.0,0.0,0.0,0.0,0.0,0.0,0.0,0.0,0.0,0.0,0.0,0.0,0.0,0.0,0.0,0.0,0.0,0.0,0.0,0.0,0.0,0.0,0.0,0.0,0.0,0.0,0.0,0.0,0.0,0.0,0.0,0.0,0.0,0.0,0.0,0.0,0.0,0.0,0.0,0.0,0.0,0.0,0.0,0.0,0.0,0.0,0.0,0.0,0.0,0.0,0.0,0.0,0.0,0.0,0.0,0.0,0.0,0.0,0.0,0.0,0.0,0.0,0.0,0.0,0.0,0.0,0.0,0.0,0.0,0.562663235322455,0.0,0.0,0.0,0.0,0.0,0.0,0.0,0.0,0.0,0.0,0.0,0.0,0.0,0.0,0.0,0.0,0.0,0.0,0.0,0.0,0.0,0.0,0.0,0.0,0.0,0.0,0.0,0.0,0.0,0.0,0.0,0.0,0.0,0.0,0.0,0.0,0.0,0.0,0.0,0.0,0.0,0.0,0.0,0.0,0.0,0.0,0.0,0.0,0.0,0.0
3,2026-06-08,3 5 기분 좋은 한국 소설이 궁금했는데 사실은 즐겁고 위로가 많이 되는 책이었습니다 이야기는 염부인의 편의점을 중심으로 진행되며 다양한 인물들을 소개하지만 결국 중심축은 멋진 말투나 화려한 몸짓 없이 주변 사람들을 돕는 특별한 능력을 지닌 신입사원이 된다 흥미로운 점은 많은 사람들이 처음에는 그의 외모나 상황으로 그를 판단하지만 점차 그 이면에는 자신들이 상상했던 것보다 훨씬 더 많은 것들이 있음을 발견하게 된다는 것이다 제가 가장 마음에 들었던 메시지 중 하나는 바로 다음과 같습니다 사람이 어떤 일을 겪었는지 어떤 싸움을 벌이고 있는지 우리는 알 수 없으므로 첫인상 너머를 보는 것이 좋습니다 또한 공감의 중요성과 작은 친절의 행동이 다른 사람의 삶에 얼마나 큰 영향을 미칠 수 있는지에 대해서도 이야기합니다 단순하고 친근한 책이며 읽고 나면 기분 좋은 느낌을 주는 책 중 하나입니다 물론 때로는 조금 느린 것 같아서 관심을 유지하기가 어려웠습니다 그럼에도 불구하고 좀 더 강렬한 책을 번갈아 읽거나 조용한 여름 오후에 즐기기에 완벽한 책이라고 생각합니다,0,0.0,0.0,0.0,0.0,0.0,0.0,0.0,0.11245586826720098,0.0,0.0,0.0,0.0,0.14424988851027978,0.0,0.0,0.0,0.0,0.0,0.0,0.0,0.10286199146724383,0.0,0.0,0.0,0.12281564605191196,0.0,0.0,0.0,0.0,0.0,0.0,0.0,0.0,0.0,0.0,0.0,0.0,0.0,0.0,0.0,0.0,0.1303819856672792,0.0,0.0,0.11583036506097495,0.0,0.28549885409549036,0.0,0.0,0.0,0.0,0.0,0.0,0.0,0.0,0.0,0.0,0.0,0.0,0.0,0.0,0.0,0.0,0.0,0.0,0.13144745741806627,0.0,0.08730225600343733,0.0,0.0,0.11583036506097495,0.0,0.0,0.0,0.0,0.0,0.0,0.0,0.0,0.0,0.0,0.0,0.0,0.0,0.0,0.0,0.0,0.16152543668528907,0.0,0.0,0.0,0.1254738788727359,0.0,0.13484274980031843,0.0,0.0,0.0,0.0,0.0,0.0,0.1273592255447799,0.0,0.0,0.14274942704774518,0.09999642132766982,0.0,0.0,0.0,0.0,0.0,0.19817762935983224,0.1303819856672792,0.0,0.0,0.0,0.0,0.0,0.0,0.0,0.0,0.0,0.0,0.14424988851027978,0.0,0.0,0.0,0.0,0.1303819856672792,0.0,0.0,0.0,0.136047979140223,0.0,0.13484274980031843,0.0,0.0,0.0,0.12934653123270085,0.12456627222498216,0.0,0.12281564605191196,0.0,0.0,0.0,0.0,0.0,0.13729407141002245,0.0,0.0,0.0,0.0,0.0,0.1491579953048231,0.0,0.0,0.0,0.0,0.0,0.0,0.0,0.0,0.0,0.0,0.0,0.0,0.0,0.0,0.0,0.0,0.0,0.0,0.0,0.0,0.0,0.0,0.0,0.0,0.0,0.0,0.0,0.23026045153094715,0.0,0.0,0.12934653123270085,0.0,0.0,0.147448096229166,0.0,0.0,0.0,0.139920631500188,0.0,0.0,0.0,0.11954627431920872,0.0,0.0,0.0,0.0,0.0,0.0,0.0,0.0,0.0,0.0,0.11245586826720098,0.0,0.0,0.0,0.0,0.0,0.0,0.0,0.0,0.13858389503733598,0.0,0.0,0.13484274980031843,0.0,0.0,0.0,0.0,0.0,0.0,0.0,0.0,0.139920631500188,0.0,0.0,0.0,0.0,0.0,0.0,0.0,0.0,0.0,0.0,0.0,0.0,0.0,0.0973381885068459,0.0,0.0,0.0,0.0,0.0,0.15095133641780195,0.0,0.0,0.0,0.1273592255447799,0.12281564605191196,0.0,0.0,0.0,0.199079633355086,0.0,0.1273592255447799,0.1273592255447799,0.0,0.0,0.14130782260604102,0.0,0.0,0.0,0.0,0.0,0.0,0.09253708674174721,0.0,0.0,0.0,0.0,0.136047979140223,0.0,0.0,0.0,0.0,0.0,0.0,0.0,0.0,0.0,0.0,0.0,0.0,0.152836683089846,0.0,0.0,0.0,0.0,0.11444317395512194,0.0,0.0,0.0,0.0,0.0,0.16152543668528907,0.15692491496313232,0.0
5,2023-07-02,Sukaaa 올해 지금까지 최고의 독서 중 하나입니다,1,0.0,0.0,0.0,0.0,0.0,0.0,0.0,0.0,0.0,0.0,0.0,0.0,0.0,0.0,0.0,0.0,0.0,0.0,0.0,0.0,0.0,0.0,0.0,0.0,0.0,0.0,0.0,0.0,0.0,0.0,0.0,0.0,0.0,0.0,0.0,0.0,0.0,0.0,0.0,0.0,0.0,0.0,0.0,0.0,0.0,0.0,0.0,0.0,0.0,0.0,0.0,0.0,0.0,0.0,0.0,0.0,0.0,0.0,0.0,0.0,0.0,0.0,0.0,0.0,0.0,0.0,0.0,0.0,0.0,0.0,0.0,0.0,0.0,0.0,0.0,0.0,0.0,0.0,0.0,0.0,0.0,0.0,0.0,0.0,0.0,0.0,0.0,0.0,0.0,0.0,0.0,0.0,0.0,0.0,0.0,0.0,0.0,0.0,0.0,0.0,0.0,0.0,0.0,0.0,0.0,0.0,0.0,0.0,0.0,0.0,0.0,0.0,0.0,0.0,0.0,0.0,0.0,0.0,0.0,0.0,0.0,0.0,0.0,0.0,0.0,0.0,0.0,0.0,0.0,0.0,0.0,0.0,0.0,0.0,0.0,0.0,0.0,0.0,0.0,0.0,0.0,0.0,0.0,0.0,0.0,0.0,0.0,0.0,0.0,0.0,0.0,0.0,0.0,0.0,0.0,0.0,0.0,0.0,0.0,0.0,0.0,0.0,0.0,0.0,0.0,0.0,0.0,0.0,0.0,0.0,0.0,0.0,0.0,0.0,0.0,0.0,0.0,0.0,0.0,0.0,0.0,0.0,0.0,0.0,0.0,0.0,0.0,0.0,0.0,0.0,0.0,0.0,0.0,0.0,0.0,0.0,0.0,0.0,0.0,0.0,0.0,0.0,0.0,0.0,0.0,0.0,0.0,0.0,0.0,0.0,0.0,0.0,0.0,0.0,0.0,0.0,0.0,0.0,0.0,0.0,0.0,0.0,0.0,0.0,0.0,0.0,0.0,0.0,0.0,0.0,0.0,0.0,0.0,0.0,0.0,0.0,0.0,0.0,0.0,0.0,0.0,0.0,0.0,0.0,0.0,0.0,0.0,0.0,0.0,0.0,0.0,0.0,0.0,0.0,0.0,0.0,0.0,0.0,0.0,0.0,0.0,0.0,0.0,0.0,0.0,0.0,0.0,0.0,0.0,0.0,0.0,0.0,0.0,0.0,0.0,0.0,0.0,0.0,0.0,0.0,0.0,0.0,0.0,0.0,0.0,0.0,0.0,0.0,0.0,0.0,0.0,0.0,0.0,0.0,0.0,0.0,0.0,0.0,0.0,0.0
4,2025-05-10,아늑함 부드러움 희망적 전통적이라는 단어들은 이 소설에서 제가 매우 좋아하는 형용사입니다 작가님의 글을 처음 읽어보는데 벌써 2권을 기다리고 있어요 내러티브는 무겁지 않고 유동적이며 각 캐릭터의 어려움과 대비되는 아름다운 순간들로 가득 차 있습니다 이 책은 마치 따뜻한 포옹과도 같아서 달리 분류할 수는 없다 간단하고 신비로움이 가미되어 좋은 느낌을 주는 책을 읽고 싶다면 이 책이 바로 여러분의 책입니다,1,0.0,0.0,0.0,0.0,0.0,0.0,0.2941862694958692,0.0,0.0,0.0,0.0,0.0,0.0,0.0,0.0,0.0,0.0,0.0,0.0,0.0,0.0,0.0,0.0,0.0,0.0,0.0,0.0,0.0,0.0,0.0,0.0,0.0,0.0,0.0,0.0,0.0,0.0,0.0,0.0,0.0,0.0,0.0,0.0,0.0,0.0,0.0,0.0,0.0,0.0,0.0,0.0,0.0,0.0,0.0,0.0,0.0,0.0,0.0,0.0,0.0,0.0,0.0,0.0,0.0,0.0,0.25301541718100234,0.0,0.0,0.0,0.0,0.0,0.0,0.0,0.0,0.0,0.0,0.0,0.0,0.0,0.0,0.0,0.0,0.0,0.0,0.0,0.0,0.0,0.0,0.0,0.0,0.0,0.0,0.0,0.0,0.0,0.0,0.0,0.0,0.2618706886761341,0.0,0.0,0.0,0.0,0.0,0.0,0.0,0.0,0.0,0.0,0.0,0.0,0.0,0.0,0.16558182446190559,0.0,0.0,0.0,0.0,0.0,0.0,0.0,0.0,0.27765805772615326,0.0,0.0,0.0,0.0,0.0,0.0,0.0,0.0,0.0,0.0,0.0,0.0,0.0,0.0,0.0,0.0,0.0,0.0,0.0,0.0,0.0,0.0,0.0,0.0,0.0,0.0,0.0,0.0,0.0,0.0,0.0,0.0,0.0,0.0,0.0,0.0,0.0,0.0,0.0,0.0,0.0,0.23806533403631047,0.0,0.0,0.0,0.233184099882018,0.0,0.0,0.0,0.0,0.0,0.0,0.0,0.0,0.0,0.0,0.0,0.0,0.0,0.0,0.0,0.0,0.0,0.0,0.0,0.0,0.0,0.0,0.0,0.0,0.0,0.0,0.0,0.0,0.0,0.0,0.0,0.0,0.0,0.0,0.0,0.0,0.0,0.0,0.0,0.0,0.0,0.0,0.0,0.0,0.0,0.0,0.0,0.0,0.25955081417856296,0.0,0.0,0.0,0.0,0.0,0.0,0.0,0.0,0.0,0.0,0.0,0.0,0.0,0.16618912289687557,0.0,0.0,0.0,0.0,0.0,0.0,0.0,0.0,0.0,0.0,0.0,0.0,0.0,0.0,0.0,0.0,0.0,0.0,0.24514622204197145,0.0,0.2573045990663717,0.0,0.0,0.1915982913438048,0.0,0.24514622204197145,0.0,0.0,0.0,0.0,0.0,0.0,0.0,0.0,0.0,0.17190297541386332,0.1781191516866862,0.0,0.2364005552678568,0.0,0.2301075354626978,0.0,0.0,0.0,0.0,0.0,0.0,0.0,0.27765805772615326,0.0,0.0,0.0,0.0,0.0,0.0,0.0,0.0,0.0,0.0,0.0,0.0,0.0,0.0,0.0,0.0,0.0,0.0,0.0
4,2025-10-12,두 번째 기회 구원 자기 성장에 관한 기분 좋은 소설입니다,1,0.0,0.0,0.0,0.0,0.0,0.0,0.0,0.0,0.0,0.0,0.0,0.0,0.0,0.0,0.0,0.0,0.0,0.0,0.0,0.0,0.0,0.0,0.0,0.0,0.0,0.0,0.0,0.0,0.0,0.42124568573540644,0.0,0.0,0.0,0.0,0.0,0.0,0.0,0.0,0.0,0.0,0.0,0.0,0.0,0.0,0.0,0.0,0.45367760924126654,0.0,0.0,0.42484031829527347,0.0,0.0,0.0,0.0,0.0,0.0,0.0,0.0,0.0,0.0,0.0,0.0,0.0,0.0,0.0,0.0,0.0,0.0,0.0,0.0,0.0,0.0,0.0,0.0,0.0,0.0,0.0,0.0,0.0,0.0,0.0,0.0,0.0,0.0,0.0,0.0,0.0,0.0,0.0,0.0,0.0,0.0,0.0,0.0,0.0,0.0,0.0,0.0,0.0,0.0,0.0,0.0,0.0,0.0,0.0,0.0,0.0,0.0,0.0,0.0,0.0,0.0,0.0,0.0,0.0,0.0,0.0,0.0,0.0,0.0,0.0,0.0,0.0,0.0,0.0,0.3066688016379877,0.0,0.0,0.0,0.0,0.0,0.0,0.0,0.0,0.0,0.0,0.0,0.0,0.0,0.0,0.0,0.0,0.0,0.0,0.0,0.0,0.0,0.0,0.0,0.0,0.0,0.0,0.0,0.49205225221955423,0.0,0.0,0.0,0.0,0.0,0.0,0.0,0.0,0.0,0.0,0.0,0.0,0.0,0.0,0.0,0.0,0.0,0.0,0.0,0.0,0.0,0.0,0.0,0.0,0.0,0.0,0.0,0.0,0.0,0.0,0.0,0.0,0.0,0.0,0.0,0.0,0.0,0.0,0.0,0.0,0.0,0.0,0.0,0.0,0.0,0.0,0.0,0.0,0.0,0.0,0.0,0.0,0.0,0.0,0.0,0.0,0.0,0.0,0.0,0.0,0.0,0.0,0.0,0.0,0.0,0.0,0.0,0.0,0.0,0.0,0.0,0.0,0.0,0.0,0.0,0.0,0.0,0.0,0.0,0.0,0.0,0.0,0.0,0.0,0.0,0.0,0.0,0.0,0.0,0.0,0.0,0.0,0.0,0.0,0.0,0.0,0.0,0.0,0.0,0.0,0.0,0.31635143473800004,0.0,0.0,0.0,0.0,0.0,0.0,0.0,0.0,0.0,0.0,0.0,0.0,0.0,0.0,0.0,0.0,0.0,0.0,0.0,0.0,0.0,0.0,0.0,0.0,0.0,0.0,0.0,0.0,0.0,0.0,0.0,0.0,0.0,0.0,0.0,0.0,0.0,0.0,0.0,0.0,0.0,0.0,0.0,0.0
4,2025-06-30,무관심하게 느껴졌지만 그 결말은 눈물이 두 번 흘렀습니다 아름다운 읽기,1,0.0,0.0,0.0,0.0,0.0,0.0,0.0,0.0,0.0,0.0,0.0,0.0,0.0,0.0,0.0,0.0,0.0,0.0,0.0,0.0,0.0,0.0,0.0,0.0,0.0,0.0,0.0,0.0,0.0,0.0,0.0,0.0,0.0,0.0,0.0,0.0,0.0,0.0,0.0,0.0,0.0,0.0,0.0,0.0,0.0,0.0,0.0,0.0,0.0,0.0,0.0,0.0,0.0,0.0,0.0,0.0,0.0,0.0,0.0,0.0,0.0,0.0,0.0,0.0,0.0,0.0,0.0,0.0,0.0,0.0,0.0,0.0,0.0,0.0,0.0,0.0,0.0,0.0,0.0,0.0,0.0,0.0,0.0,0.0,0.0,0.0,0.0,0.0,0.0,0.0,0.0,0.0,0.0,0.0,0.0,0.0,0.0,0.0,0.0,0.0,0.0,0.0,0.0,0.0,0.0,0.0,0.0,0.0,0.0,0.0,0.0,0.0,0.0,0.0,0.0,0.0,0.0,0.0,0.0,0.0,0.0,0.0,0.0,0.0,0.0,0.0,0.0,0.0,0.0,0.0,0.0,0.0,0.0,0.0,0.0,0.0,0.0,0.0,0.0,0.0,0.0,0.0,0.0,0.0,0.0,0.0,0.0,0.0,0.0,0.0,0.0,0.0,0.0,0.0,0.0,0.0,0.0,0.0,0.0,0.0,0.0,0.0,0.0,0.0,0.7071067811865476,0.0,0.0,0.0,0.0,0.0,0.0,0.0,0.0,0.0,0.0,0.0,0.0,0.0,0.0,0.0,0.0,0.0,0.0,0.0,0.0,0.0,0.0,0.0,0.0,0.0,0.0,0.0,0.0,0.0,0.0,0.0,0.0,0.0,0.0,0.0,0.0,0.0,0.0,0.0,0.0,0.0,0.0,0.0,0.0,0.0,0.0,0.0,0.0,0.0,0.0,0.0,0.0,0.0,0.7071067811865476,0.0,0.0,0.0,0.0,0.0,0.0,0.0,0.0,0.0,0.0,0.0,0.0,0.0,0.0,0.0,0.0,0.0,0.0,0.0,0.0,0.0,0.0,0.0,0.0,0.0,0.0,0.0,0.0,0.0,0.0,0.0,0.0,0.0,0.0,0.0,0.0,0.0,0.0,0.0,0.0,0.0,0.0,0.0,0.0,0.0,0.0,0.0,0.0,0.0,0.0,0.0,0.0,0.0,0.0,0.0,0.0,0.0,0.0,0.0,0.0,0.0,0.0,0.0,0.0,0.0,0.0,0.0,0.0,0.0,0.0,0.0,0.0,0.0,0.0,0.0,0.0,0.0,0.0,0.0,0.0,0.0
5,2025-07-11,사람들과 그들의 상호작용 그리고 모든 것을 잃은 밑바닥에서 솟아오르는 것에 대한 정말 아름다운 이야기입니다,1,0.0,0.0,0.0,0.0,0.0,0.0,0.0,0.0,0.0,0.0,0.0,0.0,0.0,0.0,0.0,0.0,0.43472088550966137,0.0,0.0,0.2332685433202487,0.0,0.0,0.0,0.0,0.0,0.0,0.0,0.0,0.0,0.0,0.0,0.0,0.0,0.0,0.0,0.0,0.36831771358208765,0.0,0.0,0.0,0.0,0.0,0.263567362027404,0.0,0.0,0.0,0.0,0.0,0.0,0.0,0.0,0.0,0.0,0.0,0.0,0.0,0.0,0.0,0.0,0.0,0.0,0.0,0.0,0.0,0.0,0.0,0.0,0.0,0.0,0.0,0.0,0.0,0.0,0.0,0.0,0.0,0.0,0.23159520238976433,0.0,0.0,0.0,0.0,0.0,0.0,0.0,0.0,0.0,0.0,0.0,0.0,0.0,0.0,0.0,0.0,0.0,0.0,0.0,0.0,0.0,0.0,0.0,0.0,0.0,0.0,0.0,0.0,0.0,0.0,0.0,0.0,0.0,0.0,0.0,0.0,0.0,0.2430063856148595,0.0,0.0,0.0,0.0,0.0,0.0,0.0,0.0,0.0,0.0,0.0,0.0,0.4027487258720217,0.0,0.0,0.0,0.0,0.0,0.0,0.0,0.0,0.0,0.0,0.0,0.0,0.0,0.0,0.0,0.0,0.0,0.0,0.0,0.0,0.0,0.0,0.0,0.0,0.0,0.0,0.0,0.0,0.0,0.0,0.0,0.0,0.0,0.0,0.0,0.33782856660617583,0.0,0.0,0.0,0.0,0.0,0.0,0.0,0.0,0.0,0.0,0.0,0.0,0.0,0.0,0.0,0.0,0.0,0.0,0.0,0.0,0.0,0.0,0.0,0.0,0.0,0.0,0.0,0.0,0.0,0.0,0.0,0.0,0.0,0.0,0.0,0.0,0.0,0.0,0.0,0.0,0.0,0.0,0.0,0.0,0.32869517003676707,0.0,0.0,0.0,0.0,0.0,0.0,0.0,0.0,0.0,0.0,0.0,0.0,0.0,0.0,0.0,0.0,0.0,0.0,0.0,0.0,0.0,0.0,0.0,0.0,0.0,0.0,0.0,0.0,0.0,0.0,0.0,0.0,0.0,0.0,0.0,0.0,0.0,0.0,0.0,0.2332685433202487,0.0,0.0,0.0,0.0,0.0,0.0,0.0,0.0,0.0,0.0,0.0,0.0,0.0,0.0,0.0,0.0,0.0,0.0,0.0,0.0,0.0,0.0,0.0,0.0,0.0,0.0,0.0,0.0,0.0,0.0,0.0,0.0,0.0,0.0,0.0,0.0,0.0,0.0,0.0,0.0,0.0,0.0,0.0,0.0,0.0,0.0,0.0,0.0,0.0,0.0
2,2024-04-10,이 책의 발표를 보고 흥미가 생겼고 줄거리 아이디어가 정말 마음에 들어서 읽고 싶다는 생각이 들었습니다 첫 번째 장은 나에게 정말 흥미로웠고 읽는 것이 즐거웠습니다 나는 가게 주인인 염씨 부인을 좋아했고 독코는 불가사의한 영웅이었고 그의 이야기에 관심이 있었다 나는 그가 과거에 과연 누구였는지 왜 노숙자가 되었는지 궁금했습니다 글쎄요 처음 네 장의 경우는 그랬습니다 그 다음에는 그 책이 훨씬 덜 마음에 들었고 이 소설을 전혀 읽는 데 열중하지 않았습니다 제 생각에는 후속 이야기에서는 흥미로운 일이 일어나지 않았고 정말 지루했습니다 후속 장의 영웅이 완전히 새로운 사람들이라는 사실이 꼭 마음에 들지는 않았습니다 분명히 각각은 나중에 24시간 상점이라는 제목과 관련이 있었지만 예를 들어 작가의 이야기는 내 생각에는 불필요했습니다 아무 흥미로운 일도 일어나지 않았기 때문에 나는 이 책을 3일 동안 옆에 놔두고 전혀 읽지 않았습니다 다음에 무슨 일이 일어날지 조금도 궁금하지 않았기 때문입니다 하지만 백 페이지가 남았고 도크의 과거가 해명될지 알고 싶어서 끝까지 읽었다 마지막 장은 믿을 수 없을 정도로 매우 긍정적인 방식으로 나를 놀라게 했습니다 서술 방식이 3인칭에서 1인칭으로 바뀌었고 마지막 40페이지는 주인공의 눈을 통해 본 주인공의 삶에 대한 이야기다 이 마지막 이야기는 정말 훌륭했고 이 장은 중요한 메시지를 담고 있었기 때문에 이 책에 대한 나의 의견을 확실히 높였습니다 그러나 그럼에도 불구하고 나는 전체 소설에 만족하지 않습니다 왜냐하면 그것은 많은 순간에 상당히 단조롭고 뭔가 다른 더 역동적이고 더 흥미로운 것을 기대하고 있었기 때문입니다 2 25,0,0.0971166836520657,0.0,0.10021379600598612,0.0,0.0,0.0,0.0,0.0,0.0,0.0,0.0,0.0,0.0,0.0,0.0,0.0,0.0,0.0,0.0,0.058693338214059664,0.0706940019378569,0.0,0.0,0.0,0.0,0.0,0.0,0.0,0.0,0.0,0.08753022578153932,0.08500197255900675,0.0,0.0,0.0,0.0,0.0,0.0,0.0,0.09267343048404122,0.0,0.0,0.0,0.0,0.079606781234552,0.0,0.0,0.0,0.0,0.0,0.0,0.0,0.0,0.0,0.20422914107772283,0.08623448282161951,0.08009731022756915,0.0,0.0,0.0,0.0,0.0,0.0,0.10374438523913322,0.0,0.0,0.0,0.06000025633425205,0.0,0.0,0.0,0.0,0.11101165135111468,0.0,0.0,0.0,0.0,0.11654460862264147,0.0,0.0,0.0,0.0,0.0,0.0,0.0,0.0,0.0,0.0,0.0,0.0,0.10021379600598612,0.0,0.0,0.0,0.0,0.08889604215500256,0.0,0.0,0.0,0.0,0.0,0.14872301986207923,0.20042759201197224,0.0,0.2061737412123174,0.0,0.0,0.25148042861608166,0.0,0.0,0.06810080922099057,0.0,0.0,0.059121508623487536,0.0,0.0,0.0,0.10374438523913322,0.0,0.0,0.0,0.0,0.0,0.10938131476606702,0.10374438523913322,0.06631690712118017,0.0,0.08960767933760519,0.0,0.0,0.0,0.0,0.0,0.0,0.0,0.0,0.0,0.0,0.0,0.0,0.08440755808969418,0.0,0.0,0.0,0.0,0.08889604215500256,0.0,0.0,0.0,0.0,0.09616330826698403,0.0,0.0,0.0,0.0,0.0,0.0,0.0,0.0,0.0,0.0,0.0,0.0,0.0,0.0,0.0,0.0,0.0,0.0,0.0,0.08440755808969418,0.29432236713659826,0.0,0.0,0.0,0.0971166836520657,0.0,0.0,0.0,0.0,0.0,0.0,0.0,0.0,0.0,0.0,0.0,0.0,0.08889604215500256,0.0,0.0,0.10251187497652046,0.0,0.0,0.0,0.0,0.0,0.0,0.0,0.0,0.0,0.0,0.0,0.0,0.0,0.15457517895201417,0.0,0.10784984895061507,0.0,0.0,0.0,0.0,0.0,0.0,0.0,0.18700349786720197,0.0,0.09267343048404122,0.0,0.16325755208604217,0.0,0.0,0.0,0.0,0.0,0.0,0.0,0.0,0.0,0.0,0.0,0.0,0.0,0.0,0.0,0.0,0.0,0.0,0.0,0.10251187497652046,0.0,0.0,0.2830744537959058,0.0,0.0,0.1821881513013507,0.0,0.0,0.0,0.23477335285623865,0.0,0.0,0.0,0.0,0.0,0.0,0.0,0.0,0.0,0.0,0.0,0.0,0.0981074557121994,0.0,0.0,0.0,0.09350174893360098,0.0,0.06359800054549726,0.08623448282161951,0.08440755808969418,0.0,0.0,0.0,0.0,0.0,0.0,0.0,0.0,0.0,0.0,0.08440755808969418,0.0,0.0,0.0,0.0,0.0,0.0,0.0,0.0,0.07641641868473076,0.0,0.0,0.0,0.0,0.0,0.09435815126530193,0.11101165135111468,0.3235495468518452,0.0
3,2024-04-11,읽기 쉽고 기분이 좋습니다 우리의 삶은 끝없는 문제 해결입니다 어느 순간 우리는 에너지를 충전하고 어딘가로 탈출하고 있을지도 모릅니다 나와서 문제와 싸우기 위해 누가 그것을 다른 관점에서 볼 것인가 가게에는 이만큼의 이야기가 있을 것이다,0,0.0,0.0,0.0,0.0,0.0,0.0,0.0,0.0,0.0,0.0,0.0,0.0,0.0,0.0,0.0,0.0,0.0,0.0,0.0,0.0,0.0,0.0,0.0,0.0,0.0,0.0,0.0,0.36940856174110265,0.0,0.0,0.0,0.0,0.2716324672926885,0.0,0.0,0.0,0.0,0.0,0.0,0.0,0.0,0.0,0.0,0.0,0.0,0.0,0.0,0.3495373882907616,0.0,0.0,0.0,0.0,0.0,0.0,0.0,0.0,0.0,0.0,0.0,0.0,0.0,0.0,0.0,0.0,0.0,0.0,0.0,0.1996601989680336,0.0,0.0,0.0,0.0,0.0,0.0,0.0,0.0,0.0,0.0,0.0,0.0,0.0,0.0,0.0,0.0,0.0,0.0,0.0,0.0,0.0,0.0,0.0,0.0,0.0,0.0,0.0,0.0,0.0,0.0,0.0,0.0,0.0,0.0,0.0,0.0,0.0,0.0,0.0,0.0,0.0,0.0,0.0,0.0,0.0,0.0,0.0,0.0,0.0,0.0,0.0,0.0,0.0,0.0,0.0,0.0,0.0,0.0,0.0,0.0,0.0,0.0,0.0,0.0,0.0,0.0,0.0,0.0,0.0,0.0,0.0,0.0,0.0,0.0,0.0,0.0,0.0,0.0,0.0,0.0,0.0,0.0,0.0,0.0,0.0,0.0,0.0,0.3452256017585875,0.0,0.0,0.0,0.0,0.0,0.0,0.0,0.0,0.0,0.0,0.0,0.0,0.0,0.0,0.0,0.0,0.0,0.0,0.0,0.0,0.0,0.0,0.0,0.3264678407142585,0.0,0.0,0.0,0.0,0.0,0.0,0.0,0.0,0.0,0.0,0.0,0.0,0.0,0.0,0.27340224650690087,0.0,0.0,0.2461462035646,0.0,0.0,0.0,0.0,0.0,0.0,0.24744950731017334,0.0,0.0,0.0,0.0,0.0,0.0,0.0,0.0,0.0,0.0,0.0,0.0,0.0,0.28285730412985216,0.0,0.0,0.0,0.0,0.0,0.0,0.0,0.0,0.0,0.0,0.0,0.0,0.0,0.0,0.0,0.35408235502157515,0.0,0.0,0.0,0.0,0.0,0.0,0.0,0.0,0.0,0.0,0.0,0.0,0.0,0.0,0.0,0.0,0.0,0.0,0.0,0.0,0.0,0.0,0.0,0.0,0.0,0.0,0.0,0.0,0.0,0.0,0.0,0.0,0.0,0.0,0.0,0.0,0.0,0.0,0.0,0.0,0.0,0.0,0.0,0.0,0.0,0.0,0.0,0.0,0.0,0.0,0.0,0.0,0.0,0.0,0.0,0.0,0.0,0.0,0.0,0.0,0.0,0.0,0.0,0.0,0.0
3,2026-03-14,귀여운 책이었는데 잃어버렸으니 이제 도서관에 돈을 내야지 신은 알겠지,0,0.0,0.0,0.0,0.0,0.0,0.0,0.0,0.0,0.0,0.0,0.0,0.0,0.0,0.0,0.0,0.0,0.0,0.0,0.0,0.0,0.0,0.0,0.0,0.0,0.0,0.0,0.0,0.0,0.0,0.0,0.0,0.0,0.0,0.0,0.0,0.0,0.0,0.0,0.0,0.0,0.0,0.0,0.0,0.0,0.0,0.0,0.0,0.0,0.0,0.0,0.0,0.0,0.0,0.0,0.0,0.0,0.0,0.0,0.0,0.0,0.0,0.0,0.0,0.0,0.0,0.0,0.0,0.0,0.0,0.0,0.0,0.0,0.0,0.0,0.0,0.0,0.0,0.0,0.0,0.0,0.0,0.0,0.0,0.0,0.0,0.0,0.0,0.0,0.0,0.0,0.0,0.0,0.0,0.0,0.0,0.0,0.0,0.0,0.0,0.0,0.0,0.0,0.0,0.0,0.0,0.0,0.0,0.0,0.0,0.0,0.0,0.0,0.0,0.0,0.0,0.0,0.0,0.0,0.0,0.0,0.0,0.0,0.0,0.0,0.0,0.0,0.0,0.0,0.0,0.0,0.0,0.0,0.0,0.0,0.0,0.0,0.0,0.0,0.0,0.0,0.0,0.0,0.0,0.0,0.0,0.0,0.0,0.0,0.0,0.0,0.0,0.0,0.0,0.0,0.0,0.0,0.0,0.0,0.0,0.0,0.0,0.0,0.0,0.0,0.0,0.0,0.0,0.0,0.0,0.0,0.0,0.0,0.0,0.0,0.0,0.0,0.0,0.0,0.0,0.0,0.0,0.0,0.0,0.0,0.0,0.0,0.0,0.0,0.0,0.0,0.0,0.0,0.0,0.0,0.0,0.0,0.0,0.0,0.0,0.0,0.0,0.0,0.0,0.0,0.0,0.0,0.0,0.0,0.0,0.0,0.0,0.0,0.0,0.0,0.0,0.0,0.0,0.0,0.0,0.0,0.0,0.0,0.0,0.0,0.0,0.0,0.0,0.0,0.0,0.0,0.0,0.0,0.0,0.0,0.0,0.0,0.0,0.0,0.0,0.0,0.0,0.0,0.0,0.0,0.0,0.0,0.0,0.0,0.0,0.0,0.0,0.0,0.0,0.0,0.0,0.0,0.0,0.0,0.0,0.0,0.0,0.0,0.0,0.0,0.0,0.0,0.0,0.0,0.0,0.0,0.0,0.0,0.0,0.0,0.0,0.0,0.0,0.0,0.0,0.0,0.0,0.0,0.0,0.0,0.0,0.0,0.0,0.0,0.0,0.0,0.0,0.0,0.0,0.0,0.0,0.0,0.0,0.0,0.0,0.0
5,2025-06-28,코어타임이 백만번이길 바랍니다 이 책은 세상에서 당신에게 필요하고 보고 싶은 희망의 전부였습니다 나는 이 책의 구성 방식이 마음에 들었고 정말 예외적이라고 생각합니다 FMC 편의점 주인 는 많은 사람들의 삶에 정말 신의 선물이었고 정말 감동적이었습니다 나는 MMC를 너무나 사랑했고 그녀가 그의 삶에 대한 그의 관점을 우리에게 제공하면서 그가 어떻게 자신이 되었는지에 대한 많은 뒷이야기를 제공하면서 이야기를 마무리한 방식을 좋아합니다 나는 이 책이 이렇게 무서운 세상에서 희망을 주는 데 확실히 도움이 되었을 뿐만 아니라 결코 자신을 무시하지 않는 모습을 보여주는데도 도움이 되었다고 생각합니다,1,0.0,0.0,0.0,0.0,0.0,0.0,0.0,0.0,0.0,0.0,0.0,0.0,0.0,0.0,0.0,0.0,0.0,0.0,0.0,0.0,0.0,0.0,0.0,0.0,0.0,0.0,0.0,0.0,0.18132436985628134,0.0,0.14297024537556602,0.0,0.0,0.0,0.0,0.0,0.0,0.0,0.0,0.0,0.0,0.0,0.0,0.0,0.2600564763780905,0.0,0.0,0.0,0.0,0.0,0.0,0.0,0.0,0.0,0.2501880649114124,0.0,0.0,0.0,0.0,0.0,0.0,0.0,0.0,0.0,0.0,0.0,0.0,0.0,0.0,0.0,0.0,0.0,0.0,0.0,0.0,0.0,0.0,0.19036179951785942,0.0,0.0,0.0,0.33104300702004336,0.0,0.0,0.0,0.0,0.0,0.0,0.0,0.0,0.0,0.0,0.0,0.0,0.0,0.0,0.0,0.0,0.0,0.0,0.0,0.0,0.0,0.0,0.11225345343254099,0.0,0.0,0.0,0.0,0.0,0.22246919433065362,0.0,0.0,0.0,0.0,0.0,0.0,0.0,0.0,0.0,0.0,0.0,0.0,0.0,0.16945415234041772,0.0,0.0,0.0,0.0,0.0,0.0,0.0,0.12481715924446013,0.0,0.0,0.0,0.0,0.0,0.0,0.0,0.2757394759098425,0.0,0.0,0.0,0.0,0.0,0.3082457041355011,0.0,0.0,0.0,0.0,0.0,0.0,0.0,0.0,0.0,0.0,0.0,0.0,0.0,0.15137106042851364,0.0,0.13786973795492125,0.0,0.0,0.0,0.0,0.0,0.0,0.1586285876429836,0.0,0.0,0.0,0.0,0.0,0.0,0.0,0.0,0.0,0.0,0.0,0.1255225026138122,0.0,0.0,0.0,0.0,0.0,0.0,0.0,0.0,0.0,0.0,0.0,0.0,0.0,0.0,0.0,0.0,0.0,0.0,0.0,0.0,0.0,0.0,0.0,0.0,0.10879237067573748,0.0,0.0,0.0,0.0,0.0,0.0,0.0,0.0,0.0,0.0,0.0,0.0,0.0,0.0,0.0,0.0,0.0,0.0,0.0,0.0,0.0,0.0,0.0,0.0,0.0,0.0,0.0,0.0,0.0,0.16024689632759853,0.0,0.15137106042851364,0.0,0.0,0.0,0.0,0.0,0.0,0.0,0.0,0.0,0.0,0.2876058261514845,0.0,0.0,0.0,0.16368735344921884,0.0,0.0,0.0,0.14297024537556602,0.0,0.17380149393102579,0.0,0.0,0.0,0.0,0.0,0.0,0.0,0.10025449452572881,0.0,0.14085380288647936,0.13786973795492125,0.0,0.0,0.0,0.0,0.0,0.0,0.0,0.0,0.0,0.0,0.0,0.0,0.13082945913722976,0.0,0.0,0.0,0.0,0.0,0.0,0.0,0.0,0.0,0.0,0.0,0.0,0.15412285206775056,0.0,0.0,0.0
3,2025-05-05,3 5 정도였지만 엔딩이나 일부 구절이 제 취향에 비해 너무 단순해서 조금 아쉬웠어요 일요일 설교 느낌이 조금 있을 때도 있었습니다 그 외에는 모든 캐릭터가 만나는 미니 마켓 설정이 너무 마음에 들었고 약간의 연극이었습니다 어떤 이야기들은 감동을 주기도 했지만 정말 작가님이 재능이 있으신 것 같은 분위기에요 정말 추운 밤 편의점 테이블에 앉아 뜨거운 라면을 먹으며 신비한 독고와 대화를 나누는 듯한 느낌이 듭니다,0,0.0,0.0,0.0,0.0,0.0,0.0,0.0,0.0,0.0,0.0,0.26408493226141355,0.0,0.0,0.0,0.20822511389577614,0.0,0.0,0.0,0.0,0.0,0.0,0.0,0.0,0.0,0.0,0.0,0.0,0.0,0.0,0.0,0.0,0.0,0.0,0.0,0.0,0.0,0.0,0.0,0.0,0.0,0.0,0.0,0.0,0.0,0.0,0.0,0.0,0.0,0.0,0.0,0.0,0.0,0.0,0.0,0.0,0.0,0.0,0.0,0.0,0.0,0.0,0.3413210814971038,0.0,0.0,0.0,0.0,0.422948492074222,0.0,0.0,0.0,0.0,0.0,0.0,0.0,0.0,0.0,0.0,0.0,0.0,0.0,0.0,0.0,0.0,0.0,0.0,0.0,0.0,0.0,0.0,0.0,0.0,0.0,0.0,0.0,0.0,0.0,0.0,0.0,0.0,0.0,0.0,0.0,0.0,0.0,0.16348848017141143,0.0,0.0,0.0,0.0,0.0,0.0,0.0,0.0,0.0,0.0,0.1454539029509864,0.0,0.0,0.0,0.0,0.0,0.0,0.0,0.0,0.0,0.0,0.0,0.0,0.0,0.0,0.0,0.0,0.0,0.0,0.0,0.0,0.0,0.0,0.0,0.0,0.0,0.0,0.0,0.0,0.0,0.0,0.0,0.0,0.0,0.0,0.0,0.0,0.0,0.0,0.0,0.0,0.0,0.0,0.0,0.0,0.0,0.0,0.0,0.0,0.0,0.0,0.0,0.0,0.0,0.0,0.0,0.0,0.0,0.0,0.0,0.0,0.0,0.0,0.0,0.0,0.1882313925066478,0.0,0.0,0.0,0.0,0.0,0.0,0.0,0.0,0.0,0.0,0.0,0.0,0.0,0.0,0.0,0.0,0.0,0.0,0.0,0.0,0.0,0.0,0.0,0.0,0.0,0.0,0.0,0.0,0.0,0.0,0.0,0.0,0.24106927864631517,0.0,0.0,0.0,0.0,0.0,0.0,0.0,0.0,0.0,0.0,0.0,0.0,0.0,0.0,0.0,0.0,0.0,0.0,0.24106927864631517,0.0,0.25312844483114266,0.0,0.0,0.0,0.0,0.0,0.0,0.0,0.0,0.0,0.0,0.0,0.0,0.0,0.0,0.2792504400719473,0.0,0.40159323799202973,0.0,0.0,0.0,0.0,0.0,0.0,0.0,0.0,0.0,0.0,0.0,0.0,0.0,0.0,0.0,0.0,0.0,0.0,0.0,0.0,0.0,0.0,0.0,0.0,0.0,0.0,0.22876230053904978,0.0,0.0,0.0,0.0,0.1905429969586398,0.0,0.0,0.0,0.0,0.0,0.0,0.0,0.0,0.0,0.0,0.0,0.0,0.0,0.0,0.0,0.0
5,2026-05-09,기대했던 것보다 더 재미있었어요 다양한 이야기와 관점이 읽는 재미가 쏠쏠했습니다 매우 건전하다,1,0.0,0.0,0.0,0.0,0.0,0.0,0.0,0.0,0.0,0.0,0.0,0.0,0.0,0.0,0.0,0.0,0.0,0.0,0.0,0.0,0.0,0.0,0.0,0.0,0.0,0.0,0.0,0.0,0.0,0.0,0.0,0.0,0.0,0.0,0.0,0.0,0.0,0.0,0.0,0.0,0.0,0.0,0.0,0.0,0.0,0.0,0.0,0.0,0.0,0.0,0.0,0.0,0.0,0.0,0.0,0.0,0.0,0.0,0.0,0.0,0.0,0.0,0.0,0.0,0.0,0.0,0.0,0.0,0.0,0.0,0.6198159126323324,0.0,0.0,0.0,0.0,0.0,0.0,0.0,0.0,0.0,0.0,0.0,0.0,0.0,0.0,0.0,0.0,0.0,0.0,0.0,0.0,0.0,0.0,0.0,0.0,0.0,0.0,0.0,0.0,0.0,0.0,0.0,0.0,0.0,0.0,0.0,0.0,0.0,0.0,0.0,0.0,0.0,0.0,0.460318219822237,0.0,0.0,0.0,0.0,0.0,0.0,0.0,0.0,0.0,0.0,0.0,0.0,0.0,0.0,0.0,0.0,0.0,0.0,0.0,0.0,0.0,0.0,0.0,0.0,0.0,0.0,0.0,0.0,0.0,0.0,0.0,0.0,0.0,0.0,0.0,0.0,0.0,0.0,0.0,0.0,0.0,0.0,0.0,0.0,0.0,0.0,0.0,0.0,0.0,0.0,0.0,0.0,0.0,0.0,0.0,0.0,0.0,0.0,0.0,0.0,0.0,0.0,0.0,0.0,0.0,0.0,0.0,0.0,0.0,0.0,0.0,0.0,0.0,0.0,0.0,0.0,0.0,0.0,0.0,0.0,0.0,0.0,0.0,0.0,0.0,0.0,0.0,0.0,0.0,0.0,0.0,0.0,0.0,0.0,0.0,0.0,0.0,0.0,0.0,0.0,0.0,0.0,0.0,0.0,0.0,0.635559101065696,0.0,0.0,0.0,0.0,0.0,0.0,0.0,0.0,0.0,0.0,0.0,0.0,0.0,0.0,0.0,0.0,0.0,0.0,0.0,0.0,0.0,0.0,0.0,0.0,0.0,0.0,0.0,0.0,0.0,0.0,0.0,0.0,0.0,0.0,0.0,0.0,0.0,0.0,0.0,0.0,0.0,0.0,0.0,0.0,0.0,0.0,0.0,0.0,0.0,0.0,0.0,0.0,0.0,0.0,0.0,0.0,0.0,0.0,0.0,0.0,0.0,0.0,0.0,0.0,0.0,0.0,0.0,0.0,0.0,0.0,0.0,0.0,0.0,0.0,0.0,0.0,0.0,0.0,0.0,0.0
3,2025-06-06,솔직한 리뷰를 대가로 무료 e ARC를 제공해주신 Harper Perennial과 NetGalley에게 감사드립니다 너무 귀엽네요 THE SECOND CHANCE CONVENIENCE STORE는 포옹 같은 느낌의 이야기 좋아하는 동네 카페에서 좋아하는 음료를 마시는 따뜻한 이야기 등 아시아의 새로운 트렌드인 아늑한 힐링 소설의 최신작입니다 산뜻하고 마음이 따뜻해지지만 특별히 깊지는 않습니다 꼭 그래야 하는 것은 아닙니다 이 책은 표지부터 전제까지 모든 것이 귀엽고 귀엽습니다 참고 이런 표지가 있는 책은 너무 부러워요 다 모아서 표지가 바깥쪽으로 보이게 벽에 걸어두고 싶어요 고귀한 노숙인 남자가 도둑에게서 잃어버린 여자의 지갑을 구하자 그녀는 그를 자신의 24시간 편의점에서 일하도록 초대합니다 그곳에서 등장인물들이 이야기 속으로 들어와 그 남자와 상호작용하며 그 과정에서 자신과 공동체 세계에 대해 뭔가를 배웁니다 이 장르의 대부분의 소설과 마찬가지로 SECOND CHANCE에도 에피소드적인 느낌이 있습니다 각 장은 한 캐릭터에 초점을 맞추고 그 캐릭터는 후속 챕터 에피소드 에서 보조 캐릭터가 됩니다 이들 캐릭터의 대부분은 매우 단순한 원호를 갖고 있으며 마지막에는 구원이나 깨달음을 얻습니다 흥미롭게도 적어도 나에게는 SECOND CHANCE는 일종의 동화 같은 느낌을 줍니다 특히 우리가 잘 알지 못하지만 차분하고 가치 중심적인 존재가 주변 사람들에게 긍정적인 영향을 미치는 신비한 노숙자에 관해서는 더욱 그렇습니다 마지막에는 남자의 관점에서 일을 묶는 좋은 부분이 있습니다 나는 그것이 그다지 필요하다고 생각하지 않았지만 그게 전부입니다 포근한 힐링 소설을 좋아한다면 THE SECOND CHANCE CONVENIENCE STORE를 놓치지 마세요 나처럼 이런 이야기를 소량만 즐길 수 있다면 연남동 스마일 빨래방 보다는 더 재미있게 읽었지만 현암동 책방에 오신 것을 환영합니다보다는 조금 덜 즐겼다고 말하고 싶습니다,0,0.11277090545691501,0.25781120129643725,0.0,0.0,0.0,0.0,0.0,0.0,0.0,0.0,0.0,0.12046692514133447,0.0,0.0,0.2032784161287089,0.0,0.0,0.0,0.08634782913417932,0.06815410746933669,0.08208915614815121,0.0,0.0,0.0,0.0,0.0,0.0,0.12890560064821863,0.0,0.0,0.0,0.0,0.0,0.10242147677350903,0.10242147677350903,0.0,0.0,0.0,0.0,0.0,0.0,0.10405152600759851,0.0,0.0,0.0,0.0,0.0,0.0,0.0,0.0,0.0,0.0,0.0,0.0,0.05928720044265268,0.0,0.0,0.12701247038489494,0.0,0.0,0.0,0.16660624537537272,0.0,0.0,0.0,0.10490182722843046,0.10322518014794765,0.0,0.0,0.0,0.0,0.10761144506257556,0.0,0.0,0.0,0.0,0.0,0.0,0.08873396828216866,0.0,0.0,0.0,0.0,0.0,0.0,0.0,0.0,0.0,0.12701247038489494,0.0,0.0,0.0,0.0,0.0,0.10087726033844135,0.0,0.0,0.0,0.10857328002286082,0.0,0.0,0.0,0.0,0.0,0.0,0.0,0.0954040714119784,0.0,0.0,0.0,0.0,0.0,0.0,0.0686512945946099,0.0,0.0709992144041162,0.0,0.0,0.0,0.0,0.0,0.0,0.0,0.0,0.0,0.0,0.0,0.0,0.0,0.11166385565483182,0.0,0.0,0.0,0.0,0.0,0.0,0.0,0.0,0.0,0.0,0.0,0.0,0.0,0.0,0.0,0.10322518014794765,0.0,0.0,0.0,0.0,0.11166385565483182,0.12355750077330545,0.0,0.0,0.0,0.0,0.0,0.0,0.0,0.1176711594093343,0.0,0.12046692514133447,0.0,0.1176711594093343,0.0,0.0,0.0,0.0,0.0,0.0,0.09801319809564457,0.0,0.0,0.0,0.0,0.0,0.0,0.0,0.0,0.0,0.0,0.0,0.0,0.0,0.0,0.0,0.0,0.0,0.0,0.0,0.11166385565483182,0.0,0.0,0.10013460451597667,0.0,0.0,0.0,0.0,0.0,0.0,0.0,0.0,0.22554181091383002,0.28076717781724864,0.0,0.0,0.07734175995766615,0.0,0.0,0.0,0.0,0.0,0.0,0.0,0.11059707125115897,0.0,0.0,0.0,0.0,0.0,0.0,0.0,0.0,0.1176711594093343,0.0,0.06402228876649642,0.0,0.0,0.0,0.12890560064821863,0.0,0.13780616890156394,0.0,0.10490182722843046,0.0,0.0,0.0,0.08169541415394255,0.0,0.0,0.0,0.12890560064821863,0.10956772570149759,0.11636724082710426,0.0,0.0,0.0,0.0,0.0,0.0,0.0,0.09801319809564457,0.21336029951907426,0.0,0.0,0.07943788991100036,0.0,0.0,0.10163920806435445,0.0,0.12197152868971227,0.0,0.0,0.10405152600759851,0.0,0.0,0.0,0.14254416926710675,0.0,0.0,0.0,0.0,0.0,0.0,0.0,0.12046692514133447,0.0,0.0,0.11166385565483182,0.12523414785378825,0.11511882526642128,0.0,0.10577751429086064,0.0,0.11636724082710426,0.0,0.0,0.0,0.0,0.10322518014794765,0.0,0.0,0.0,0.0,0.0,0.0,0.0,0.0,0.0,0.23807149351608625
5,2024-02-21,동양 문학에는 가장 단순한 것 때로는 가장 복잡하다고 믿는 일상생활을 이야기하는 황홀한 방식이 담겨 있습니다 세상의 이야기는 인간미가 가득하고 독자의 신경총을 강타하고 마음과 정신을 뒤흔드는 교훈으로 가득 차 있습니다 나는 한국에서 우리나라에 상륙한 문학적 현상을 젊은 김호연 작가의 염부인의 놀라운 가게 라는 제목으로 23개 언어로 번역된 소설로 이제 막 읽었다 이야기는 서울의 한 동네 특히 독고라는 노숙자가 지갑을 발견하고 주인에게 돌려달라고 연락하는 기차역에서 시작됩니다 주인은 퇴직한 교사이자 역 근처에 있는 올웨이즈라는 24시간 서비스 가게의 주인이기도 한 염 여사이다 노숙인 남자의 친절한 몸짓 덕분에 두 인물이 만나자 여자는 그에게 보상을 하기로 하고 그에게 음식을 주는 것 외에도 빈자리가 생긴 야간 근무를 제안하게 된다 이상한 인물은 자신의 삶 지역 사회 동료 및 고객과 함께 자신의 자리를 마련할 것입니다 그의 독특한 존재방식 그의 조언 그의 몸짓과 지성은 그가 기억을 잃고 노숙자가 되기 전에 누군가여야만 했던 사람임을 나타냅니다 그러나 그 신비한 존재는 누구입니까 그 사람에게 무슨 일이 일어나서 그런 상태로 살게 되었나요 소설은 인간에 대한 신뢰의 중요성 그에 따라 행동하는 것의 중요성 자기 개선과 우리 내면에 있는 용서의 능력에 대해 생각해 볼 이유를 제공하는 감미로운 읽기입니다 이 소설은 종종 자존심 시기심 진실에 눈이 먼 탓에 우리가 때로 쌓아올린 벽을 무너뜨리고 우리를 불행 속에 가두고 행복에서 멀어지게 하는 것을 방해합니다 그러니 즐거운 시간을 보내고 싶다면 이상한 독고씨와 매력적인 염씨를 만나고 희망의 문을 열고 그 페이지에서 증류되는 옥수수 실크차의 맛을 즐길 준비를 하고 TheAmazingTiendaDeLaSe oraYeom에 들어가시기 바랍니다,1,0.12619114641381823,0.0,0.13021546174066584,0.0,0.0,0.0,0.13648668486643695,0.2008513708000868,0.0,0.0,0.0,0.0,0.0,0.0,0.0,0.0,0.0,0.0,0.0,0.07626475037616892,0.0,0.08730916092064202,0.0,0.0,0.0,0.0,0.0,0.0,0.0,0.0,0.1137347273595648,0.0,0.0,0.0,0.0,0.0,0.0,0.0,0.0,0.1204176872099535,0.1332015317848219,0.0,0.0,0.24521354794848693,0.3103175667208383,0.13826139470491916,0.0,0.0,0.12747853244679871,0.0,0.0,0.0,0.0,0.0,0.06634264184730294,0.0,0.0,0.0,0.0,0.0,0.0,0.0,0.0,0.26960605356388856,0.1316745524525406,0.0,0.0,0.0,0.0,0.0,0.0,0.1204176872099535,0.0,0.0,0.0,0.0,0.0,0.07571766877424708,0.09929370645740108,0.14651057374434331,0.0,0.0,0.0,0.0,0.0,0.0,0.0,0.0,0.14212752111708984,0.0,0.0,0.0,0.0,0.1204176872099535,0.0,0.0,0.0,0.0,0.0,0.0,0.1137347273595648,0.0,0.0,0.0,0.0,0.0,0.0,0.0,0.0,0.0,0.0,0.0,0.0,0.0,0.0,0.0,0.0,0.13480302678194428,0.0,0.0,0.0,0.0,0.0,0.0,0.13480302678194428,0.0,0.0,0.0,0.0,0.0,0.0,0.0,0.0,0.0,0.1316745524525406,0.0,0.0,0.0,0.0,0.0,0.0,0.0,0.0,0.0,0.0,0.0,0.0,0.0,0.0,0.2347712255253194,0.0,0.0,0.0,0.0,0.0,0.0,0.1401375702695318,0.0,0.0,0.0,0.0,0.0,0.0,0.0,0.0,0.0,0.0,0.0,0.0,0.0,0.0,0.0,0.0,0.0,0.0,0.0,0.0,0.11836551049301919,0.0,0.0,0.0,0.0,0.0,0.0,0.0,0.0,0.0,0.0,0.0,0.0,0.0,0.0,0.11836551049301919,0.11205106927507216,0.0,0.0,0.0,0.0,0.0,0.0,0.0,0.0,0.0,0.0,0.0,0.2008513708000868,0.0,0.0,0.0,0.0,0.0,0.0,0.0,0.0,0.0,0.12149398482242288,0.0,0.0,0.0,0.0,0.0,0.0,0.0,0.0,0.0,0.14328245362129086,0.0,0.0,0.0,0.0,0.0,0.15420571792099846,0.0,0.0,0.0,0.0,0.0,0.1828350659608104,0.0,0.1332015317848219,0.0,0.0,0.0,0.0,0.0,0.0,0.0,0.0,0.0,0.0,0.0,0.0,0.0,0.0,0.0,0.0,0.0,0.1137347273595648,0.0,0.0,0.0,0.0,0.0,0.11643412190232562,0.0,0.0,0.0,0.0,0.0,0.0,0.0,0.0,0.0,0.0,0.0,0.0,0.13826139470491916,0.0,0.0,0.0,0.0,0.0,0.11836551049301919,0.0,0.0,0.0,0.0,0.0,0.240835374419907,0.11550943719804706,0.0,0.0,0.11643412190232562,0.0,0.0,0.0,0.0,0.0,0.0,0.0
4,2026-01-01,결국 인생은 관계로 귀결되고 관계는 소통으로 귀결됩니다 행복은 멀리 있지 않다는 것을 깨달았습니다 주변 사람들과 마음과 생각을 나누는 데 있었습니다 이 책은 서울의 한 작은 편의점에서 일하는 사람들의 이야기를 다룬다 사람들이 선하다는 증거를 보여 주기도 전에 사람들에게서 가장 좋은 점을 종종 보는 주인이 있습니다 연령 경험 관점이 다양한 정규 직원이 있습니다 그리고 최근 주인이 고용한 노숙자가 있는데 처음에는 다른 사람들이 그를 신뢰하지 않습니다 나는 이 책이 주로 상점에서 일하는 노숙자 고객 및 다른 노동자들과의 상호 작용에 관한 것이기 때문에 이 책이 얼마나 낙인을 찍을 수 있는지 또는 스펙트럼의 반대편에 있는 싸구려적이고 멍청한 것에 대해 약간 걱정했음을 인정합니다 하지만 이야기가 진행되면서 주인공들의 성장하는 모습을 볼 수 있게 되면서 그런 걱정은 싹 사라졌습니다 투쟁의 주제와 그 투쟁을 혼자서 다룰 때 누군가가 겪을 수 있는 어두운 길 만성 알코올 중독으로 인한 피해 역기능적인 가족 상황 판단 없는 열린 의사소통의 필요성 연결과 소속감의 중요성 동정심의 힘과 작은 친절의 행동이 가져올 수 있는 파급 효과 그리고 구원을 향해 노력하기에 너무 늦지 않았다는 사실 등이 있습니다 이 책은 지금까지 읽었던 힐링소설들에 비해 어두운 느낌이 들었지만 그래도 즐거웠다,1,0.0,0.0,0.0,0.0,0.0,0.0,0.0,0.11325399787796102,0.0,0.0,0.0,0.0,0.0,0.0,0.0,0.0,0.16028279927465447,0.0,0.0,0.08600676054994721,0.0,0.0,0.0,0.0,0.12368730179819767,0.0,0.0,0.0,0.0,0.13348544469276158,0.0,0.0,0.0,0.0,0.0,0.0,0.0,0.0,0.0,0.0,0.15021660980461538,0.131307341765402,0.1943560385126686,0.0,0.0,0.0,0.0,0.0,0.0,0.0,0.0,0.0,0.0,0.0,0.07481720825765485,0.0,0.0,0.0,0.0,0.0,0.0,0.10512399020537634,0.11665244438511169,0.15202267874288705,0.0,0.0,0.13026453843158375,0.17584372729507888,0.0,0.0,0.11665244438511169,0.0,0.0,0.0,0.0,0.0,0.0,0.0,0.11197742067306346,0.0,0.0,0.0,0.0,0.0,0.0,0.0,0.0,0.0,0.0,0.0,0.0,0.0,0.0,0.0,0.0,0.0,0.0,0.0,0.0,0.0,0.0,0.10896624341669182,0.0,0.0,0.0,0.0,0.0,0.0,0.0,0.0,0.0,0.0,0.0,0.0,0.0,0.0,0.0,0.0,0.0,0.0,0.0,0.0,0.0,0.0,0.0,0.0,0.0,0.0,0.14849457511429695,0.0,0.0,0.0,0.11197742067306346,0.271599530287879,0.0,0.0,0.0,0.0,0.0,0.0,0.0,0.0,0.0,0.0,0.15803865338539486,0.0,0.0,0.0,0.0,0.0,0.0,0.0,0.0,0.0,0.0,0.0,0.0,0.0,0.0,0.0,0.0,0.0,0.0,0.0,0.0,0.0,0.0,0.0,0.0,0.0,0.12368730179819767,0.0,0.0,0.0,0.0,0.0,0.15392140622847772,0.0,0.142310722314093,0.0,0.0,0.0,0.0,0.13026453843158375,0.142310722314093,0.0,0.0,0.0,0.0,0.0,0.0,0.0,0.0,0.0,0.0,0.0,0.0,0.0,0.0,0.0,0.0,0.0,0.0,0.0,0.10896624341669182,0.0,0.0976010760933706,0.0,0.0,0.0,0.14091368593902973,0.0,0.0,0.0,0.0,0.0,0.0,0.0,0.0,0.0,0.0,0.0,0.0,0.0,0.0,0.24237789317145714,0.14091368593902973,0.0,0.0,0.0,0.0,0.2608557857577739,0.14849457511429695,0.0,0.0,0.0,0.0,0.0,0.0,0.0,0.19605804773843272,0.0,0.0,0.0,0.0,0.0,0.0,0.16028279927465447,0.0,0.0,0.0,0.0,0.0,0.0,0.0,0.10024627758851304,0.0,0.0,0.12826312829949638,0.0,0.0,0.0,0.0,0.0,0.0,0.0,0.0,0.179882954808894,0.0,0.0,0.24737460359639535,0.0,0.0,0.13701354832135168,0.0,0.0,0.0,0.0,0.0,0.0,0.0,0.0,0.0,0.0,0.14684910109310254,0.0,0.0,0.0,0.0,0.0,0.11197742067306346,0.0,0.0,0.0,0.0,0.16522574022615072,0.0,0.0,0.0,0.0
4,2024-04-07,생각해보면 가족도 인생의 길에서 만나는 손님이 아닌가 귀한 손님이든 뜻밖의 손님이든 손님처럼 대해야 상처를 주고 상처받지 않는다 결국 인생은 관계이고 관계는 소통이다 행복은 멀리 있지 않고 주변 사람들과 마음을 나누면 된다는 걸 깨달았다 예를 들어 외모 뒤에 무엇이 있는지도 모른 채 우리가 때로 사람들을 어떻게 미리 판단하는지 깨닫는 흥미진진한 읽기입니다 이 문학 여행의 주인공인 독고는 이야기가 진행되면서 당신의 마음 속으로 몰래 들어와 그가 만나는 다양한 주인공들과 상호 작용하고 심지어 돕는 모습을 보게 됩니다 이 모든 것은 독고의 모든 것을 바꾸는 사건에 대한 감사의 표시로 그를 믿고 24시간 영업하는 가게에 일자리를 제공하는 염여사님이 그에게 준 좋은 기회 덕분에 발생합니다 독고는 술과 노숙 생활로 인해 자신의 전생에 대해 아무것도 기억하지 못하지만 삶과 염씨 부인이 주는 새로운 기회 덕분에 점차 의식을 되찾고 있으며 이야기의 끝까지 독고와 함께 있지 않다는 느낌과 함께 개인적으로 조금 냉랭한 결말로 우리를 데려가고 있다,1,0.13874083506333404,0.0,0.0,0.0,0.14644840210055945,0.0,0.0,0.0,0.0,0.0,0.0,0.0,0.0,0.0,0.0,0.0,0.0,0.0,0.10623280775695432,0.08384926719334207,0.0,0.0,0.0,0.0,0.12058458603237071,0.0,0.0,0.0,0.0,0.0,0.12504562719337287,0.0,0.0,0.0,0.0,0.0,0.0,0.0,0.0,0.0,0.0,0.1280134760771598,0.0,0.13479999737719547,0.0,0.0,0.0,0.0,0.0,0.26249488735327237,0.0,0.0,0.0,0.0,0.0,0.0,0.0,0.0,0.0,0.0,0.0,0.0,0.0,0.0,0.0,0.0,0.0,0.0,0.0,0.0,0.11372619914365219,0.0,0.0,0.0,0.0,0.15201146755158718,0.0,0.08324777841655011,0.10916844914981196,0.3221620521655316,0.0,0.0,0.0,0.0,0.2446068209175248,0.0,0.129059592546258,0.15859117744786938,0.0,0.0,0.0,0.0,0.0,0.0,0.12410821108112768,0.0,0.0,0.0,0.0,0.0,0.0,0.0,0.0,0.0,0.0,0.11975492900643407,0.0,0.0,0.0,0.0,0.0,0.0,0.0,0.0,0.0,0.17469914346003423,0.0,0.0,0.0,0.0,0.0,0.0,0.0,0.0,0.0,0.0,0.0,0.0,0.14476956492611592,0.0,0.0,0.13357654152818751,0.0,0.0,0.0,0.0,0.0,0.0,0.0,0.0,0.0,0.0,0.0,0.0,0.15407422846593985,0.12699683163190534,0.0,0.0,0.0,0.0,0.0,0.0,0.0,0.0,0.0,0.0,0.0,0.0,0.15626207959631805,0.0,0.0,0.0,0.0,0.0,0.0,0.0,0.0,0.0,0.11894391754598116,0.0,0.0,0.0,0.0,0.0,0.0,0.0,0.0,0.0,0.0,0.0,0.0,0.10978536145751364,0.0,0.0,0.0,0.0,0.0,0.0,0.12699683163190534,0.0,0.0,0.0,0.0,0.12319452959071202,0.0,0.0,0.0,0.0,0.0,0.0,0.0,0.0,0.0,0.0,0.10623280775695432,0.0,0.0,0.0,0.13357654152818751,0.0,0.13737884356938085,0.15407422846593985,0.14316536788415538,0.0,0.0,0.0,0.14820916551039387,0.0,0.0,0.0,0.0,0.0,0.0,0.0,0.0,0.0,0.0,0.1280134760771598,0.0,0.0,0.0,0.0,0.0,0.129059592546258,0.0,0.0,0.0,0.1005089915225815,0.0,0.0,0.0,0.0,0.0,0.0,0.0,0.0,0.0,0.0,0.0,0.0,0.0,0.12058458603237071,0.0,0.0,0.0,0.09773158366749261,0.14820916551039387,0.12504562719337287,0.12504562719337287,0.0,0.0,0.0,0.0,0.0,0.0,0.0,0.0,0.0,0.0,0.0,0.0,0.0,0.0,0.0,0.0,0.0,0.0,0.0,0.0,0.0,0.0,0.0,0.0,0.0,0.0,0.0,0.0,0.0,0.0,0.0,0.0,0.0,0.2560269521543196,0.0,0.0,0.1610810260827658,0.0,0.0,0.0,0.0
3,2024-06-10,3 5 5 지금까지 clubdreaduracoquette를 두 번째로 읽었는데 너무 에피소드적 이라는 생각을 아직 정리 중이지만 정말 마음에 들었습니다 마지막 회의를 기대합니다 3,0,0.0,0.0,0.0,0.0,0.0,0.0,0.0,0.0,0.0,0.0,0.0,0.0,0.0,0.0,0.0,0.0,0.0,0.0,0.0,0.0,0.0,0.0,0.0,0.0,0.0,0.0,0.0,0.0,0.0,0.0,0.0,0.0,0.0,0.0,0.0,0.0,0.0,0.0,0.0,0.0,0.0,0.0,0.0,0.0,0.0,0.0,0.0,0.0,0.0,0.0,0.0,0.0,0.0,0.0,0.0,0.0,0.0,0.0,0.0,0.0,0.0,0.42686959645777545,0.0,0.0,0.0,0.0,0.0,0.0,0.0,0.0,0.0,0.0,0.0,0.0,0.0,0.0,0.0,0.0,0.0,0.0,0.0,0.0,0.0,0.0,0.0,0.0,0.0,0.0,0.0,0.0,0.0,0.0,0.0,0.0,0.0,0.5289560531750506,0.0,0.0,0.0,0.0,0.0,0.0,0.0,0.0,0.4089302732205107,0.0,0.0,0.49879271617661053,0.0,0.0,0.0,0.0,0.0,0.0,0.0,0.0,0.0,0.0,0.0,0.0,0.0,0.0,0.0,0.0,0.0,0.0,0.0,0.0,0.0,0.0,0.0,0.0,0.0,0.0,0.0,0.0,0.0,0.0,0.0,0.0,0.0,0.0,0.0,0.0,0.0,0.0,0.0,0.0,0.0,0.0,0.0,0.0,0.0,0.0,0.0,0.0,0.0,0.0,0.0,0.0,0.0,0.0,0.0,0.0,0.0,0.0,0.0,0.0,0.0,0.0,0.0,0.0,0.0,0.0,0.0,0.0,0.0,0.0,0.0,0.0,0.0,0.0,0.0,0.0,0.0,0.0,0.0,0.0,0.0,0.0,0.0,0.0,0.0,0.0,0.0,0.0,0.0,0.0,0.0,0.0,0.0,0.0,0.0,0.0,0.0,0.0,0.0,0.0,0.0,0.0,0.0,0.0,0.0,0.0,0.0,0.0,0.0,0.0,0.0,0.0,0.0,0.0,0.0,0.0,0.0,0.0,0.0,0.0,0.0,0.0,0.0,0.0,0.0,0.0,0.0,0.0,0.0,0.0,0.0,0.0,0.0,0.0,0.0,0.0,0.0,0.0,0.0,0.0,0.0,0.34924160600135634,0.0,0.0,0.0,0.0,0.0,0.0,0.0,0.0,0.0,0.0,0.0,0.0,0.0,0.0,0.0,0.0,0.0,0.0,0.0,0.0,0.0,0.0,0.0,0.0,0.0,0.0,0.0,0.0,0.0,0.0,0.0,0.0,0.0,0.0,0.0,0.0,0.0,0.0,0.0,0.0,0.0,0.0,0.0,0.0,0.0,0.0,0.0,0.0,0.0,0.0
4,2025-02-22,인간미에 대한 믿음을 조금이나마 회복할 수 있는 기분 좋고 아늑한 한국 소설임에 틀림없다 이 이야기는 흔히 판사와 집행자 역할을 하는 오늘날의 사회가 그것을 구성하는 사람들의 작은 선함과 친절 사랑 노력 덕분에 어떻게 변할 수 있는지를 묘사합니다 당신이 약간 길을 잃었거나 인생에서 어려운 순간을 겪고 있거나 독서에 어려움을 겪고 있다면 이 짧고 흥미로운 소설이 당신의 기분을 좋게 해줄 것입니다,1,0.0,0.0,0.0,0.0,0.0,0.0,0.0,0.0,0.0,0.0,0.0,0.0,0.0,0.0,0.0,0.0,0.0,0.0,0.0,0.0,0.0,0.14281326072696524,0.0,0.45845139615388,0.0,0.0,0.0,0.0,0.0,0.0,0.0,0.0,0.17349503363881155,0.0,0.0,0.0,0.0,0.0,0.0,0.0,0.0,0.0,0.0,0.0,0.0,0.0,0.2085190683250663,0.0,0.0,0.0,0.0,0.0,0.21538257832535423,0.0,0.0,0.0,0.0,0.0,0.0,0.0,0.0,0.0,0.0,0.0,0.0,0.0,0.0,0.0,0.0,0.0,0.0,0.0,0.0,0.0,0.0,0.2261568019009462,0.2261568019009462,0.12385283581093229,0.0,0.23965014148316371,0.0,0.0,0.0,0.0,0.0,0.0,0.0,0.0,0.0,0.0,0.0,0.0,0.0,0.0,0.0,0.0,0.0,0.0,0.0,0.0,0.0,0.0,0.0,0.0,0.0,0.0,0.0,0.0,0.0,0.0,0.0,0.0,0.0,0.0,0.0,0.0,0.0,0.0,0.0,0.0,0.0,0.0,0.0,0.0,0.0,0.0,0.0,0.0,0.0,0.0,0.0,0.0,0.16241661057465237,0.0,0.0,0.0,0.0,0.0,0.0,0.0,0.0,0.0,0.0,0.0,0.0,0.0,0.0,0.0,0.0,0.0,0.0,0.0,0.21788028756005864,0.0,0.0,0.0,0.0,0.0,0.0,0.0,0.0,0.22049988348980137,0.0,0.0,0.0,0.0,0.0,0.0,0.0,0.0,0.0,0.0,0.0,0.0,0.0,0.0,0.0,0.0,0.2064132664224297,0.0,0.0,0.16333442892619088,0.22325387514955705,0.0,0.0,0.0,0.0,0.0,0.0,0.0,0.0,0.0,0.0,0.0,0.0,0.0,0.0,0.0,0.0,0.0,0.0,0.0,0.0,0.0,0.0,0.16426821013383208,0.0,0.0,0.0,0.0,0.0,0.0,0.0,0.0,0.0,0.0,0.0,0.0,0.0,0.0,0.0,0.0,0.0,0.0,0.0,0.11718492189620189,0.0,0.0,0.0,0.23594584065931618,0.0,0.0,0.0,0.0,0.0,0.0,0.0,0.0,0.0,0.0,0.1421852878828615,0.0,0.0,0.0,0.0,0.0,0.0,0.0,0.0,0.0,0.0,0.0,0.0,0.0,0.0,0.0,0.0,0.0,0.0,0.0,0.0,0.0,0.0,0.0,0.0,0.0,0.0,0.0,0.0,0.0,0.0,0.0,0.0,0.0,0.0,0.0,0.0,0.0,0.0,0.0,0.0,0.0,0.0,0.0,0.0,0.0,0.0,0.0,0.0,0.18894099080832635,0.0,0.16717113688522128,0.0,0.0,0.0,0.0,0.0,0.0,0.22922569807694,0.0
4,2025-05-01,소설은 가족 가족 구성원 간의 오해 소통 부족에 대해 이야기합니다 이곳에서 한국이나 서양의 가족들을 보면 가족의 축복과 이슬람의 축복 친족의 유대를 기억하게 됩니다 그들과 함께 살았던 것 같은 느낌이 들고 좋아했던 달달한 소설이에요 아주 적절한 시기에 읽었고 샤왈에서 가족과 자매들을 만나기 위해 가장 중요한 점은 결말이 예상했던 것과는 달리 일단 딱 적절하다는 점 Dhu al Qa dah 3 1446 2025년 5월 1일 오후 4시 17분,1,0.0,0.0,0.0,0.0,0.0,0.0,0.0,0.26467038084471317,0.0,0.0,0.0,0.0,0.0,0.0,0.29974616041318675,0.0,0.0,0.0,0.0,0.0,0.0,0.0,0.0,0.0,0.0,0.0,0.0,0.0,0.0,0.0,0.0,0.0,0.0,0.0,0.0,0.0,0.0,0.0,0.0,0.0,0.0,0.0,0.0,0.0,0.0,0.0,0.0,0.0,0.0,0.0,0.0,0.0,0.0,0.0,0.0,0.0,0.0,0.0,0.0,0.0,0.0,0.0,0.0,0.0,0.0,0.0,0.3044233814544857,0.0,0.0,0.0,0.0,0.0,0.0,0.0,0.0,0.0,0.0,0.0,0.2616870673959288,0.0,0.0,0.0,0.0,0.0,0.0,0.0,0.0,0.0,0.0,0.0,0.0,0.0,0.0,0.0,0.2974990855920862,0.0,0.0,0.0,0.0,0.0,0.0,0.0,0.0,0.0,0.0,0.0,0.0,0.0,0.0,0.0,0.0,0.0,0.0,0.0,0.0,0.0,0.0,0.0,0.0,0.0,0.0,0.0,0.0,0.0,0.0,0.0,0.0,0.0,0.0,0.0,0.0,0.0,0.0,0.0,0.0,0.0,0.0,0.0,0.0,0.0,0.0,0.0,0.0,0.0,0.0,0.0,0.0,0.0,0.0,0.30936801388830487,0.0,0.0,0.0,0.0,0.0,0.0,0.0,0.0,0.0,0.0,0.0,0.0,0.0,0.0,0.0,0.0,0.0,0.3119505195933942,0.0,0.0,0.0,0.0,0.0,0.0,0.0,0.0,0.0,0.0,0.0,0.0,0.0,0.0,0.0,0.0,0.0,0.0,0.0,0.0,0.0,0.0,0.0,0.0,0.0,0.0,0.0,0.0,0.0,0.25330882946685607,0.0,0.0,0.0,0.0,0.0,0.0,0.0,0.0,0.0,0.0,0.0,0.0,0.0,0.0,0.0,0.0,0.0,0.0,0.0,0.0,0.0,0.0,0.0,0.0,0.0,0.0,0.0,0.0,0.0,0.0,0.0,0.0,0.0,0.0,0.0,0.0,0.0,0.0,0.0,0.0,0.0,0.0,0.0,0.0,0.0,0.0,0.0,0.0,0.3552713461229894,0.0,0.0,0.0,0.0,0.0,0.0,0.0,0.0,0.0,0.0,0.0,0.0,0.0,0.0,0.0,0.33596775165454595,0.0,0.0,0.0,0.0,0.0,0.0,0.0,0.0,0.0,0.0,0.0,0.0,0.0,0.0,0.0,0.0,0.0,0.0,0.0,0.0,0.0,0.0,0.0,0.0,0.0,0.0,0.0,0.0,0.0,0.30686037406118577,0.0,0.0,0.0,0.0,0.0,0.0,0.0
3,2025-07-10,불편한 편의점이 돌아다닌다 ALWAYS 편의점 웅장한 수도 서울의 작은 골목에 위치한 편의점 상품도 다양하지 않고 매출은 직원 3명 월급 정도밖에 안 된다 노숙자 독구가 가게의 야간 근무 직원이 된 이후 상황은 점차 변했다 이 편의점 주인은 은퇴한 역사교사 염모씨다 한번은 그녀가 클러치를 잃어버렸는데 독구를 만났고 독구는 그녀가 가방을 되찾는 것을 도와주었다 그녀는 독고를 보답하기 위해 그를 자신의 가게로 초대해 야간 근무자로 일하게 했다 매장을 방문하는 모든 직원과 고객은 각자의 사연과 문제를 가지고 있습니다 안정적인 일자리를 찾으며 편의점 직원으로 일하는 신입생 미망인과 단절 자녀와 소통이 불가능한 두 중년 여성 늘 가족의 생계를 떠맡는 중년 남성 글 쓸 의욕을 잃고 은퇴를 앞둔 배우 출신 시나리오 작가가 있다 이 캐릭터들의 공통점은 모두 ALWAYS에 찾아와 야간근무자 독고에게 이야기를 들어주고 문제를 해결하게 했다는 것이다 이 책에서 다루는 문제는 모두 매우 가깝습니다 새로 졸업한 사람들은 안정적인 직업을 찾기 위해 애쓰고 있습니다 가족 간의 연결 상실 음식 의복 돈의 부담은 아버지의 어깨를 무겁게 짓누르고 있습니다 경력 쇠퇴 우리는 등장인물의 이야기 속에서 우리 자신의 모습을 쉽게 볼 수 있다 단순한 이야기 따뜻한 인간 사랑 이 책은 코로나19 사태를 배경으로 쓰여졌으며 모두가 마스크를 착용하고 소통해야 한다는 점 마스크를 비축해 두는 점 소독용 알코올로 손을 씻는 점 등의 내용을 보면 불안과 불안이 가득한 2020년 전염병 시대를 떠올리게 된다 참고 이 책에는 몇 가지 철자 오류가 있습니다,0,0.0,0.0,0.0,0.0,0.0,0.0,0.0,0.0,0.14278961167878446,0.1271045518548448,0.0,0.0,0.0,0.0,0.0,0.0,0.0,0.0,0.0,0.07978664073824591,0.0,0.0,0.0,0.0,0.0,0.0,0.0,0.0,0.0,0.0,0.0,0.0,0.0,0.0,0.11990275971092688,0.0,0.0,0.0,0.0,0.0,0.0,0.12181102551404761,0.0,0.0,0.0,0.0,0.0,0.0,0.0,0.0,0.0,0.0,0.0,0.0,0.0,0.0,0.0,0.0,0.0,0.0,0.0,0.0,0.10821598920689533,0.0,0.0,0.0,0.0,0.0,0.0,0.0,0.0,0.1259785510417567,0.0,0.0,0.0,0.0,0.0,0.0,0.0,0.0,0.0,0.0,0.0,0.0,0.0,0.13072262649155528,0.0,0.0,0.0,0.0,0.0,0.0,0.0,0.2519571020835134,0.0,0.0,0.0,0.0,0.1271045518548448,0.0,0.0,0.0,0.0,0.0,0.0,0.0,0.0,0.0,0.0,0.0,0.0,0.0,0.0,0.08036868769061344,0.25653745875801265,0.08311735011580289,0.0,0.0,0.0,0.2519571020835134,0.0,0.0,0.0,0.0,0.0,0.0,0.0,0.0,0.0,0.0,0.15327640166703996,0.0,0.0,0.0,0.0,0.0,0.0,0.0,0.0,0.0,0.0,0.0,0.0,0.0,0.0,0.0,0.0,0.0,0.0,0.0,0.0,0.0,0.0,0.0,0.11809497663663057,0.0,0.0,0.0,0.0,0.0,0.0,0.0,0.0,0.0,0.0,0.0,0.0,0.0,0.11318090109670385,0.0,0.0,0.0,0.0,0.0,0.0,0.0,0.0,0.2476632104589341,0.0,0.0,0.0,0.0,0.0,0.0,0.0,0.0,0.0,0.0,0.0,0.0,0.0,0.0,0.12383160522946705,0.0,0.11168762461071319,0.0,0.0,0.20110650248355832,0.0,0.0,0.0,0.0,0.0,0.21912565291998679,0.0,0.0,0.09054244043298923,0.0,0.0,0.0,0.0,0.0,0.0,0.0,0.0,0.0,0.14102820261298574,0.0,0.0,0.0,0.0,0.0,0.0,0.0,0.0,0.0,0.0,0.24362205102809523,0.0,0.0,0.0,0.3226538120130159,0.0,0.0,0.0,0.0,0.0,0.1912783514037049,0.0,0.0,0.0909394384739317,0.0,0.0,0.0,0.0,0.0,0.0,0.0,0.0,0.0,0.0,0.0,0.0,0.0,0.0,0.0,0.0,0.0,0.0,0.0,0.0,0.0,0.0,0.0,0.0,0.0,0.0,0.08343679379678812,0.0,0.0,0.0,0.0,0.0,0.0,0.0,0.0,0.0,0.0,0.0,0.0,0.0,0.0,0.0,0.43553122106767717,0.0,0.0,0.0,0.0,0.0,0.0,0.0,0.0,0.0,0.0,0.0,0.0,0.0,0.0,0.0,0.0
4,2025-11-10,그때 손수케는 자신이 아들의 말을 결코 진심으로 듣지 않을 것임을 깨달았습니다 그녀는 항상 아들이 자신이 원하는 대로 살기를 바랐을 뿐 한때 지도자였던 아들이 어떤 걱정과 어려움으로 인해 어머니가 마련한 길에서 벗어나게 하는지는 듣지 않았습니다 리투아니아에서 그 솜사탕처럼 달콤한 책 표지를 보고 싶은 유혹을 느낀 사람은 아마 내가 처음은 아닐 것입니다 아 그리고 꽃잎이 박힌 페이지도 마찬가지로 달콤합니다 책의 겉면과 마찬가지로 책의 안쪽도 고요하고 온화합니다 거짓말 안 할게요 한국 작가님의 작품인 걸 보고 바로 제가 몰랐던 개념들이 많이 기대됐어요 그런데 제가 이 언어를 조금 알고 이 문화에 관심이 있어서 모든 일이 순조롭게 진행됐던 것 같아요 아 그리고 평소엔 씹기 힘든 한글 문체도 이번에는 별로 신경쓰이지 않았다 앞서 말했듯이 작품의 내용은 매우 온화하고 부담스럽지 않습니다 줄거리에는 복잡한 전개가 없습니다 본문은 고통 후회 신뢰 추구와 같은 주제를 다루지만 모든 것이 매우 간단하게 제시됩니다 희망과 구원이라는 주제가 모두 있지만 불행히도 그 주제는 맨 마지막에 이르렀기 때문에 이 책은 나에게 가장 높은 평가를 받지 못했습니다 작품 속 인물들이 천천히 세밀하게 드러나는 점이 마음에 들었다 그들의 삶의 문제가 얼마나 아름답게 드러나는지 그리고 그 문제를 해결하는 데 도움을 주는 가게의 한 사람이 얼마나 아름다운지 그리고 실수하지 마십시오 빨간 망토를 입은 슈퍼맨은 확실히 없었습니다 그것은 단지 단순하고 인간적인 의사소통과 친절한 조언이었습니다 정말 마음에 와 닿았습니다 텍스트는 읽기 쉽습니다 입맛이 있는 사람이라면 하루 만에 책을 완성할 수 있다 개인적으로 페이지가 지나갔고 실제로 하루를 연장하지 못했습니다 내가 읽은 다른 한국 책과 비교할 때 이 책은 가장 단순하기 때문에 최고입니다,1,0.0,0.0,0.0,0.0,0.0,0.0,0.0,0.18317875294925226,0.0,0.0,0.0,0.0,0.0,0.12008870149765923,0.10372737533110866,0.0,0.0,0.0,0.0,0.0,0.08377566957233602,0.07962695576724381,0.0,0.0,0.0,0.0,0.0,0.0,0.0,0.0,0.0,0.10073127805609135,0.0,0.0,0.10452571567190395,0.0,0.10982231133541695,0.0,0.0,0.0,0.0,0.0,0.3143544371940934,0.0,0.0,0.0,0.0,0.0,0.0,0.0,0.0,0.0,0.0,0.0,0.0,0.0,0.09491902581998805,0.0,0.0,0.0,0.1842384616260119,0.0,0.0,0.0,0.0,0.0,0.0,0.07110308528483544,0.0,0.0,0.0,0.0,0.0,0.0,0.0,0.0,0.0,0.0,0.0,0.0,0.1278070707760385,0.0,0.0,0.0,0.0,0.0,0.0,0.0,0.0,0.0,0.0,0.0,0.0,0.0,0.0,0.0,0.0,0.0,0.0,0.0,0.0,0.17624367312969275,0.0,0.0,0.16288362751037505,0.0,0.0,0.0,0.0,0.0,0.0,0.10618925410291505,0.1229419059543234,0.14012345702010645,0.11181878356253196,0.14491577218993346,0.0,0.0,0.1315539531974088,0.10982231133541695,0.0,0.0,0.11748392990749972,0.0,0.0,0.0,0.0,0.0,0.0,0.0,0.0,0.0,0.0,0.0,0.0,0.12148132415565929,0.0,0.0,0.10145266208559615,0.0,0.0,0.0,0.10219185985475547,0.0,0.0,0.0,0.0,0.0,0.0,0.0,0.0,0.0,0.0,0.0,0.0,0.0,0.0,0.11508777232258623,0.0,0.0,0.10982231133541695,0.0,0.0,0.0,0.0,0.0,0.0,0.0,0.0,0.0,0.10002686935372476,0.11626188314466455,0.0,0.12148132415565929,0.0,0.11508777232258623,0.0,0.0,0.0,0.0,0.0937674996754095,0.0,0.0,0.2106918621020344,0.0,0.10887188266441432,0.0,0.0,0.0,0.0,0.0,0.0,0.0,0.0,0.0,0.0,0.0,0.0,0.0,0.0,0.0,0.0,0.0,0.0,0.0,0.0,0.0,0.0,0.0,0.0,0.0,0.0,0.11875799403981926,0.0,0.0,0.11080390709784087,0.0,0.0,0.10073127805609135,0.0,0.0,0.1278070707760385,0.0,0.0,0.0,0.06533762022461086,0.0,0.10618925410291505,0.0,0.0,0.0,0.0,0.0,0.0,0.0,0.10002686935372476,0.0,0.0,0.2196446226708339,0.0,0.0,0.0,0.0,0.0,0.0,0.0,0.0,0.0,0.1315539531974088,0.06955432672549429,0.20745475066221733,0.10002686935372476,0.0,0.0,0.0,0.0,0.0,0.10372737533110866,0.0,0.0,0.0,0.0,0.0,0.0,0.0,0.0,0.0,0.14547272483142973,0.0753665789615976,0.20438371970951094,0.0,0.0,0.0,0.0,0.1315539531974088,0.0,0.1260959771505851,0.0,0.0,0.0,0.0,0.0,0.0,0.0,0.0,0.0,0.0,0.0,0.0,0.0,0.0,0.18641586438906932,0.0,0.0,0.11080390709784087,0.0,0.11181878356253196,0.0,0.0,0.0
4,2025-06-17,그리고 나는 그것이 의미가 있는 경우에만 인생이 어떻게든 계속된다는 것을 기억하며 살 것입니다 의도치 않게 우연히 집어들게 된 책은 아름답고 슬픈 소설이지만 과거와 상관없이 누군가에게 도움의 손길이 닿으면 변화될 수 있다는 희망을 마음속에 심어준다 소설은 우리가 결코 관심을 기울이지 않는 수많은 노숙자들과 함께 우리가 완전히 간과했던 자비의 측면과 측면을 당신에게 보여줍니다 소설은 노숙자에 대한 이야기뿐 아니라 식료품점 직원들의 이야기 식료품점을 찾는 사람들의 이야기도 담고 있다 아주 좋은 소설 그 결말은 충격적이며 세상의 모든 노숙자들에게는 과거가 있었을 것이라는 생각을 많이 하게 만든다 그는 자신이 지역 사회에서 저명한 인물이 될 수 있음을 알고 있지만 학대를 받았습니다 소설 속 인용문 중 하나는 노숙자가 처음 누군가를 도왔을 때 자신의 이야기를 하는 것입니다 누군가를 돕는 경험이 얼마나 만족스럽고 보람찬 일인지 그때 느꼈어요 내가 좋아하는 명언 행복은 원하는 것을 이루는 것이 아니라 그것에 이르는 길 자체가 행복이기 때문에 만나는 사람마다 힘든 싸움을 하고 있기 때문에 친절해야 한다 그는 참호에 갇힌 군인처럼 느껴지고 탄약이 다 떨어져 전진할 수밖에 없습니다 무기 없이 노숙인이 자신의 아픈 기억과 나쁜 과거를 떠올리지 않기 위해 스스로 다짐하는 장면 1 과음으로 억눌렀던 그 기억의 파편들이 나를 공격하지 않도록 맑은 갈색 음료를 마셔야 했다 2 기억을 해체하고 떠오르는 것을 재조립하는 데 며칠이고 며칠을 보냈다 마음의 주름을 끊임없이 간지럽히는 것 같았고 나 자신에 대해 알면 알수록 고통과 두려움 신비한 저항이 더 커졌지만 그럴 수 없었다 그가 그것을 멈췄다 그리고 가장 아름다웠던 것은 그가 자신의 과거 자신이 누구인지 어떤 사람인지에 대한 명확한 비전을 갖고 과거로 돌아가기 위해 가게를 떠났을 때였습니다 그리고 그는 창밖으로 새로운 새벽을 바라보았습니다 수평선에 남산타워의 실루엣이 새로운 날의 도래를 알렸습니다 정말 좋았어요,1,0.0,0.0,0.0,0.1224327063970992,0.0,0.0,0.0,0.0877379879761208,0.0,0.0,0.0,0.0,0.0,0.0,0.0,0.0,0.0,0.0,0.08441626021007077,0.19988857606054056,0.08025285215982896,0.15255718854286607,0.0,0.0,0.0,0.0,0.11637296123579682,0.0,0.0,0.0,0.19873115332577182,0.0,0.09266616567452106,0.10013034631104432,0.0,0.2617177264463517,0.0,0.0,0.0,0.0,0.0,0.0,0.22585173269317346,0.0,0.0,0.0,0.0,0.0,0.11137300086603062,0.0,0.0,0.0,0.0,0.0,0.05796096774959367,0.0978946305380507,0.0,0.0,0.0,0.0,0.08824556162013118,0.0,0.0,0.11777212468926607,0.0,0.0,0.0,0.0,0.0,0.0,0.0,0.0,0.12602203015371635,0.0,0.0,0.0,0.0,0.1323031231707564,0.08674902230998525,0.0,0.0,0.0,0.0,0.0,0.0,0.0,0.0,0.12602203015371635,0.0,0.0,0.0,0.0,0.0,0.0,0.0,0.0,0.0,0.0,0.0,0.0,0.0,0.16883252042014155,0.0,0.0,0.0,0.0,0.0,0.0,0.0,0.0,0.0,0.10172393194811111,0.0,0.0,0.0,0.06941098830099085,0.0,0.0,0.0,0.0,0.0,0.0,0.0,0.0,0.0,0.0,0.0,0.0,0.0,0.0,0.0,0.0,0.08674902230998525,0.0,0.0,0.0,0.0,0.0,0.0,0.0,0.0,0.0,0.0,0.0,0.0,0.20183214227794266,0.0,0.0,0.2051104244917677,0.2051104244917677,0.0,0.0,0.0,0.0,0.0,0.0,0.0,0.0,0.0,0.0,0.0,0.0,0.19164135838565188,0.0,0.0,0.0,0.0,0.10341131051339013,0.0,0.11024826211187302,0.0,0.0,0.0,0.0,0.0,0.11024826211187302,0.0,0.0,0.0,0.0,0.08982451978315613,0.0,0.0,0.10091607113897133,0.0,0.10429375436128614,0.11503889920015524,0.0,0.0,0.0,0.0,0.11637296123579682,0.0,0.1957892610761014,0.0,0.0,0.0,0.16794328827484437,0.0,0.0,0.0,0.0,0.0,0.09149550671481525,0.0,0.0,0.0756116534620188,0.0,0.0,0.0,0.0,0.0,0.0,0.0,0.0,0.0,0.0,0.0,0.0,0.0,0.0,0.0,0.0,0.0,0.0,0.06259013390317608,0.0,0.10172393194811111,0.09149550671481525,0.0,0.0,0.0,0.0,0.0,0.0,0.09582067919282594,0.0,0.23960375408415038,0.21040843386735025,0.0,0.0,0.0,0.0,0.0,0.0,0.0,0.0,0.0,0.0,0.06662952535351352,0.0,0.0,0.10429375436128614,0.0,0.0,0.07766089376544112,0.0,0.0,0.0,0.0,0.0,0.0,0.0,0.0,0.11637296123579682,0.0,0.0,0.0696777545245627,0.0,0.0,0.0,0.0,0.0,0.0,0.0,0.0,0.0,0.0,0.0,0.0,0.0,0.0,0.0,0.0,0.0,0.0,0.0,0.0,0.10520421693367513,0.10091607113897133,0.0,0.0,0.10172393194811111,0.0,0.0,0.12800054992256193,0.0,0.0,0.0,0.0
5,2022-06-24,리뷰 쿤토코의 편의점 우리 인생은 끝없는 문제해결의 연속이다 시놉시스 기억이 사라진 노숙자 토코 어느 날 그는 작은 편의점 주인을 도와준다 주인은 Dokko를 가게에 고용하기로 결정합니다 노숙자부터 다양한 고객을 상대해야 하는 편의점 직원까지 편의점을 방문하며 치유받은 사람들의 가슴 훈훈한 이야기가 시작됐다 이 책에는 주인공인 토코씨가 있지만 하지만 이야기가 진행되는 방식은 가게 주인 할머니 독코 선생님을 가르쳐야 하는 여직원 아들과 문제로 고민하는 회사원 직업에 문제가 있는 회사원 글쓰기를 그만두려는 작가 가게 주인의 무기력한 아들 독코 선생님의 이야기를 조사하기 위해 고용된 형사까지 각 장을 고객이나 편의점에 있는 사람의 관점으로 풀어가게 됩니다 독코 씨의 과거에 대한 답으로 책을 마무리하기 전 솔직히 예전에는 마음이 따뜻해지는 소설은 지루하다고 생각해서 피하려고 했어요 그런데 이 책은 정말 좋아요 읽는 것이 매우 즐겁고 기분이 좋아집니다 토코 씨의 성격도 매우 좋습니다 편의점 전자레인지보다 따뜻해요 읽으면서 당신 동네에 돗코 씨 같은 사람이 있는 편의점이 있다면 우리는 분명 그 가게의 단골 손님이 될 것입니다 라고 생각했습니다 마음이 따뜻해지는 소설을 좋아하는 사람이 누구인지 말해볼까요 아니면 재미로 뭔가를 읽고 싶나요 우리는 이 책을 추천합니다,1,0.0,0.0,0.25592234120690166,0.0,0.13089554577861315,0.0,0.0,0.0,0.0,0.0,0.0,0.0,0.0,0.0,0.11176575083056509,0.0,0.0,0.0,0.0,0.0,0.09026788329693083,0.08579766401366899,0.0,0.0,0.0,0.0,0.0,0.0,0.0,0.0,0.0,0.0,0.0,0.0,0.0,0.09812612906910421,0.0,0.0,0.0,0.0,0.0,0.0,0.0,0.0,0.0,0.0,0.0,0.13412382626324712,0.0,0.0,0.0,0.0,0.0,0.0,0.0,0.0,0.0,0.0,0.0,0.0,0.0,0.0,0.10164844882372899,0.0,0.0,0.0,0.0,0.0,0.0,0.0,0.10164844882372899,0.0,0.0,0.0,0.0,0.0,0.0,0.07440684387398824,0.0,0.0,0.0,0.0,0.0,0.0,0.0,0.0,0.0,0.0,0.0,0.0,0.0,0.0,0.0,0.0,0.11092788853999708,0.0,0.0,0.0,0.0,0.26824765252649424,0.0,0.0,0.0,0.0,0.0,0.0,0.20981878699608186,0.0,0.0,0.0,0.0,0.0,0.0,0.15098235478180227,0.0,0.0,0.0,0.0,0.14174875539753293,0.0,0.0,0.0,0.0,0.0,0.0,0.0,0.0,0.0,0.0,0.0,0.0,0.0,0.09757473300020952,0.0,0.0,0.0,0.0,0.11350973687782823,0.2186295163752325,0.0,0.0,0.0,0.0,0.0,0.0,0.0,0.0,0.0,0.0,0.11535343207574227,0.12278917659409634,0.0,0.0,0.0,0.0,0.0,0.0,0.0,0.0,0.0,0.0,0.0,0.0,0.0,0.0,0.0,0.0,0.0,0.0,0.0,0.0,0.0,0.0,0.0,0.0,0.0,0.0,0.0,0.0,0.12527162305187356,0.0,0.0,0.0,0.0,0.0,0.0,0.0,0.0,0.0,0.0,0.0,0.0,0.11631636580859026,0.0,0.20981878699608186,0.0,0.0,0.09445075619433771,0.0,0.0,0.0,0.0,0.0,0.0,0.18990171489058405,0.0,0.0850474933526903,0.0,0.0,0.0,0.12278917659409634,0.0,0.0,0.0,0.0,0.0,0.0,0.11833301522543944,0.0,0.10423029716156014,0.0,0.0,0.0,0.0,0.0,0.21120291992086682,0.0,0.0,0.0,0.14174875539753293,0.0,0.0,0.0,0.0,0.0,0.10777847333805085,0.0,0.0,0.0,0.0,0.08542039790536882,0.0,0.0,0.0,0.0,0.0,0.0,0.0,0.0,0.07494445439474921,0.0,0.0,0.11730893287797406,0.0,0.0,0.0,0.0,0.0,0.0,0.13586781231051026,0.0,0.0,0.0,0.0,0.0,0.0,0.0,0.07837308263249176,0.162414256762704,0.0,0.0,0.0,0.0,0.0,0.0,0.0,0.0,0.0,0.0,0.0,0.0,0.0,0.0,0.4090991854373134,0.0,0.0,0.13412382626324712,0.0,0.0,0.22701947375565645,0.09757473300020952,0.0,0.0,0.0,0.0,0.0,0.0,0.0,0.0,0.0
4,2025-01-04,다정하게 쓰여진 책의 따뜻한 포옹이었습니다 노숙인 남성이 지갑을 돌려주고 편의점 주인 할머니가 보상으로 음식을 준다 그녀는 그에게 필요할 때 들러서 음식을 사오라고 말했고 그 때문에 나는 이미 그녀와 사랑에 빠지게 되었습니다 그러나 그가 나쁜 놈들로부터 가게를 보호하자 그녀는 변덕스럽게 그에게 일자리를 제안합니다 그는 과거의 일을 전혀 기억하지 못하는 위협적인 노숙자 알코올 중독자이기 때문에 다른 사람들의 우려를 불러 일으켰습니다 책이 진행되면서 우리는 그가 다시 사회의 구성원이 되는 방법과 그와 주변 이웃이 깊고 복잡하게 연결된 방식으로 서로에게 어떻게 영향을 미치는지 배우는 것을 봅니다 결국 괜히 주인 아들이 독고의 흙을 파헤치려 하고 미스터리의 핵심에 도달하게 되는데 이건 그 사람에게 무슨 일이 있었던 걸까 가 아니다 미스터리 스릴러 장르의 책 대신 우리는 그가 누구인지 왜 그가 있던 곳에서 상처를 입었는지 인간성과 감정 면에서 더 가슴 아픈 방식으로 배웁니다 끝이 오기 전에 미스터리를 추측할 수도 있지만 끝보다 여정과 교훈이 확실히 더 중요하다고 생각합니다 이 책은 사람과 관계 그리고 우리가 다른 사람에게 어떤 영향을 미치는지에 관한 책입니다 미스터리는 덜하고 삶의 단편은 많지만 모두 잘 어울립니다 나는 다양한 관점과 그의 챕터가 결국 모든 것을 어떻게 연결하는지를 좋아했습니다 마음이 따뜻해지고 타인과의 상호작용 하나하나에 더 많은 배려를 하게 될 이야기가 잘 담겨 있어 읽기에 사랑스럽고 가벼운 책이다 무거운 주제의 책들 사이에 있다면 훌륭한 팔레트 클렌저 책이 될 것입니다 나는 솔직한 리뷰를 위해 이 책의 ARC를 받았지만 모든 생각은 내 생각입니다 기회를 주신 NetGalley와 출판사에 감사드립니다,1,0.0,0.0,0.0,0.11070202178636562,0.0,0.0,0.0,0.0,0.0,0.0,0.0,0.10648798590542796,0.0,0.0,0.0,0.0,0.0,0.0,0.0,0.12049105805725477,0.0,0.06897008857650795,0.0,0.0,0.17327956275317447,0.0,0.0,0.0,0.0,0.09350312907631002,0.35938012174205114,0.0,0.0,0.0,0.18107304992261758,0.07888056034355144,0.0,0.0,0.0,0.09512425117219474,0.0,0.0,0.06807070912352357,0.19370705140024333,0.08171204425705929,0.0,0.0,0.0,0.0,0.0,0.0,0.09197742386083019,0.0,0.0,0.1572226042385283,0.0,0.0,0.0,0.0,0.0,0.0,0.0,0.08171204425705929,0.0,0.0,0.0,0.0,0.12317401922265765,0.0,0.09053652496130879,0.08171204425705929,0.0,0.0,0.0,0.0,0.0,0.0,0.0,0.0,0.0,0.0,0.0,0.0,0.0,0.0,0.0,0.09272905642979538,0.0,0.0,0.0,0.0,0.08851502054885772,0.10921993223800736,0.0,0.0,0.0,0.0,0.0,0.09597447514507393,0.0,0.0,0.1526561153780094,0.0,0.0,0.0,0.0,0.08433341682723271,0.0,0.0,0.0,0.06990178789683166,0.0,0.0,0.0,0.09685352570012166,0.12552098152902572,0.0,0.10648798590542796,0.0,0.0,0.0,0.0,0.0,0.22454797680429037,0.0,0.0,0.0,0.0,0.0,0.0,0.0,0.0,0.07843731009717707,0.0,0.2080332796733281,0.0,0.0,0.0,0.0,0.0,0.0,0.0,0.08851502054885772,0.0,0.0,0.0,0.09685352570012166,0.0,0.0,0.0,0.0,0.0,0.0,0.0,0.08917149885327548,0.0,0.0,0.0,0.0,0.0,0.0,0.0,0.0,0.0,0.0,0.0,0.0,0.0,0.0,0.0,0.0,0.0,0.0,0.0,0.0,0.0,0.10781799579208304,0.0,0.0,0.0,0.08121813393337171,0.15776112068710288,0.0,0.0,0.0,0.0,0.0,0.0,0.0,0.0,0.19741284295530667,0.0,0.0,0.08851502054885772,0.16866683365446541,0.0,0.0,0.07592604176034205,0.0,0.0,0.0,0.0,0.0,0.0,0.0763280576890047,0.0,0.0,0.0,0.0,0.0,0.0,0.0,0.0,0.0,0.09776342635754741,0.09597447514507393,0.10648798590542796,0.0,0.0,0.0,0.0,0.0,0.0,0.0,0.0,0.0,0.0,0.0,0.0,0.11394744050164417,0.0,0.0,0.0,0.0,0.0,0.08663978137658723,0.0,0.0,0.0,0.0,0.0,0.11394744050164417,0.0,0.0,0.0,0.09350312907631002,0.0,0.0,0.0,0.0,0.0,0.0,0.0,0.0,0.11070202178636562,0.0,0.0,0.0,0.08984503043551278,0.2184398644760147,0.0,0.0,0.0,0.09197742386083019,0.0,0.0,0.0,0.06300169722937636,0.0,0.17703004109771545,0.17327956275317447,0.10781799579208304,0.08433341682723271,0.0,0.0,0.0,0.0,0.0,0.0,0.0,0.0,0.0,0.0,0.08221554566944136,0.0,0.0,0.0,0.0,0.09512425117219474,0.0,0.0,0.0,0.0,0.0,0.0,0.0,0.09685352570012166,0.0,0.0,0.0
4,2025-07-30,자신을 찾을 수 있는 힘 외에 모든 것을 잃은 남자 독고는 술로 인해 기억을 잃은 노숙자이며 이름조차 기억나지 않고 과거의 일도 기억하지 못한다 어느 날 그는 지갑을 발견하고 주인 염씨에게 돌려준다 염씨는 고맙다는 마음으로 원할 때마다 자신의 가게에 들러 식사를 하자고 하고 기회가 생기면 일자리를 제안한다 독고는 사회에 다시 통합되고 다른 사람들을 통해 자신을 발견할 수 있는 기회를 활용할 것입니다 주인공과 그가 일하는 가게를 중심으로 전개되지만 각 장마다 다른 캐릭터에 초점을 맞춰 단순하고 즐거운 방식으로 전개되는 소설입니다 단순해 보이는 이야기가 인간관계를 깊이 파고들어 타인을 돕는 것이 사회에서 갖는 가치를 찬양하는 방식에 놀랐습니다 우리가 사람의 단순한 외모를 기준으로 사람을 선입견하는 경향이 있으며 사람에게 알고 이해할 기회를 주면 인식이 어떻게 변하는가 타인을 위한 그리고 자신을 위한 두 번째 기회가 중심이 되는 감동적인 이야기 사회는 문제가 있는 사람들의 재통합에 매우 중요한 역할을 합니다 의지가 있고 기꺼이 경청한다면 일상의 문제가 쉽게 해결될 수 있다는 것을 발견하게 될 것입니다 과거의 실수가 미래의 위대한 행동으로 이어질 수 있습니다 사회적 관계의 엄청난 복잡성을 드러내고 우리의 악마를 달래고 영혼에 안식을 줄 수 있는 작은 구석이 항상 있다는 것을 보여주는 작품입니다 이 작은 코너가 염여사 어메이징샵이 아닐까 싶습니다 즐겁게 읽으세요,1,0.0,0.0,0.0,0.11770554250849306,0.11187976594384781,0.0,0.0,0.0,0.0,0.0,0.0,0.0,0.0,0.0,0.0,0.0,0.0,0.0,0.0,0.19217081757667942,0.07715426522295978,0.14666690927150788,0.0,0.0,0.0,0.0,0.0,0.0,0.0,0.0,0.09552904164218781,0.0,0.0,0.0,0.0,0.08387090857770743,0.0,0.0,0.0,0.0,0.0,0.0,0.07237717628847308,0.0,0.0,0.0,0.0,0.0,0.10707285555884435,0.0,0.23541108501698613,0.19559268023063378,0.0,0.0,0.0,0.0,0.0,0.0,0.0,0.0,0.0,0.0,0.0,0.0,0.0,0.0,0.0,0.13096657605344766,0.0,0.09626428330252122,0.0,0.10114225024313288,0.0,0.0,0.0,0.0,0.0,0.0,0.0,0.0,0.0,0.0,0.0,0.0,0.18686823126776084,0.0,0.0,0.12115628138737529,0.0,0.0,0.0,0.09411488919289918,0.0,0.0,0.0,0.0,0.0,0.0,0.0,0.0,0.0,0.0,0.0,0.0,0.0,0.0,0.0,0.0,0.0,0.0,0.0,0.0,0.0,0.06452423729990273,0.0,0.06673100901257514,0.0,0.0,0.24231256277475058,0.0,0.0,0.0,0.0,0.11937695898607688,0.0,0.07237717628847308,0.0,0.0,0.0,0.0,0.0,0.10204626330781384,0.08339961627541141,0.0,0.11059721244759596,0.0,0.10819831502143011,0.09701967105678334,0.0,0.0,0.0,0.0,0.0,0.0,0.0,0.0,0.0,0.0,0.0,0.0,0.0,0.0,0.0,0.11612968913634478,0.0,0.0,0.0,0.0,0.0,0.11059721244759596,0.0,0.0,0.0,0.0,0.0,0.0,0.0,0.0,0.09086761934316709,0.0,0.0,0.0,0.0,0.0,0.0,0.1059915433087577,0.0,0.0,0.0,0.10707285555884435,0.0,0.08387090857770743,0.0,0.0,0.0,0.0,0.0,0.0,0.0,0.12305840990849459,0.0,0.0,0.0,0.09411488919289918,0.0,0.0,0.23541108501698613,0.0,0.0,0.0,0.0,0.0,0.0,0.08796283747928291,0.081156922826954,0.0,0.0,0.0,0.0,0.0,0.0,0.0,0.1093716805400568,0.0,0.0,0.0,0.11322490727246061,0.0,0.0,0.0,0.0,0.0,0.0,0.0,0.09276974786428638,0.24069403947855933,0.0,0.0,0.17592567495856581,0.0,0.0,0.06476089049814598,0.0,0.09859552442893163,0.0,0.0,0.32121856667653303,0.07678419351463614,0.0,0.0,0.14602199131583418,0.0,0.0,0.0,0.0,0.0,0.0,0.0,0.0,0.0,0.0,0.0,0.0,0.0,0.0,0.0,0.0,0.0,0.0,0.11612968913634478,0.0,0.1059915433087577,0.10707285555884435,0.09779634011531689,0.0,0.11770554250849306,0.0,0.0,0.0,0.0,0.0,0.0,0.0,0.0,0.0,0.11322490727246061,0.0,0.0,0.0,0.11770554250849306,0.0,0.09212101373747852,0.0,0.0,0.0,0.0,0.0,0.0,0.10114225024313288,0.0,0.0,0.0,0.0,0.10298092665726885,0.10204626330781384,0.0,0.0,0.0,0.0,0.0
3,2026-02-23,3 5 삶의 한 단면을 큐브로 가로지르면 어떤 사업이든 다 읽을 것 같은 아늑한 책이에요 소비자 계약법으로 인해 5시간의 힘든 시간을 보낸 후 내 두뇌를 편안하게 해주는 좋은 방법입니다 이 전제를 바탕으로 너무 많은 책을 읽은 후에 나는 짜증나고 지루한 책과 한 번만 구별하는 것이 무엇인지 알 수 있습니다 기억에 남는 캐릭터가 다른 단편 소설을 통해 전개되는 이야기를 가지고 있다면 항상 더 좋습니다 이 책은 다행히도 딱 그랬다 내가 싫어하는 또 다른 점은 끝없는 지혜 온화함 관대함으로 도움을 구하는 갈등을 겪고 있는 사람의 삶에 놀라운 일을 하는 예수 같은 현명한 인물입니다 이 이야기는 이 아이디어를 채택했지만 약간의 변형을 주었습니다 인생에서 길을 잃은 인물들은 독고를 멍청한 현자로 인식하지만 일단 이야기가 그의 시점으로 옮겨가면 우리는 그가 특정 사람을 도울 의도조차 전혀 없고 자신의 이익을 위해 어떤 식으로든 그들과 이야기한다는 것을 이해하게 됩니다 반복되는 메시지는 아빠가 충분한 캐시 홈을 가져오지 않기 때문에 비참한 상태에 빠지는 대신 가족과 함께 캐주얼한 시간을 보내야 한다는 것 같았습니다 예 이 장르에서는 종종 문제가 짧은 시간에 처리되므로 실제로 필요한 깊이가 부족합니다 아직도 나는 저자가 왜 나에게 코로나19 전쟁 회상을 제공해야 했는지 모르겠습니다 전체적으로 괜찮은 읽기이지만 예측 가능하고 특별하지도 않고 즐겁지도 않습니다,0,0.0,0.0,0.0,0.0,0.0,0.0,0.0,0.0,0.0,0.1306158687845902,0.0,0.0,0.0,0.0,0.244548077779507,0.0,0.0,0.0,0.0,0.08199078038787593,0.09875492796963521,0.0,0.0,0.15065923236339712,0.0,0.0,0.0,0.0,0.0,0.0,0.1222740388897535,0.0,0.0,0.0,0.0,0.0,0.0,0.0,0.0,0.0,0.0,0.0,0.0,0.0,0.11120550161558751,0.0,0.0,0.0,0.0,0.0,0.0,0.0,0.14156080311752586,0.0,0.14264742102279127,0.0,0.11189073875091066,0.0,0.0,0.0,0.10859033475944482,0.1002153544594992,0.0,0.0,0.14156080311752586,0.0,0.0,0.16763292019193723,0.0,0.0,0.0,0.0,0.0,0.0,0.0,0.0,0.0,0.0,0.0,0.0,0.15065923236339712,0.0,0.0,0.0,0.0,0.13433389426129475,0.0,0.0,0.0,0.0,0.0,0.0,0.0,0.0,0.12135740024562645,0.0,0.0,0.0,0.0,0.0,0.0,0.10387819837117787,0.0,0.0,0.0,0.0,0.0,0.0,0.0,0.0,0.09513240621466891,0.0,0.0,0.0,0.0,0.0,0.0,0.0,0.15507606490585293,0.0,0.0,0.0,0.0,0.0,0.0,0.0,0.0,0.0,0.0,0.0,0.0,0.0,0.0,0.0,0.0,0.0,0.13849029312247954,0.12418199563125579,0.0,0.0,0.11791187499284533,0.0,0.12046397015455124,0.0,0.0,0.0,0.0,0.0,0.0,0.0,0.13433389426129475,0.0,0.0,0.0,0.0,0.0,0.30131846472679424,0.13566569773685022,0.0,0.0,0.0,0.14492416627581398,0.0,0.0,0.0,0.0,0.0,0.0,0.11630757129336643,0.0,0.11791187499284533,0.0,0.0,0.0,0.0,0.0,0.0,0.0,0.0,0.0,0.22106663482629207,0.0,0.0,0.0,0.0,0.0,0.0,0.0,0.0,0.0,0.0,0.0,0.0,0.0,0.1147730424137397,0.0,0.0,0.10333107727769814,0.0,0.0,0.0,0.0,0.0,0.0,0.10387819837117787,0.10796574139852971,0.09304371359208027,0.0,0.0,0.0,0.0,0.0,0.13999216248691684,0.0,0.13305053088070753,0.0,0.0,0.0,0.0,0.0,0.0,0.15065923236339712,0.14492416627581398,0.0,0.0,0.07702011827452478,0.0,0.0,0.0,0.15507606490585293,0.0,0.0828918149620413,0.0,0.0,0.0,0.0,0.0,0.09828124832543811,0.0,0.0,0.0,0.0,0.0,0.0,0.0,0.12725250562630208,0.14492416627581398,0.0,0.0,0.0,0.0,0.0,0.0,0.0,0.0,0.09556540064880825,0.0,0.0,0.0,0.0,0.0,0.0,0.0,0.0,0.0,0.0,0.0,0.08574177046636416,0.08884227502644904,0.0,0.0,0.0,0.0,0.0,0.0,0.0,0.0,0.0,0.13433389426129475,0.0,0.0,0.11791187499284533,0.0,0.0,0.0,0.0,0.0,0.15065923236339712,0.0,0.12418199563125579,0.0,0.0,0.1251761065428182,0.0,0.1306158687845902,0.0,0.0,0.0,0.0,0.0
3,2024-12-22,치유 소설 이것이 바로 이 장르의 책이라고 불리는 것입니다 영혼에 치유 효과가 있는 이야기입니다 노숙자 독고에게 야간 직원 일자리를 제안받은 한국의 한 편의점에 관한 정말 아름다운 책이었습니다 Dokgo는 신비롭고 기억상실증을 앓고 있으며 솔직하고 자신을 포함하여 그 누구도 동일하게 유지되지 않도록 무언가를 가져옵니다 재미있고 좋은 이야기라고 생각했어요 내 생각에는 그것이 힐링 픽션이었나요 반드시 그런 것은 아닙니다 그러기에는 한국 문화의 엄격함과 때로는 심지어 냉담함에도 깊은 인상을 받았습니다 나는 때때로 더 깊은 연결 그의 과거 캐릭터 사이 그것은 여전히 감정적으로 약간 평탄한 상태로 남아 있습니다 그것은 나를 충분히 사로잡지 못했습니다 과 실제로 속도가 느려지는 느낌을 놓쳤습니다 그럼에도 불구하고 나는 이 책에 별 3 5개를 주는데 그 이유 역시 아름다운 표지 때문입니다 이번에는 반올림했습니다,0,0.0,0.0,0.0,0.0,0.0,0.0,0.0,0.0,0.0,0.0,0.0,0.0,0.0,0.0,0.0,0.0,0.0,0.0,0.12159865193394082,0.0,0.0,0.10987663054179857,0.0,0.0,0.0,0.0,0.0,0.0,0.0,0.1489603533946918,0.0,0.27799664865564,0.0,0.14423423992963247,0.0,0.0,0.0,0.0,0.0,0.0,0.16763115509522974,0.0,0.0,0.0,0.1301759107890445,0.0,0.0,0.0,0.0,0.0,0.0,0.0,0.0,0.32423036236066133,0.1669814683947914,0.1410137700411661,0.0,0.0,0.0,0.0,0.0,0.0,0.1301759107890445,0.0,0.0,0.14772717396939278,0.0,0.0,0.0,0.0,0.0,0.0,0.0,0.0,0.0,0.0,0.0,0.0,0.0,0.0,0.0,0.0,0.0,0.0,0.0,0.0,0.0,0.0,0.0,0.0,0.0,0.0,0.0,0.0,0.0,0.0,0.0,0.0,0.0,0.0,0.14313261616633569,0.0,0.16387325258472588,0.0,0.0,0.0,0.0,0.0,0.0,0.0,0.0,0.0,0.0,0.0,0.0,0.0,0.0,0.0,0.0,0.0,0.0,0.0,0.16211518118033066,0.0,0.0,0.0,0.0,0.1465297439560652,0.0,0.0,0.0,0.0,0.0,0.0,0.0,0.0,0.0,0.0,0.0,0.0,0.0,0.0,0.0,0.0,0.0,0.0,0.0,0.0,0.14772717396939278,0.0,0.0,0.0,0.0,0.0,0.0,0.0,0.0,0.15880874155645427,0.17886431346876033,0.0,0.0,0.0,0.0,0.16570948568312147,0.27799664865564,0.0,0.0,0.0,0.0,0.0,0.0,0.0,0.0,0.0,0.0,0.0,0.0,0.1489603533946918,0.15880874155645427,0.0,0.0,0.0,0.0,0.0,0.0,0.0,0.0,0.0,0.0,0.0,0.0,0.0,0.0,0.0,0.0,0.0,0.0,0.0,0.0,0.17399887965931074,0.0,0.0,0.0,0.0,0.0,0.0,0.0,0.0,0.0,0.1352404218173161,0.0,0.0,0.0,0.0,0.0,0.0,0.16964660080857588,0.0,0.0,0.0,0.0,0.0,0.0,0.0,0.0,0.09015888512534564,0.0,0.0,0.0,0.0,0.0,0.09703222729879925,0.0,0.14772717396939278,0.0,0.0,0.1604288881483914,0.0,0.0,0.0,0.0,0.18153029928755596,0.0,0.0,0.0,0.0,0.0,0.0,0.0,0.09597748634947237,0.0,0.0,0.0,0.0,0.0,0.11186778431504166,0.0,0.0,0.0,0.0,0.0,0.0,0.0,0.0,0.0,0.0,0.15289746852014618,0.0,0.0,0.0,0.0,0.0,0.0,0.0,0.0,0.0,0.0,0.1572497473708811,0.0,0.0,0.0,0.0,0.0,0.0,0.0,0.0,0.0,0.0,0.0,0.0,0.0,0.12861691660347133,0.0,0.0,0.0,0.0,0.0,0.0,0.0,0.16763115509522974
4,2025-08-08,누가 들으면 마음이 편해진다 책 표지와 꽃잎으로 장식된 모서리가 참으로 유혹적입니다 너무 귀엽고 포근한 책인 것 같아요 참을 수가 없었어요 바로 그거예요 항상은 아니고 하루 24시간 일주일 내내 같은 생각을 하면 어떤 기분이 드나요 이 작업은 한국에서 이루어집니다 본문에는 전통적인 단어가 많이 있지만 번역이 도움이 됩니다 이러한 것들이 무엇인지 상상하기 위해 Google을 사용해야 했지만 말입니다 책 제목만 보아도 이 액션이 작은 가게에 관한 것이라는 것을 짐작할 수 있습니다 그리고 그 주인은 내가 보기에 매우 고귀하고 관대해 보였습니다 그녀는 다른 사람들을 돌보고 동정심을 가지고 있습니다 그녀만큼 다른 사람을 위해 많은 일을 하는 사람은 거의 없습니다 그것은 관대함이 아닌가 생각해 보면 고객과 마찬가지로 가족도 서로의 삶의 여정에 손님이 되지 않습니까 VIP든 초대받지 않은 손님이든 상관없이 모든 사람을 매장 손님처럼 대하면 누구에게도 해를 끼치지 않을 것입니다 작은 일처럼 좋은 일과 이익을 가져올 수 있는 이야기입니다 주변 사람들과 마음을 나누는 것만으로도 닥은 행복을 찾았습니다 올웨이즈 매장에서 일하면서 배운 내용이다 그 가게에 들어가고 나면 뭔가 달라진 것 같아요 더 나은 그러나 친절도 풍성하게 옵니다 3 8,1,0.13798480523379003,0.0,0.0,0.0,0.291300744029987,0.0,0.0,0.0,0.0,0.13284865308873467,0.0,0.0,0.0,0.28796136639932646,0.12436422561344815,0.14740154063134125,0.0,0.0,0.0,0.0833923537896233,0.0,0.09546896043921832,0.0,0.0,0.0,0.0,0.0,0.0,0.0,0.12942779565705662,0.0,0.12077204643913964,0.0,0.0,0.1253213979890342,0.0,0.0,0.0,0.0,0.1316717661148802,0.0,0.0,0.09422403204795544,0.0,0.0,0.0,0.0,0.14924255118930205,0.0,0.0,0.0,0.0,0.0,0.0,0.0,0.0,0.0,0.0,0.14924255118930205,0.0,0.11044660840589234,0.1019284638431719,0.0,0.0,0.0,0.0,0.0,0.17049848435764922,0.0,0.0,0.0,0.0,0.0,0.0,0.0,0.0,0.0,0.0,0.0,0.0,0.0,0.14398068319966323,0.0,0.0,0.0,0.0,0.0,0.0,0.0,0.0,0.0,0.0,0.0,0.0,0.12343191769118343,0.0,0.0,0.0,0.0,0.0,0.0,0.0,0.0,0.0,0.0,0.11910235762380933,0.11673500499933435,0.0,0.0,0.0,0.09675862625506777,0.12731590202512405,0.0,0.08400070457272296,0.0,0.0868735843842898,0.0,0.0,0.0,0.0,0.0,0.0,0.14085768504535684,0.0,0.0,0.0,0.0,0.0,0.14398068319966323,0.0,0.0,0.13284865308873467,0.0,0.0,0.0,0.1456503720149935,0.2817153700907137,0.0,0.0,0.0,0.0,0.0,0.12252321505548737,0.0,0.0,0.0,0.0,0.0,0.0,0.0,0.0,0.0,0.0,0.0,0.0,0.0,0.0,0.0,0.0,0.0,0.0,0.0,0.0,0.0,0.0,0.0,0.0,0.0,0.0,0.0,0.0,0.0,0.13798480523379003,0.1456503720149935,0.0,0.0,0.0,0.0,0.0,0.0,0.11242280495016274,0.0,0.0,0.0,0.0,0.13053224701210955,0.0,0.0,0.0,0.0,0.0,0.0,0.0,0.0,0.0,0.0,0.0,0.2101948954026279,0.0,0.0,0.0,0.15118312307860413,0.0,0.0,0.0,0.0,0.0,0.0,0.0,0.11750690221019228,0.0,0.0,0.0,0.0,0.13532493398174622,0.0,0.0,0.0,0.0,0.0,0.0,0.0,0.0,0.0,0.0,0.07833672178363069,0.0,0.0,0.0,0.0,0.0,0.16861758180315364,0.0,0.0,0.0,0.11992749366311926,0.0,0.0,0.0,0.0,0.19009833617453076,0.0,0.0,0.0,0.0,0.0,0.0,0.0,0.0,0.0,0.0,0.0,0.0,0.0,0.0,0.0971990224175371,0.0,0.0,0.12436422561344815,0.0,0.0,0.0,0.0,0.0,0.0,0.0,0.0,0.0,0.0,0.0,0.0,0.0,0.0,0.0,0.0,0.0,0.0,0.0,0.0,0.0,0.0,0.0,0.0,0.0,0.0,0.0,0.0,0.0,0.0,0.12630479750275025,0.0,0.0,0.0,0.0,0.0,0.0,0.0,0.0,0.0,0.0
3,2025-10-15,별점 2 8개 반올림하여 3개 나는 이 책에 별 2개 이상 아마도 2 8개 정도를 주고 싶다 정말 편안하게 읽었고 최근 우리가 보고 있는 작은 마을 서점 편안한 환경 따뜻한 인물 등의 이야기와 정말 잘 어울렸습니다 저는 주인공과 가게 주인에게 정말 애착을 갖게 되었어요 그들은 정말 진실하고 현실적이며 친절하다고 느꼈습니다 사실 그것이 나를 조금 실망시켰을 수도 있다 나는 그들과 더 많은 시간을 보내고 싶었지만 다른 캐릭터가 너무 많아서 그들의 이야기가 마땅한 공간을 얻지 못했다 속도도 약간 고르지 않았습니다 일부 부분은 끌리고 다른 부분은 서두르는 느낌을 받았습니다 그래도 책의 감성적인 톤이 강해서 그걸 소화하기가 쉽지 않더라고요 많은 책은 그런 종류의 연결을 만들지 못합니다 나를 가장 괴롭혔던 점은 등장인물들 사이의 관계가 스토리를 만들기 위해 서로 묶여 있는 것처럼 급하게 느껴지고 약간 강요된 느낌이 들었다는 것입니다 캐릭터가 자연스럽게 성장하고 연결될 수 있도록 더 많은 깊이와 시간을 원했습니다 전반적으로 마음이 담긴 사랑스러운 이야기입니다 저자는 확실히 그렇게 할 수 있는 능력을 가지고 있기 때문에 관계에 대해 좀 더 깊이 들어가 있었으면 좋았을 텐데요,0,0.0,0.0,0.1304852552321527,0.0,0.0,0.0,0.0,0.10063375743647329,0.0,0.12174570828077204,0.0,0.0,0.0,0.0,0.0,0.0,0.0,0.0,0.0,0.0,0.0,0.08749005682231675,0.1385478585696296,0.0,0.0,0.0,0.0,0.0,0.0,0.0,0.0,0.0,0.0,0.11484755024742727,0.0,0.0,0.12066718068664868,0.0,0.0,0.0,0.1334775121165831,0.0,0.0,0.0,0.0,0.0,0.0,0.0,0.0,0.0,0.0,0.0,0.0,0.0,0.13296019441164644,0.22456645590233043,0.0,0.0,0.0,0.0,0.0,0.09340970146132643,0.0,0.0,0.0,0.11762882408253073,0.11574876126866632,0.15624892128229137,0.0,0.0,0.0,0.0,0.0,0.14242199521137922,0.0,0.0,0.0,0.0,0.09949943314599638,0.0,0.0,0.0,0.0,0.0,0.0,0.0,0.0,0.0,0.0,0.0,0.0,0.0,0.0,0.0,0.0,0.0,0.0,0.0,0.12174570828077204,0.0,0.0,0.09682380060945264,0.0,0.0,0.0,0.0,0.10697877271898798,0.0,0.0,0.0,0.26601581299803145,0.0,0.0,0.0,0.0,0.0,0.0,0.0,0.0,0.0,0.0,0.0,0.0,0.0,0.0,0.0,0.0,0.0,0.0,0.0,0.0,0.0,0.0,0.0,0.0,0.0,0.0,0.0,0.0,0.0,0.0,0.0,0.0,0.0,0.0,0.0,0.0,0.12908537824002275,0.0,0.0,0.0,0.0,0.0,0.0,0.11311598495266471,0.0,0.280855842766988,0.0,0.0,0.0,0.0,0.0,0.0,0.0,0.0,0.1319473690349284,0.0,0.0,0.0,0.0,0.0,0.1277426552928778,0.0,0.0,0.0,0.0,0.0,0.0,0.2529052038480423,0.0,0.0,0.0,0.0,0.0,0.0,0.0,0.0,0.0,0.0,0.0,0.0,0.0,0.0,0.11228322795116522,0.0,0.0,0.0,0.09631383466380715,0.0,0.0,0.0,0.0,0.0,0.0,0.09682380060945264,0.0,0.0,0.0,0.0,0.10768615793118942,0.0,0.0,0.0,0.1319473690349284,0.0,0.0,0.0,0.0,0.0,0.0,0.0,0.0,0.0,0.0,0.0,0.21536898093136866,0.0,0.11667536182772556,0.0,0.0,0.13676947170879303,0.0,0.0,0.0,0.0,0.0,0.0,0.0,0.0,0.0,0.08710534899102827,0.0,0.0,0.0,0.11962289791041593,0.0,0.1350823252521285,0.0,0.0,0.3056910534286581,0.0,0.10990444629199154,0.0,0.0,0.0,0.0,0.1350823252521285,0.0,0.0,0.0,0.0,0.0,0.0,0.0,0.0,0.0,0.12174570828077204,0.07991902264104088,0.0,0.11228322795116522,0.0,0.0,0.0,0.0,0.0,0.0,0.0,0.0,0.2504224831965463,0.0,0.0,0.0,0.0,0.0,0.0,0.0,0.0,0.0,0.0,0.0,0.0,0.0,0.0,0.0,0.0,0.0,0.12286080302108839,0.0,0.0,0.0
2,2025-11-26,불행히도 The Local Shop of Second Chances는 나에게 적합한 책이 아닌 것으로 판명되었습니다 제가 무척 궁금했던 장르인 힐링 소설에 대한 첫 경험이었습니다 내 관심에도 불구하고 나는 아무리 기회를 주고 싶어도 그 이야기가 나를 사로잡지 못한다는 것을 곧 깨달았습니다 노숙생활을 해온 독고와 그에게 다정한 염씨 부인을 따라간다 그녀는 그에게 음식을 제공하고 나중에는 일할 곳도 제공합니다 이것은 좋은 전제이지만 염 부인을 제외한 이야기에 나오는 거의 모든 사람들이 그에게 눈에 띄게 가혹하고 비열한 것으로 나타났습니다 사람들이 마침내 그에게 감사하는 것처럼 보이는 것은 끝이 가까워졌을 때지만 나에게는 실제로 영향을 미치기에는 너무 늦었습니다 게다가 스토리에서 코로나에 대한 언급이 나와서 괴로웠습니다 그것은 제가 개인적으로 소설에서 읽는 것을 좋아하지 않는 것입니다 아무것도 추가하는 대신 경험에서 벗어나게 만듭니다 나는 이것이 나 자신의 문제라는 것을 알고 있습니다 간단히 말해서 이 책에는 의심할 여지 없이 독자가 있지만 불행히도 나는 그들 중 하나가 아닙니다,0,0.0,0.14251966232410093,0.0,0.0,0.0,0.0,0.0,0.0,0.0,0.0,0.0,0.0,0.0,0.0,0.0,0.1331897559611813,0.0,0.28503932464820186,0.09546725191720723,0.2260561294548666,0.0,0.08626427843498082,0.13660673546587812,0.0,0.0,0.0,0.0,0.0,0.0,0.0,0.0,0.10912775621791067,0.0,0.0,0.1132384800279659,0.0,0.0,0.0,0.0,0.0,0.0,0.0,0.0,0.4845578528806287,0.0,0.0,0.0,0.0,0.0,0.0,0.0,0.11504068307613347,0.0,0.0,0.19664603581391976,0.11071008513834966,0.10283102239958966,0.14042659356287052,0.0,0.0,0.0,0.09210098596407476,0.0,0.0,0.0,0.0,0.0,0.0,0.0,0.0,0.0,0.0,0.0,0.0,0.0,0.0,0.0,0.14962301762414584,0.0,0.0,0.0,0.0,0.0,0.0,0.0,0.0,0.0,0.0,0.0,0.0,0.0,0.0,0.0,0.0,0.0,0.0,0.0,0.0,0.0,0.0,0.0,0.0,0.0,0.0,0.0,0.0,0.0,0.0,0.0,0.13846045768233328,0.0,0.0,0.0,0.0,0.0,0.07849762936030287,0.0,0.0,0.0,0.0,0.0,0.0,0.0,0.0,0.0,0.0,0.0,0.11504068307613347,0.0,0.0,0.0,0.0,0.0,0.23795314921002614,0.0,0.0,0.0,0.0,0.0,0.0,0.0,0.0,0.0,0.0,0.0,0.0,0.0,0.0,0.0,0.0,0.0,0.0,0.0,0.0,0.0,0.0,0.0,0.1246809392678218,0.0,0.0,0.0,0.0,0.0,0.13009872201030337,0.0,0.0,0.0,0.0,0.0,0.1246809392678218,0.0,0.0,0.0,0.0,0.0,0.1246809392678218,0.0,0.0,0.0,0.0,0.0,0.0,0.0,0.0,0.0,0.0,0.13009872201030337,0.0,0.1141270646430465,0.0,0.12345697100596614,0.0,0.0,0.0,0.0,0.0,0.0,0.0,0.13009872201030337,0.13660673546587812,0.0,0.0,0.0,0.0,0.09546725191720723,0.0,0.0,0.13846045768233328,0.0,0.0,0.0,0.0,0.0,0.0,0.0,0.0,0.0,0.0,0.0,0.10479715828012688,0.0,0.0,0.0,0.0,0.0,0.0,0.0,0.0,0.0,0.0,0.0,0.0761801215744939,0.0,0.0,0.0,0.10836463137096064,0.0,0.09032348307674844,0.0,0.0,0.0,0.0,0.0,0.0,0.0,0.0,0.0,0.0,0.0,0.0,0.2247471876998078,0.0,0.0,0.0,0.0,0.0878275357232225,0.1331897559611813,0.0,0.0,0.0,0.0,0.0,0.0,0.0,0.0,0.0,0.0,0.0,0.0,0.0,0.10836463137096064,0.0,0.0,0.0,0.0,0.0,0.0,0.0,0.0,0.0,0.0,0.0,0.0,0.0,0.0,0.0,0.0,0.0,0.0,0.0,0.0,0.0,0.0,0.0,0.0,0.0,0.0,0.0,0.0,0.1316074270407423
4,2024-03-25,정말 사랑스러운 읽기였습니다 나는 그것을 매우 좋아했고 그것은 큰 발견이었습니다 MarchAsian THE AMAZING STORE에서 무엇을 찾을 수 있을까요 6개의 챕터 6개의 스토리 6개의 시점 매장 방문객 서로 연관된 캐릭터 잔인한 세상에서의 구원과 개선 친절의 중요성에 대한 아름답고 현실적인 교훈입니다 찬란한 한국 문화 어려운 아이들과 엄격한 엄마 아빠의 관계 태만 편견 편의점 유흥 대중문화에 윙크합니다 너무 화려하지 않고 즐거운 대화 아름다운 설명 따라하기 쉬운 은유 작가의 문체가 단순하면서도 읽기 좋다 단 200페이지 안에 마음속에 자리잡는 사랑스러운 캐릭터들 제가 가장 좋아하는 것은 염부인과 함께하는 독고입니다,1,0.0,0.28943534676352606,0.0,0.0,0.0,0.0,0.0,0.2015082199773127,0.0,0.0,0.0,0.0,0.0,0.0,0.0,0.0,0.0,0.0,0.1938791933170691,0.0,0.0,0.0,0.0,0.0,0.0,0.0,0.0,0.0,0.0,0.0,0.0,0.22162156047373138,0.2128267872096363,0.0,0.0,0.0,0.0,0.0,0.0,0.0,0.0,0.0,0.0,0.0,0.0,0.0,0.0,0.0,0.0,0.0,0.0,0.0,0.0,0.0,0.1331192076408434,0.0,0.0,0.0,0.0,0.0,0.0,0.1870428288635281,0.0,0.0,0.0,0.0,0.0,0.0,0.0,0.0,0.0,0.0,0.0,0.0,0.0,0.0,0.0,0.15193058025694775,0.0,0.0,0.0,0.0,0.0,0.0,0.0,0.0,0.0,0.0,0.0,0.0,0.0,0.0,0.0,0.0,0.0,0.0,0.0,0.0,0.0,0.0,0.0,0.0,0.0,0.0,0.0,0.0,0.0,0.0,0.0,0.0,0.0,0.0,0.0,0.15414466987343026,0.0,0.0,0.0,0.0,0.0,0.0,0.0,0.0,0.0,0.0,0.0,0.0,0.0,0.0,0.0,0.0,0.0,0.0,0.0,0.0,0.0,0.0,0.0,0.0,0.0,0.0,0.0,0.0,0.0,0.0,0.0,0.0,0.0,0.2584795147956735,0.0,0.0,0.0,0.0,0.0,0.0,0.0,0.0,0.0,0.0,0.0,0.0,0.0,0.0,0.0,0.0,0.22162156047373138,0.0,0.0,0.0,0.21707748548401878,0.0,0.0,0.0,0.0,0.0,0.0,0.0,0.0,0.0,0.0,0.0,0.0,0.0,0.0,0.0,0.0,0.0,0.0,0.0,0.0,0.0,0.0,0.0,0.0,0.0,0.0,0.0,0.0,0.0,0.0,0.0,0.0,0.0,0.0,0.0,0.0,0.0,0.0,0.0,0.0,0.0,0.0,0.0,0.0,0.0,0.0,0.0,0.0,0.0,0.22162156047373138,0.0,0.0,0.0,0.0,0.0,0.0,0.0,0.0,0.0,0.0,0.0,0.0,0.0,0.0,0.0,0.0,0.0,0.0,0.0,0.0,0.2672742880597686,0.0,0.0,0.0,0.0,0.0,0.0,0.0,0.0,0.0,0.15302832172962444,0.22821335367078274,0.0,0.23953192090310635,0.0,0.0,0.0,0.0,0.0,0.0,0.0,0.0,0.0,0.0,0.0,0.0,0.281191731223641,0.0,0.0,0.0,0.0,0.0,0.0,0.0,0.0,0.0,0.0,0.0,0.25072197499477067,0.0,0.0,0.0,0.0,0.0,0.20883386994413372,0.0,0.0,0.0,0.0,0.0,0.0,0.0,0.20506924740873345,0.0,0.0,0.0,0.0,0.0,0.0,0.0,0.0
4,2025-01-11,매우 아름다운 책 우리는 등장 인물과 친밀감을 느끼고 우리 각자도 말하고 공유할 가치가 있는 문제와 상황에 직면해 있다고 생각하게 만드는 아시아 이야기의 일상 생활을 다시 한 번 탐구합니다 이야기가 진행되는 동안 우리는 각자의 동기 목적 실망을 안고 있는 여러 등장인물을 만나게 되는데 염씨 부인은 기억상실증을 앓고 있는 노숙자 독고 의 헌신적인 지원 덕분에 염씨 여사가 야간 근무를 담당하기로 결정하고 두 사람 모두와 다른 많은 사람들의 삶을 변화시킬 결정으로 조금씩 해결됩니다 노숙자는 자신도 모르게 과거에는 결코 제공하지 않았을 이타적인 도움 덕분에 과거의 조각들을 회복하기 시작합니다 그의 예전의 뛰어난 성격 때문에 나는 그것을 강력히 추천합니다,1,0.0,0.0,0.0,0.0,0.0,0.0,0.0,0.0,0.0,0.0,0.0,0.0,0.0,0.0,0.0,0.0,0.0,0.0,0.0,0.0,0.0,0.0,0.0,0.0,0.0,0.0,0.0,0.0,0.0,0.0,0.0,0.0,0.14948618799681712,0.0,0.0,0.0,0.0,0.0,0.0,0.0,0.0,0.0,0.0,0.0,0.14578332350809692,0.19486043776967768,0.0,0.0,0.0,0.0,0.0,0.0,0.0,0.0,0.0935008377483295,0.0,0.0,0.0,0.0,0.0,0.0,0.0,0.14578332350809692,0.0,0.0,0.0,0.0,0.10987803606796881,0.0,0.16152717298580013,0.0,0.0,0.0,0.0,0.0,0.0,0.0,0.0,0.0,0.4129730442635791,0.0,0.0,0.19235922810967926,0.0,0.0,0.0,0.0,0.0,0.0,0.0,0.18352080082310995,0.0,0.0,0.0,0.0,0.0,0.0,0.0,0.0,0.0,0.0,0.13617769605439214,0.0,0.0,0.0,0.0,0.0,0.0,0.1815519458272527,0.0,0.1247125200625219,0.0,0.0,0.10826879173207572,0.0,0.0,0.0,0.0,0.0,0.0,0.0,0.0,0.0,0.0,0.0,0.0,0.0,0.0,0.0,0.0,0.0,0.0,0.13994083561327372,0.0,0.0,0.0,0.0,0.0,0.0,0.0,0.0,0.14668162571012192,0.0,0.0,0.0,0.0,0.0,0.0,0.0,0.0,0.0,0.0,0.0,0.0,0.0,0.0,0.0,0.0,0.0,0.0,0.0,0.0,0.0,0.0,0.15566349841334337,0.0,0.19235922810967926,0.0,0.0,0.0,0.0,0.0,0.0,0.0,0.0,0.0,0.0,0.1668199228043841,0.0,0.0,0.0,0.0,0.0,0.0,0.0,0.0,0.0,0.18998634338579165,0.32558935987848425,0.0,0.0,0.0,0.1668199228043841,0.0,0.30092028414294647,0.0,0.0,0.0,0.0,0.0,0.0,0.0,0.0,0.0,0.13617769605439214,0.0,0.0,0.0,0.17122907749778105,0.0,0.0,0.0,0.0,0.0,0.0,0.0,0.0,0.0,0.0,0.0,0.0,0.0,0.0,0.0,0.0,0.30290539557639345,0.0,0.0,0.0,0.0,0.0,0.0,0.0,0.0,0.0,0.0,0.0,0.0,0.0,0.0,0.0,0.0,0.0,0.0,0.0,0.0,0.0,0.0,0.0,0.0,0.0,0.0,0.0,0.0,0.0,0.0,0.0,0.0,0.0,0.0,0.0,0.0,0.0,0.0,0.0,0.0,0.0,0.0,0.0,0.0,0.0,0.0,0.0,0.0,0.0,0.0,0.0,0.0,0.0,0.0,0.0,0.0,0.0,0.0,0.0,0.0,0.0,0.0,0.0,0.0,0.0,0.0,0.0,0.0,0.0,0.0,0.0,0.0,0.0,0.0
5,2025-02-19,나는 설렘과 회의를 동시에 안고 이 책을 집어 들었다 몇 년 전 한국에 나왔을 때 주변의 베스트셀러 현상을 다 알고 있어서 기대가 컸는데 최근에는 편안하다 힐링하다 라는 서사가 많이 활용되는 것 같아서 다소 단순한 작품을 접할까봐 두려웠다 글쎄요 이 소설이 마음에 들었을 뿐만 아니라 마음이 따뜻해졌다고 말할 수 있어서 기쁩니다 24시간 가게를 운영하는 노부인이 지갑을 잃어버리고 그것을 찾아 돌려준 사람이 알코올 중독으로 인해 길거리 생활에 대해 아무것도 기억하지 못하는 노숙자 독고라는 사실이 밝혀지면서 이야기는 시작됩니다 그런 상황에도 불구하고 독고가 좋은 가치관을 지닌 사람임을 알아차린 여자는 그를 매장 야간 근무자로 고용하기로 결정한다 그때부터 독고는 다른 직원들과 고객 모두와 교류하며 어떤 식으로든 그들의 삶에 더 나은 영향을 미치게 되고 자신도 점차 기억을 되찾고 더 나은 관계를 맺는 법을 배우게 된다 이 작품은 매우 가벼운 작품으로 약간 오버로드된 어조로 매우 잘 흘러갑니다 각 장은 인물에 초점을 맞추고 있으며 인물의 삶과 개인적인 문제를 이야기합니다 우리는 그들이 독고나 다른 캐릭터들과 어떻게 교차하게 되는지 그리고 그들이 처음에 가지고 있는 거부감과 편견에도 불구하고 어떻게 이러한 만남이 그들을 올바른 방향으로 밀어내는지를 목격합니다 이 주인공들의 이야기는 매우 현실적이며 매우 가깝게 느껴집니다 삶의 길을 찾지 못하는 사람들 취업이나 안정에 어려움을 겪는 젊은이들 사회에 적응하지 못하거나 잘못된 결정을 내려 자신의 실수를 안고 살아가는 법을 배워야 하는 사람들 요컨대 당신에게는 걸작처럼 보이지 않을 수도 있지만 페이지마다 즐기며 이 책을 만나서 정말 기쁘다 고 생각하며 미소를 지으며 마무리할 수 있는 소설 중 하나입니다 적극 권장하며 두 번째 부분을 얻을 수 있기를 바랍니다,1,0.11634498406076577,0.0,0.0,0.12920322734731696,0.0,0.0,0.0,0.0,0.0,0.1120143221560896,0.0,0.0,0.0,0.0,0.0,0.0,0.0,0.0,0.0,0.0,0.0,0.0,0.0,0.0,0.0,0.0,0.0,0.0,0.0,0.0,0.0,0.0,0.0977905987981407,0.0,0.0,0.0,0.11102200350199995,0.2701579445379017,0.0,0.0,0.12280837866037243,0.1073492589760002,0.07944710642730929,0.0,0.0,0.0,0.0,0.0,0.11753192079716715,0.0,0.0,0.0,0.12140054307820884,0.0,0.061166205614472044,0.0,0.0,0.0,0.2516744102350673,0.0,0.0,0.0,0.09536826573531598,0.0,0.0,0.0,0.0,0.14375962202045256,0.12583720511753366,0.0,0.0,0.11102200350199995,0.0,0.0,0.0,0.0,0.0,0.0,0.0915462377783397,0.0,0.0,0.0,0.0,0.1100611924067191,0.10256092471914564,0.0,0.0,0.0,0.0,0.12428491576466802,0.0,0.0,0.0,0.11102200350199995,0.0,0.0,0.0,0.0,0.0,0.0,0.0,0.0,0.0,0.0,0.08233147911376845,0.0,0.09842773827864267,0.0,0.0,0.0,0.0,0.1073492589760002,0.0,0.28330831407263674,0.0,0.0,0.0,0.0,0.0,0.11102200350199995,0.0,0.0,0.0,0.0,0.0,0.07944710642730929,0.0,0.2146985179520004,0.0,0.0,0.0,0.0,0.0,0.0,0.0,0.0,0.0,0.0,0.10256092471914564,0.0,0.10111955671526625,0.0,0.10330819743921824,0.0,0.0,0.0,0.0,0.0,0.1082265090218672,0.0,0.0,0.0,0.12280837866037243,0.0,0.10407439045218736,0.0,0.0,0.0,0.0,0.0,0.0,0.0,0.10111955671526625,0.0,0.0,0.0,0.0,0.0,0.0,0.0,0.0,0.0,0.0,0.12280837866037243,0.0,0.11634498406076577,0.12583720511753366,0.10912994946963044,0.11634498406076577,0.0,0.09479181006801352,0.18412713348667786,0.12583720511753366,0.0,0.0,0.0,0.0,0.0,0.0,0.0,0.11520284823188345,0.0,0.0,0.0,0.09842773827864267,0.12583720511753366,0.0,0.0,0.0,0.0,0.0,0.12747344184046183,0.0,0.0,0.0,0.18517978636701088,0.0,0.0,0.0,0.0,0.0,0.0,0.1200552990540394,0.0,0.0,0.0,0.0,0.0,0.0,0.0,0.0,0.0,0.0,0.0,0.0,0.13210272872939893,0.0,0.0,0.0,0.0,0.0,0.0,0.0,0.1082265090218672,0.0,0.10111955671526625,0.0,0.08428460886313896,0.0,0.0,0.0,0.0,0.1130402850687887,0.0,0.0,0.0,0.0,0.0,0.0,0.07031413390774961,0.0,0.0,0.0,0.0,0.0,0.08195553629785526,0.0,0.0,0.0,0.0,0.0,0.0,0.0,0.1073492589760002,0.0,0.0,0.0,0.0,0.15237975765876693,0.0,0.0,0.0,0.0,0.0,0.0,0.12428491576466802,0.0,0.0,0.0,0.0,0.0,0.0,0.0,0.0,0.0,0.0,0.0,0.0,0.0,0.10649672351501208,0.0,0.0,0.0,0.0,0.0,0.0,0.0,0.0,0.0,0.0
4,2025-04-08,염여사님의 놀라운 가게는 당신을 단절시키고 미소를 짓게 만드는 매우 위안이 되는 책이었습니다 이야기는 은퇴한 염씨 부인이 기억상실증을 앓고 있는 노숙자 독고를 돕기로 결심한 서울의 작은 24시간 동네 상점에서 시작된다 거기에서 우리는 그와 다른 캐릭터들이 그와의 상호 작용 덕분에 어떻게 점차적으로 자신의 자리를 찾는지 볼 수 있습니다 큰 반전이나 강렬한 드라마를 추구하기보다는 일상 변화를 만들 수 있는 작은 몸짓에 초점을 맞춘 점이 마음에 들었습니다 그것은 매우 인간적이고 희망적인 터치를 가지고 있습니다 배경이 좋고 단순한 이야기를 찾고 있다면 이 책을 놓칠 수 없습니다,1,0.1790352492536698,0.0,0.0,0.0,0.0,0.0,0.0,0.0,0.0,0.17237109316824614,0.0,0.0,0.0,0.0,0.0,0.0,0.0,0.0,0.0,0.0,0.0,0.0,0.0,0.0,0.0,0.0,0.0,0.0,0.0,0.0,0.0,0.1567016991506554,0.0,0.0,0.0,0.0,0.0,0.0,0.0,0.0,0.0,0.0,0.0,0.0,0.0,0.0,0.0,0.0,0.0,0.0,0.0,0.0,0.0,0.0,0.0,0.0,0.0,0.0,0.0,0.0,0.0,0.0,0.1467556282262654,0.0,0.18681489937018725,0.0,0.0,0.11061086977158538,0.0,0.0,0.0,0.1708440826227703,0.0,0.0,0.19364217173158055,0.0,0.0,0.0,0.0,0.20786368801658148,0.0,0.0,0.0,0.0,0.0,0.1772776954196455,0.0,0.0,0.20164517790780617,0.0,0.0,0.15897383997936343,0.0,0.0,0.0,0.16388044223076279,0.0,0.0,0.0,0.0,0.0,0.0,0.0,0.0,0.12669421895195904,0.0,0.0,0.0,0.18276281006928446,0.0,0.0,0.0,0.0,0.21798178509844401,0.0,0.0,0.0,0.0,0.0,0.0,0.0,0.0,0.0,0.0,0.0,0.0,0.19882191053826515,0.0,0.0,0.0,0.0,0.0,0.0,0.0,0.0,0.0,0.0,0.0,0.0,0.0,0.0,0.0,0.0,0.0,0.19882191053826515,0.0,0.0,0.0,0.0,0.0,0.0,0.0,0.0,0.0,0.0,0.0,0.0,0.0,0.0,0.0,0.0,0.0,0.0,0.0,0.0,0.0,0.0,0.0,0.0,0.0,0.0,0.0,0.0,0.0,0.0,0.0,0.0,0.0,0.0,0.0,0.0,0.14167025550896847,0.0,0.0,0.0,0.16936555688040178,0.0,0.0,0.16388044223076279,0.0,0.0,0.0,0.0,0.0,0.15146363892222425,0.0,0.0,0.0,0.0,0.0,0.0,0.0,0.0,0.0,0.0,0.14248018286565442,0.12278788767044678,0.0,0.0,0.0,0.0,0.0,0.0,0.0,0.0,0.0,0.0,0.0,0.0,0.0,0.0,0.0,0.0,0.0,0.0,0.20328375267820029,0.0,0.0,0.0,0.20465071419565053,0.0,0.21878126896312813,0.0,0.0,0.0,0.0,0.0,0.1296997552398034,0.0,0.0,0.24665254222774832,0.0,0.0,0.0,0.0,0.0,0.0,0.0,0.20465071419565053,0.0,0.0,0.0,0.0,0.0,0.0,0.0,0.0,0.0,0.0,0.0,0.0,0.0,0.0,0.0,0.0,0.0,0.0,0.0,0.11724333504314363,0.0,0.0,0.0,0.0,0.0,0.0,0.19125346100676782,0.0,0.0,0.0,0.0,0.0,0.0,0.0,0.0,0.0,0.0,0.0,0.0,0.0,0.0,0.0,0.0,0.0,0.0,0.0,0.0,0.0,0.0,0.0,0.0
3,2026-06-26,소름이 돋네요 그리고 그것은 큰 반전이나 과장된 순간의 이야기가 아니라 정반대로 소소한 대화와 만남 자신을 다시 찾으려는 사람들의 이야기이기 때문이다 상점과 각 캐릭터는 두 번째 기회 길을 잃은 사람들 작은 몸짓이 누군가의 길을 어떻게 바꿀 수 있는지에 대해 이야기하는 방식이 됩니다 또한 듣는 것의 중요성을 보여주는 방식도 정말 마음에 들었습니다 별 것 없어 보이는 사람도 내면에 많은 것을 품고 있을 수 있으며 자신이 보여지고 받아들여진다고 느끼는 곳을 찾는 것만으로도 변화를 시작하기에 충분할 수 있다는 것입니다 때로는 너무 조용해서 별 일도 일어나지 않을 때도 있지만 그게 바로 그 매력인 것 같아요 천천히 읽고 작은 세부 사항에 머물면서 끝냈을 때 남는 따뜻함을 즐길 수 있는 책입니다 단순한 이야기지만 마음이 담긴 이야기입니다 나는 돌아보았다 실종된 나의 어머니였는가 아니면 나를 돌봐주셨던 돌아가신 할머니인가 그녀는 누구였는가 나는 그녀를 껴안고 떨리는 목소리로 말했다 죽어야 할 사람을 구하셨군요 부끄럽지만 살려고 노력하겠습니다 이에 그녀는 나를 안아주고 작은 손으로 내 등을 어루만졌다 고 말했다,0,0.0,0.0,0.0,0.0,0.0,0.0,0.0,0.0,0.0,0.0,0.0,0.0,0.0,0.1469975656923062,0.0,0.0,0.0,0.0,0.0,0.08513970577168968,0.0,0.09746935819355108,0.0,0.0,0.0,0.0,0.0,0.0,0.0,0.0,0.0,0.1233026294618472,0.0,0.0,0.2558946106402111,0.0,0.0,0.0,0.0,0.0,0.0,0.0,0.09619834434009474,0.0,0.0,0.0,0.0,0.0,0.0,0.1332673392618809,0.0,0.0,0.2939951313846124,0.0,0.14812591607881168,0.25018098197208294,0.0,0.0,0.0,0.0,0.0,0.10406421005048798,0.0,0.0,0.0,0.0,0.0,0.0,0.0,0.12794730532010554,0.0,0.13443073514558346,0.0,0.15866694993798663,0.0,0.0,0.0,0.0,0.11084854944211936,0.0,0.0,0.0,0.0,0.0,0.0,0.0,0.0,0.0,0.0,0.0,0.0,0.0,0.0,0.0,0.12601823401668308,0.12895131038110946,0.0,0.0,0.0,0.0,0.12697007694451887,0.0,0.0,0.14231325338630776,0.09969088030993574,0.0,0.11918099834396036,0.0,0.0,0.0,0.09878604687201469,0.0,0.0,0.0,0.0,0.0,0.0,0.0,0.0,0.0,0.0,0.15866694993798663,0.14380913015954802,0.0,0.15049010166214719,0.09619834434009474,0.15644542782160195,0.0,0.0,0.0,0.0,0.0,0.11084854944211936,0.0,0.0,0.0,0.14380913015954802,0.0,0.0,0.0,0.0,0.0,0.0,0.0,0.0,0.0,0.0,0.0,0.0,0.0,0.0,0.0,0.0,0.0,0.0,0.0,0.0,0.0,0.0,0.0,0.0,0.0,0.1224403804475019,0.0,0.0,0.0,0.0,0.0,0.0,0.0,0.0,0.0,0.0,0.14870224013795294,0.0,0.0,0.0,0.0,0.0,0.0,0.0,0.1114749560181428,0.0,0.0,0.0,0.0,0.0,0.0,0.0,0.0,0.0,0.0,0.0,0.0,0.0,0.0,0.0,0.0,0.0,0.0,0.0,0.0,0.0,0.0,0.10786772858577516,0.0,0.0,0.0,0.0,0.11996906941321239,0.0,0.0,0.0,0.0,0.0,0.0,0.0,0.13443073514558346,0.0,0.0,0.0,0.0,0.0,0.0,0.0,0.07997814116870437,0.0,0.0,0.11691364271020205,0.0,0.0,0.0,0.0,0.13104581714549624,0.15435092105721518,0.1224403804475019,0.14231325338630776,0.0,0.13443073514558346,0.0,0.2911223093141885,0.0,0.0,0.0,0.0,0.0,0.0,0.0,0.0,0.08513970577168968,0.0,0.0,0.0,0.0,0.0,0.0,0.0,0.0,0.0,0.0,0.0,0.0,0.0,0.0,0.14870224013795294,0.0,0.0,0.0,0.0,0.0,0.0,0.0,0.11918099834396036,0.0,0.16103189255981434,0.0,0.0,0.0,0.0,0.0,0.0,0.0,0.0,0.0,0.0,0.0,0.0,0.0,0.0,0.0,0.0,0.0,0.0,0.0,0.0,0.0,0.0,0.0,0.0,0.0
5,2023-11-20,너무 좋아해요 어쩌면 이런 책을 읽고 싶은 기분이 들어서인지도 모르겠지만 분명한 건 내가 이 책을 정말 좋아한다는 것이다 스토리텔링도 좋고 캐릭터도 마음에 들고 미니마켓 분위기도 꽤 뚜렷하고 번역도 괜찮습니다 이 책은 과연 독고가 누구일지 궁금하게 만들었지만 동시에 빨리 끝내고 싶지는 않았다 사실 끝내고 싶지 않은 느낌이었음 훈훈한 부분도 많았고 생각하게 되는 부분도 많았다 요점은 제가 정말 좋아하고 특히 한국 일본 소설을 정말 좋아하는 분들에게 이 책을 적극 추천한다는 것입니다 전체 리뷰는 평소대로 IG nge review 에 올리도록 하겠습니다,1,0.0,0.0,0.0,0.0,0.0,0.0,0.0,0.0,0.0,0.0,0.0,0.0,0.0,0.0,0.0,0.0,0.0,0.0,0.0,0.0,0.0,0.1483512495190096,0.0,0.0,0.0,0.0,0.0,0.0,0.0,0.0,0.0,0.0,0.0,0.0,0.0,0.0,0.0,0.0,0.0,0.0,0.0,0.0,0.0,0.0,0.0,0.0,0.0,0.23191117666389235,0.0,0.0,0.0,0.0,0.0,0.0,0.0,0.0,0.0,0.0,0.0,0.0,0.1716253354678828,0.15838880933782534,0.0,0.0,0.0,0.0,0.0,0.0,0.0,0.0,0.0,0.0,0.0,0.0,0.0,0.0,0.0,0.0,0.0,0.0,0.0,0.0,0.0,0.2028368367863314,0.0,0.0,0.0,0.0,0.0,0.22905039117513598,0.0,0.1903914315704756,0.0,0.0,0.0,0.0,0.0,0.0,0.0,0.0,0.0,0.0,0.0,0.0,0.15173247196581527,0.0,0.0,0.0,0.0,0.0,0.0,0.0,0.0,0.0,0.0,0.0,0.0,0.0,0.0,0.0,0.0,0.0,0.0,0.0,0.0,0.0,0.0,0.0,0.0,0.0,0.0,0.0,0.0,0.0,0.0,0.0,0.0,0.0,0.0,0.0,0.0,0.0,0.0,0.0,0.0,0.0,0.0,0.0,0.0,0.0,0.2123126309387913,0.0,0.0,0.0,0.0,0.0,0.0,0.0,0.0,0.0,0.2046075597728296,0.0,0.0,0.0,0.0,0.0,0.0,0.0,0.0,0.0,0.0,0.0,0.21441752562187563,0.0,0.0,0.0,0.0,0.0,0.0,0.0,0.0,0.0,0.0,0.0,0.0,0.0,0.0,0.0,0.0,0.0,0.0,0.0,0.0,0.0,0.0,0.0,0.0,0.0,0.0,0.0,0.0,0.0,0.21441752562187563,0.0,0.0,0.0,0.0,0.0,0.0,0.0,0.0,0.0,0.0,0.0,0.0,0.0,0.0,0.2046075597728296,0.0,0.0,0.0,0.0,0.0,0.0,0.0,0.0,0.0,0.0,0.0,0.0,0.0,0.0,0.0,0.0,0.0,0.0,0.0,0.0,0.0,0.0,0.0,0.0,0.0,0.0,0.0,0.0,0.0,0.0,0.0,0.38875546024925034,0.19325221705923196,0.0,0.2028368367863314,0.0,0.0,0.0,0.0,0.0,0.0,0.0,0.0,0.0,0.0,0.0,0.0,0.0,0.0,0.13551353490619988,0.42124150244830255,0.0,0.0,0.0,0.0,0.0,0.0,0.0,0.0,0.0,0.0,0.0,0.0,0.0,0.2011206063193685,0.0,0.0,0.0,0.0,0.0,0.0,0.0,0.0,0.17365367133413095,0.0,0.0,0.0,0.0,0.0,0.0,0.0,0.0
4,2025-03-06,4 25 저는 지금까지 이런 종류의 책을 읽는 것을 정말 좋아합니다 일반적으로 혁명적인 것은 아니지만 제가 정말 아름답다고 생각하는 방식으로 이루어졌습니다 어떻게 설명해야 제대로 설명할 수 있을지도 모르겠지만 줄거리의 구조나 결국 모든 것이 이어지는 방식이 조금 시적인 것 같아요 나는 그것이 아시아 문학에서 다소 흔한 일이라는 것을 깨달았습니다 내가 말했듯이 이것은 적어도 나에게는 독자의 삶을 변화시킬 이야기가 아니며 줄거리는 특정 시점에서 예측 가능하기도 합니다 그럼에도 불구하고 읽기가 매우 즐겁고 매우 유동적이며 내가 정말 좋아하는 캐릭터가 등장합니다,1,0.0,0.0,0.0,0.0,0.0,0.0,0.0,0.0,0.0,0.0,0.0,0.0,0.0,0.18566867769430923,0.0,0.0,0.0,0.0,0.13624483125340459,0.2150753519687645,0.1295252392478754,0.0,0.0,0.0,0.15465115648010822,0.0,0.0,0.0,0.0,0.0,0.0,0.0,0.0,0.16160680540152253,0.0,0.0,0.0,0.0,0.0,0.0,0.0,0.0,0.0,0.0,0.0,0.0,0.0,0.0,0.0,0.0,0.0,0.0,0.0,0.0,0.09354693338316501,0.0,0.0,0.20040796356069884,0.0,0.0,0.28485037413117614,0.0,0.0,0.0,0.0,0.0,0.0,0.0,0.19245406063684925,0.0,0.0,0.0,0.0,0.0,0.0,0.0,0.0,0.0,0.0,0.0,0.0,0.0,0.0,0.0,0.0,0.0,0.0,0.0,0.0,0.0,0.0,0.0,0.0,0.0,0.0,0.0,0.0,0.0,0.0,0.0,0.0,0.0,0.0,0.0,0.0,0.0,0.0,0.0,0.0,0.0,0.0,0.0,0.0,0.21664433584857817,0.0,0.11202685791418586,0.0,0.0,0.0,0.0,0.0,0.0,0.0,0.20040796356069884,0.19008000608785236,0.0,0.0,0.16417879574638872,0.0,0.0,0.0,0.0,0.0,0.0,0.0,0.0,0.0,0.0,0.0,0.0,0.0,0.1467539393152044,0.0,0.0,0.0,0.0,0.0,0.0,0.0,0.0,0.0,0.0,0.0,0.0,0.0,0.0,0.0,0.0,0.0,0.0,0.0,0.0,0.0,0.0,0.0,0.0,0.19245406063684925,0.0,0.0,0.0,0.0,0.0,0.0,0.0,0.0,0.0,0.0,0.0,0.0,0.0,0.0,0.14080102335329453,0.0,0.0,0.0,0.0,0.0,0.0,0.0,0.0,0.0,0.0,0.0,0.0,0.0,0.0,0.0,0.0,0.18566867769430923,0.0,0.0,0.0,0.17793676040651346,0.0,0.13624483125340459,0.0,0.0,0.0,0.0,0.0,0.0,0.0,0.0,0.0,0.0,0.0,0.0,0.0,0.0,0.1495598842427631,0.0,0.0,0.0,0.0,0.0,0.0,0.0,0.0,0.0,0.0,0.0,0.0,0.0,0.0,0.0,0.0,0.0,0.0,0.0,0.0,0.0,0.0,0.0,0.0,0.16832639740705171,0.0,0.0,0.0,0.0,0.3226130279531468,0.1603724944832021,0.15465115648010822,0.16832639740705171,0.1836112760319229,0.0,0.0,0.0,0.0,0.0,0.0,0.0,0.0,0.0,0.0,0.0,0.0,0.0,0.0,0.11652397672412443,0.0,0.0,0.0,0.0,0.0,0.0,0.0,0.0,0.0,0.1761899902214801,0.0,0.0,0.0,0.0,0.0,0.0,0.0,0.0,0.0,0.0,0.0,0.0,0.0,0.0,0.17288258950694163,0.0,0.0,0.0,0.0,0.0,0.0
4,2026-01-24,읽으면서 따뜻함이 느껴지던 멋진 책 서양에서는 이런 종류의 책은 아무래도 자주 쓰지 않지만 삶의 조각 장르는 제가 가장 좋아하는 장르 중 하나입니다 기분이 좋아지고 싶을 때 현실에서 조금 벗어나고 싶을 때 동시에 그 안에 있고 싶을 때 이런 종류의 책을 읽습니다 이 책에는 중요한 사건이나 깊은 감정적 장면 충격적인 폭로가 필요하지 않았습니다 이 책은 여러 인물의 눈을 통해 사건이 전달되는 매우 실제적인 책입니다 나는 그들에 대해 읽었을 때 그들과 동일시했지만 집착하지는 않았습니다 그들이 문제에 어떻게 대처하는지 그리고 그 대가로 친절과 이해가 어떻게 보상받는지 보는 것은 나에게 좋았습니다 적극 추천합니다,1,0.0,0.0,0.0,0.0,0.0,0.0,0.0,0.14612399573590706,0.0,0.0,0.0,0.0,0.0,0.0,0.0,0.0,0.0,0.0,0.1405917953160132,0.0,0.0,0.0,0.0,0.0,0.0,0.0,0.0,0.0,0.0,0.0,0.0,0.0,0.0,0.0,0.0,0.0,0.0,0.21317962997018758,0.0,0.0,0.0,0.0,0.1253822446668771,0.0,0.0,0.0,0.0,0.19859441016493878,0.0,0.0,0.0,0.0,0.0,0.18743681782348515,0.09653159822397306,0.0,0.1514362020798221,0.0,0.0,0.0,0.0,0.0,0.0,0.0,0.0,0.0,0.0,0.0,0.0,0.0,0.0,0.0,0.0,0.0,0.0,0.0,0.0,0.0,0.14447691425940135,0.0,0.0,0.0,0.0,0.0,0.0,0.0,0.0,0.0,0.0,0.19614461013839077,0.0,0.0,0.0,0.0,0.0,0.0,0.0,0.0,0.0,0.0,0.0,0.0,0.0,0.0,0.0,0.0,0.0,0.0,0.0,0.0,0.0,0.0,0.0,0.1117782445094988,0.0,0.0,0.0,0.0,0.0,0.0,0.1894694917973047,0.0,0.0,0.0,0.0,0.0,0.0,0.0,0.0,0.0,0.0,0.0,0.0,0.0,0.0,0.0,0.0,0.0,0.0,0.0,0.0,0.0,0.16303946449288956,0.0,0.0,0.0,0.0,0.0,0.0,0.0,0.0,0.0,0.0,0.0,0.0,0.0,0.0,0.0,0.0,0.0,0.0,0.0,0.0,0.0,0.0,0.0,0.0,0.0,0.0,0.0,0.0,0.3709742673395318,0.0,0.0,0.0,0.0,0.0,0.0,0.0,0.0,0.0,0.2905867103134882,0.0,0.0,0.0,0.0,0.0,0.19614461013839077,0.0,0.0,0.0,0.0,0.0,0.0,0.0,0.0,0.0,0.0,0.0,0.0,0.0,0.0,0.36722785544412195,0.0,0.0,0.0,0.0,0.0,0.0,0.0,0.0,0.0,0.0,0.0,0.0,0.0,0.0,0.0,0.0,0.0,0.0,0.0,0.0,0.0,0.1607092155411559,0.0,0.0,0.0,0.0,0.0,0.0,0.0,0.0,0.0,0.0,0.0,0.0,0.0,0.0,0.0,0.0,0.0,0.0,0.0,0.0,0.0,0.0,0.0,0.0,0.0,0.16548926451943757,0.1595853841735576,0.17369694096151442,0.0,0.0,0.0,0.0,0.0,0.0,0.0,0.0,0.0,0.1854871336697659,0.0,0.0,0.0,0.0,0.23209084547974476,0.1202417363968559,0.0,0.0,0.0,0.15533719625335496,0.0,0.0,0.0,0.0,0.0,0.0,0.0,0.0,0.1595853841735576,0.0,0.0,0.0,0.0,0.0,0.0,0.0,0.0,0.0,0.0,0.0,0.0,0.0,0.0,0.0,0.0,0.0,0.0
4,2026-01-29,더 나은 것에 놀랐습니다 나는 일상 생활과 그 사건에 관한 가벼운 책을 찾을 것으로 기대했습니다 그러나 사실은 가게와 독고를 통해 생성되는 연결이 미묘하게 서술되고 생각된다는 것입니다 각 장에서는 동네를 지나가거나 그 동네에 사는 인물을 소개하고 예의바르고 도움을 주는 것이 그녀에게 어떻게 전환점을 만들거나 적어도 그녀의 하루를 더 견딜 수 있게 만들 수 있는지를 소개합니다 이러한 철학을 바탕으로 우리는 책에 몰입합니다 한 가족의 아버지에서 가게 주인의 아들로 또는 주어진 기회 덕분에 자신의 삶 적어도 기억을 되찾기 위해 노력하는 주인공까지,1,0.0,0.0,0.22429095557895443,0.0,0.0,0.0,0.0,0.0,0.0,0.0,0.0,0.0,0.0,0.0,0.0,0.0,0.24480900424027557,0.2484579005514564,0.0,0.0,0.15822198020914446,0.1503865583388851,0.0,0.0,0.0,0.0,0.0,0.0,0.0,0.2038798857000795,0.0,0.0,0.0,0.0,0.0,0.0,0.0,0.0,0.0,0.2074146785019879,0.0,0.0,0.0,0.0,0.0,0.0,0.0,0.0,0.2195767036885295,0.2056196620354977,0.0,0.0,0.0,0.0,0.11427256284817149,0.0,0.0,0.0,0.23509288807395526,0.0,0.0,0.0,0.0,0.0,0.0,0.0,0.0,0.0,0.0,0.0,0.0,0.0,0.0,0.0,0.0,0.0,0.0,0.0,0.0,0.25235863812382625,0.24138139302431383,0.0,0.0,0.0,0.0,0.2152254595918814,0.0,0.0,0.0,0.0,0.0,0.0,0.0,0.0,0.0,0.0,0.0,0.0,0.0,0.0,0.0,0.0,0.0,0.0,0.0,0.0,0.0,0.0,0.0,0.0,0.0,0.0,0.0,0.0,0.0,0.0,0.0,0.0,0.0,0.0,0.0,0.0,0.0,0.0,0.0,0.0,0.0,0.0,0.0,0.0,0.0,0.0,0.0,0.0,0.0,0.0,0.0,0.0,0.0,0.0,0.0,0.0,0.0,0.0,0.0,0.0,0.0,0.0,0.0,0.0,0.0,0.0,0.0,0.0,0.0,0.0,0.0,0.0,0.0,0.0,0.0,0.0,0.0,0.0,0.0,0.0,0.0,0.0,0.0,0.0,0.0,0.0,0.0,0.0,0.0,0.0,0.0,0.0,0.0,0.0,0.0,0.17199595121224745,0.0,0.0,0.0,0.0,0.0,0.0,0.0,0.0,0.0,0.0,0.0,0.0,0.18388568974414798,0.0,0.0,0.16555373995157524,0.0,0.0,0.0,0.2381497552096054,0.0,0.0,0.0,0.0,0.0,0.0,0.0,0.0,0.0,0.0,0.0,0.0,0.0,0.0,0.0,0.0,0.0,0.0,0.0,0.0,0.0,0.0,0.0,0.0,0.0,0.0,0.0,0.0,0.0,0.0,0.0,0.0,0.0,0.0,0.0,0.1574630658660276,0.0,0.0,0.0,0.0,0.0,0.0,0.0,0.0,0.0,0.0,0.0,0.0,0.0,0.0,0.0,0.0,0.0,0.0,0.0,0.19590354586917735,0.0,0.0,0.0,0.0,0.0,0.0,0.0,0.24138139302431383,0.2092685583466785,0.0,0.14234024539304327,0.0,0.0,0.0,0.0,0.0,0.0,0.0,0.0,0.0,0.0,0.0,0.0,0.18891462669364148,0.0,0.0,0.0,0.0,0.0,0.0,0.0,0.0,0.0,0.0,0.0,0.0,0.0,0.0,0.0,0.0,0.0,0.0
5,2024-04-26,염부인의 놀라운 가게 는 나를 매료시켰습니다 이 작품은 경쟁이나 직장에서의 착취와 같은 중심 주제가 특징인 현대 한국 사회를 상당히 충실하게 다루고 있습니다 또한 실패 노령 사회 직업 계층 개성과 같은 다른 주제도 다루어집니다 비록 겸손과 인류애의 멋진 후광이 있기는 하지만요 번역가인 Ainhoa의 매혹적인 번역과 왜곡과 문화적 반영이 대상 언어에 잘 전달된 것에 대해 특별히 언급합니다,1,0.0,0.0,0.31829027819608735,0.0,0.0,0.0,0.0,0.0,0.0,0.0,0.0,0.0,0.0,0.0,0.5560116675534037,0.0,0.34740734802886464,0.0,0.0,0.0,0.0,0.0,0.0,0.0,0.0,0.0,0.0,0.0,0.0,0.0,0.0,0.0,0.0,0.0,0.0,0.0,0.0,0.0,0.0,0.0,0.0,0.0,0.0,0.0,0.0,0.0,0.0,0.0,0.0,0.0,0.0,0.0,0.0,0.0,0.0,0.2738904085196957,0.0,0.0,0.0,0.0,0.0,0.0,0.0,0.0,0.32185678544789786,0.0,0.0,0.19056755697912967,0.0,0.0,0.0,0.0,0.0,0.0,0.0,0.0,0.0,0.0,0.24270713346153222,0.0,0.0,0.0,0.0,0.0,0.0,0.0,0.0,0.0,0.0,0.0,0.0,0.0,0.0,0.0,0.0,0.0,0.0,0.0,0.0,0.0,0.0,0.0,0.0,0.31160030471134925,0.0,0.0,0.0,0.0,0.0,0.0,0.0,0.0,0.0,0.0,0.0,0.0,0.0,0.0,0.0,0.0,0.0,0.0,0.0,0.0,0.0,0.0,0.0,0.0,0.0,0.0,0.0,0.0,0.0,0.0,0.0,0.0,0.0,0.0,0.0,0.0,0.0,0.0,0.0,0.0,0.0,0.0,0.0,0.0,0.0,0.0,0.0,0.0,0.0,0.0,0.0,0.0,0.0,0.0,0.0,0.0,0.0,0.0,0.0,0.0,0.0,0.0,0.0,0.0,0.0,0.0,0.0,0.0,0.0,0.0,0.0,0.0,0.0,0.0,0.0,0.0,0.0,0.0,0.0,0.0,0.0,0.0,0.0,0.0,0.0,0.0,0.0,0.0,0.0,0.0,0.0,0.0,0.0,0.0,0.0,0.0,0.0,0.0,0.0,0.0,0.0,0.0,0.0,0.0,0.0,0.0,0.0,0.0,0.0,0.0,0.0,0.0,0.0,0.0,0.0,0.0,0.0,0.0,0.0,0.0,0.0,0.0,0.0,0.0,0.0,0.0,0.0,0.18846525673830092,0.0,0.0,0.0,0.0,0.0,0.0,0.0,0.0,0.0,0.0,0.0,0.0,0.0,0.0,0.0,0.0,0.0,0.0,0.0,0.0,0.0,0.0,0.0,0.0,0.0,0.0,0.0,0.0,0.0,0.0,0.0,0.0,0.0,0.0,0.0,0.0,0.0,0.0,0.0,0.0,0.0,0.0,0.0,0.0,0.0,0.0,0.0,0.0,0.0,0.0,0.0,0.0,0.0,0.0,0.0,0.0,0.0,0.0,0.0,0.24981205609058327,0.0,0.0,0.0,0.0,0.0,0.0,0.0,0.0
4,2025-04-30,이 책은 별 기대 없이 읽었다 마음을 치유하는 느낌이라고 생각하세요 그런데 실제로 돗코 씨는 따뜻한 마음을 가지고 옵니다 자신의 중요한 이야기를 잊어버린 노숙자 편의점 주인에게서 기회를 얻었으니 당신의 인생이 바뀔 수 있습니다 그리고 토코 씨는 듣는 사람들의 마음을 감동시키는 솔직하고 직설적인 말로 주변 사람들의 마음을 변화시켰습니다 책은 전혀 지루하지 않고 재미있게 읽힌다 때로는 생활에 어려움을 겪고 있는 분들이 독코 씨의 상담을 받으러 오는 모습에서 몰래 자신의 모습을 볼 수도 있습니다 전혀 해결될 수 없다고 생각하는 심각한 문제 관점을 바꾸면 문제에서 물러나 플레이어에서 관중으로 역할을 바꿔라 어쩌면 해결책이 코앞에 다가왔을지도 모른다 쿤토코의 불편한 가게,1,0.0,0.0,0.1597349130928431,0.0,0.0,0.0,0.0,0.0,0.0,0.14903630373452212,0.0,0.0,0.0,0.0,0.0,0.0,0.0,0.0,0.0,0.0,0.0,0.0,0.0,0.1719063336167178,0.0,0.0,0.0,0.0,0.17694606119704398,0.0,0.0,0.0,0.0,0.0,0.0,0.0,0.0,0.0,0.0,0.0,0.0,0.0,0.10570526033117335,0.0,0.0,0.0,0.0,0.0,0.0,0.0,0.0,0.1428293851935189,0.0,0.0,0.0,0.0,0.0,0.0,0.0,0.0,0.0,0.0,0.12688854019004095,0.0,0.0,0.0,0.0,0.0,0.0,0.0,0.0,0.0,0.0,0.0,0.0,0.16960483472592422,0.0,0.0,0.0,0.0,0.0,0.0,0.0,0.0,0.0,0.0,0.0,0.0,0.0,0.0,0.0,0.0,0.0,0.0,0.0,0.0,0.0,0.0,0.14903630373452212,0.0,0.1395180460719794,0.0,0.0,0.0,0.0,0.5344600711747808,0.0,0.0,0.0,0.0,0.0,0.0,0.0,0.0,0.0,0.0,0.0,0.0,0.0,0.0,0.0,0.0,0.0,0.0,0.0,0.0,0.0,0.0,0.0,0.0,0.0,0.0,0.2436065788136126,0.0,0.0,0.0,0.0,0.0,0.0,0.0,0.0,0.0,0.0,0.0,0.0,0.0,0.0,0.0,0.0,0.0,0.0,0.0,0.0,0.0,0.13847213613276507,0.0,0.0,0.1547982976525628,0.0,0.0,0.0,0.0,0.0,0.0,0.0,0.0,0.0,0.0,0.13271014221472438,0.0,0.0,0.0,0.0,0.0,0.0,0.0,0.0,0.0,0.0,0.0,0.0,0.0,0.1674278035345013,0.0,0.0,0.0,0.16152477525621706,0.0,0.0,0.0,0.0,0.0,0.0,0.0,0.0,0.0,0.0,0.0,0.0,0.0,0.0,0.0,0.0,0.0,0.0,0.0,0.1061654398392146,0.0,0.0,0.0,0.0,0.0,0.0,0.0,0.0,0.0,0.0,0.0,0.0,0.0,0.0,0.0,0.0,0.0,0.0,0.08788207625645818,0.0,0.0,0.0,0.0,0.0,0.18916368779298093,0.0,0.0,0.0,0.0,0.0,0.2242832224466445,0.0,0.0,0.0,0.0,0.0,0.1597349130928431,0.0,0.29039722747283864,0.0,0.0,0.0,0.0,0.0,0.0,0.0,0.0,0.0,0.0,0.0,0.0,0.1395180460719794,0.0,0.0,0.0,0.15637753020564185,0.0,0.0,0.0,0.0,0.19566744324206228,0.0,0.0,0.0,0.0,0.0,0.0,0.0,0.0,0.0,0.0,0.0,0.0,0.0,0.0,0.0,0.12767041463439824,0.0,0.0,0.0,0.0,0.0,0.0,0.0,0.0,0.0,0.0,0.0,0.0,0.0,0.0,0.0,0.0
4,2025-07-26,염부인의 큰 희망의 작은 가게 는 별다른 일이 일어나지 않지만 여전히 머릿속에 남아 있는 아늑한 인생 책 중 하나이다 책 전체는 편의점에서 일하는 노숙인이 많은 편견에 직면하는 이야기이다 결국 내가 이 책을 그토록 좋아하게 된 가장 큰 이유는 줄거리의 반전이었다 전형적으로 한국적인 드라마이지만 어떻게 보면 매우 인간적이기도 합니다 7 10,1,0.0,0.0,0.32820162186494856,0.0,0.0,0.0,0.0,0.25311796605871173,0.0,0.0,0.0,0.0,0.0,0.0,0.0,0.0,0.0,0.0,0.0,0.0,0.0,0.0,0.0,0.0,0.2764359655734696,0.0,0.0,0.0,0.0,0.0,0.0,0.0,0.0,0.0,0.0,0.0,0.0,0.0,0.0,0.0,0.0,0.0,0.0,0.0,0.0,0.0,0.0,0.0,0.0,0.0,0.0,0.0,0.0,0.0,0.0,0.0,0.0,0.0,0.0,0.0,0.254582280563301,0.0,0.0,0.0,0.0,0.0,0.0,0.0,0.0,0.0,0.0,0.0,0.0,0.0,0.0,0.0,0.0,0.0,0.0,0.0,0.0,0.0,0.0,0.0,0.0,0.0,0.0,0.0,0.0,0.0,0.0,0.0,0.0,0.0,0.0,0.0,0.0,0.0,0.0,0.0,0.0,0.0,0.0,0.0,0.0,0.0,0.0,0.0,0.0,0.0,0.22303112872113393,0.0,0.0,0.19362379024313275,0.0,0.0,0.0,0.0,0.0,0.0,0.0,0.0,0.0,0.0,0.0,0.0,0.0,0.0,0.0,0.0,0.0,0.0,0.0,0.0,0.0,0.0,0.0,0.0,0.0,0.0,0.0,0.0,0.0,0.0,0.0,0.0,0.0,0.0,0.0,0.0,0.0,0.0,0.0,0.0,0.0,0.0,0.0,0.0,0.0,0.0,0.0,0.33976435233360164,0.0,0.0,0.0,0.0,0.0,0.0,0.0,0.0,0.0,0.0,0.0,0.0,0.0,0.0,0.0,0.0,0.0,0.0,0.0,0.25167911918852653,0.0,0.0,0.0,0.0,0.0,0.0,0.0,0.0,0.0,0.0,0.0,0.0,0.0,0.0,0.0,0.0,0.0,0.0,0.0,0.0,0.0,0.0,0.0,0.0,0.0,0.0,0.0,0.0,0.0,0.0,0.0,0.0,0.0,0.3062195712592705,0.0,0.0,0.0,0.0,0.0,0.0,0.0,0.0,0.0,0.1805681638519699,0.0,0.0,0.0,0.0,0.0,0.0,0.0,0.0,0.0,0.0,0.0,0.0,0.0,0.0,0.21909078356098796,0.0,0.0,0.0,0.0,0.0,0.0,0.0,0.0,0.0,0.0,0.0,0.0,0.0,0.0,0.0,0.0,0.0,0.0,0.0,0.0,0.0,0.0,0.0,0.0,0.0,0.0,0.0,0.20828436560923477,0.0,0.0,0.0,0.0,0.0,0.0,0.0,0.0,0.0,0.0,0.0,0.0,0.0,0.0,0.0,0.32820162186494856,0.0,0.0,0.0,0.0,0.0,0.0,0.0,0.0,0.3090243012010081,0.0,0.0,0.0,0.0,0.0,0.0
3,2025-09-08,기억력이 없는 노숙자 독고는 작은 가게에서 야간 근무를 하게 된다 그곳에서 이웃의 다양한 고객과의 상호 작용은 그들의 삶을 변화시키기 시작할 뿐만 아니라 그가 자신의 삶을 재건하는 데도 도움이 됩니다 인간의 연결이 어떻게 치유될 수 있는지에 대한 아이디어가 마음에 들었고 진정한 보물인 캐릭터가 있습니다 그럼에도 불구하고 나는 때때로 줄거리가 정체되어 초기의 마법을 잃는다는 느낌을 지울 수 없었습니다 친절한 이야기지만 나를 완전히 사랑에 빠지게 만드는 불꽃이 부족했습니다,0,0.0,0.0,0.0,0.0,0.0,0.21649670639207766,0.0,0.0,0.0,0.0,0.0,0.0,0.0,0.0,0.0,0.0,0.0,0.0,0.0,0.0,0.0,0.0,0.0,0.0,0.0,0.0,0.0,0.0,0.0,0.0,0.17809160632509258,0.0,0.0,0.0,0.0,0.0,0.18855612391257623,0.0,0.0,0.0,0.0,0.0,0.0,0.0,0.0,0.21649670639207766,0.0,0.0,0.0,0.0,0.0,0.0,0.0,0.0,0.10388267443666467,0.17545524907756888,0.0,0.0,0.0,0.0,0.0,0.0,0.16197032988142576,0.0,0.0,0.1838083479135299,0.0,0.0,0.0,0.0,0.16197032988142576,0.0,0.0,0.0,0.0,0.0,0.0,0.11856256723213518,0.0,0.0,0.0,0.2061826946159951,0.0,0.0,0.1741861056361072,0.0,0.0,0.0,0.0,0.0,0.0,0.0,0.0,0.18855612391257623,0.17675652612299483,0.0,0.0,0.0,0.0,0.0,0.0,0.0,0.0,0.0,0.13982907971393035,0.0,0.0,0.0,0.2017105101505086,0.0,0.0,0.0,0.0,0.0,0.0,0.0,0.0,0.0,0.0,0.0,0.0,0.0,0.0,0.0,0.0,0.0,0.0,0.18231845525141602,0.0,0.0,0.0,0.0,0.0,0.0,0.0,0.0,0.0,0.0,0.0,0.0,0.0,0.32593674958292096,0.0,0.0,0.21943451727716837,0.0,0.0,0.0,0.0,0.0,0.0,0.0,0.0,0.0,0.0,0.0,0.0,0.0,0.0,0.0,0.0,0.0,0.17173813356417275,0.0,0.0,0.0,0.0,0.0,0.0,0.0,0.0,0.0,0.0,0.0,0.0,0.0,0.0,0.18534272149392567,0.0,0.0,0.0,0.15635773766574154,0.0,0.0,0.19759649924506428,0.0,0.0,0.0,0.0,0.0,0.0,0.20857371632435573,0.0,0.0,0.0,0.0,0.0,0.0,0.0,0.0,0.0,0.0,0.0,0.0,0.0,0.0,0.0,0.0,0.0,0.0,0.0,0.0,0.0,0.0,0.0,0.0,0.0,0.0,0.0,0.0,0.0,0.0,0.0,0.0,0.0,0.0,0.0,0.0,0.0,0.0,0.0,0.12073156830210305,0.0,0.0,0.0,0.0,0.0,0.14314621112412879,0.0,0.0,0.13611196420053426,0.0,0.0,0.0,0.0,0.0,0.0,0.0,0.0,0.0,0.0,0.0,0.0,0.0,0.0,0.0,0.0,0.0,0.0,0.0,0.0,0.0,0.0,0.0,0.0,0.0,0.0,0.0,0.0,0.0,0.0,0.0,0.0,0.0,0.0,0.0,0.21649670639207766,0.0,0.1956567332700083,0.0,0.0,0.0,0.0,0.0,0.0,0.0,0.0,0.0,0.0,0.0,0.0,0.0,0.0,0.0,0.0,0.0,0.0,0.0,0.0,0.0
4,2025-10-13,이 작품은 식료품점을 운영하는 노부인과 그녀의 직원들이 매일매일 많은 상황을 겪는 이야기로 독자의 마음에 낯설고 따뜻한 느낌을 남긴다 알코올 중독에 갇힌 노숙인이 편의점에서 자신의 시작을 다시 찾는 이야기 여기서 좋은 점은 작가가 식료품 진열대 뜨거운 수프 연기 짧고 짧은 대화 사이에서 이야기를 조용히 진행시킨다는 것입니다 시끄럽지도 소음도 가속도 없지만 압도적인 느낌이 세포 전체에 계속 퍼지며 또 다른 기회가 가능할지도 모른다는 느낌이 듭니다 다 읽고 나면 여운이 남는 또 하나의 아시아 소설이다 아마도 이것이 가장 현실적이고 마음에 가장 가까운 것 같습니다,1,0.0,0.0,0.0,0.0,0.0,0.0,0.0,0.30247146917168277,0.0,0.0,0.0,0.0,0.19399377008003316,0.0,0.0,0.0,0.0,0.0,0.0,0.0,0.0,0.13148294716942033,0.0,0.0,0.0,0.22063712243092415,0.0,0.0,0.0,0.0,0.0,0.0,0.0,0.0,0.0,0.0,0.0,0.0,0.0,0.0,0.0,0.0,0.0,0.0,0.0,0.0,0.0,0.0,0.0,0.0,0.21103971855768336,0.0,0.0,0.0,0.0,0.0,0.0,0.0,0.0,0.0,0.0,0.0,0.0,0.0,0.0,0.17677648208475444,0.3479021231800567,0.11740801988482708,0.0,0.17259669190051352,0.0,0.0,0.0,0.0,0.0,0.0,0.0,0.0,0.0,0.0,0.0,0.0,0.0,0.0,0.0,0.0,0.0,0.0,0.0,0.0,0.0,0.0,0.0,0.0,0.0,0.0,0.0,0.0,0.18296347163762797,0.0,0.0,0.0,0.0,0.0,0.26895941436354986,0.0,0.0,0.0,0.0,0.0,0.13325911673858096,0.0,0.0,0.0,0.0,0.0,0.0,0.0,0.0,0.0,0.0,0.0,0.0,0.0,0.0,0.0,0.0,0.0,0.0,0.0,0.0,0.0,0.0,0.0,0.0,0.0,0.0,0.0,0.0,0.0,0.0,0.0,0.0,0.0,0.0,0.0,0.0,0.0,0.0,0.0,0.0,0.0,0.0,0.0,0.0,0.0,0.0,0.0,0.0,0.0,0.0,0.0,0.0,0.0,0.0,0.1982948643775278,0.2055416795487752,0.0,0.0,0.0,0.0,0.0,0.0,0.0,0.0,0.0,0.2055416795487752,0.0,0.0,0.0,0.0,0.0,0.0,0.0,0.0,0.0,0.0,0.0,0.0,0.0,0.0,0.0,0.0,0.0,0.0,0.2055416795487752,0.0,0.0,0.0,0.20821429806295727,0.0,0.0,0.0,0.1577126452122987,0.0,0.0,0.13033332788176938,0.0,0.0,0.0,0.0,0.0,0.0,0.0,0.0,0.0,0.0,0.1813426247456562,0.0,0.0,0.0,0.0,0.0,0.0,0.0,0.0,0.0,0.0,0.0,0.0,0.0,0.0,0.0,0.0,0.0,0.0,0.0,0.13766993672229383,0.0,0.0,0.0,0.0,0.0,0.0,0.0,0.0,0.20300618012763283,0.0,0.0,0.0,0.0,0.0,0.0,0.0,0.0,0.13386564461001868,0.0,0.0,0.0,0.0,0.0,0.0,0.0,0.0,0.2005944139409193,0.0,0.0,0.0,0.0,0.0,0.0,0.0,0.0,0.0,0.0,0.0,0.0,0.0,0.0,0.0,0.0,0.0,0.0,0.0,0.19609755146142735,0.0,0.0,0.0,0.0,0.0,0.0,0.0,0.0,0.0,0.0,0.0,0.0,0.0,0.0,0.0
4,2025-11-25,별 3 5개 이 책은 길을 잃은 사람도 자신에게 돌아갈 길을 찾을 수 있다는 사실을 상기시키는 것처럼 따뜻하고 조용한 느낌을 줍니다 나는 작은 친절이라도 인생 전체를 바꿀 수 있다는 것을 보여주는 이 이야기를 좋아합니다 이는 치유가 항상 큰 순간에서 오는 것이 아니라 때로는 단순히 머무르는 사람들에게서 나온다는 것을 가르쳐줍니다 내 마음에 남는 한 구절 강은 당신을 익사시키기 위해 존재하는 것이 아니라 건너기 위해 존재합니다 단순한 이야기지만 마음이 가득합니다 이는 자신을 포함하여 모든 사람이 또 다른 기회를 얻을 자격이 있음을 상기시켜줍니다,1,0.0,0.0,0.0,0.0,0.0,0.0,0.0,0.0,0.0,0.0,0.0,0.0,0.0,0.0,0.0,0.0,0.0,0.0,0.0,0.19185951902898174,0.2310878478331653,0.0,0.17391235503637753,0.0,0.0,0.0,0.0,0.0,0.0,0.0,0.0,0.0,0.0,0.0,0.0,0.0,0.0,0.0,0.0,0.0,0.0,0.0,0.0,0.0,0.0,0.0,0.0,0.0,0.0,0.0,0.0,0.14645687894182416,0.3312541662733221,0.0,0.08344921666401277,0.0,0.0,0.0,0.0,0.0,0.0,0.0,0.0,0.0,0.0,0.14765371350775236,0.0,0.0980658169409392,0.0,0.0,0.0,0.15146761404665474,0.0,0.0,0.17168003293247147,0.0,0.0,0.0,0.0,0.0,0.0,0.0,0.0,0.0,0.0,0.0,0.0,0.0,0.0,0.0,0.0,0.0,0.0,0.0,0.0,0.0,0.0,0.17391235503637753,0.0,0.0,0.14306144044573632,0.0,0.0,0.0,0.11232505547488028,0.0,0.13428522457537914,0.0,0.0,0.0,0.0,0.0,0.0,0.0,0.0,0.09993436663474703,0.0,0.0,0.0,0.0,0.0,0.17877536940596295,0.0,0.0,0.0,0.0,0.0,0.0,0.0,0.0,0.0,0.0,0.0,0.0,0.0,0.0,0.0,0.0,0.13992414180624765,0.16754779695801145,0.0,0.0,0.0,0.0,0.0,0.0,0.0,0.0,0.0,0.0,0.0,0.0,0.0,0.0,0.0,0.0,0.0,0.0,0.0,0.0,0.0,0.0,0.27591535922590077,0.0,0.0,0.0,0.0,0.0,0.0,0.0,0.0,0.0,0.0,0.0,0.0,0.0,0.0,0.0,0.0,0.0,0.0,0.0,0.0,0.0,0.0,0.0,0.0,0.0,0.0,0.0,0.0,0.0,0.0,0.0,0.0,0.0,0.0,0.24179609821322373,0.0,0.0,0.3350955939160229,0.0,0.0,0.0,0.0,0.0,0.10886176503014812,0.0,0.0,0.0,0.0,0.0,0.0,0.0,0.0,0.0,0.0,0.0,0.0,0.0,0.0,0.0,0.0,0.0,0.0,0.0,0.0,0.0,0.26346103800800597,0.0,0.0,0.0,0.0,0.0,0.0,0.0,0.1603491114907381,0.0,0.0,0.0,0.10933908712621525,0.0,0.0,0.0,0.0,0.0,0.0,0.0,0.0,0.0,0.0,0.0,0.0,0.16379176314400937,0.0,0.0,0.0,0.0,0.0,0.0,0.17168003293247147,0.0,0.0,0.0,0.0,0.17627230599448745,0.0,0.1003184429063107,0.0,0.0,0.0,0.0,0.0,0.0,0.0,0.0,0.0,0.0,0.0,0.0,0.0,0.0,0.0,0.0,0.0,0.0,0.0,0.0,0.0,0.0,0.0,0.0,0.0,0.0,0.15282143702019024,0.0,0.0,0.0,0.0,0.0
5,2026-02-07,사실 나는 이 소설을 정의롭게 설명하고 그것이 얼마나 현명하고 놀라운지를 설명하기 위해 이 소설에 대해 무슨 말을 해야 할지 매우 혼란스러웠습니다 소설을 사서 치유상상 시리즈를 다 봤을 때 치유상상이 무슨 뜻인지 혼란스럽고 궁금했어요 하지만 처음 몇 페이지가 지나서야 문장의 의미를 이해하게 되었습니다 아주 간단하게 이 소설은 이기심과 베풂의 큰 차이점을 나열하고 있습니다 이기심은 당신의 삶을 파괴하고 주변 사람들을 소외시킬 것입니다 반면에 베풂과 자비는 당신을 치유하고 당신의 마음과 하늘의 어둠을 밝게 할 것입니다 우리 주님은 Ar Rahman 장에서 이렇게 말씀하셨습니다 자비 외에 자선에 대한 보상이 있습니까 이 소설에서 저는 이해할 수 있었습니다 얼마나 작은 친절의 행동이 사람의 삶을 180도 바꿀 수 있고 심지어 그 사람의 삶 자체로 돌아갈 수도 있습니다 소설은 지갑을 잃어버린 70세 할머니와 그것을 찾아 돌려주는 노숙자의 이야기를 담고 있다 그녀는 그를 돌보기로 결정하고 그의 알 수 없는 과거에도 불구하고 그에게 식료품점에서 일자리를 제공하기로 결정합니다 심지어 그를 개인적으로도 그리고 부인의 도움으로 그가 이렇게 함으로써 그의 기억은 그에게 돌아오고 그는 도망치던 과거를 발견하게 될 것입니다 결말도 훌륭하고 번역도 훌륭합니다 나는 그것을 매우 즐겼습니다 새해 들어 지금까지 읽은 소설 중 최고의 소설이라고 할 수 있어요 우리 중 누군가는 서로에게 상처를 남겨서는 안 됩니다 가족을 지키고 싶다면 솔직하게 말해야 합니다 이 세상에서 감사할 만한 사람은 남을 배려하는 사람입니다 나는 그녀가 나를 살아있게 해주는 호흡 장치처럼 옆에 서 있었습니다,1,0.0,0.0,0.0,0.0,0.0,0.0,0.0,0.0,0.0,0.0,0.0,0.0,0.0,0.0,0.0,0.0,0.0,0.0,0.0,0.0,0.0,0.21631065774397987,0.0,0.0,0.0,0.0,0.11000338967510868,0.0,0.0,0.0,0.09392688932089356,0.0,0.1751883293875816,0.09464979997578019,0.09464979997578019,0.08246427904854141,0.0,0.0,0.0,0.0,0.0,0.19231232421247726,0.07116331232620665,0.20250759212115185,0.17084880710515304,0.0,0.0,0.0,0.0,0.0,0.0,0.0,0.0,0.0,0.1643655756525607,0.09253645413695527,0.0,0.0,0.0,0.0,0.0,0.0,0.0,0.0,0.0,0.0,0.0,0.0,0.0,0.0,0.0,0.0,0.11912432530232189,0.0,0.11271640633292809,0.22836407171831485,0.0,0.0625308141119546,0.08200089096095489,0.0,0.0,0.0,0.0,0.0,0.0,0.0,0.0,0.0,0.0,0.0,0.0,0.0,0.11418203585915743,0.0,0.09322275770590861,0.0,0.0,0.0,0.0,0.0,0.0,0.0,0.0,0.0,0.0,0.0,0.0,0.0,0.0,0.0,0.0,0.0,0.11132597114898979,0.12688415567034333,0.0,0.0,0.0,0.22265194229797958,0.0,0.0,0.0,0.11737484456452775,0.0,0.0,0.0,0.0,0.0,0.09615616210623863,0.0,0.0,0.0,0.10033480829028736,0.0,0.0,0.0,0.11000338967510868,0.0,0.19078503769424582,0.0,0.0,0.0,0.17190156030039336,0.0,0.0,0.0,0.0,0.0,0.0,0.09694194300889909,0.19388388601779818,0.20638174600091003,0.0,0.0,0.0,0.09322275770590861,0.0,0.0,0.0,0.2347496891290555,0.0,0.0,0.0,0.0,0.0,0.0,0.0,0.0,0.09775118349157327,0.0,0.0,0.0,0.0,0.0,0.0,0.0,0.0,0.0,0.0,0.0,0.0,0.0,0.0,0.0,0.19078503769424582,0.10421392056461104,0.0,0.0,0.0,0.0,0.0,0.0,0.0,0.19550236698314655,0.0,0.0,0.0,0.0,0.07937553013703855,0.0,0.0,0.0,0.0,0.0,0.0,0.0,0.0,0.071473116189839,0.0,0.0,0.0,0.0,0.0,0.0,0.0,0.0,0.0,0.11132597114898979,0.0,0.0,0.0,0.0,0.11573146002093361,0.0,0.1087423463502757,0.09121387266307417,0.0,0.0,0.09615616210623863,0.0,0.0,0.0,0.12734952407301375,0.2174846927005514,0.0,0.0,0.0,0.0,0.0,0.0,0.0,0.07178650168035292,0.0,0.0,0.0,0.09858532755249323,0.0,0.0,0.0,0.0,0.0,0.0,0.0,0.0,0.0,0.0,0.0,0.0,0.0,0.09392688932089356,0.0,0.0,0.0,0.0,0.09615616210623863,0.0,0.0,0.0,0.0,0.0,0.0,0.0,0.0,0.0,0.0,0.0,0.0,0.0,0.0,0.0,0.0,0.0,0.0,0.0,0.0,0.0,0.0,0.0,0.0,0.0,0.0,0.08200089096095489,0.0,0.0,0.10125379606057593,0.0,0.0,0.0,0.0,0.0,0.0
5,2026-06-18,내가 말하고 싶은 또 다른 뱅커 이 책은 조금 더 미스터리하고 하나의 아이디어가 감정의 끈이 적음에도 불구하고 매우 잘 읽었습니다 분위기도 조금 다릅니다 다양한 캐릭터의 다양한 POV가 있지만 모두 비슷한 타임라인을 따르며 매장과 주인공이 된 신비한 노숙자를 중심으로 돌아갑니다 그리고 우리는 캐릭터들의 다양한 어려움 그들이 그것을 어떻게 처리하는지 그리고 그들의 이야기가 얼마나 멋지게 끝나는지를 가지고 있습니다 글쎄요 좀 더 희망적이네요 모든 이야기가 어떻게 끝나는지는 확실하지 않습니다 어떤 사람에게는 행복하고 다른 사람에게는 짜증나는 것이 분명하지만 독자로서 우리는 더 깊이 생각할 수 있기 때문에 모두 희망적입니다 아마도 아들은 마침내 자신의 물건을 정리하고 판매에 대해 어머니를 괴롭히는 일을 그만둘 수도 있고 어쩌면 다른 아들이 마침내 자신의 삶을 함께 알아낼 수도 있을 것입니다 도저히 내려놓을 수 없어서 하루 동안 읽었는데 또 무슨 일이 일어날지 우리 노숙인이 누구인지 너무 궁금했어요 그리고 결말도 만족스러웠어요 때로는 두 번째 기회가 더 나은 결과를 낳기도 했고 이 경우에는 그걸 또렷하게 볼 수 있었고 등장인물들에게 응원까지 보낼 수 있었거든요,1,0.0,0.0,0.0,0.0,0.0,0.0,0.0,0.0,0.0,0.12098693323436,0.0,0.0,0.0,0.0,0.0,0.0,0.0,0.0,0.0,0.0,0.09147476480465667,0.08694477869413135,0.0,0.0,0.0,0.0,0.0,0.0,0.0,0.0,0.0,0.0,0.10562385612843284,0.0,0.0,0.0,0.11991512751846005,0.1458991161549519,0.0,0.0,0.0,0.0,0.2574330204200965,0.0,0.0,0.0,0.0,0.0,0.0,0.0,0.13955271022352791,0.0,0.0,0.0,0.0,0.0,0.0,0.0,0.13591706168375745,0.0,0.1005851103980694,0.09282752939495514,0.0,0.0,0.0,0.0,0.0,0.23291265960099944,0.0,0.0,0.3090224654428649,0.0,0.0,0.0,0.0,0.0,0.0,0.0,0.09887930708102487,0.0,0.0,0.0,0.0,0.0,0.0,0.0,0.0,0.0,0.0,0.0,0.12967201132406744,0.0,0.0,0.0,0.0,0.0,0.0,0.0,0.0,0.0,0.11326005880531616,0.096220350312611,0.0,0.0,0.0,0.0,0.0,0.0,0.0,0.0,0.0,0.0,0.0,0.0765004943557161,0.24419015638648042,0.07911686200319398,0.0,0.13424043029697943,0.0,0.0,0.0,0.0,0.0,0.0,0.0,0.08581100680669884,0.0,0.11594818750399659,0.0,0.0,0.0,0.0,0.0,0.0,0.0,0.0,0.0,0.0,0.0,0.0,0.0,0.10364221028246724,0.0,0.0,0.0,0.0,0.0,0.0,0.0,0.0,0.0,0.0,0.0,0.0,0.22482198859355357,0.0,0.0,0.0,0.0,0.0,0.11991512751846005,0.0,0.0,0.0,0.0,0.13112501256358136,0.0,0.0,0.0,0.0,0.10921947141678877,0.0,0.0,0.0,0.0,0.0,0.0,0.0,0.0,0.0,0.1023848573567376,0.19887615062959796,0.0,0.11502736194425466,0.0,0.0,0.0,0.0,0.0,0.0,0.0,0.0,0.11787151550096192,0.0,0.21262406396448122,0.0,0.0,0.0,0.0,0.0,0.0,0.0,0.0,0.0,0.192440700625222,0.0,0.0,0.0,0.0,0.0,0.0,0.0,0.0,0.0,0.12324211327651066,0.12098693323436,0.0,0.0,0.0,0.0,0.12209507819324021,0.0,0.0,0.0,0.10998861621389122,0.0,0.0,0.0,0.0,0.0,0.0,0.07678107243635772,0.0,0.0,0.1376843648226959,0.10921947141678877,0.0,0.18207200916680935,0.0,0.0,0.0,0.0,0.0,0.0,0.0,0.0,0.0,0.0,0.0,0.0,0.0,0.21843894283357754,0.0,0.0,0.0,0.0,0.0,0.0,0.0,0.0,0.0,0.12566449135939622,0.0,0.0,0.0,0.0,0.0,0.07942093066745105,0.0,0.0,0.0,0.0,0.0,0.0,0.0,0.0,0.0,0.0,0.0,0.0,0.12828085900687408,0.0,0.0,0.0,0.0,0.0,0.0,0.0,0.0,0.0,0.0,0.0,0.11594818750399659,0.0,0.0,0.0,0.0,0.0,0.0,0.0
4,2024-03-27,나는 이 책이 정말 매력적이라고 생각했다 이야기는 뜻밖의 편의점 임시 직원으로 고용된 노숙자 독고를 중심으로 전개되며 그의 역할은 전혀 다른 많은 사람들의 삶을 감동시키고 변화시킨다 그것은 모두 서로 얽혀 있고 매우 감동적이고 재미 있으며 특히 마지막에는 정말 흥미진진한 멋진 단편 소설 모음집처럼 읽었습니다,1,0.0,0.0,0.0,0.0,0.0,0.0,0.0,0.0,0.0,0.0,0.0,0.0,0.0,0.0,0.0,0.0,0.0,0.0,0.0,0.0,0.0,0.0,0.0,0.0,0.0,0.0,0.0,0.0,0.0,0.0,0.0,0.20847430071022086,0.0,0.0,0.0,0.0,0.0,0.0,0.0,0.0,0.0,0.0,0.0,0.0,0.19524215203528547,0.0,0.0,0.0,0.0,0.0,0.0,0.0,0.0,0.0,0.1252221745244544,0.0,0.0,0.0,0.0,0.0,0.0,0.0,0.19524215203528547,0.0,0.0,0.0,0.0,0.14715554363204952,0.0,0.0,0.0,0.0,0.0,0.0,0.0,0.0,0.0,0.0,0.0,0.0,0.0,0.0,0.0,0.0,0.0,0.23584839082439232,0.0,0.0,0.0,0.0,0.0,0.0,0.0,0.0,0.0,0.0,0.0,0.0,0.0,0.0,0.0,0.0,0.0,0.0,0.0,0.0,0.0,0.0,0.0,0.0,0.16702281315049125,0.0,0.0,0.14500034288802954,0.23142109540678782,0.0,0.0,0.0,0.0,0.0,0.0,0.0,0.0,0.0,0.0,0.0,0.0,0.0,0.0,0.0,0.0,0.0,0.18741752654057292,0.0,0.0,0.0,0.0,0.0,0.0,0.0,0.0,0.1964452145727619,0.0,0.0,0.0,0.0,0.0,0.2431457299540688,0.22156611914638985,0.0,0.0,0.0,0.0,0.0,0.0,0.0,0.0,0.0,0.0,0.0,0.0,0.0,0.0,0.0,0.0,0.0,0.0,0.0,0.0,0.0,0.0,0.0,0.0,0.0,0.0,0.0,0.0,0.0,0.0,0.0,0.0,0.0,0.0,0.0,0.0,0.0,0.0,0.0,0.0,0.0,0.0,0.0,0.0,0.0,0.0,0.0,0.0,0.0,0.0,0.0,0.0,0.0,0.0,0.0,0.0,0.18955414426887832,0.0,0.0,0.0,0.0,0.0,0.0,0.0,0.0,0.0,0.0,0.0,0.0,0.0,0.0,0.23142109540678782,0.0,0.0,0.0,0.20847430071022086,0.0,0.0,0.0,0.0,0.0,0.0,0.0,0.0,0.22156611914638985,0.0,0.0,0.0,0.0,0.0,0.0,0.0,0.0,0.0,0.0,0.0,0.22341568258237143,0.0,0.0,0.0,0.287900439769925,0.0,0.0,0.0,0.0,0.0,0.0,0.0,0.0,0.0,0.0,0.0,0.2381866220528649,0.0,0.0,0.0,0.0,0.0,0.0,0.0,0.0,0.20701645053226228,0.0,0.0,0.0,0.0,0.0,0.0,0.0,0.0,0.0,0.0,0.0,0.22341568258237143,0.1964452145727619,0.0,0.0,0.0,0.0,0.0,0.0,0.0,0.0,0.0,0.0,0.0,0.0,0.0,0.0,0.0,0.0
4,2024-04-09,정말 기분 좋게 읽었습니다 정말 귀엽게 읽혀서 마음에 위안이 되는 글입니다 처음에는 모든 캐릭터가 마음에 들지는 않았지만 모든 캐릭터를 정말 좋아했습니다 Dokko는 정말 훌륭합니다 그가 어디에서 왔는지 누구인지 이름조차 알 수 없는 수수께끼에 싸여 있다는 사실 그럼에도 불구하고 우리는 그의 이야기와 세계관에 매료된다 그 책은 보석입니다 내 마음 속 특별한 책장으로 가며 폴란드에서 작가의 다음 책을 기다리고 있습니다,1,0.0,0.0,0.0,0.0,0.0,0.0,0.0,0.0,0.0,0.0,0.0,0.0,0.0,0.0,0.0,0.0,0.0,0.0,0.0,0.0,0.0,0.0,0.0,0.0,0.0,0.0,0.0,0.0,0.0,0.0,0.1905085716480716,0.0,0.0,0.0,0.0,0.0,0.0,0.0,0.0,0.0,0.0,0.0,0.0,0.0,0.17326328192442034,0.0,0.21352979600904284,0.0,0.0,0.0,0.0,0.0,0.0,0.0,0.0,0.0,0.0,0.0,0.0,0.0,0.0,0.0,0.0,0.0,0.0,0.0,0.0,0.0,0.0,0.0,0.0,0.0,0.0,0.0,0.0,0.0,0.0,0.0,0.0,0.0,0.0,0.0,0.0,0.0,0.0,0.0,0.0,0.0,0.0,0.0,0.0,0.18768840137759313,0.0,0.0,0.0,0.0,0.0,0.0,0.0,0.0,0.0,0.0,0.0,0.0,0.2991565835229587,0.0,0.0,0.0,0.0,0.0,0.0,0.0,0.0,0.0,0.0,0.2661563225817186,0.0,0.0,0.0,0.0,0.0,0.0,0.0,0.0,0.0,0.0,0.0,0.1950301264149826,0.0,0.0,0.0,0.0,0.0,0.0,0.0,0.0,0.0,0.0,0.0,0.0,0.0,0.0,0.0,0.0,0.0,0.0,0.0,0.0,0.0,0.0,0.0,0.0,0.0,0.0,0.0,0.0,0.0,0.0,0.0,0.0,0.0,0.0,0.0,0.0,0.0,0.0,0.0,0.0,0.0,0.0,0.0,0.0,0.0,0.0,0.0,0.0,0.0,0.0,0.0,0.0,0.0,0.0,0.0,0.0,0.2113733915405341,0.0,0.0,0.0,0.0,0.0,0.0,0.0,0.0,0.0,0.17882167443294775,0.0,0.0,0.0,0.0,0.0,0.0,0.0,0.0,0.0,0.0,0.0,0.0,0.0,0.0,0.0,0.0,0.0,0.0,0.0,0.0,0.0,0.0,0.0,0.0,0.0,0.2053694762055168,0.0,0.0,0.0,0.0,0.0,0.0,0.0,0.17541968639292907,0.0,0.0,0.12914925697328927,0.0,0.0,0.0,0.0,0.0,0.0,0.0,0.22311596599196112,0.0,0.0,0.0,0.0,0.0,0.0,0.0,0.0,0.0,0.5109816148001277,0.0,0.0,0.0,0.0,0.23473400751098372,0.0,0.0,0.0,0.0,0.0,0.0,0.0,0.0,0.0,0.0,0.0,0.0,0.13358961861766616,0.1384203472048086,0.0,0.0,0.0,0.0,0.2035055259699076,0.0,0.0,0.0,0.0,0.20929838052308686,0.0,0.0,0.0,0.0,0.0,0.0,0.0,0.0,0.0,0.0,0.0,0.0,0.0,0.0,0.0,0.0,0.0,0.0,0.0,0.0,0.0
5,2024-08-23,사람들에 대한 신뢰를 회복하고 평화를 주며 당신을 포용하는 위로가 되는 책입니다 M ha는 털갈이를 기쁘게 생각합니다 메바 암말과 나의 세레노르 옴플리트와 함께 병원에서 읽은 내용이 이어졌습니다 제가 잊을 수 없는 몇 가지 생각은 다음과 같습니다 인생은 문제를 해결하는 동안 일어나는 일입니다 행복은 길 뒤의 목표에서 찾을 수 없지만 길 자체가 행복이다 주변의 모든 사람에게 친절해야 합니다 모두가 힘든 싸움을 하고 있으니까요 결국 인생은 관계이고 관계는 소통이다 행복은 멀리 있지 않고 주변 사람들과 마음을 나누면 된다는 걸 깨달았다,1,0.0,0.0,0.0,0.0,0.0,0.0,0.0,0.0,0.19718903719987685,0.0,0.0,0.0,0.1861104026630202,0.0,0.0,0.0,0.0,0.0,0.0,0.0,0.0,0.0,0.0,0.0,0.1584560624350944,0.0,0.0,0.0,0.0,0.0,0.0,0.0,0.0,0.0,0.0,0.0,0.0,0.0,0.0,0.0,0.0,0.0,0.0,0.0,0.0,0.0,0.0,0.0,0.0,0.0,0.0,0.0,0.0,0.0,0.0,0.0,0.0,0.0,0.0,0.0,0.0,0.0,0.0,0.0,0.0,0.0,0.0,0.0,0.0,0.0,0.0,0.0,0.0,0.0,0.19718903719987685,0.0,0.0,0.10939304606323928,0.0,0.0,0.0,0.0,0.0,0.0,0.0,0.0,0.0,0.0,0.0,0.0,0.18812869221863174,0.16188569961377647,0.0,0.0,0.0,0.0,0.0,0.0,0.0,0.0,0.0,0.0,0.0,0.0,0.0,0.15736583863595777,0.0,0.0,0.0,0.0,0.0,0.0,0.0,0.0,0.0,0.11478307176022266,0.0,0.0,0.0,0.17397336469856434,0.0,0.0,0.0,0.0,0.0,0.0,0.0,0.0,0.1902367124474432,0.0,0.0,0.0,0.0,0.0,0.1902367124474432,0.0,0.0,0.0,0.0,0.0,0.0,0.0,0.0,0.0,0.0,0.0,0.17713604618518516,0.0,0.0,0.0,0.0,0.0,0.0,0.0,0.0,0.0,0.0,0.0,0.0,0.0,0.0,0.0,0.0,0.0,0.0,0.0,0.0,0.0,0.15630011633394975,0.0,0.0,0.0,0.0,0.0,0.0,0.0,0.0,0.0,0.0,0.0,0.0,0.0,0.0,0.0,0.18231456562110804,0.0,0.0,0.0,0.0,0.0,0.0,0.0,0.0,0.0,0.0,0.0,0.0,0.0,0.0,0.0,0.0,0.0,0.0,0.0,0.0,0.0,0.0,0.0,0.0,0.0,0.36104963876638696,0.0,0.0,0.0,0.0,0.0,0.0,0.0,0.0,0.0,0.0,0.20246365119074236,0.0,0.0,0.0,0.0,0.0,0.0,0.0,0.0,0.0,0.0,0.0,0.0,0.0,0.0,0.0,0.0,0.0,0.0,0.0,0.0,0.0,0.0,0.0,0.0,0.0,0.0,0.0,0.0,0.16431816338839142,0.0,0.0,0.0,0.0,0.0,0.0,0.0,0.16431816338839142,0.0,0.0,0.0,0.0,0.0,0.0,0.20246365119074236,0.0,0.0,0.0,0.0,0.0,0.0,0.15423793723643864,0.0,0.0,0.0,0.0,0.0,0.0,0.0,0.0,0.0,0.0,0.0,0.0,0.0,0.0,0.0,0.17397336469856434,0.0,0.0,0.0,0.16821811166122475,0.17713604618518516,0.0,0.4233420865122491,0.0,0.0,0.0,0.0
4,2024-09-23,염부인의 놀라운 가게 의 아늑한 분위기는 소설 전반에 걸쳐 거의 가시적으로 느껴진다 김호연은 우리에게 깊은 감동을 주는 일상의 상황을 통해 평범함과 동시에 비일상적인 인물들로 가득한 세계를 창조합니다 이 책은 단순한 구원의 이야기를 넘어 낙천주의에 대한 찬가이자 작은 것에 가치를 두라는 권유입니다 추천합니다 7 10,1,0.0,0.0,0.273429404758231,0.0,0.0,0.0,0.0,0.0,0.0,0.0,0.30289092879338103,0.0,0.0,0.0,0.0,0.28306247875542356,0.2984426194809734,0.0,0.0,0.0,0.0,0.0,0.0,0.0,0.0,0.0,0.0,0.0,0.0,0.0,0.0,0.0,0.0,0.0,0.0,0.0,0.0,0.0,0.0,0.0,0.0,0.0,0.0,0.0,0.0,0.0,0.0,0.0,0.0,0.0,0.0,0.0,0.0,0.2704959887794537,0.0,0.0,0.0,0.0,0.0,0.0,0.0,0.0,0.0,0.0,0.27649323680630783,0.0,0.0,0.0,0.0,0.0,0.0,0.2528558137109292,0.0,0.0,0.0,0.0,0.0,0.15899369265268795,0.0,0.0,0.0,0.0,0.0,0.0,0.0,0.0,0.0,0.0,0.0,0.28306247875542356,0.0,0.0,0.0,0.0,0.0,0.0,0.0,0.0,0.0,0.0,0.0,0.0,0.0,0.0,0.0,0.0,0.0,0.0,0.0,0.0,0.0,0.0,0.0,0.0,0.0,0.0,0.0,0.0,0.0,0.0,0.0,0.0,0.0,0.0,0.0,0.0,0.0,0.0,0.0,0.0,0.0,0.0,0.0,0.0,0.0,0.0,0.0,0.0,0.0,0.0,0.0,0.0,0.0,0.0,0.0,0.0,0.0,0.0,0.24648899443905717,0.0,0.0,0.0,0.0,0.0,0.0,0.0,0.0,0.0,0.0,0.0,0.0,0.28306247875542356,0.0,0.0,0.0,0.0,0.0,0.0,0.0,0.0,0.0,0.0,0.0,0.0,0.0,0.0,0.0,0.0,0.0,0.0,0.0,0.0,0.0,0.0,0.0,0.0,0.0,0.0,0.0,0.0,0.0,0.0,0.0,0.0,0.0,0.0,0.0,0.0,0.0,0.0,0.0,0.0,0.0,0.0,0.0,0.0,0.18173079672481984,0.0,0.0,0.0,0.0,0.0,0.0,0.0,0.0,0.0,0.0,0.0,0.0,0.0,0.0,0.0,0.0,0.0,0.0,0.0,0.0,0.0,0.0,0.0,0.0,0.0,0.0,0.0,0.0,0.0,0.0,0.0,0.0,0.0,0.1825276249297329,0.0,0.0,0.0,0.0,0.0,0.0,0.0,0.0,0.0,0.0,0.0,0.0,0.0,0.0,0.0,0.0,0.2388227817691911,0.0,0.0,0.0,0.0,0.0,0.0,0.0,0.0,0.0,0.16746881286104745,0.0,0.0,0.0,0.0,0.0,0.0,0.0,0.0,0.0,0.0,0.0,0.0,0.0,0.23030270566921007,0.0,0.0,0.0,0.0,0.0,0.0,0.0,0.0,0.0,0.0,0.0,0.0,0.0,0.0,0.0,0.0,0.0,0.0
4,2025-08-14,이 소설은 알코올 중독으로 기억을 잃은 노숙자 독주가 서울역에 사는 이야기를 담고 있다 작은 식료품점 주인인 아주머니는 잃어버린 지갑을 돌려준 그가 그를 만난다 그녀는 그의 정직함에 놀랐고 그에게 밤에 자신의 가게에서 일할 것을 제안합니다 남자는 야간근무를 하면서 순수함과 자발성으로 고객들의 신뢰를 얻고 아름다운 휴먼터치로 고객들에게 조언을 해주고 문제를 해결해 주기 시작한다 시간이 흘러 과거가 그에게 돌아오고 기억을 되찾은 그는 자신의 실수를 직시하고 바로잡기 위해 가게를 떠나게 된다,1,0.0,0.0,0.0,0.21192093696938855,0.0,0.20908371863595332,0.0,0.0,0.0,0.0,0.0,0.0,0.0,0.0,0.0,0.0,0.0,0.0,0.0,0.11533022391046942,0.0,0.0,0.0,0.0,0.0,0.0,0.0,0.0,0.0,0.0,0.17199363412423355,0.0,0.0,0.0,0.1733173874347078,0.15100394723535807,0.0,0.0,0.0,0.0,0.0,0.17607575299964767,0.0,0.3708205068696675,0.15642436065041132,0.0,0.0,0.0,0.38555499410541394,0.0,0.0,0.0,0.0,0.0,0.0,0.0,0.0,0.0,0.0,0.0,0.0,0.0,0.15642436065041132,0.0,0.0,0.0,0.0,0.0,0.0,0.0,0.0,0.0,0.218133760944068,0.0,0.0,0.0,0.0,0.0,0.0,0.0,0.0,0.0,0.0,0.0,0.0,0.0,0.0,0.0,0.0,0.0,0.0,0.0,0.0,0.18209983983694308,0.0,0.0,0.0,0.0,0.0,0.0,0.0,0.0,0.0,0.0,0.0,0.0,0.0,0.0,0.0,0.0,0.0,0.0,0.0,0.0,0.0,0.0,0.0,0.0,0.0,0.18209983983694308,0.0,0.0,0.0,0.0,0.0,0.0,0.0,0.0,0.0,0.0,0.0,0.0,0.0,0.0,0.0,0.0,0.0,0.0,0.0,0.0,0.0,0.0,0.0,0.0,0.0,0.0,0.0,0.0,0.0,0.17751463076991286,0.0,0.0,0.0,0.0,0.0,0.0,0.0,0.0,0.0,0.0,0.0,0.0,0.0,0.0,0.167025710691533,0.0,0.0,0.0,0.0,0.0,0.0,0.0,0.0,0.0,0.0,0.0,0.20639994032370929,0.0,0.0,0.0,0.0,0.0,0.0,0.0,0.0,0.0,0.0,0.0,0.0,0.0,0.0,0.0,0.0,0.0,0.0,0.0,0.0,0.14534800404350284,0.0,0.0,0.0,0.0,0.0,0.0,0.0,0.0,0.13087754832033496,0.0,0.0,0.0,0.0,0.0,0.0,0.0,0.0,0.0,0.0,0.0,0.0,0.0,0.0,0.0,0.0,0.1991228653179683,0.0,0.0,0.0,0.17607575299964767,0.0,0.0,0.0,0.0,0.0,0.0,0.0,0.0,0.0,0.27648958387641626,0.0,0.0,0.1314514021952477,0.0,0.0,0.0,0.0,0.0,0.0,0.0,0.0,0.0,0.0,0.0,0.0,0.0,0.0,0.0,0.0,0.0,0.0,0.0,0.0,0.0,0.0,0.17607575299964767,0.0,0.0,0.0,0.0,0.0,0.0,0.0,0.0,0.0,0.0,0.0,0.0,0.0,0.0,0.0,0.0,0.0,0.0,0.0,0.0,0.0,0.0,0.0,0.0,0.0,0.0,0.0,0.0,0.0,0.0,0.0,0.0,0.0,0.0,0.0,0.0
4,2026-03-08,이 한국 이야기는 캐나다 밴쿠버에 거주하는 Janet Hong이 영어로 번역했습니다 한국의 작은 편의점과 그곳을 오가는 사람들 영원히 더 나은 방향으로 변화하는 사람들의 이야기를 담은 인생 문학소설이다 표지에서 알 수 있듯이 이 책은 구원과 공동체에 대한 가슴 따뜻해지는 이야기입니다 한국 이름과 지명이 조금 헷갈렸지만 소설의 본질을 해치지는 않았습니다,1,0.0,0.0,0.0,0.0,0.0,0.0,0.0,0.0,0.0,0.0,0.0,0.0,0.0,0.0,0.0,0.0,0.0,0.0,0.0,0.0,0.0,0.0,0.0,0.0,0.0,0.0,0.0,0.0,0.0,0.0,0.0,0.0,0.0,0.0,0.0,0.0,0.0,0.0,0.0,0.0,0.0,0.0,0.0,0.0,0.0,0.0,0.0,0.0,0.0,0.0,0.0,0.0,0.0,0.0,0.0,0.0,0.0,0.0,0.3172685452445106,0.0,0.0,0.0,0.0,0.0,0.0,0.0,0.0,0.0,0.0,0.0,0.0,0.0,0.0,0.0,0.0,0.0,0.0,0.1760086314999835,0.0,0.0,0.0,0.0,0.0,0.0,0.0,0.0,0.0,0.0,0.0,0.0,0.0,0.0,0.0,0.0,0.0,0.0,0.0,0.0,0.0,0.3172685452445106,0.0,0.0,0.0,0.0,0.0,0.0,0.0,0.0,0.0,0.0,0.0,0.0,0.0,0.0,0.0,0.0,0.0,0.0,0.0,0.0,0.0,0.0,0.0,0.0,0.0,0.0,0.0,0.0,0.0,0.0,0.0,0.0,0.23081203730974248,0.0,0.0,0.0,0.0,0.0,0.0,0.0,0.0,0.0,0.0,0.0,0.0,0.0,0.0,0.0,0.0,0.0,0.0,0.321393926480324,0.0,0.0,0.0,0.0,0.0,0.0,0.0,0.0,0.0,0.0,0.0,0.0,0.0,0.0,0.0,0.0,0.0,0.0,0.0,0.296328748689878,0.0,0.0,0.0,0.0,0.0,0.0,0.0,0.0,0.0,0.0,0.0,0.0,0.0,0.0,0.0,0.0,0.0,0.0,0.0,0.0,0.0,0.0,0.0,0.0,0.0,0.0,0.0,0.0,0.0,0.0,0.0,0.0,0.0,0.23344336587289863,0.20117897948825622,0.0,0.0,0.24980304627149158,0.0,0.0,0.0,0.0,0.0,0.0,0.0,0.0,0.0,0.0,0.0,0.0,0.0,0.0,0.0,0.0,0.0,0.0,0.0,0.0,0.0,0.0,0.0,0.0,0.0,0.0,0.0,0.0,0.0,0.0,0.202061081410335,0.0,0.0,0.0,0.0,0.0,0.0,0.0,0.0,0.0,0.0,0.25494888117434933,0.0,0.0,0.0,0.0,0.0,0.0,0.0,0.0,0.0,0.0,0.0,0.0,0.0,0.0,0.0,0.18539072889506525,0.0,0.0,0.0,0.0,0.0,0.0,0.0,0.0,0.0,0.0,0.0,0.0,0.0,0.0,0.0,0.0,0.0,0.0,0.0,0.0,0.0,0.0,0.0,0.47513749421742424,0.0,0.0,0.0,0.0,0.0,0.0,0.0,0.0
4,2026-03-08,4 5 염부인의 놀라운 가게는 목표를 달성하기 위해 친절함은 잃지 않으며 인생은 불편한 일을 겪게 한다는 사실을 가르쳐 주는 이야기입니다 이 이야기에서 우리는 길거리에 사는 독고라는 인물을 통해 서로 연결된 8개의 이야기에 초점을 맞춥니다 그리고 24시간 영업하는 사업가와의 만남이 그의 인생을 바꾼다 그러나 각 이야기를 통해 우리는 그가 주변 모든 사람들의 삶을 변화시킨다는 것을 깨닫습니다 페이지마다 향수와 희망을 느끼게 해주는 단숨에 읽히는 책입니다,1,0.20635298551142522,0.0,0.0,0.0,0.0,0.0,0.0,0.0,0.0,0.0,0.0,0.0,0.0,0.0,0.0,0.0,0.0,0.0,0.0,0.12471127631884923,0.0,0.0,0.0,0.0,0.0,0.0,0.0,0.0,0.0,0.0,0.18598373351812428,0.0,0.0,0.0,0.0,0.0,0.0,0.0,0.0,0.19691198606492644,0.0,0.0,0.1409097928360772,0.0,0.16914804292079322,0.0,0.0,0.0,0.0,0.0,0.0,0.0,0.0,0.0,0.0,0.0,0.0,0.0,0.0,0.0,0.0,0.0,0.0,0.0,0.21531967801734123,0.0,0.0,0.0,0.0,0.0,0.0,0.0,0.0,0.0,0.0,0.0,0.0,0.0,0.0,0.0,0.0,0.0,0.0,0.0,0.0,0.0,0.0,0.0,0.0,0.0,0.0,0.0,0.0,0.0,0.0,0.0,0.0,0.0,0.0,0.0,0.0,0.0,0.0,0.0,0.0,0.0,0.0,0.0,0.0,0.0,0.0,0.0,0.0,0.0,0.0,0.12991737365142159,0.0,0.0,0.0,0.0,0.0,0.0,0.0,0.0,0.0,0.0,0.0,0.0,0.0,0.0,0.0,0.0,0.16236917844290333,0.0,0.0,0.0,0.0,0.0,0.0,0.21781665782127452,0.0,0.17019031617789543,0.0,0.0,0.0,0.0,0.0,0.21064930875605986,0.0,0.0,0.0,0.0,0.0,0.0,0.0,0.0,0.0,0.0,0.0,0.0,0.0,0.0,0.0,0.0,0.0,0.0,0.0,0.0,0.0,0.0,0.0,0.0,0.0,0.0,0.0,0.0,0.0,0.0,0.0,0.0,0.0,0.0,0.0,0.0,0.0,0.0,0.0,0.0,0.0,0.0,0.0,0.0,0.0,0.0,0.34914883206872,0.0,0.0,0.15717072663219736,0.0,0.0,0.0,0.0,0.0,0.0,0.0,0.0,0.14152323249785326,0.22915875502553054,0.0,0.17572876990469083,0.2043272588326856,0.0,0.0,0.0,0.20237521148764567,0.0,0.0,0.0,0.0,0.0,0.0,0.0,0.0,0.0,0.0,0.0,0.0,0.0,0.0,0.0,0.0,0.0,0.0,0.0,0.0,0.0,0.0,0.0,0.0,0.0,0.0,0.0,0.0,0.0,0.0,0.0,0.0,0.0,0.0,0.0,0.0,0.0,0.0,0.0,0.0,0.0,0.0,0.18598373351812428,0.18598373351812428,0.0,0.0,0.0,0.0,0.0,0.0,0.0,0.0,0.0,0.0,0.0,0.0,0.0,0.17457441603436,0.0,0.0,0.22043548872446717,0.0,0.0,0.0,0.0,0.0,0.35869741339065925,0.0,0.0,0.0,0.0,0.0,0.0,0.0,0.0,0.0,0.0,0.0,0.0,0.0,0.0,0.0,0.0,0.0,0.0
3,2026-05-07,과거가 우리를 너무 짓밟아서 기억에서 지워졌을 때에도 두 번째 기회와 삶으로 돌아갈 권리에 관한 책입니다 나는 노숙자 독고에게 아낌없이 도움을 주었고 독고는 비록 무의식적으로 많은 사람들의 삶을 변화시키는 동시에 자신의 고난을 경험한 염씨를 사랑했다 짧고 아름다운 메시지로 읽기 쉽습니다,0,0.0,0.0,0.0,0.0,0.0,0.0,0.0,0.0,0.0,0.0,0.0,0.0,0.0,0.0,0.0,0.0,0.0,0.0,0.0,0.0,0.0,0.0,0.0,0.0,0.0,0.0,0.0,0.0,0.0,0.288709302598402,0.0,0.0,0.0,0.0,0.0,0.0,0.0,0.0,0.0,0.0,0.0,0.0,0.0,0.0,0.0,0.0,0.0,0.0,0.0,0.0,0.0,0.0,0.0,0.0,0.16181857181615433,0.0,0.0,0.0,0.0,0.0,0.0,0.2273676652043339,0.2523020089743967,0.0,0.0,0.0,0.0,0.0,0.0,0.0,0.0,0.0,0.0,0.0,0.0,0.0,0.0,0.0,0.0,0.0,0.34181426677272875,0.0,0.0,0.0,0.2713305851731558,0.0,0.0,0.0,0.0,0.3288026021115682,0.0,0.0,0.0,0.0,0.0,0.0,0.0,0.0,0.0,0.0,0.0,0.0,0.0,0.0,0.0,0.0,0.0,0.0,0.0,0.0,0.21583551944668367,0.0,0.0,0.0,0.0,0.0,0.0,0.0,0.0,0.0,0.0,0.0,0.0,0.0,0.0,0.21018170357049978,0.0,0.0,0.0,0.0,0.0,0.0,0.24219062313271905,0.0,0.0,0.0,0.0,0.0,0.0,0.0,0.0,0.2538566686212146,0.0,0.0,0.0,0.0,0.0,0.0,0.0,0.0,0.0,0.0,0.0,0.0,0.0,0.0,0.0,0.0,0.0,0.0,0.0,0.0,0.0,0.0,0.2694012760073207,0.0,0.0,0.0,0.0,0.0,0.0,0.0,0.0,0.0,0.0,0.0,0.0,0.0,0.0,0.0,0.0,0.0,0.0,0.0,0.0,0.0,0.0,0.0,0.0,0.0,0.0,0.0,0.0,0.0,0.0,0.0,0.0,0.0,0.0,0.0,0.0,0.0,0.0,0.0,0.0,0.0,0.0,0.0,0.0,0.0,0.0,0.0,0.0,0.0,0.0,0.0,0.0,0.0,0.2694012760073207,0.0,0.0,0.0,0.0,0.0,0.0,0.0,0.0,0.0,0.0,0.0,0.0,0.0,0.0,0.0,0.0,0.0,0.0,0.22297958317508187,0.0,0.0,0.0,0.0,0.0,0.0,0.0,0.0,0.0,0.0,0.0,0.0,0.0,0.0,0.0,0.0,0.0,0.0,0.0,0.0,0.0,0.0,0.0,0.0,0.0,0.0,0.0,0.0,0.0,0.0,0.0,0.0,0.0,0.0,0.260396012395049,0.0,0.0,0.0,0.0,0.0,0.0,0.0,0.0,0.0,0.0,0.0,0.0,0.0,0.0,0.0,0.0,0.0,0.0,0.0,0.0,0.0,0.0,0.0,0.0,0.0,0.0,0.0
5,2023-08-17,지금 이 책의 아름다움을 알아보세요 사실 전혀 구매할 생각은 없었습니다 왜냐면 모든 가게에서 많은 책을 봤거든요 그런데 리뷰를 보니까 좋다 재미있다 마음 따뜻해진다는 평이 딱 그런 것 같아서 구매하게 됐어요 우리 인생은 얼마나 실패할 것인가 무슨 일이 있어도 앞으로 나아가야 합니다 우리도 그 지점 을 겪어본 적이 있어서 소설 속 인물들과 비슷해서 너무 감동적인 문장이 있어요 강은 우리가 몸을 던질 곳이 아니거든요 하지만 우리가 건너야 할 곳은 거기에 있습니다 다리는 건너가는 곳이다 그곳은 우리가 뛰어들 수 있는 곳이 아니다,1,0.0,0.0,0.0,0.0,0.0,0.2400533485669854,0.0,0.0,0.0,0.0,0.0,0.0,0.0,0.0,0.0,0.0,0.0,0.0,0.0,0.0,0.0,0.0,0.0,0.0,0.0,0.0,0.0,0.0,0.0,0.0,0.0,0.0,0.0,0.0,0.0,0.0,0.0,0.0,0.0,0.0,0.23126827128744848,0.0,0.0,0.0,0.0,0.0,0.0,0.0,0.0,0.0,0.0,0.0,0.0,0.0,0.0,0.0,0.0,0.0,0.0,0.0,0.0,0.16184524146336499,0.0,0.0,0.0,0.0,0.0,0.0,0.0,0.0,0.0,0.0,0.0,0.0,0.0,0.0,0.0,0.0,0.0,0.0,0.0,0.0,0.0,0.0,0.0,0.0,0.0,0.0,0.0,0.0,0.0,0.0,0.0,0.0,0.0,0.0,0.0,0.0,0.0,0.0,0.0,0.0,0.0,0.0,0.0,0.0,0.0,0.0,0.0,0.0,0.15363640968836179,0.0,0.0,0.0,0.0,0.13794062729225826,0.0,0.23404883225020306,0.0,0.0,0.0,0.0,0.0,0.0,0.0,0.0,0.0,0.0,0.0,0.0,0.0,0.0,0.0,0.0,0.0,0.0,0.0,0.0,0.0,0.0,0.0,0.0,0.0,0.0,0.0,0.0,0.0,0.0,0.2038082248295254,0.0,0.0,0.0,0.0,0.0,0.0,0.0,0.0,0.0,0.0,0.0,0.0,0.0,0.0,0.0,0.0,0.0,0.0,0.0,0.0,0.0,0.0,0.0,0.0,0.0,0.0,0.0,0.0,0.0,0.0,0.0,0.0,0.0,0.0,0.20055075568749892,0.0,0.0,0.0,0.0,0.0,0.0,0.0,0.0,0.20550955101626042,0.5836387181121497,0.0,0.0,0.0,0.0,0.0,0.0,0.0,0.0,0.0,0.0,0.0,0.0,0.0,0.0,0.0,0.0,0.21694581305123128,0.0,0.0,0.0,0.0,0.2109412967344489,0.0,0.0,0.0,0.0,0.0,0.0,0.0,0.0,0.0,0.12438552661822999,0.0,0.0,0.0,0.0,0.0,0.13386816701117304,0.0,0.0,0.0,0.0,0.0,0.0,0.0,0.0,0.0,0.0,0.0,0.0,0.0,0.20550955101626042,0.0,0.0,0.0,0.0,0.0,0.0,0.0,0.0,0.0,0.0,0.0,0.0,0.0,0.0,0.0,0.0,0.0,0.0,0.0,0.0,0.0,0.0,0.14347800824893855,0.19454623937071655,0.0,0.0,0.0,0.0,0.0,0.0,0.0,0.0,0.0,0.0,0.0,0.0,0.0,0.0,0.0,0.0,0.0,0.0,0.0,0.0,0.17239654480267141,0.0,0.0,0.21287335277014605,0.0,0.0,0.0,0.0,0.0,0.0
3,2024-03-17,긍정을 전달하는 간단한 이야기가 담긴 가벼운 책입니다 가식 없는 글이지만 공부와 일에 대한 사회적 압박 소외된 이들의 외로움 편의점의 역할 성형수술 등 한국 사회의 단면을 어느 정도 이해할 수 있는 글이다 나는 이 책이 내 조국에서 큰 성공을 거두었기 때문에 주로 호기심으로 읽었습니다,0,0.0,0.0,0.0,0.0,0.0,0.0,0.0,0.0,0.0,0.0,0.0,0.0,0.0,0.0,0.0,0.0,0.0,0.0,0.0,0.0,0.0,0.0,0.0,0.0,0.0,0.0,0.0,0.0,0.0,0.0,0.0,0.0,0.0,0.0,0.0,0.0,0.0,0.0,0.0,0.0,0.0,0.0,0.0,0.0,0.0,0.0,0.0,0.0,0.0,0.0,0.0,0.0,0.0,0.0,0.18041615957882273,0.0,0.0,0.0,0.0,0.0,0.0,0.0,0.0,0.0,0.0,0.0,0.0,0.0,0.0,0.0,0.0,0.0,0.0,0.3865101059650644,0.0,0.0,0.0,0.20591117013327617,0.0,0.0,0.0,0.0,0.0,0.0,0.0,0.0,0.0,0.0,0.0,0.0,0.0,0.0,0.0,0.0,0.0,0.0,0.0,0.0,0.0,0.0,0.0,0.26276403007805754,0.0,0.0,0.0,0.0,0.0,0.0,0.0,0.0,0.0,0.0,0.0,0.0,0.0,0.0,0.0,0.0,0.0,0.0,0.0,0.0,0.0,0.0,0.0,0.0,0.0,0.0,0.0,0.0,0.0,0.0,0.0,0.0,0.0,0.0,0.0,0.0,0.0,0.0,0.0,0.0,0.0,0.0,0.0,0.0,0.0,0.0,0.0,0.0,0.0,0.0,0.0,0.0,0.0,0.0,0.0,0.0,0.0,0.0,0.0,0.0,0.0,0.0,0.0,0.0,0.0,0.0,0.0,0.0,0.0,0.0,0.0,0.0,0.0,0.0,0.0,0.0,0.0,0.34667276750497333,0.0,0.0,0.0,0.0,0.3431717727073838,0.0,0.0,0.0,0.0,0.0,0.0,0.0,0.0,0.0,0.0,0.0,0.0,0.0,0.0,0.0,0.0,0.0,0.0,0.0,0.26276403007805754,0.0,0.0,0.0,0.0,0.0,0.0,0.0,0.0,0.0,0.0,0.0,0.0,0.0,0.0,0.0,0.3334242152987313,0.0,0.0,0.0,0.0,0.19482544934585677,0.0,0.0,0.0,0.0,0.0,0.0,0.0,0.0,0.0,0.0,0.0,0.0,0.0,0.0,0.0,0.0,0.0,0.0,0.0,0.0,0.0,0.0,0.0,0.0,0.0,0.0,0.0,0.0,0.0,0.0,0.0,0.0,0.0,0.0,0.0,0.0,0.0,0.0,0.0,0.0,0.0,0.0,0.0,0.0,0.29826277267989987,0.0,0.29032297095866655,0.0,0.0,0.0,0.0,0.0,0.0,0.0,0.0,0.0,0.0,0.0,0.0,0.0,0.0,0.0,0.0,0.0,0.0,0.2779298849571242,0.0,0.0,0.0,0.0,0.0,0.0,0.0,0.0
3,2024-03-20,따뜻하고 쾌적하며 위안을 줍니다 인간의 고민에 대한 가벼운 이야기이다 나는 시작과 아이디어가 정말 마음에 들었습니다 상점에서 야간 근무를 위해 고용된 노숙자 덕분에 그는 다른 사람들을 도울 수 있다는 이야기입니다 그러나 다음 장에서 내 참여가 줄어들었고 더 많은 캐릭터의 운명에 관심이 없었지만 각 이야기에서 무언가를 얻을 수 있습니다,0,0.0,0.0,0.0,0.0,0.0,0.0,0.0,0.0,0.0,0.0,0.0,0.0,0.0,0.0,0.0,0.0,0.0,0.0,0.0,0.0,0.0,0.0,0.0,0.0,0.0,0.0,0.0,0.0,0.0,0.0,0.0,0.0,0.0,0.0,0.0,0.2006193684438946,0.0,0.0,0.0,0.24193244965233346,0.0,0.0,0.0,0.0,0.0,0.2777824312053749,0.0,0.0,0.0,0.0,0.0,0.0,0.0,0.0,0.13328970378363744,0.0,0.0,0.0,0.0,0.0,0.0,0.0,0.20782076904263452,0.0,0.0,0.0,0.0,0.15663614607655274,0.0,0.0,0.0,0.0,0.0,0.0,0.0,0.0,0.0,0.15212516959056338,0.0,0.2943559441075858,0.0,0.0,0.0,0.0,0.0,0.0,0.0,0.0,0.0,0.0,0.0,0.0,0.0,0.0,0.0,0.23207123261354226,0.0,0.2777824312053749,0.0,0.0,0.0,0.0,0.0,0.0,0.17941179043067004,0.0,0.0,0.0,0.0,0.0,0.17778337881835155,0.0,0.0,0.0,0.0,0.0,0.0,0.0,0.0,0.0,0.0,0.0,0.0,0.0,0.0,0.0,0.0,0.0,0.0,0.0,0.0,0.2440948505750955,0.0,0.0,0.0,0.0,0.0,0.0,0.0,0.0,0.0,0.0,0.0,0.0,0.0,0.0,0.0,0.0,0.0,0.0,0.0,0.0,0.0,0.0,0.0,0.0,0.0,0.0,0.0,0.0,0.0,0.0,0.0,0.0,0.0,0.0,0.0,0.0,0.0,0.0,0.0,0.0,0.0,0.0,0.0,0.0,0.0,0.23780939969388545,0.0,0.0,0.0,0.0,0.0,0.0,0.0,0.0,0.0,0.0,0.0,0.0,0.0,0.0,0.0,0.0,0.0,0.0,0.0,0.19310504996494793,0.0,0.0,0.0,0.0,0.0,0.0,0.0,0.0,0.0,0.0,0.0,0.21590606355173877,0.0,0.0,0.0,0.0,0.0,0.0,0.0,0.0,0.0,0.0,0.0,0.0,0.0,0.0,0.0,0.0,0.0,0.0,0.21040726994481612,0.0,0.0,0.15490816985206196,0.0,0.0,0.0,0.0,0.0,0.0,0.0,0.0,0.0,0.0,0.0,0.0,0.0,0.0,0.0,0.0,0.0,0.15322431702628772,0.0,0.0,0.0,0.0,0.0,0.0,0.0,0.0,0.0,0.0,0.2742168428886229,0.0,0.0,0.0,0.0,0.0,0.0,0.0,0.0,0.0,0.0,0.0,0.0,0.0,0.0,0.0,0.0,0.0,0.0,0.0,0.25881056965278204,0.0,0.0,0.0,0.0,0.0,0.0,0.0,0.0,0.0,0.0,0.0,0.0,0.0,0.0,0.0,0.0,0.0,0.0,0.0
3,2024-07-25,아늑하고 낙관적인 문학 사람들이 자신에게 두 번째 기회를 주고 치유하는 종류 읽는 동안 동행하며 조금 더 오래 머물게 해주는 캐릭터들 여기에 한국 사회와 풍습까지 엿볼 수 있는 기회가 더해졌습니다 하지만 동시에 잘 풀리지 않고 이야기의 순서도 나에게 맞지 않고 해결도 쉽지만 완전히 만족스럽지는 않습니다 하지만 빠르고 편안하게 읽힌다 때때로 그것은 위안을 주는 음식입니다,0,0.0,0.0,0.0,0.0,0.0,0.0,0.0,0.0,0.0,0.0,0.0,0.0,0.0,0.0,0.0,0.0,0.0,0.0,0.0,0.0,0.0,0.0,0.0,0.0,0.0,0.0,0.0,0.0,0.0,0.0,0.0,0.19709641342680323,0.0,0.0,0.0,0.0,0.0,0.0,0.0,0.0,0.0,0.0,0.0,0.0,0.0,0.0,0.0,0.0,0.0,0.0,0.2500744132970871,0.20777579250506065,0.0,0.0,0.0,0.0,0.1857238378795142,0.0,0.0,0.0,0.0,0.0,0.0,0.0,0.0,0.0,0.0,0.0,0.0,0.0,0.0,0.0,0.0,0.0,0.0,0.0,0.0,0.0,0.0,0.0,0.0,0.0,0.0,0.0,0.0,0.0,0.0,0.0,0.0,0.24055496158759582,0.23236848715426991,0.0,0.0,0.0,0.0,0.0,0.0,0.0,0.0,0.0,0.0,0.0,0.0,0.0,0.0,0.0,0.0,0.0,0.0,0.0,0.0,0.0,0.0,0.0,0.0,0.0,0.0,0.0,0.0,0.0,0.0,0.0,0.0,0.0,0.0,0.15377083789519733,0.0,0.0,0.0,0.0,0.0,0.0,0.0,0.21488443407219832,0.0,0.0,0.0,0.0,0.0,0.0,0.0,0.0,0.0,0.0,0.0,0.0,0.0,0.0,0.0,0.0,0.0,0.0,0.0,0.0,0.0,0.0,0.0,0.0,0.0,0.0,0.0,0.0,0.0,0.0,0.0,0.0,0.0,0.0,0.38611039226646304,0.0,0.19571812823572513,0.0,0.0,0.0,0.0,0.0,0.0,0.0,0.0,0.0,0.0,0.0,0.0,0.0,0.0,0.0,0.0,0.0,0.0,0.0,0.0,0.237697106117194,0.0,0.0,0.0,0.0,0.0,0.0,0.0,0.0,0.0,0.0,0.0,0.0,0.0,0.0,0.0,0.0,0.21680507886041364,0.0,0.0,0.0,0.0,0.0,0.0,0.0,0.0,0.0,0.0,0.18927488981894766,0.0,0.0,0.0,0.0,0.0,0.12784321669126905,0.0,0.0,0.0,0.0,0.0,0.0,0.0,0.0,0.0,0.0,0.0,0.0,0.0,0.0,0.0,0.0,0.0,0.0,0.0,0.0,0.0,0.0,0.0,0.0,0.0,0.19571812823572513,0.0,0.0,0.0,0.0,0.24055496158759582,0.20295874376331408,0.0,0.0,0.0,0.0,0.0,0.0,0.0,0.0,0.0,0.0,0.0,0.0,0.0,0.0,0.0,0.0,0.0,0.0,0.0,0.0,0.0,0.0,0.0,0.0,0.0,0.0,0.0,0.0,0.0,0.0,0.0,0.0,0.35437770668736057,0.18237581705497413,0.0,0.0,0.0,0.0,0.0,0.0,0.0,0.0
3,2024-10-29,나는 그것을 좋아했다 매우 조용하고 전통적입니다 자신의 이야기를 조금 들려주는 여러 인물이 있어서 누군가의 상황에 조금 반영되어 있어도 결국 자신을 보게 되기 쉽습니다 한국 사회가 어떤지 조금 엿볼 수 있지만 아쉬운 점이 많다 차 커피와 함께 조용히 읽으며 시간을 보낼 수 있는 작은 책,0,0.0,0.0,0.0,0.0,0.0,0.0,0.0,0.0,0.0,0.0,0.0,0.0,0.0,0.0,0.0,0.0,0.0,0.0,0.0,0.0,0.0,0.0,0.0,0.0,0.20679880539642892,0.0,0.0,0.0,0.0,0.0,0.0,0.0,0.19999077989830474,0.0,0.0,0.0,0.0,0.0,0.0,0.0,0.0,0.0,0.0,0.0,0.0,0.0,0.0,0.0,0.0,0.0,0.0,0.0,0.0,0.0,0.12509052316479843,0.0,0.0,0.0,0.0,0.0,0.0,0.0,0.0,0.0,0.0,0.0,0.0,0.0,0.0,0.0,0.0,0.0,0.0,0.0,0.0,0.0,0.0,0.0,0.0,0.0,0.0,0.0,0.0,0.0,0.0,0.0,0.0,0.0,0.0,0.0,0.0,0.0,0.0,0.0,0.0,0.0,0.0,0.0,0.0,0.0,0.0,0.0,0.0,0.0,0.0,0.0,0.0,0.0,0.0,0.0,0.0,0.0,0.0,0.1448478979048284,0.0,0.0,0.0,0.0,0.0,0.0,0.0,0.0,0.0,0.0,0.0,0.0,0.0,0.0,0.0,0.0,0.0,0.0,0.0,0.0,0.0,0.0,0.0,0.0,0.0,0.0,0.0,0.0,0.0,0.0,0.0,0.0,0.0,0.0,0.0,0.0,0.0,0.0,0.0,0.0,0.0,0.0,0.2642324980124693,0.0,0.0,0.0,0.0,0.0,0.0,0.0,0.0,0.0,0.0,0.0,0.0,0.0,0.0,0.0,0.0,0.0,0.0,0.0,0.0,0.0,0.0,0.0,0.0,0.0,0.0,0.0,0.0,0.0,0.0,0.25417409790769835,0.0,0.0,0.0,0.0,0.0,0.0,0.0,0.0,0.0,0.0,0.0,0.0,0.0,0.0,0.0,0.0,0.0,0.0,0.16318397804849769,0.0,0.0,0.0,0.0,0.0,0.0,0.0,0.0,0.0,0.0,0.0,0.0,0.0,0.0,0.0,0.0,0.0,0.0,0.13508112267428407,0.0,0.0,0.0,0.0,0.0,0.0,0.0,0.0,0.0,0.20679880539642892,0.240363601328292,0.17236978673949194,0.0,0.0,0.16389948471353397,0.0,0.0,0.0,0.0,0.0,0.0,0.0,0.27197892468468826,0.0,0.0,0.6203964161892868,0.0,0.0,0.0,0.0,0.0,0.0,0.0,0.0,0.0,0.0,0.0,0.0,0.0,0.0,0.0,0.0,0.0,0.0,0.0,0.0,0.0,0.0,0.0,0.0,0.0,0.0,0.0,0.0,0.0,0.0,0.0,0.0,0.0,0.0,0.0,0.0,0.0,0.0,0.0,0.19270111276938962,0.21953912020143554,0.0,0.0,0.0,0.0,0.0,0.0,0.0
1,2024-11-26,아주 지루해요 오디오북으로 듣고 있었는데 끝내려면 1시간 남았는데 더 이상 참을 수가 없어요 끝내고 싶어서 아무것도 듣지 않고 있는데 계속하고 싶은 마음이 전혀 없어요 그는 몇 가지 이야기를 하고 어떤 것은 좋은 이야기도 하지만 대부분은 그저 그렇습니다 어쩌면 제가 적절한 시기에 잡지 못했을 수도 있습니다,0,0.0,0.0,0.0,0.0,0.0,0.0,0.0,0.0,0.3168944887664647,0.0,0.0,0.0,0.0,0.0,0.0,0.0,0.0,0.0,0.22434047899145299,0.0,0.0,0.0,0.0,0.0,0.0,0.0,0.0,0.0,0.0,0.0,0.0,0.0,0.0,0.0,0.0,0.23184269620338735,0.0,0.0,0.0,0.0,0.0,0.0,0.0,0.0,0.0,0.0,0.0,0.0,0.0,0.0,0.0,0.0,0.0,0.0,0.0,0.0,0.0,0.0,0.0,0.0,0.0,0.0,0.0,0.0,0.0,0.0,0.0,0.0,0.0,0.0,0.0,0.0,0.0,0.0,0.0,0.0,0.0,0.0,0.0,0.0,0.0,0.0,0.0,0.0,0.0,0.0,0.0,0.0,0.0,0.0,0.0,0.0,0.0,0.0,0.0,0.0,0.0,0.0,0.0,0.0,0.0,0.0,0.0,0.0,0.0,0.0,0.24786952136386728,0.0,0.0,0.0,0.0,0.0,0.0,0.0,0.0,0.0,0.0,0.0,0.0,0.0,0.0,0.0,0.0,0.0,0.0,0.0,0.0,0.0,0.0,0.0,0.0,0.0,0.0,0.0,0.0,0.0,0.0,0.0,0.0,0.0,0.0,0.0,0.0,0.0,0.0,0.0,0.0,0.0,0.0,0.0,0.0,0.0,0.0,0.0,0.26208942518409417,0.0,0.0,0.0,0.0,0.0,0.2795855248750496,0.0,0.0,0.0,0.0,0.0,0.0,0.27482078542659916,0.2511835655933559,0.0,0.0,0.0,0.0,0.0,0.0,0.0,0.0,0.0,0.0,0.0,0.2387132022099039,0.0,0.0,0.0,0.0,0.0,0.0,0.0,0.0,0.0,0.0,0.0,0.0,0.0,0.0,0.0,0.0,0.0,0.0,0.0,0.0,0.0,0.0,0.0,0.0,0.0,0.20094179146047284,0.0,0.0,0.0,0.0,0.0,0.0,0.0,0.0,0.0,0.0,0.0,0.0,0.0,0.0,0.0,0.0,0.0,0.0,0.0,0.0,0.0,0.0,0.0,0.0,0.17901725063239923,0.0,0.0,0.0,0.0,0.0,0.0,0.0,0.0,0.0,0.0,0.0,0.0,0.0,0.27482078542659916,0.0,0.0,0.0,0.0,0.2640690431954765,0.0,0.0,0.0,0.0,0.2063877511617711,0.0,0.0,0.0,0.0,0.0,0.0,0.0,0.0,0.0,0.0,0.0,0.0,0.0,0.0,0.0,0.0,0.0,0.0,0.0,0.0,0.0,0.0,0.0,0.0,0.0,0.0,0.0,0.0,0.0,0.0,0.0,0.0,0.2795855248750496,0.0,0.2305399121997662,0.0,0.0,0.0,0.0,0.0,0.0,0.0,0.0,0.0
4,2024-12-12,두 번째 기회와 작은 친절 행위가 미치는 영향에 관한 책입니다 은밀한 편의점에서 일하는 다양한 인물과 단골 손님의 시선을 통해 기억을 잃은 전직 노숙자 독고를 만난 후 각자의 삶에 일어나는 크고 작은 변화를 따라가는 이야기이다 통렬하고 시의적절한 불편한 편의점 은 공감과 편견을 뛰어넘는 것의 중요성을 이야기하는 동시에 21세기 한국 사회의 여러 부정적인 측면을 폭로하며 그 중 다수는 세대 간 문제입니다,1,0.0,0.0,0.0,0.0,0.0,0.0,0.0,0.0,0.0,0.0,0.0,0.0,0.0,0.0,0.0,0.0,0.0,0.0,0.0,0.0,0.0,0.0,0.0,0.0,0.0,0.0,0.0,0.0,0.0,0.24438086106166407,0.0,0.0,0.0,0.0,0.0,0.0,0.0,0.0,0.0,0.0,0.0,0.0,0.0,0.0,0.0,0.0,0.0,0.0,0.2631958701184605,0.0,0.0,0.0,0.0,0.0,0.0,0.0,0.0,0.0,0.0,0.0,0.0,0.0,0.2135635452194537,0.0,0.0,0.0,0.0,0.0,0.0,0.0,0.2135635452194537,0.0,0.0,0.0,0.0,0.0,0.0,0.0,0.0,0.0,0.0,0.0,0.0,0.0,0.0,0.25798024634382,0.0,0.0,0.0,0.2783182332545509,0.0,0.0,0.0,0.0,0.0,0.0,0.0,0.0,0.0,0.0,0.0,0.0,0.0,0.0,0.0,0.0,0.0,0.0,0.0,0.0,0.0,0.0,0.0,0.0,0.0,0.0,0.0,0.0,0.0,0.0,0.0,0.0,0.0,0.0,0.0,0.17791039372712777,0.2893320862378861,0.0,0.0,0.0,0.0,0.0,0.0,0.0,0.0,0.0,0.0,0.0,0.0,0.0,0.22644273602570952,0.0,0.0,0.0,0.0,0.0,0.0,0.0,0.0,0.0,0.0,0.0,0.0,0.0,0.0,0.0,0.0,0.0,0.0,0.0,0.0,0.0,0.0,0.0,0.0,0.0,0.0,0.0,0.0,0.0,0.0,0.0,0.0,0.0,0.0,0.0,0.0,0.0,0.0,0.0,0.0,0.0,0.0,0.0,0.0,0.0,0.0,0.2783182332545509,0.0,0.0,0.0,0.0,0.0,0.0,0.0,0.0,0.0,0.0,0.0,0.0,0.0,0.0,0.0,0.0,0.0,0.0,0.0,0.0,0.0,0.0,0.0,0.0,0.0,0.0,0.0,0.0,0.0,0.0,0.0,0.0,0.0,0.0,0.0,0.0,0.0,0.0,0.0,0.0,0.0,0.0,0.0,0.0,0.0,0.0,0.0,0.0,0.0,0.0,0.0,0.0,0.35893677123124695,0.0,0.0,0.0,0.0,0.0,0.0,0.0,0.0,0.0,0.0,0.0,0.0,0.0,0.0,0.0,0.0,0.0,0.0,0.0,0.0,0.0,0.0,0.0,0.0,0.0,0.0,0.0,0.0,0.0,0.0,0.0,0.2204147949283227,0.0,0.0,0.0,0.0,0.0,0.0,0.0,0.0,0.22644273602570952,0.0,0.21487950234216427,0.2688466136054291,0.0,0.0,0.0,0.0,0.0,0.0,0.21100589593373392,0.0,0.0,0.0,0.0,0.0,0.0,0.0,0.0
5,2024-12-15,인생의 두 번째 기회와 인간으로서 서로를 위해 얼마나 많은 일을 할 수 있는지에 대한 깊이가 가득한 아름다운 책입니다 각 장에서는 편의점과 관련된 누군가의 삶에 대한 통찰력을 제공합니다 나는 다음에 무슨 일이 일어났는지 그 신비롭고 자비로운 도그코가 누구인지 그리고 그에게 무슨 일이 일어났는지 알아보기 위해 계속해서 읽고 싶었습니다 힐링 소설 더 주세요,1,0.0,0.0,0.0,0.0,0.0,0.0,0.0,0.0,0.0,0.0,0.0,0.0,0.0,0.0,0.0,0.0,0.0,0.0,0.0,0.0,0.0,0.0,0.0,0.0,0.0,0.0,0.0,0.0,0.0,0.0,0.0,0.0,0.0,0.0,0.0,0.0,0.0,0.0,0.0,0.0,0.0,0.0,0.1428902205277819,0.20330949720341623,0.0,0.0,0.0,0.0,0.0,0.0,0.0,0.0,0.0,0.0,0.11001096203668963,0.0,0.0,0.0,0.0,0.0,0.0,0.0,0.0,0.0,0.0,0.0,0.0,0.0,0.0,0.0,0.0,0.0,0.0,0.0,0.0,0.0,0.0,0.2511137136866662,0.0,0.0,0.0,0.0,0.0,0.0,0.0,0.0,0.0,0.0,0.0,0.0,0.0,0.0,0.0,0.0,0.0,0.0,0.0,0.0,0.0,0.0,0.0,0.0,0.0,0.0,0.0,0.0,0.0,0.0,0.0,0.0,0.146733918545485,0.0,0.0,0.0,0.0,0.0,0.0,0.4470672330436359,0.0,0.0,0.0,0.0,0.0,0.0,0.0,0.1428902205277819,0.0,0.0,0.0,0.0,0.0,0.0,0.0,0.0,0.0,0.0,0.0,0.0,0.0,0.0,0.18186937710483086,0.0,0.0,0.0,0.0,0.0,0.0,0.0,0.19465164228776474,0.0,0.0,0.0,0.0,0.0,0.0,0.0,0.0,0.0,0.0,0.0,0.0,0.0,0.0,0.0,0.18315013669227329,0.0,0.0,0.0,0.0,0.0,0.0,0.0,0.0,0.0,0.0,0.0,0.0,0.0,0.0,0.0,0.0,0.0,0.0,0.19154052290714338,0.0,0.0,0.0,0.0,0.0,0.0,0.0,0.0,0.0,0.0,0.0,0.0,0.0,0.31875938977658375,0.0,0.0,0.0,0.0,0.0,0.0,0.0,0.0,0.0,0.0,0.0,0.0,0.0,0.232379484650597,0.0,0.0,0.20521950970764924,0.402928487012884,0.0,0.19967950095642306,0.0,0.0,0.0,0.0,0.0,0.0,0.0,0.0,0.0,0.0,0.0,0.0,0.0,0.0,0.0,0.0,0.0,0.0,0.0,0.0,0.0,0.0,0.0,0.0,0.0,0.0,0.0,0.0,0.0,0.0,0.0,0.0,0.0,0.0,0.0,0.0,0.0,0.0,0.0,0.0,0.0,0.0,0.0,0.0,0.0,0.0,0.0,0.0,0.0,0.0,0.0,0.0,0.0,0.0,0.17702798580278492,0.0,0.0,0.0,0.0,0.0,0.0,0.0,0.0,0.0,0.0,0.0,0.0,0.0,0.0,0.0,0.0,0.0,0.0,0.0,0.0,0.0,0.0,0.0,0.0,0.0,0.0,0.22087797905510556
3,2025-08-09,2 5 처음으로 번역한 책이었습니다 이곳에서 야간 근무를 시작한 노숙인 남성을 중심으로 한국 편의점의 고객과 직원의 이야기를 다소 포근하게 읽었습니다 재미있게 읽었지만 몇 가지 점에서 흥미를 잃었습니다 확실히 쉬운 겨울날 읽기였습니다,0,0.0,0.0,0.0,0.0,0.0,0.0,0.0,0.0,0.3509315645357971,0.0,0.0,0.0,0.0,0.0,0.0,0.0,0.0,0.0,0.0,0.0,0.0,0.0,0.0,0.0,0.0,0.0,0.0,0.0,0.0,0.0,0.0,0.0,0.0,0.0,0.0,0.0,0.0,0.0,0.0,0.0,0.0,0.0,0.0,0.0,0.0,0.3554946594693806,0.0,0.0,0.0,0.0,0.0,0.0,0.0,0.0,0.0,0.0,0.0,0.0,0.0,0.0,0.0,0.0,0.0,0.0,0.0,0.0,0.0,0.0,0.3509315645357971,0.0,0.0,0.0,0.0,0.0,0.0,0.0,0.0,0.0,0.0,0.0,0.0,0.0,0.0,0.0,0.0,0.0,0.0,0.0,0.0,0.0,0.0,0.0,0.0,0.0,0.0,0.0,0.0,0.0,0.0,0.0,0.0,0.0,0.0,0.0,0.0,0.0,0.0,0.0,0.0,0.0,0.0,0.0,0.0,0.0,0.0,0.0,0.0,0.0,0.0,0.0,0.0,0.0,0.0,0.0,0.0,0.0,0.0,0.0,0.0,0.0,0.0,0.0,0.0,0.0,0.0,0.0,0.0,0.0,0.0,0.0,0.0,0.0,0.0,0.0,0.0,0.0,0.0,0.0,0.0,0.0,0.0,0.0,0.0,0.0,0.0,0.0,0.0,0.0,0.0,0.0,0.0,0.0,0.0,0.0,0.0,0.0,0.0,0.0,0.0,0.0,0.0,0.0,0.0,0.0,0.0,0.0,0.0,0.30433879923922214,0.0,0.0,0.0,0.0,0.0,0.0,0.0,0.0,0.0,0.0,0.0,0.0,0.0,0.0,0.0,0.0,0.0,0.0,0.0,0.0,0.0,0.0,0.0,0.0,0.0,0.0,0.0,0.0,0.2225245933823007,0.0,0.0,0.0,0.0,0.0,0.0,0.0,0.0,0.0,0.0,0.0,0.0,0.0,0.3152438426911244,0.0,0.0,0.0,0.0,0.0,0.0,0.0,0.0,0.0,0.0,0.0,0.0,0.0,0.0,0.0,0.0,0.0,0.0,0.0,0.0,0.0,0.0,0.3348071334586298,0.0,0.0,0.0,0.0,0.0,0.0,0.0,0.0,0.0,0.0,0.0,0.0,0.0,0.0,0.0,0.0,0.0,0.3244599023333517,0.0,0.0,0.0,0.0,0.0,0.0,0.0,0.0,0.0,0.0,0.0,0.0,0.0,0.0,0.0,0.0,0.0,0.0,0.0,0.0,0.0,0.0,0.0,0.0,0.0,0.0,0.0,0.0,0.0,0.2627754101605569,0.0,0.0,0.0,0.0,0.3152438426911244,0.0,0.0,0.0
1,2026-07-04,매우 나쁘고 지루하고 극도로 우스꽝스러운 일입니다 말 그대로 따분하고 지루한 한국 드라마의 한 에피소드를 보는 느낌이다 오 맙소사 대화는 소설에서 최악이었습니다 어리석고 피상적이고 순진하며 깊이나 창의성이 없습니다 게다가 등장인물이 누군가에게 말하고 있는 것인지 아니면 그저 머릿속에 떠도는 생각인지조차 알 수 없을 정도로 내레이션이 혼란스러웠다 작가가 시리즈를 따라가고 있다는 느낌이 들었고 자신이 좋아하는 사건을 볼 때마다 자신의 손길을 더하거나 새로운 아이디어를 채택하지 않고 그것을 소설에 옮겼습니다 결국 그것은 지루한 경험이었습니다,0,0.0,0.0,0.0,0.0,0.0,0.0,0.0,0.0,0.0,0.0,0.0,0.0,0.0,0.0,0.0,0.0,0.0,0.0,0.0,0.0,0.0,0.0,0.0,0.0,0.2762095363496403,0.0,0.0,0.0,0.0,0.0,0.0,0.27815465771891246,0.2671164394979025,0.0,0.0,0.0,0.0,0.0,0.0,0.0,0.0,0.0,0.0,0.0,0.0,0.0,0.0,0.0,0.0,0.0,0.0,0.0,0.0,0.0,0.0,0.0,0.0,0.0,0.0,0.0,0.0,0.0,0.0,0.0,0.0,0.0,0.2908973454824927,0.0,0.0,0.0,0.0,0.0,0.0,0.0,0.0,0.0,0.0,0.0,0.0,0.0,0.0,0.0,0.0,0.0,0.0,0.0,0.0,0.0,0.0,0.0,0.0,0.0,0.0,0.0,0.0,0.0,0.0,0.0,0.0,0.0,0.0,0.0,0.0,0.0,0.0,0.0,0.0,0.0,0.0,0.0,0.0,0.0,0.0,0.1934651926292199,0.0,0.0,0.0,0.0,0.0,0.0,0.0,0.0,0.0,0.0,0.0,0.0,0.0,0.0,0.0,0.0,0.0,0.0,0.0,0.0,0.0,0.0,0.0,0.0,0.0,0.0,0.0,0.0,0.0,0.0,0.0,0.2908973454824927,0.0,0.0,0.0,0.0,0.0,0.0,0.0,0.0,0.0,0.0,0.0,0.0,0.0,0.0,0.0,0.0,0.0,0.0,0.0,0.0,0.0,0.0,0.27245144174700614,0.0,0.0,0.0,0.0,0.0,0.0,0.0,0.0,0.0,0.0,0.0,0.0,0.0,0.0,0.0,0.0,0.30063374397841763,0.0,0.0,0.0,0.0,0.0,0.0,0.0,0.0,0.0,0.0,0.0,0.0,0.0,0.0,0.0,0.0,0.0,0.0,0.0,0.0,0.0,0.0,0.0,0.0,0.0,0.0,0.0,0.0,0.0,0.0,0.0,0.0,0.0,0.0,0.0,0.0,0.0,0.0,0.0,0.18042026012640194,0.0,0.0,0.2637419365074446,0.0,0.0,0.0,0.0,0.0,0.0,0.0,0.0,0.23022463202692942,0.3032582134259488,0.0,0.0,0.0,0.0,0.0,0.0,0.0,0.0,0.0,0.0,0.0,0.0,0.0,0.30063374397841763,0.0,0.0,0.0,0.0,0.0,0.0,0.0,0.0,0.0,0.0,0.0,0.0,0.0,0.0,0.0,0.0,0.0,0.0,0.0,0.0,0.0,0.0,0.0,0.0,0.0,0.0,0.0,0.0,0.0,0.0,0.0,0.0,0.0,0.0,0.0,0.0,0.0,0.0,0.25738004100197753,0.0,0.0,0.0,0.0,0.0,0.0,0.0,0.0
3,2023-01-29,강은 넘어지는 곳이 아니라 건너야 하는 곳이다 다리는 건너기 위한 장소이지 점프하기 위한 장소가 아닙니다 내가 이 책에서 좋아하는 것은 이 두 가지뿐이다,0,0.0,0.0,0.0,0.0,0.0,0.0,0.0,0.0,0.0,0.0,0.0,0.0,0.0,0.0,0.0,0.0,0.0,0.0,0.24538237212602412,0.0,0.0,0.0,0.0,0.0,0.0,0.0,0.0,0.0,0.0,0.0,0.0,0.0,0.0,0.0,0.0,0.0,0.0,0.0,0.0,0.0,0.0,0.0,0.0,0.0,0.0,0.0,0.0,0.0,0.0,0.0,0.0,0.0,0.0,0.0,0.0,0.0,0.0,0.0,0.0,0.0,0.2565134393072501,0.0,0.0,0.0,0.0,0.0,0.0,0.0,0.0,0.0,0.0,0.0,0.0,0.0,0.0,0.0,0.0,0.0,0.0,0.0,0.0,0.0,0.0,0.0,0.0,0.0,0.0,0.0,0.0,0.0,0.0,0.0,0.0,0.0,0.0,0.0,0.0,0.0,0.0,0.0,0.0,0.0,0.0,0.0,0.0,0.0,0.0,0.0,0.0,0.0,0.0,0.0,0.0,0.0,0.0,0.0,0.0,0.0,0.0,0.0,0.0,0.0,0.0,0.0,0.0,0.0,0.0,0.0,0.0,0.0,0.0,0.0,0.0,0.0,0.0,0.0,0.0,0.0,0.0,0.0,0.0,0.0,0.0,0.0,0.0,0.0,0.0,0.0,0.0,0.0,0.0,0.0,0.0,0.0,0.0,0.0,0.0,0.0,0.0,0.0,0.0,0.0,0.27853289757862726,0.33439668971657477,0.0,0.0,0.0,0.0,0.0,0.0,0.0,0.0,0.0,0.0,0.0,0.0,0.0,0.0,0.0,0.0,0.0,0.0,0.0,0.0,0.0,0.0,0.0,0.0,0.0,0.0,0.0,0.0,0.0,0.0,0.0,0.0,0.711778224876756,0.0,0.0,0.0,0.0,0.0,0.0,0.0,0.0,0.0,0.0,0.0,0.0,0.0,0.0,0.0,0.0,0.0,0.0,0.0,0.0,0.0,0.0,0.0,0.0,0.0,0.0,0.0,0.0,0.0,0.0,0.0,0.0,0.0,0.0,0.0,0.0,0.0,0.0,0.0,0.0,0.0,0.0,0.0,0.0,0.0,0.0,0.0,0.0,0.0,0.0,0.0,0.0,0.0,0.0,0.0,0.30316255161524186,0.0,0.0,0.0,0.0,0.0,0.0,0.0,0.0,0.0,0.0,0.0,0.0,0.0,0.0,0.0,0.0,0.0,0.0,0.0,0.0,0.0,0.0,0.0,0.0,0.0,0.0,0.0,0.0,0.0,0.0,0.0,0.0,0.0,0.0,0.0,0.0,0.2933442545321995,0.0,0.0,0.0,0.0,0.0,0.0,0.0,0.0,0.0,0.0
4,2024-02-09,커피가 식기 전과 책을 사랑한 고양이의 스타일이 많이 생각나는데 주제를 언급하기보다는 오히려 미시적인 이야기로 서로 연관될 수도 있고 아닐 수도 있고 성찰의 메시지를 주는 장들이 많이 생각난다 제가 이런 책을 좋아하는 이유는 읽기에 유동적이고 가벼우면서 동시에 마지막에 메시지를 주기 때문입니다 이야기가 서로 엮이는 방식도 마음에 들었습니다,1,0.0,0.0,0.0,0.0,0.0,0.0,0.0,0.0,0.0,0.0,0.0,0.0,0.0,0.0,0.0,0.0,0.0,0.0,0.0,0.0,0.0,0.0,0.0,0.0,0.0,0.0,0.0,0.0,0.0,0.0,0.0,0.0,0.0,0.0,0.0,0.0,0.0,0.0,0.0,0.0,0.0,0.0,0.0,0.0,0.0,0.0,0.0,0.0,0.0,0.0,0.0,0.0,0.0,0.0,0.0,0.0,0.0,0.0,0.0,0.0,0.0,0.0,0.0,0.0,0.0,0.0,0.0,0.0,0.0,0.0,0.0,0.0,0.0,0.0,0.0,0.0,0.0,0.0,0.0,0.0,0.0,0.0,0.0,0.0,0.0,0.0,0.0,0.0,0.0,0.2217607898775211,0.0,0.0,0.0,0.0,0.0,0.19002143084503653,0.0,0.0,0.0,0.0,0.0,0.0,0.21421391150650312,0.0,0.1469035379532704,0.0,0.0,0.0,0.0,0.0,0.0,0.38308520896229237,0.0,0.0,0.0,0.0,0.0,0.0,0.0,0.0,0.0,0.0,0.0,0.0,0.0,0.0,0.0,0.0,0.0,0.0,0.0,0.0,0.0,0.0,0.0,0.0,0.0,0.0,0.0,0.0,0.0,0.0,0.0,0.0,0.0,0.0,0.0,0.4238315469727963,0.0,0.0,0.0,0.0,0.0,0.0,0.37139855453415743,0.0,0.0,0.0,0.0,0.0,0.0,0.0,0.0,0.0,0.0,0.0,0.0,0.0,0.0,0.0,0.0,0.0,0.0,0.0,0.0,0.0,0.0,0.0,0.0,0.0,0.0,0.0,0.0,0.0,0.0,0.0,0.0,0.0,0.0,0.0,0.0,0.0,0.0,0.0,0.0,0.0,0.0,0.0,0.0,0.0,0.0,0.0,0.20759361990844036,0.0,0.1589528642035091,0.0,0.0,0.0,0.0,0.0,0.0,0.0,0.0,0.0,0.0,0.0,0.0,0.0,0.0,0.0,0.0,0.0,0.0,0.0,0.3633951761800464,0.0,0.0,0.0,0.0,0.0,0.0,0.0,0.0,0.0,0.0,0.0,0.0,0.0,0.0,0.0,0.0,0.0,0.0,0.0,0.0,0.0,0.0,0.0,0.0,0.0,0.18710190399923468,0.0,0.19638149016563444,0.0,0.0,0.0,0.0,0.18710190399923468,0.0,0.0,0.0,0.0,0.0,0.0,0.0,0.0,0.0,0.0,0.2718902387457692,0.0,0.0,0.0,0.0,0.0,0.0,0.0,0.0,0.0,0.0,0.0,0.0,0.0,0.0,0.0,0.0,0.0,0.0,0.0,0.0,0.0,0.0,0.0,0.0,0.0,0.0,0.0,0.0,0.0,0.0,0.0
4,2024-06-12,따뜻하고 단순하며 가벼운 책이다 전반적으로 나는 그것을 읽는 것이 정말 즐거웠고 몰입되었지만 때로는 약간 단조롭습니다 어쩌면 특별한 일이 아닐 수도 있지만 제게는 매력적이었고 기억에 남을 것 같아요 책담요 같은 느낌이에요,1,0.0,0.0,0.0,0.0,0.0,0.0,0.0,0.0,0.0,0.0,0.0,0.0,0.0,0.31247941598096324,0.2699060715993736,0.0,0.0,0.0,0.0,0.0,0.21799030195932279,0.0,0.0,0.0,0.0,0.0,0.0,0.0,0.0,0.0,0.0,0.0,0.2517085049709033,0.0,0.0,0.0,0.0,0.0,0.0,0.0,0.0,0.0,0.0,0.0,0.0,0.0,0.0,0.0,0.0,0.0,0.0,0.0,0.0,0.0,0.15743900087719226,0.0,0.0,0.0,0.0,0.0,0.0,0.0,0.0,0.0,0.0,0.0,0.0,0.0,0.0,0.0,0.0,0.0,0.0,0.0,0.0,0.0,0.0,0.0,0.0,0.0,0.0,0.0,0.0,0.0,0.0,0.0,0.0,0.0,0.0,0.0,0.0,0.0,0.0,0.0,0.0,0.0,0.0,0.32811077816785084,0.0,0.0,0.2699060715993736,0.0,0.0,0.0,0.0,0.0,0.0,0.0,0.0,0.0,0.0,0.0,0.0,0.0,0.0,0.0,0.0,0.0,0.0,0.0,0.0,0.0,0.0,0.0,0.0,0.0,0.0,0.0,0.0,0.0,0.0,0.0,0.0,0.0,0.0,0.0,0.0,0.0,0.0,0.0,0.0,0.0,0.0,0.0,0.0,0.0,0.0,0.0,0.0,0.0,0.0,0.0,0.0,0.0,0.26788269576457696,0.0,0.0,0.0,0.0,0.0,0.0,0.0,0.0,0.0,0.0,0.0,0.0,0.0,0.0,0.0,0.0,0.0,0.0,0.0,0.0,0.0,0.0,0.0,0.2994666395207279,0.0,0.0,0.0,0.0,0.0,0.0,0.0,0.0,0.0,0.0,0.0,0.0,0.0,0.0,0.0,0.0,0.0,0.0,0.0,0.0,0.0,0.0,0.0,0.0,0.0,0.0,0.0,0.0,0.0,0.0,0.0,0.0,0.0,0.0,0.0,0.0,0.28831971489855035,0.0,0.0,0.0,0.2517085049709033,0.0,0.0,0.0,0.0,0.0,0.0,0.0,0.0,0.0,0.0,0.0,0.0,0.0,0.0,0.0,0.26027708958669415,0.0,0.0,0.0,0.0,0.0,0.0,0.0,0.0,0.0,0.0,0.0,0.0,0.0,0.18098534768947608,0.0,0.0,0.0,0.0,0.0,0.0,0.0,0.0,0.0,0.0,0.0,0.0,0.0,0.0,0.0,0.0,0.0,0.0,0.0,0.0,0.0,0.32389918007592283,0.0,0.0,0.0,0.0,0.0,0.0,0.0,0.0,0.0,0.0,0.0,0.0,0.0,0.0,0.0,0.0,0.0,0.0,0.0,0.0,0.0,0.0,0.0,0.0,0.0,0.0,0.0,0.0
5,2024-08-06,하나님 이 책은 처음부터 끝까지 놀라웠습니다 책 전반에 걸쳐 그의 변신은 놀라웠고 다른 캐릭터의 이야기도 모두 매우 흥미롭고 감동적이었습니다 그리고 그의 관점에서 갑자기 쓰여진 마지막 장은 그가 책에 나오는 모든 사건을 단지 셰프의 키스 로 인식했는지 알게 됩니다 솔직히 제가 한국에 가면 극장판을 볼 수 있기를 바랍니다,1,0.0,0.0,0.0,0.0,0.0,0.0,0.0,0.0,0.0,0.0,0.0,0.0,0.0,0.0,0.0,0.0,0.0,0.0,0.0,0.0,0.0,0.0,0.0,0.0,0.0,0.0,0.0,0.30328309718512264,0.0,0.0,0.23913199785106848,0.0,0.0,0.0,0.0,0.0,0.0,0.0,0.0,0.0,0.0,0.0,0.18117735159020032,0.0,0.4349703995194376,0.0,0.0,0.0,0.0,0.0,0.0,0.0,0.0,0.0,0.0,0.0,0.0,0.0,0.0,0.0,0.0,0.0,0.0,0.0,0.0,0.0,0.0,0.163920303422912,0.0,0.0,0.0,0.0,0.0,0.0,0.0,0.0,0.0,0.0,0.0,0.0,0.0,0.0,0.0,0.0,0.0,0.0,0.0,0.0,0.0,0.0,0.0,0.0,0.0,0.0,0.23733932270704033,0.0,0.0,0.0,0.0,0.0,0.0,0.0,0.0,0.0,0.0,0.0,0.0,0.22901428917251382,0.0,0.0,0.0,0.0,0.0,0.16151957048973486,0.2577858451081921,0.1670436469316316,0.0,0.0,0.0,0.0,0.0,0.0,0.0,0.0,0.0,0.0,0.0,0.0,0.0,0.0,0.0,0.0,0.0,0.0,0.0,0.0,0.0,0.0,0.0,0.0,0.0,0.0,0.0,0.0,0.0,0.0,0.0,0.0,0.0,0.0,0.0,0.0,0.0,0.0,0.0,0.0,0.0,0.0,0.0,0.0,0.0,0.0,0.0,0.0,0.0,0.0,0.0,0.0,0.0,0.0,0.0,0.0,0.0,0.0,0.28696893543338203,0.0,0.0,0.0,0.0,0.0,0.0,0.0,0.0,0.0,0.0,0.0,0.0,0.0,0.0,0.0,0.0,0.0,0.0,0.0,0.0,0.0,0.0,0.0,0.0,0.0,0.0,0.0,0.0,0.0,0.0,0.0,0.0,0.0,0.0,0.0,0.0,0.0,0.0,0.0,0.0,0.0,0.0,0.0,0.0,0.0,0.0,0.0,0.0,0.0,0.0,0.0,0.0,0.0,0.0,0.0,0.0,0.0,0.0,0.0,0.0,0.0,0.0,0.0,0.0,0.0,0.0,0.0,0.2577858451081921,0.0,0.0,0.0,0.0,0.0,0.0,0.0,0.23913199785106848,0.0,0.0,0.0,0.0,0.0,0.0,0.0,0.0,0.0,0.0,0.0,0.0,0.0,0.0,0.0,0.25544615960280914,0.1676856433064762,0.0,0.0,0.0,0.0,0.0,0.0,0.0,0.0,0.0,0.0,0.0,0.0,0.270846213783929,0.0,0.0,0.0,0.0,0.0,0.0,0.0,0.0,0.0,0.0,0.0,0.0,0.0,0.0,0.0,0.0,0.0,0.0,0.0
3,2024-08-22,한국 작가의 첫 책 인간의 일상생활을 관찰하는 것은 매우 흥미롭습니다 등장인물 중 한 명이 말했듯이 인생은 일상적인 문제에 직면하고 해결하는 것으로 구성됩니다 결말이 약간 강요된 것 같습니다,0,0.0,0.0,0.0,0.0,0.0,0.0,0.0,0.0,0.0,0.0,0.0,0.0,0.358216796500197,0.0,0.0,0.0,0.0,0.4011172908364241,0.2686897009729507,0.0,0.0,0.0,0.0,0.0,0.0,0.0,0.0,0.0,0.0,0.0,0.0,0.0,0.0,0.0,0.0,0.0,0.0,0.0,0.0,0.0,0.0,0.0,0.0,0.0,0.0,0.0,0.0,0.0,0.0,0.0,0.0,0.0,0.0,0.0,0.0,0.0,0.0,0.0,0.0,0.0,0.0,0.0,0.0,0.0,0.0,0.0,0.0,0.0,0.0,0.0,0.0,0.0,0.0,0.0,0.0,0.0,0.0,0.0,0.0,0.0,0.0,0.0,0.0,0.0,0.0,0.0,0.0,0.0,0.0,0.0,0.0,0.0,0.0,0.0,0.0,0.0,0.0,0.0,0.0,0.0,0.0,0.0,0.0,0.0,0.0,0.0,0.0,0.0,0.0,0.0,0.0,0.0,0.0,0.21362315649381147,0.0,0.0,0.0,0.0,0.0,0.0,0.36210150798690544,0.0,0.0,0.0,0.0,0.0,0.0,0.0,0.0,0.0,0.0,0.0,0.0,0.0,0.0,0.0,0.0,0.0,0.0,0.0,0.0,0.0,0.0,0.0,0.0,0.0,0.0,0.0,0.0,0.0,0.0,0.0,0.0,0.0,0.0,0.0,0.0,0.0,0.0,0.0,0.0,0.0,0.0,0.0,0.0,0.0,0.0,0.0,0.0,0.0,0.0,0.0,0.0,0.0,0.0,0.0,0.0,0.0,0.35091074285819535,0.0,0.0,0.0,0.0,0.0,0.0,0.0,0.0,0.0,0.0,0.0,0.0,0.0,0.0,0.0,0.0,0.0,0.0,0.0,0.0,0.0,0.0,0.0,0.0,0.0,0.0,0.0,0.0,0.0,0.0,0.0,0.3474659211033638,0.0,0.0,0.0,0.0,0.0,0.0,0.0,0.0,0.0,0.0,0.0,0.0,0.0,0.0,0.0,0.0,0.0,0.0,0.0,0.0,0.0,0.0,0.0,0.0,0.0,0.0,0.0,0.0,0.37040513377365614,0.0,0.0,0.0,0.0,0.0,0.0,0.0,0.0,0.0,0.0,0.0,0.0,0.0,0.0,0.0,0.0,0.0,0.0,0.0,0.0,0.0,0.0,0.0,0.0,0.0,0.0,0.0,0.0,0.0,0.0,0.0,0.0,0.0,0.0,0.0,0.0,0.0,0.0,0.0,0.0,0.0,0.0,0.0,0.0,0.0,0.0,0.0,0.0,0.0,0.0,0.0,0.2841975656195885,0.0,0.0,0.0,0.0,0.0,0.0,0.0,0.0
4,2025-01-24,4 저는 정말 이런 유형의 책을 좋아합니다 읽으면 마음이 평화로워집니다 이 책의 아이디어와 저자가 삶이 쉽지 않고 사람마다 자신이 겪는 문제가 있다는 것을 보여주는 방식이 정말 마음에 들었습니다 때로는 우리는 너무 길을 잃고 슬픔에 빠져서 작은 변화나 힌트가 이러한 문제를 어느 정도 해결하기에 충분하다는 것을 깨닫지 못합니다 적극 추천드려요,1,0.0,0.0,0.0,0.0,0.0,0.0,0.0,0.0,0.0,0.0,0.0,0.0,0.0,0.0,0.0,0.0,0.0,0.0,0.0,0.25713290327412036,0.0,0.0,0.0,0.0,0.0,0.0,0.0,0.0,0.0,0.0,0.0,0.0,0.0,0.0,0.0,0.0,0.0,0.0,0.0,0.0,0.0,0.0,0.0,0.0,0.0,0.0,0.0,0.0,0.0,0.0,0.0,0.0,0.22197581315379256,0.0,0.0,0.0,0.0,0.0,0.0,0.0,0.0,0.1571436747089831,0.0,0.0,0.0,0.0,0.0,0.0,0.0,0.0,0.0,0.0,0.0,0.0,0.0,0.0,0.0,0.0,0.0,0.0,0.0,0.0,0.0,0.0,0.0,0.0,0.0,0.0,0.0,0.0,0.0,0.0,0.0,0.0,0.0,0.19472480271550535,0.0,0.0,0.0,0.0,0.1917330123340562,0.0,0.0,0.0,0.15053966449441425,0.0,0.17997100084811857,0.0,0.0,0.0,0.0,0.0,0.0,0.0,0.0,0.0,0.0,0.0,0.24316855266488155,0.20299908781662798,0.0,0.0,0.0,0.0,0.22724976791775844,0.0,0.0,0.0,0.0,0.0,0.0,0.0,0.0,0.0,0.0,0.0,0.0,0.0,0.0,0.0,0.0,0.0,0.0,0.2510869867460648,0.0,0.0,0.0,0.0,0.0,0.0,0.0,0.0,0.0,0.0,0.0,0.0,0.0,0.0,0.0,0.0,0.0,0.0,0.0,0.0,0.0,0.0,0.0,0.0,0.1823772339886605,0.0,0.0,0.0,0.0,0.0,0.0,0.0,0.0,0.0,0.0,0.21490219919091358,0.0,0.0,0.0,0.0,0.0,0.0,0.0,0.0,0.0,0.0,0.0,0.0,0.0,0.0,0.17997100084811857,0.0,0.0,0.0,0.0,0.0,0.0,0.23307985442717744,0.2127319350343927,0.0,0.0,0.0,0.0,0.0,0.0,0.0,0.0,0.0,0.0,0.0,0.0,0.0,0.0,0.0,0.0,0.0,0.0,0.0,0.0,0.0,0.0,0.0,0.0,0.0,0.17654714747924147,0.0,0.0,0.0,0.0,0.0,0.0,0.0,0.0,0.0,0.20299908781662798,0.0,0.14653782651179692,0.0,0.0,0.0,0.2012422849329312,0.0,0.0,0.0,0.0,0.25713290327412036,0.0,0.0,0.0,0.21951609074577236,0.0,0.0,0.0,0.0,0.0,0.0,0.0,0.0,0.0,0.0,0.0,0.0,0.0,0.0,0.1393100053625464,0.18889471620608633,0.0,0.0,0.0,0.0,0.0,0.0,0.0,0.0,0.0,0.0,0.0,0.0,0.0,0.0,0.0,0.0,0.0,0.0,0.0,0.0,0.0,0.0,0.0,0.0,0.0,0.0,0.0,0.0,0.0,0.0
3,2025-05-27,나는 280페이지짜리 책을 읽는 데 걸린 시간의 절반으로 800페이지의 책을 읽었습니다 이것은 일련의 호의에 대한 전형적인 이야기입니다 모든 것은 여자가 지갑을 잃어버렸고 노숙자가 지갑을 찾아서 그것을 전달하기 위해 찾는 것으로 시작되며 거기에서 이야기의 마지막 페이지까지 지속되는 유대감이 형성될 것입니다 내 취향에 비해 너무 느리고 친밀합니다,0,0.0,0.0,0.0,0.0,0.0,0.0,0.0,0.0,0.0,0.0,0.0,0.0,0.0,0.0,0.0,0.0,0.0,0.27132210839584264,0.18174598262820518,0.0,0.0,0.16422580240892853,0.0,0.0,0.0,0.0,0.0,0.0,0.0,0.0,0.0,0.0,0.19950781158740183,0.0,0.0,0.0,0.0,0.0,0.0,0.0,0.0,0.0,0.0,0.0,0.0,0.0,0.0,0.0,0.0,0.0,0.0,0.0,0.0,0.0,0.12478843544498663,0.0,0.0,0.0,0.0,0.0,0.0,0.17533744670459325,0.0,0.253560279436646,0.0,0.0,0.0,0.0,0.0,0.0,0.0,0.0,0.0,0.0,0.0,0.0,0.0,0.14242256803139552,0.0,0.0,0.0,0.0,0.0,0.0,0.0,0.0,0.0,0.0,0.0,0.0,0.0,0.0,0.0,0.0,0.0,0.0,0.0,0.0,0.0,0.0,0.0,0.0,0.0,0.0,0.0,0.0,0.0,0.2048799961744446,0.0,0.0,0.0,0.0,0.0,0.0,0.0,0.14944002781650662,0.0,0.0,0.0,0.0,0.0,0.0,0.0,0.0,0.0,0.0,0.0,0.0,0.0,0.0,0.0,0.0,0.0,0.0,0.0,0.0,0.0,0.0,0.0,0.0,0.0,0.0,0.0,0.0,0.0,0.0,0.0,0.0,0.0,0.0,0.0,0.0,0.0,0.0,0.0,0.0,0.0,0.0,0.0,0.0,0.0,0.0,0.0,0.0,0.0,0.0,0.0,0.0,0.0,0.0,0.0,0.0,0.0,0.0,0.0,0.0,0.0,0.0,0.0,0.0,0.0,0.0,0.0,0.0,0.0,0.0,0.0,0.0,0.0,0.0,0.0,0.0,0.0,0.0,0.0,0.0,0.0,0.18078873594593423,0.24767571701908886,0.0,0.0,0.0,0.0,0.0,0.0,0.0,0.0,0.0,0.22852638755119836,0.2021354921565576,0.0,0.0,0.0,0.0,0.0,0.0,0.0,0.0,0.0,0.19950781158740183,0.230619509160004,0.0,0.0,0.0,0.0,0.0,0.0,0.0,0.0,0.0,0.0,0.0,0.0,0.0,0.0,0.0,0.0,0.0,0.0,0.0,0.0,0.0,0.0,0.0,0.0,0.0,0.0,0.0,0.0,0.0,0.0,0.0,0.0,0.0,0.0,0.0,0.0,0.0,0.0,0.0,0.0,0.0,0.0,0.4380178871394385,0.25054791740976357,0.0,0.0,0.0,0.3108780634779919,0.0,0.0,0.0,0.0,0.0,0.0,0.0,0.0,0.0,0.0,0.0,0.0,0.0,0.0,0.0,0.0,0.0,0.0,0.0,0.0,0.0,0.0,0.0,0.0,0.0,0.0,0.0,0.0,0.0,0.0,0.0
4,2025-06-11,3 75 4 이 책은 일상의 모든 것을 소중한 것으로 보게 해줍니다 그것은 심지어 사람들이 자신의 불행에 대해 얼마나 많은 비난을 하는지 건강한 의사소통을 하지 못한 결과 이것이 가족을 시작하는 데 필요한 요구 사항인지 다시 생각하게 만듭니다 짧고 간단하고 예쁩니다,1,0.0,0.0,0.0,0.0,0.0,0.0,0.0,0.0,0.0,0.0,0.0,0.0,0.0,0.0,0.0,0.0,0.0,0.30982894998442523,0.0,0.16381069129785764,0.0,0.0,0.0,0.0,0.0,0.0,0.0,0.0,0.0,0.0,0.0,0.23723700696303127,0.0,0.0,0.0,0.0,0.0,0.0,0.0,0.0,0.0,0.0,0.0,0.0,0.0,0.0,0.0,0.0,0.0,0.0,0.0,0.0,0.0,0.0,0.0,0.0,0.0,0.0,0.0,0.0,0.0,0.0,0.0,0.0,0.0,0.0,0.0,0.0,0.0,0.24617346682391045,0.0,0.0,0.0,0.0,0.0,0.0,0.0,0.0,0.213275079457888,0.0,0.0,0.0,0.0,0.0,0.0,0.0,0.0,0.0,0.0,0.0,0.0,0.0,0.0,0.0,0.0,0.0,0.0,0.0,0.0,0.0,0.0,0.0,0.0,0.0,0.0,0.0,0.0,0.0,0.0,0.30100448961578674,0.19006655569237516,0.0,0.0,0.0,0.0,0.170649001578896,0.30100448961578674,0.0,0.0,0.0,0.0,0.0,0.0,0.0,0.0,0.0,0.0,0.0,0.0,0.0,0.0,0.0,0.0,0.2586477302955354,0.0,0.0,0.0,0.0,0.0,0.0,0.0,0.0,0.0,0.0,0.0,0.0,0.0,0.0,0.0,0.0,0.0,0.0,0.0,0.0,0.0,0.0,0.0,0.0,0.3052787476757607,0.0,0.0,0.0,0.0,0.0,0.0,0.0,0.0,0.0,0.0,0.0,0.0,0.0,0.0,0.0,0.0,0.0,0.0,0.0,0.0,0.0,0.0,0.0,0.0,0.2481051949361808,0.0,0.0,0.0,0.0,0.0,0.0,0.0,0.0,0.0,0.0,0.0,0.0,0.0,0.0,0.0,0.29697461192367564,0.0,0.0,0.0,0.0,0.0,0.0,0.0,0.0,0.0,0.0,0.0,0.0,0.0,0.0,0.0,0.0,0.0,0.0,0.0,0.0,0.0,0.0,0.0,0.0,0.0,0.0,0.0,0.0,0.0,0.0,0.0,0.0,0.0,0.0,0.0,0.0,0.0,0.19635767770039522,0.0,0.0,0.0,0.0,0.0,0.0,0.0,0.0,0.0,0.0,0.0,0.0,0.0,0.0,0.0,0.0,0.0,0.0,0.0,0.0,0.0,0.0,0.0,0.0,0.0,0.0,0.0,0.0,0.0,0.17130485435987214,0.0,0.0,0.0,0.0,0.0,0.0,0.0,0.0,0.0,0.0,0.0,0.0,0.0,0.0,0.0,0.0,0.0,0.0,0.0,0.30100448961578674,0.0,0.0,0.0,0.0,0.0,0.0,0.0,0.0,0.0,0.0,0.0,0.0
3,2025-06-22,3 5로 반올림 최근 도서 커뮤니티에서 번역 소설이 주목을 받고 있는 것 같은데 저는 이를 위해 여기까지 왔습니다 두 번째 기회 편의점은 두 번째 기회 구원 희망에 대한 화려한 이야기를 정말 재미있게 읽었습니다 나는 실제로 인류에 관한 이러한 이야기를 좋아합니다 실제로 놀라운 일이 일어나지 않으며 조용하지만 너무 많은 주제를 다루며 마치 사람들에 대한 나의 믿음을 회복시키는 것처럼 읽기가 너무 사랑스럽습니다 노숙 생활을 겪고 있는 사람의 공동체 의식과 친절함 그리고 그가 이 책에서 그 대가를 치르는 방식은 정말 멋지고 그것이 나를 감정적으로 만들었다는 것을 인정해야 합니다 김호연 작가의 스토리텔링은 놀랍고 인간 정신의 본질을 잘 포착하고 있습니다 기분 좋은 것을 찾고 계시다면 영혼의 향유 같은 느낌을 읽어보세요 그렇다면 이 책을 꼭 추천하고 싶습니다,0,0.0,0.0,0.0,0.0,0.0,0.0,0.0,0.0,0.0,0.0,0.0,0.0,0.0,0.0,0.13541241275771063,0.0,0.0,0.0,0.0,0.18160141755389828,0.0,0.0,0.1646138297676656,0.16684760186049413,0.0,0.0,0.0,0.0,0.0,0.14092581690098818,0.13541241275771063,0.0,0.0,0.13645461778221663,0.0,0.0,0.0,0.0,0.0,0.0,0.0,0.0,0.1025946445325173,0.0,0.0,0.0,0.1517757685289902,0.0,0.0,0.284256769555824,0.0,0.0,0.0,0.0,0.07898745976558981,0.13340785171665406,0.0,0.0,0.0,0.0,0.0,0.22196703512780053,0.0,0.0,0.15677154427970547,0.13975915198690006,0.0,0.0,0.0,0.0,0.0,0.0,0.0,0.0,0.0,0.0,0.0,0.1802987083214334,0.0,0.0,0.0,0.0,0.0,0.0,0.0,0.0,0.0,0.0,0.0,0.0,0.0,0.0,0.0,0.0,0.0,0.0,0.0,0.0,0.0,0.0,0.0,0.0,0.0,0.0,0.0,0.0,0.0,0.0,0.0,0.0,0.1053544053500179,0.0,0.0,0.0,0.0,0.0,0.0,0.0,0.0,0.0,0.0,0.0,0.0,0.0,0.0,0.2051892890650346,0.0,0.0,0.0,0.0,0.0,0.0,0.0,0.0,0.0,0.0,0.0,0.13752537989407154,0.0,0.0,0.0,0.0,0.0,0.0,0.0,0.0,0.0,0.0,0.0,0.0,0.0,0.0,0.15858956381002604,0.0,0.0,0.0,0.0,0.3004860169143335,0.0,0.15677154427970547,0.0,0.0,0.0,0.0,0.0,0.0,0.0,0.0,0.0,0.0,0.0,0.0,0.0,0.0,0.0,0.0,0.0,0.0,0.0,0.0,0.0,0.0,0.0,0.0,0.0,0.0,0.0,0.0,0.0,0.0,0.0,0.0,0.0,0.0,0.0,0.0,0.0,0.11443402552231471,0.0,0.0,0.0,0.1646138297676656,0.0,0.0,0.0,0.0,0.2060825644403703,0.0,0.0,0.0,0.0,0.0,0.0,0.0,0.0,0.14465057421153085,0.0,0.0,0.0,0.0,0.1459754594724965,0.0,0.0,0.0,0.0,0.17059189573088723,0.0,0.0,0.0,0.0,0.0,0.09179855972530833,0.0,0.0,0.0,0.0,0.0,0.0,0.0,0.15858956381002604,0.0,0.0,0.0,0.15503435284913483,0.142128384777912,0.0,0.0,0.0,0.0,0.18160141755389828,0.0,0.0,0.0,0.15503435284913483,0.0,0.10583392513663697,0.0,0.0,0.0,0.0,0.0,0.0,0.0,0.0,0.0,0.0,0.0,0.0,0.09838839810519828,0.0,0.0,0.0,0.0,0.0,0.0,0.0,0.0,0.0,0.0,0.0,0.0,0.0,0.0,0.0,0.0,0.17173902408512493,0.0,0.0,0.0,0.0,0.0,0.0,0.0,0.1459754594724965,0.0,0.0,0.0,0.0,0.0,0.0
5,2025-07-08,즐거운 시간을 보냈습니다 8개의 이야기가 있습니다 모두 편의점과 연결되어 있습니다 마지막 이야기에서 얻는 캐릭터 결론 중 하나입니다 그는 누구입니까 그는 어떤 직종에 있었나요 꼭 한번 시도해 보세요 읽기 쉽습니다,1,0.0,0.0,0.0,0.0,0.0,0.0,0.0,0.0,0.0,0.0,0.0,0.0,0.0,0.0,0.0,0.0,0.0,0.0,0.0,0.0,0.0,0.0,0.0,0.0,0.0,0.0,0.0,0.0,0.0,0.0,0.0,0.0,0.0,0.0,0.0,0.5025553930646642,0.0,0.0,0.0,0.0,0.0,0.0,0.0,0.0,0.0,0.0,0.0,0.0,0.0,0.0,0.0,0.0,0.0,0.0,0.0,0.0,0.0,0.0,0.0,0.0,0.0,0.0,0.0,0.0,0.0,0.0,0.0,0.0,0.0,0.0,0.0,0.0,0.0,0.0,0.0,0.0,0.0,0.0,0.0,0.0,0.0,0.0,0.0,0.0,0.0,0.0,0.0,0.0,0.0,0.0,0.0,0.0,0.0,0.0,0.0,0.0,0.0,0.0,0.0,0.0,0.0,0.0,0.0,0.0,0.0,0.0,0.0,0.2740961300270899,0.0,0.0,0.0,0.0,0.0,0.0,0.30853141424154684,0.0,0.0,0.0,0.0,0.0,0.0,0.0,0.0,0.0,0.0,0.0,0.0,0.0,0.0,0.0,0.0,0.0,0.0,0.0,0.0,0.0,0.0,0.0,0.0,0.0,0.0,0.0,0.0,0.0,0.0,0.0,0.0,0.0,0.0,0.0,0.0,0.0,0.0,0.0,0.0,0.0,0.3526464431134592,0.0,0.0,0.0,0.0,0.0,0.0,0.0,0.0,0.0,0.0,0.0,0.0,0.0,0.0,0.0,0.0,0.0,0.0,0.0,0.0,0.0,0.0,0.0,0.2587241460069126,0.0,0.0,0.0,0.0,0.0,0.0,0.0,0.0,0.0,0.0,0.0,0.0,0.0,0.0,0.0,0.0,0.0,0.0,0.0,0.0,0.0,0.0,0.0,0.24314658051802251,0.0,0.0,0.0,0.0,0.0,0.0,0.0,0.0,0.0,0.0,0.0,0.0,0.0,0.2779386672510555,0.0,0.0,0.0,0.0,0.0,0.0,0.0,0.0,0.0,0.0,0.0,0.0,0.38804795764623473,0.0,0.0,0.0,0.0,0.0,0.0,0.0,0.0,0.0,0.0,0.0,0.0,0.0,0.0,0.0,0.0,0.0,0.0,0.0,0.0,0.0,0.0,0.0,0.0,0.0,0.0,0.0,0.0,0.0,0.0,0.0,0.0,0.0,0.0,0.0,0.0,0.0,0.0,0.0,0.0,0.0,0.0,0.0,0.0,0.0,0.3144338999853706,0.0,0.0,0.0,0.0,0.0,0.0,0.0,0.0,0.0,0.0,0.0,0.0,0.0,0.0,0.0,0.0,0.0,0.0,0.0,0.0,0.0,0.0
4,2025-07-13,확실히 이 책에서 가장 마음에 들었던 점은 나머지 인물들을 통해 독고를 조금씩 알아가고 독고가 이야기의 중심이기는 하지만 나머지 인물들도 줄거리에 흥미로운 기여를 한다는 점이었습니다 나에게 있어 이 책 전체는 자본주의 체제에 대한 위대한 사회 비판서로 구성되어 있다 여기에는 우리가 살고 있는 세상의 잔인함을 포착할 뿐만 아니라 비록 그것을 낭만적으로 표현하기는 부족하지만 아름다운 메시지를 남기는 것도 포함된다,1,0.0,0.0,0.0,0.0,0.0,0.0,0.0,0.21376681113231077,0.0,0.0,0.0,0.0,0.0,0.0,0.0,0.0,0.0,0.0,0.0,0.0,0.0,0.0,0.0,0.0,0.0,0.0,0.0,0.0,0.0,0.0,0.0,0.0,0.22577393433608328,0.0,0.0,0.0,0.0,0.0,0.0,0.0,0.0,0.0,0.0,0.0,0.0,0.0,0.0,0.0,0.0,0.0,0.0,0.0,0.0,0.0,0.0,0.0,0.22153811114704547,0.0,0.0,0.0,0.0,0.0,0.0,0.0,0.0,0.0,0.0,0.0,0.0,0.0,0.0,0.0,0.0,0.0,0.0,0.0,0.0,0.16117315541105928,0.0,0.0,0.0,0.0,0.0,0.2541036534470845,0.0,0.2659744455162243,0.0,0.0,0.0,0.0,0.0,0.0,0.0,0.0,0.0,0.0,0.0,0.0,0.0,0.0,0.0,0.0,0.0,0.0,0.19008270925505358,0.0,0.0,0.0,0.0,0.0,0.0,0.0,0.0,0.0,0.0,0.0,0.0,0.0,0.0,0.0,0.0,0.0,0.0,0.0,0.0,0.0,0.0,0.0,0.0,0.0,0.0,0.0,0.0,0.0,0.0,0.0,0.0,0.0,0.0,0.0,0.0,0.0,0.0,0.0,0.0,0.0,0.0,0.0,0.0,0.0,0.0,0.0,0.0,0.0,0.0,0.0,0.0,0.0,0.0,0.0,0.0,0.0,0.2334596621609034,0.0,0.2351037305871195,0.0,0.0,0.0,0.0,0.0,0.0,0.0,0.0,0.0,0.0,0.0,0.0,0.0,0.0,0.0,0.0,0.0,0.0,0.0,0.0,0.0,0.0,0.0,0.0,0.0,0.0,0.0,0.0,0.23851268395612535,0.0,0.0,0.0,0.0,0.0,0.0,0.0,0.0,0.0,0.0,0.0,0.0,0.0,0.0,0.25861293954619585,0.0,0.0,0.0,0.0,0.0,0.0,0.0,0.0,0.0,0.0,0.0,0.0,0.0,0.0,0.0,0.0,0.15249601274726937,0.0,0.2478424802071616,0.0,0.0,0.0,0.0,0.0,0.0,0.0,0.0,0.0,0.0,0.0,0.0,0.0,0.0,0.0,0.0,0.0,0.0,0.2869426586571971,0.0,0.0,0.0,0.0,0.0,0.0,0.0,0.0,0.0,0.0,0.0,0.0,0.0,0.0,0.0,0.0,0.0,0.0,0.0,0.0,0.0,0.0,0.0,0.0,0.0,0.0,0.0,0.0,0.0,0.0,0.0,0.0,0.0,0.0,0.2334596621609034,0.0,0.0,0.0,0.0,0.0,0.0,0.0,0.0,0.21135727289641373,0.0,0.0,0.0,0.0,0.0,0.2609816302601276,0.0,0.29829780495911845,0.0
4,2025-07-14,결국 인생은 관계이고 관계는 소통이다 행복은 멀리 있지 않다는 것을 주변 사람들과 마음을 나누면 된다는 것을 깨달았다 신비한 인물을 중심으로 얽힌 인물과 일상의 개요 완벽한 허그북 이다,1,0.0,0.0,0.0,0.0,0.0,0.0,0.0,0.0,0.0,0.0,0.0,0.0,0.0,0.0,0.0,0.0,0.0,0.0,0.0,0.42233488989860457,0.0,0.0,0.0,0.0,0.30368230737199503,0.0,0.0,0.0,0.0,0.0,0.0,0.0,0.0,0.0,0.0,0.0,0.0,0.0,0.0,0.0,0.0,0.0,0.0,0.0,0.0,0.0,0.0,0.0,0.0,0.0,0.0,0.0,0.0,0.0,0.0,0.0,0.0,0.0,0.0,0.0,0.0,0.0,0.0,0.0,0.0,0.0,0.0,0.0,0.0,0.0,0.0,0.0,0.0,0.0,0.0,0.0,0.0,0.0,0.0,0.0,0.0,0.0,0.0,0.0,0.0,0.0,0.0,0.0,0.0,0.0,0.0,0.0,0.0,0.0,0.0,0.0,0.0,0.0,0.0,0.0,0.0,0.0,0.0,0.0,0.0,0.3015928847662219,0.0,0.0,0.0,0.0,0.0,0.0,0.0,0.0,0.0,0.0,0.0,0.0,0.0,0.0,0.0,0.0,0.0,0.0,0.0,0.0,0.0,0.0,0.36459017657696885,0.0,0.0,0.0,0.0,0.0,0.0,0.0,0.0,0.0,0.0,0.0,0.0,0.0,0.0,0.0,0.0,0.0,0.0,0.0,0.0,0.0,0.0,0.0,0.0,0.0,0.0,0.0,0.0,0.0,0.0,0.0,0.0,0.0,0.0,0.0,0.0,0.0,0.0,0.0,0.0,0.0,0.0,0.0,0.0,0.0,0.0,0.0,0.0,0.0,0.0,0.0,0.0,0.0,0.0,0.0,0.0,0.0,0.0,0.0,0.0,0.0,0.0,0.0,0.0,0.0,0.0,0.0,0.0,0.0,0.0,0.0,0.0,0.0,0.0,0.0,0.0,0.0,0.0,0.0,0.0,0.0,0.34597725606526863,0.0,0.0,0.0,0.0,0.0,0.0,0.0,0.0,0.0,0.0,0.0,0.0,0.0,0.0,0.0,0.0,0.0,0.0,0.0,0.0,0.0,0.0,0.0,0.0,0.0,0.0,0.0,0.0,0.0,0.0,0.0,0.0,0.0,0.0,0.0,0.0,0.0,0.0,0.0,0.0,0.0,0.0,0.0,0.0,0.0,0.0,0.0,0.3149170706002811,0.0,0.0,0.34940731900377475,0.0,0.0,0.0,0.0,0.0,0.0,0.0,0.0,0.0,0.0,0.0,0.0,0.0,0.0,0.0,0.0,0.0,0.0,0.0,0.0,0.0,0.0,0.0,0.0,0.0,0.0,0.0,0.0,0.0,0.0,0.0,0.0,0.0,0.40566924251438763,0.0,0.0,0.0,0.0
5,2025-08-05,5 5 진심으로 우주가 나에게 이런 책이 필요하다는 것을 알고 있다고 생각합니다 이 책은 나에게 매우 긍정적인 느낌을 주었고 내가 몇 살이든 삶의 어떤 부분에 있든 항상 발전하고 더 나아질 수 있다는 지식을 주었습니다,1,0.0,0.0,0.0,0.0,0.0,0.0,0.0,0.0,0.0,0.0,0.0,0.0,0.0,0.0,0.0,0.0,0.0,0.0,0.0,0.17352967837466052,0.0,0.0,0.0,0.0,0.0,0.0,0.0,0.0,0.0,0.0,0.0,0.0,0.0,0.0,0.0,0.0,0.0,0.0,0.0,0.0,0.0,0.0,0.0,0.0,0.0,0.0,0.0,0.0,0.0,0.0,0.0,0.0,0.0,0.0,0.0,0.0,0.47362310290730714,0.0,0.0,0.0,0.22982639970322333,0.0,0.0,0.0,0.0,0.26709439850054145,0.0,0.0,0.0,0.0,0.0,0.0,0.0,0.0,0.0,0.0,0.0,0.0,0.0,0.0,0.0,0.0,0.0,0.0,0.0,0.0,0.0,0.0,0.0,0.0,0.0,0.0,0.0,0.0,0.0,0.0,0.0,0.0,0.0,0.0,0.0,0.0,0.0,0.0,0.0,0.0,0.0,0.0,0.0,0.0,0.0,0.0,0.0,0.17479558479093193,0.0,0.0,0.0,0.0,0.0,0.0,0.0,0.0,0.0,0.0,0.0,0.0,0.0,0.0,0.0,0.0,0.0,0.0,0.0,0.0,0.0,0.0,0.0,0.0,0.0,0.0,0.0,0.0,0.25495639750911664,0.0,0.0,0.0,0.2789744141213819,0.0,0.0,0.0,0.0,0.0,0.0,0.0,0.0,0.0,0.0,0.0,0.0,0.0,0.0,0.0,0.0,0.0,0.0,0.0,0.0,0.0,0.0,0.0,0.0,0.0,0.0,0.0,0.0,0.2871301478456316,0.0,0.0,0.0,0.0,0.23393863224192196,0.0,0.0,0.0,0.0,0.0,0.0,0.0,0.0,0.0,0.0,0.0,0.0,0.0,0.0,0.0,0.0,0.0,0.0,0.0,0.0,0.0,0.2871301478456316,0.0,0.0,0.0,0.0,0.0,0.0,0.0,0.0,0.0,0.0,0.0,0.0,0.0,0.0,0.0,0.0,0.0,0.0,0.0,0.0,0.0,0.0,0.0,0.0,0.0,0.2382905441500529,0.0,0.0,0.0,0.0,0.0,0.0,0.0,0.0,0.0,0.0,0.0,0.0,0.0,0.0,0.0,0.0,0.0,0.0,0.0,0.0,0.0,0.0,0.0,0.0,0.0,0.0,0.0,0.0,0.0,0.0,0.0,0.0,0.0,0.0,0.0,0.0,0.0,0.0,0.18146847464940433,0.0,0.0,0.2495550066393471,0.0,0.0,0.0,0.0,0.0,0.0,0.0,0.0,0.0,0.0,0.0,0.0,0.0,0.0,0.0,0.0,0.0,0.0,0.0,0.0,0.0,0.0,0.0,0.2764424194231527,0.0,0.0,0.0,0.0,0.0
3,2026-01-06,귀여운 이야기 어쩌면 3 5 나는 한동안 이 구조의 책을 읽지 않았습니다 그것은 더 큰 건전한 줄거리의 기초가 되는 작은 이야기입니다 사실 지금은 조금 지루하지만 이건 달콤했어요,0,0.0,0.0,0.0,0.0,0.0,0.0,0.0,0.0,0.0,0.0,0.0,0.0,0.0,0.0,0.0,0.0,0.0,0.0,0.0,0.0,0.0,0.0,0.0,0.0,0.0,0.0,0.0,0.0,0.0,0.0,0.0,0.35960310269289314,0.0,0.0,0.0,0.0,0.0,0.0,0.0,0.0,0.0,0.0,0.0,0.0,0.0,0.0,0.0,0.0,0.0,0.0,0.0,0.0,0.0,0.0,0.21599920149168325,0.0,0.0,0.0,0.0,0.0,0.0,0.0,0.0,0.0,0.0,0.0,0.0,0.0,0.0,0.0,0.0,0.0,0.0,0.0,0.0,0.0,0.0,0.0,0.0,0.0,0.0,0.0,0.0,0.0,0.0,0.0,0.0,0.0,0.0,0.0,0.0,0.3648172700962285,0.0,0.0,0.0,0.0,0.0,0.0,0.0,0.0,0.0,0.0,0.0,0.0,0.0,0.0,0.0,0.0,0.0,0.0,0.0,0.0,0.0,0.0,0.0,0.0,0.0,0.0,0.0,0.0,0.0,0.0,0.0,0.0,0.0,0.0,0.0,0.0,0.0,0.0,0.0,0.0,0.0,0.0,0.0,0.0,0.0,0.0,0.0,0.0,0.0,0.0,0.0,0.0,0.0,0.0,0.0,0.0,0.0,0.0,0.0,0.0,0.0,0.0,0.0,0.0,0.0,0.0,0.0,0.0,0.0,0.0,0.0,0.0,0.0,0.0,0.0,0.0,0.0,0.0,0.0,0.4150461972740924,0.0,0.0,0.0,0.0,0.0,0.0,0.0,0.0,0.0,0.0,0.0,0.0,0.0,0.0,0.0,0.0,0.0,0.0,0.0,0.0,0.0,0.0,0.0,0.0,0.0,0.0,0.0,0.0,0.0,0.0,0.0,0.3409700900070908,0.0,0.0,0.0,0.0,0.0,0.3498810185675657,0.0,0.0,0.0,0.0,0.0,0.0,0.0,0.0,0.0,0.0,0.0,0.0,0.0,0.0,0.0,0.0,0.0,0.0,0.0,0.0,0.0,0.0,0.0,0.0,0.0,0.0,0.0,0.0,0.0,0.0,0.2830123092249098,0.0,0.0,0.0,0.0,0.0,0.0,0.0,0.0,0.0,0.0,0.3570884164919115,0.0,0.0,0.0,0.0,0.0,0.0,0.0,0.0,0.0,0.0,0.0,0.0,0.0,0.0,0.0,0.0,0.26905303056760455,0.0,0.0,0.0,0.0,0.0,0.0,0.0,0.0,0.0,0.0,0.0,0.0,0.0,0.0,0.0,0.0,0.0,0.0,0.0,0.0,0.0,0.0,0.0,0.0,0.0,0.0,0.0,0.0,0.0,0.0,0.0
4,2026-02-15,종종 무관심하게 느껴지는 세상에서 The Second Chance Convenience Store는 친절은 무료이면서도 삶을 변화시키는 선물이라는 감동적인 일깨워주는 역할을 합니다 친숙하고 일상적인 설정을 사용하여 소설은 각계각층의 사람들의 다양한 정신과 숨겨진 투쟁을 사려 깊게 포착합니다 매일 마주하는 이웃과 낯선 사람들을 대표하며 각자의 묵묵한 짐을 짊어지고 있는 공감되는 인물들에 깊은 감동을 받았습니다 이 이야기는 모든 사람에게 과거가 있지만 모든 영혼은 자연스럽게 새로운 출발을 할 가치가 있다는 사실을 아름답게 설명합니다 험난한 세상 속에서 조용하면서도 강력한 공감의 증거를 보여주는 이야기다,1,0.0,0.2794064597948121,0.0,0.0,0.0,0.0,0.0,0.0,0.0,0.0,0.2794064597948121,0.0,0.0,0.0,0.0,0.0,0.0,0.0,0.0,0.0,0.0,0.0,0.0,0.0,0.0,0.0,0.0,0.0,0.0,0.0,0.0,0.0,0.0,0.0,0.0,0.0,0.0,0.0,0.0,0.0,0.0,0.0,0.0,0.0,0.0,0.0,0.0,0.0,0.0,0.0,0.0,0.0,0.0,0.2495232422926756,0.0,0.0,0.0,0.0,0.0,0.2837930833365286,0.0,0.0,0.0,0.0,0.0,0.0,0.0,0.0,0.0,0.0,0.20036319295941107,0.0,0.0,0.0,0.0,0.0,0.0,0.0,0.0,0.0,0.0,0.0,0.0,0.0,0.0,0.0,0.0,0.0,0.0,0.0,0.0,0.0,0.0,0.0,0.0,0.0,0.0,0.0,0.0,0.0,0.0,0.0,0.0,0.0,0.0,0.0,0.0,0.0,0.0,0.0,0.0,0.0,0.0,0.0,0.0,0.3077855274729846,0.0,0.0,0.0,0.0,0.0,0.0,0.0,0.0,0.0,0.0,0.0,0.0,0.0,0.0,0.0,0.23533559168065177,0.19233333397922076,0.0,0.2550554972412476,0.0,0.0,0.0,0.0,0.2580132781155171,0.0,0.20159781083688183,0.0,0.0,0.0,0.22374343707166414,0.0,0.0,0.0,0.2273776160578933,0.0,0.0,0.0,0.0,0.0,0.0,0.0,0.0,0.0,0.0,0.0,0.0,0.0,0.0,0.0,0.0,0.0,0.0,0.0,0.0,0.0,0.0,0.0,0.0,0.0,0.0,0.0,0.0,0.0,0.0,0.0,0.0,0.0,0.0,0.0,0.0,0.0,0.0,0.0,0.0,0.0,0.0,0.0,0.0,0.0,0.0,0.0,0.0,0.0,0.0,0.0,0.0,0.0,0.0,0.0,0.1945259934316713,0.0,0.0,0.0,0.0,0.0,0.0,0.0,0.0,0.0,0.0,0.0,0.0,0.0,0.0,0.0,0.0,0.0,0.0,0.0,0.1387700841720963,0.0,0.0,0.2028568781754791,0.0,0.0,0.0,0.0,0.0,0.0,0.2124463216133357,0.0,0.0,0.0,0.0,0.0,0.0,0.0,0.0,0.0,0.0,0.0,0.0,0.0,0.0,0.0,0.0,0.0,0.0,0.0,0.0,0.0,0.0,0.0,0.0,0.0,0.0,0.0,0.0,0.0,0.0,0.0,0.0,0.0,0.0,0.0,0.0,0.0,0.0,0.0,0.0,0.0,0.0,0.0,0.0,0.0,0.0,0.0,0.0,0.0,0.0,0.0,0.0,0.0,0.0,0.0,0.0,0.0,0.23749108023296384,0.0,0.0,0.0,0.0,0.0,0.0
4,2026-02-23,대인 관계의 혁명적인 힘 마음을 여는 것이 궁극적으로 삶을 살 가치 있게 만드는 방법에 대한 따뜻한 소설입니다 한 번의 만남이 인생의 방향을 어떻게 바꿀 수 있는지에 대해 설명합니다 아주 독창적인 책은 아니지만 뛰어난 눈물샘과 마음을 따뜻하게 해주는 책입니다,1,0.0,0.0,0.0,0.0,0.0,0.0,0.0,0.0,0.0,0.0,0.0,0.0,0.0,0.0,0.0,0.0,0.0,0.0,0.0,0.0,0.1983981655829991,0.0,0.0,0.0,0.0,0.0,0.0,0.0,0.0,0.0,0.0,0.0,0.0,0.0,0.0,0.0,0.0,0.0,0.0,0.0,0.0,0.0,0.0,0.0,0.0,0.0,0.0,0.0,0.0,0.0,0.0,0.0,0.0,0.0,0.0,0.0,0.0,0.0,0.0,0.0,0.0,0.0,0.0,0.0,0.0,0.0,0.0,0.0,0.0,0.0,0.0,0.0,0.0,0.0,0.0,0.0,0.0,0.16353747082847356,0.2144577598082518,0.0,0.0,0.0,0.0,0.0,0.0,0.0,0.0,0.0,0.0,0.0,0.0,0.0,0.0,0.0,0.0,0.0,0.0,0.0,0.2624066393006771,0.0,0.0,0.0,0.0,0.0,0.0,0.4705090894068147,0.0,0.0,0.2782263191463222,0.0,0.0,0.0,0.0,0.0,0.0,0.0,0.0,0.0,0.0,0.0,0.0,0.3069716185783411,0.0,0.0,0.0,0.0,0.0,0.0,0.0,0.0,0.0,0.0,0.0,0.0,0.0,0.0,0.0,0.0,0.0,0.0,0.0,0.22478794496951998,0.0,0.0,0.0,0.0,0.0,0.0,0.0,0.0,0.0,0.0,0.0,0.29862143366661814,0.0,0.0,0.0,0.0,0.0,0.0,0.0,0.0,0.0,0.0,0.0,0.0,0.0,0.2556496592237033,0.0,0.0,0.0,0.0,0.0,0.0,0.0,0.0,0.0,0.0,0.0,0.0,0.0,0.21566966336223822,0.0,0.0,0.0,0.0,0.0,0.0,0.0,0.0,0.0,0.0,0.0,0.0,0.0,0.0,0.0,0.0,0.0,0.0,0.0,0.0,0.0,0.0,0.0,0.0,0.0,0.0,0.0,0.0,0.0,0.3026736583538538,0.0,0.0,0.0,0.0,0.0,0.0,0.0,0.0,0.0,0.0,0.0,0.0,0.0,0.0,0.0,0.0,0.0,0.0,0.0,0.0,0.0,0.0,0.0,0.0,0.0,0.0,0.0,0.0,0.0,0.0,0.0,0.0,0.0,0.0,0.0,0.0,0.0,0.0,0.0,0.0,0.0,0.0,0.0,0.0,0.0,0.0,0.0,0.0,0.0,0.0,0.0,0.0,0.0,0.0,0.0,0.17225479602998348,0.0,0.0,0.0,0.0,0.23057847888124813,0.0,0.0,0.0,0.0,0.0,0.0,0.0,0.0,0.0,0.0,0.0,0.0,0.0,0.0,0.0,0.0,0.0,0.0,0.0,0.0,0.0,0.0,0.0,0.0,0.0,0.0,0.0
5,2026-04-16,4 5 이 책은 한국 작가의 첫 책인데 정말 좋아했어요 나는 오디오북 스페인어 을 번갈아 가며 책을 읽었고 그 책에 매우 빠져 있었습니다 기분 좋음 으로 표시된 이 작품은 특정 사건이 세상에 대한 관점을 어떻게 바꿀 수 있는지 불가능하다고 느낄 때 주변 사람들을 어떻게 행동하고 이해하는지에 대한 훌륭한 이야기입니다 일상적인 문제와 간단한 해결책,1,0.0,0.0,0.0,0.0,0.0,0.0,0.0,0.0,0.0,0.0,0.0,0.0,0.0,0.0,0.0,0.0,0.0,0.0,0.0,0.0,0.0,0.0,0.0,0.0,0.0,0.0,0.0,0.0,0.28045811485268113,0.0,0.0,0.0,0.0,0.0,0.0,0.0,0.0,0.0,0.0,0.0,0.0,0.0,0.0,0.0,0.0,0.0,0.2478571550567252,0.0,0.0,0.0,0.0,0.0,0.0,0.0,0.12899033391431772,0.0,0.0,0.0,0.0,0.0,0.0,0.0,0.0,0.0,0.0,0.0,0.0,0.0,0.0,0.0,0.0,0.0,0.0,0.0,0.0,0.0,0.0,0.29443649232068964,0.0,0.0,0.0,0.0,0.0,0.0,0.0,0.0,0.0,0.0,0.0,0.0,0.0,0.0,0.0,0.0,0.0,0.0,0.0,0.0,0.0,0.0,0.0,0.0,0.0,0.0,0.0,0.0,0.0,0.0,0.0,0.0,0.0,0.0,0.0,0.14936366276856894,0.0,0.0,0.0,0.0,0.0,0.0,0.0,0.27633925778089835,0.0,0.0,0.0,0.0,0.0,0.0,0.0,0.0,0.0,0.23622136885799155,0.0,0.0,0.0,0.0,0.0,0.0,0.0,0.0,0.0,0.0,0.0,0.0,0.0,0.0,0.0,0.0,0.0,0.0,0.0,0.0,0.0,0.0,0.0,0.0,0.0,0.0,0.0,0.0,0.0,0.0,0.0,0.0,0.0,0.0,0.0,0.0,0.0,0.0,0.0,0.0,0.0,0.0,0.0,0.0,0.0,0.0,0.0,0.0,0.0,0.3882964488729588,0.0,0.0,0.0,0.0,0.0,0.0,0.0,0.0,0.0,0.0,0.0,0.0,0.0,0.0,0.0,0.0,0.0,0.0,0.0,0.0,0.0,0.0,0.0,0.0,0.0,0.0,0.0,0.20894183452363185,0.0,0.0,0.0,0.0,0.0,0.0,0.0,0.0,0.0,0.0,0.0,0.0,0.0,0.0,0.0,0.0,0.24294549109312732,0.0,0.0,0.0,0.0,0.0,0.25601549796531115,0.0,0.0,0.0,0.0,0.0,0.0,0.25898441160014307,0.0,0.0,0.0,0.0,0.0,0.0,0.0,0.0,0.0,0.1482819396845295,0.0,0.0,0.0,0.0,0.0,0.0,0.0,0.0,0.2211350053489099,0.0,0.0,0.0,0.0,0.0,0.0,0.0,0.23622136885799155,0.15506567905064372,0.16067300255695952,0.0,0.0,0.0,0.0,0.0,0.0,0.0,0.0,0.0,0.0,0.0,0.0,0.0,0.0,0.0,0.0,0.0,0.0,0.0,0.0,0.0,0.0,0.19870874509843775,0.0,0.0,0.0,0.0,0.0,0.0,0.0,0.0
3,2026-06-30,이 책에 대해 어떻게 생각해야 할지 모르겠나요 마지막 두 장은 흥미로웠지만 나머지는 기억나지 않는다 1년 전에 읽었다 독코의 삶에 관한 장은 음 그럼 이상한가 다 말했는지는 모르겠지만 별거 아닌 것 같아서 별 2 75나 별 3개 정도는 좋은 평가라고 생각하지만 더 알고 싶어서 2권으로 가겠습니다,0,0.0,0.0,0.0,0.0,0.0,0.0,0.0,0.0,0.0,0.0,0.0,0.0,0.0,0.0,0.0,0.0,0.0,0.0,0.0,0.0,0.0,0.0,0.0,0.0,0.0,0.0,0.0,0.0,0.0,0.2992520454130038,0.0,0.0,0.0,0.0,0.0,0.0,0.0,0.0,0.0,0.0,0.0,0.0,0.0,0.0,0.0,0.0,0.0,0.0,0.0,0.0,0.0,0.0,0.0,0.0,0.0,0.0,0.0,0.0,0.0,0.0,0.0,0.0,0.0,0.0,0.0,0.0,0.0,0.0,0.0,0.0,0.0,0.0,0.0,0.0,0.0,0.0,0.0,0.0,0.2510346521571255,0.0,0.0,0.0,0.0,0.0,0.0,0.0,0.0,0.0,0.0,0.0,0.0,0.0,0.0,0.0,0.0,0.0,0.0,0.0,0.0,0.0,0.0,0.0,0.0,0.0,0.0,0.0,0.0,0.27537843746389085,0.0,0.0,0.0,0.0,0.0,0.0,0.0,0.0,0.0,0.0,0.0,0.0,0.0,0.0,0.0,0.0,0.0,0.0,0.0,0.0,0.0,0.0,0.0,0.0,0.0,0.0,0.0,0.0,0.0,0.0,0.0,0.0,0.27728624750001135,0.0,0.0,0.0,0.0,0.0,0.0,0.0,0.0,0.0,0.0,0.0,0.0,0.0,0.0,0.0,0.0,0.0,0.0,0.0,0.0,0.0,0.0,0.0,0.0,0.0,0.0,0.0,0.0,0.0,0.0,0.0,0.0,0.0,0.0,0.3190368420670487,0.0,0.0,0.0,0.0,0.0,0.2524532521993669,0.0,0.0,0.0,0.0,0.0,0.0,0.0,0.0,0.0,0.0,0.0,0.0,0.0,0.0,0.0,0.0,0.0,0.0,0.0,0.0,0.0,0.0,0.0,0.0,0.0,0.0,0.0,0.0,0.0,0.0,0.0,0.0,0.0,0.0,0.0,0.0,0.0,0.0,0.0,0.0,0.0,0.0,0.0,0.0,0.0,0.0,0.0,0.0,0.0,0.0,0.0,0.0,0.0,0.0,0.0,0.0,0.0,0.0,0.0,0.0,0.6199496414193403,0.0,0.0,0.0,0.0,0.0,0.0,0.0,0.0,0.0,0.0,0.0,0.0,0.22473539105667767,0.0,0.0,0.0,0.0,0.0,0.0,0.0,0.0,0.0,0.0,0.3071614637747938,0.0,0.0,0.0,0.0,0.0,0.0,0.0,0.0,0.0,0.0,0.0,0.0,0.0,0.0,0.0,0.0,0.0,0.0,0.0,0.0,0.0,0.0,0.0,0.0,0.0,0.0,0.0,0.0,0.0,0.0,0.0,0.0,0.0
5,2023-09-11,나는 이 책을 정말 좋아한다 읽어보시면 세상이 그리 나쁘지는 않다는 걸 느끼실 겁니다 그리고 어떤 것들은 마음을 열고 관점을 열어야 합니다 책을 다 읽었습니다 마음이 가득 찼습니다,1,0.0,0.0,0.0,0.0,0.0,0.0,0.35443149121375683,0.0,0.0,0.0,0.0,0.0,0.0,0.0,0.0,0.0,0.0,0.0,0.0,0.0,0.0,0.0,0.0,0.0,0.0,0.0,0.0,0.0,0.37458089403618944,0.0,0.0,0.0,0.0,0.0,0.0,0.0,0.0,0.0,0.0,0.0,0.0,0.0,0.22376972197808115,0.0,0.0,0.0,0.0,0.0,0.0,0.0,0.0,0.0,0.0,0.0,0.17227996638653809,0.0,0.0,0.0,0.0,0.0,0.0,0.0,0.0,0.0,0.0,0.0,0.0,0.0,0.0,0.0,0.0,0.0,0.0,0.0,0.0,0.0,0.0,0.0,0.0,0.0,0.0,0.0,0.0,0.0,0.0,0.0,0.0,0.0,0.0,0.0,0.0,0.0,0.0,0.0,0.0,0.0,0.0,0.0,0.0,0.0,0.0,0.0,0.0,0.0,0.0,0.2828524833117892,0.27723033122289076,0.0,0.0,0.0,0.0,0.0,0.0,0.0,0.0,0.0,0.0,0.0,0.0,0.0,0.0,0.0,0.0,0.0,0.0,0.0,0.0,0.0,0.0,0.0,0.0,0.0,0.0,0.0,0.0,0.0,0.0,0.0,0.0,0.0,0.0,0.0,0.0,0.0,0.0,0.0,0.0,0.0,0.0,0.0,0.0,0.0,0.0,0.0,0.0,0.0,0.0,0.0,0.0,0.0,0.0,0.0,0.0,0.0,0.0,0.0,0.0,0.0,0.0,0.0,0.0,0.0,0.0,0.0,0.0,0.0,0.0,0.0,0.0,0.0,0.2669894214980141,0.0,0.0,0.0,0.0,0.0,0.0,0.0,0.0,0.0,0.0,0.0,0.0,0.0,0.0,0.0,0.0,0.0,0.0,0.0,0.0,0.0,0.0,0.0,0.0,0.0,0.0,0.0,0.0,0.0,0.0,0.0,0.0,0.0,0.0,0.0,0.0,0.0,0.0,0.0,0.3183878469546242,0.0,0.0,0.0,0.0,0.0,0.0,0.0,0.0,0.0,0.0,0.0,0.0,0.0,0.0,0.0,0.0,0.0,0.0,0.0,0.0,0.0,0.0,0.0,0.0,0.0,0.0,0.0,0.0,0.1980459063045021,0.0,0.0,0.0,0.0,0.0,0.0,0.0,0.0,0.0,0.0,0.0,0.0,0.0,0.0,0.0,0.0,0.0,0.0,0.4291909112836961,0.0,0.0,0.0,0.0,0.0,0.0,0.0,0.0,0.0,0.0,0.0,0.0,0.0,0.0,0.0,0.0,0.0,0.0,0.0,0.0,0.0,0.0,0.0,0.0,0.3183878469546242,0.0,0.0,0.0,0.0,0.0,0.0
4,2024-07-14,나는 이 책에 담긴 관점의 수를 존중합니다 좋아요 재미있는 모험이었어요,1,0.0,0.0,0.0,0.0,0.0,0.0,0.0,0.0,0.0,0.0,0.0,0.0,0.0,0.0,0.0,0.0,0.0,0.0,0.0,0.0,0.0,0.0,0.0,0.0,0.0,0.0,0.0,0.0,0.0,0.0,0.0,0.0,0.0,0.0,0.0,0.0,0.0,0.0,0.0,0.0,0.0,0.0,0.0,0.0,0.0,0.0,0.0,0.0,0.0,0.0,0.0,0.0,0.0,0.0,0.33438913667039605,0.0,0.0,0.0,0.0,0.0,0.0,0.0,0.0,0.0,0.0,0.0,0.0,0.0,0.0,0.0,0.0,0.0,0.0,0.7163703126691094,0.0,0.0,0.0,0.0,0.0,0.0,0.0,0.0,0.0,0.0,0.0,0.0,0.0,0.0,0.0,0.0,0.0,0.0,0.0,0.0,0.0,0.0,0.0,0.0,0.0,0.0,0.0,0.0,0.0,0.0,0.0,0.0,0.0,0.0,0.0,0.0,0.0,0.0,0.0,0.0,0.0,0.0,0.0,0.0,0.0,0.0,0.0,0.0,0.0,0.0,0.0,0.0,0.0,0.0,0.0,0.0,0.0,0.0,0.0,0.0,0.0,0.0,0.0,0.0,0.0,0.0,0.0,0.0,0.0,0.0,0.0,0.0,0.0,0.0,0.0,0.0,0.0,0.0,0.0,0.0,0.0,0.0,0.0,0.0,0.0,0.0,0.0,0.0,0.0,0.0,0.0,0.0,0.0,0.0,0.0,0.0,0.0,0.0,0.0,0.0,0.0,0.0,0.0,0.0,0.0,0.0,0.0,0.0,0.0,0.0,0.0,0.0,0.0,0.0,0.0,0.0,0.0,0.0,0.0,0.0,0.0,0.0,0.0,0.0,0.0,0.0,0.0,0.0,0.0,0.0,0.0,0.0,0.0,0.0,0.0,0.0,0.0,0.0,0.0,0.0,0.0,0.0,0.0,0.0,0.0,0.0,0.0,0.0,0.0,0.0,0.0,0.0,0.0,0.0,0.0,0.0,0.0,0.0,0.0,0.0,0.0,0.0,0.0,0.0,0.0,0.0,0.0,0.0,0.0,0.0,0.0,0.0,0.0,0.0,0.0,0.0,0.0,0.0,0.0,0.0,0.0,0.0,0.0,0.0,0.0,0.0,0.0,0.0,0.0,0.0,0.0,0.0,0.6123703784501578,0.0,0.0,0.0,0.0,0.0,0.0,0.0,0.0,0.0,0.0,0.0,0.0,0.0,0.0,0.0,0.0,0.0,0.0,0.0,0.0,0.0,0.0,0.0,0.0,0.0,0.0,0.0,0.0,0.0,0.0,0.0,0.0,0.0
3,2024-09-09,한국 사회의 고민과 가치관을 일상생활 속에서 살펴볼 수 있게 해주는 매우 유쾌하고 잔잔한 독서다 결말은 내가 동화할 시간이 없었던 정보의 공세였고 그래서 더 불편한 느낌을 남겼습니다 원제 제목을 고려하면 의도한 것일 수도 있습니다 하지만 전체적으로는 작은 친절의 몸짓을 소중히 여기는 친절한 이야기였습니다,0,0.0,0.0,0.0,0.0,0.0,0.0,0.0,0.0,0.0,0.0,0.0,0.0,0.0,0.0,0.0,0.0,0.0,0.0,0.0,0.0,0.0,0.0,0.0,0.0,0.0,0.0,0.0,0.0,0.0,0.0,0.0,0.0,0.0,0.0,0.0,0.0,0.0,0.0,0.4039280196794356,0.0,0.0,0.0,0.0,0.0,0.0,0.0,0.0,0.0,0.0,0.0,0.0,0.0,0.0,0.0,0.0,0.0,0.0,0.0,0.0,0.0,0.29892600641163586,0.0,0.0,0.0,0.0,0.3473990019501015,0.0,0.0,0.0,0.0,0.0,0.0,0.0,0.0,0.0,0.0,0.0,0.0,0.0,0.0,0.0,0.0,0.0,0.0,0.0,0.0,0.0,0.0,0.0,0.0,0.0,0.0,0.0,0.0,0.0,0.0,0.0,0.0,0.0,0.0,0.0,0.0,0.0,0.0,0.0,0.0,0.0,0.0,0.0,0.0,0.0,0.0,0.0,0.22734962635890316,0.0,0.0,0.0,0.0,0.0,0.0,0.0,0.0,0.0,0.0,0.0,0.0,0.0,0.0,0.0,0.0,0.0,0.0,0.0,0.0,0.0,0.0,0.0,0.0,0.0,0.0,0.0,0.0,0.0,0.0,0.0,0.0,0.0,0.0,0.0,0.0,0.0,0.0,0.0,0.0,0.3340710117920357,0.0,0.0,0.0,0.0,0.0,0.0,0.0,0.0,0.0,0.0,0.0,0.0,0.0,0.0,0.0,0.0,0.0,0.0,0.0,0.0,0.0,0.0,0.0,0.0,0.0,0.0,0.0,0.0,0.0,0.0,0.0,0.0,0.0,0.0,0.0,0.0,0.0,0.0,0.0,0.0,0.0,0.0,0.0,0.0,0.0,0.0,0.0,0.0,0.0,0.0,0.0,0.0,0.0,0.0,0.0,0.0,0.0,0.0,0.0,0.0,0.0,0.0,0.0,0.0,0.0,0.0,0.0,0.0,0.0,0.0,0.0,0.0,0.0,0.0,0.0,0.0,0.22818346831424738,0.0,0.0,0.0,0.0,0.0,0.0,0.0,0.0,0.25725251901495894,0.0,0.0,0.0,0.0,0.0,0.0,0.0,0.0,0.0,0.0,0.0,0.0,0.0,0.0,0.0,0.0,0.0,0.0,0.0,0.0,0.0,0.0,0.0,0.0,0.0,0.0,0.0,0.0,0.0,0.0,0.0,0.0,0.0,0.0,0.0,0.4091802172199153,0.0,0.0,0.0,0.0,0.0,0.0,0.0,0.0,0.0,0.0,0.0,0.0,0.0,0.29385657842900637,0.30245883178678284,0.0,0.0,0.0,0.0,0.0,0.0,0.0,0.0
4,2024-10-04,사랑스러운 캐릭터와의 두 번째 기회에 대해 생각하게 만드는 이야기,1,0.0,0.0,0.0,0.0,0.0,0.0,0.0,0.0,0.0,0.0,0.0,0.0,0.0,0.0,0.0,0.0,0.0,0.0,0.0,0.0,0.0,0.0,0.0,0.0,0.0,0.0,0.0,0.0,0.0,0.0,0.0,0.0,0.0,0.0,0.0,0.0,0.0,0.0,0.0,0.0,0.0,0.0,0.0,0.0,0.0,0.0,0.0,0.0,0.0,0.0,0.0,0.0,0.0,0.0,0.0,0.0,0.0,0.0,0.0,0.0,0.0,0.0,0.0,0.0,0.0,0.0,0.0,0.0,0.0,0.0,0.0,0.0,0.0,0.0,0.0,0.0,0.0,0.0,0.4688755281129185,0.0,0.0,0.0,0.0,0.0,0.0,0.0,0.0,0.0,0.0,0.0,0.0,0.0,0.0,0.0,0.0,0.0,0.0,0.0,0.0,0.0,0.0,0.0,0.0,0.0,0.0,0.0,0.0,0.0,0.6082946704343299,0.0,0.0,0.0,0.0,0.0,0.0,0.0,0.0,0.0,0.0,0.0,0.0,0.0,0.0,0.0,0.0,0.40690698915823287,0.0,0.0,0.0,0.0,0.0,0.0,0.0,0.0,0.0,0.0,0.0,0.0,0.0,0.0,0.0,0.0,0.0,0.0,0.0,0.0,0.0,0.0,0.0,0.0,0.0,0.0,0.0,0.0,0.0,0.0,0.0,0.0,0.0,0.0,0.0,0.0,0.0,0.0,0.0,0.0,0.0,0.0,0.0,0.0,0.0,0.0,0.0,0.0,0.0,0.0,0.0,0.0,0.0,0.0,0.0,0.0,0.0,0.0,0.0,0.0,0.0,0.0,0.0,0.0,0.0,0.0,0.0,0.0,0.0,0.0,0.0,0.0,0.0,0.0,0.0,0.0,0.0,0.4945301155968195,0.0,0.0,0.0,0.0,0.0,0.0,0.0,0.0,0.0,0.0,0.0,0.0,0.0,0.0,0.0,0.0,0.0,0.0,0.0,0.0,0.0,0.0,0.0,0.0,0.0,0.0,0.0,0.0,0.0,0.0,0.0,0.0,0.0,0.0,0.0,0.0,0.0,0.0,0.0,0.0,0.0,0.0,0.0,0.0,0.0,0.0,0.0,0.0,0.0,0.0,0.0,0.0,0.0,0.0,0.0,0.0,0.0,0.0,0.0,0.0,0.0,0.0,0.0,0.0,0.0,0.0,0.0,0.0,0.0,0.0,0.0,0.0,0.0,0.0,0.0,0.0,0.0,0.0,0.0,0.0,0.0,0.0,0.0,0.0,0.0,0.0,0.0,0.0,0.0,0.0,0.0,0.0,0.0,0.0,0.0,0.0
3,2024-11-27,이 책을 평가하기는 어렵다 어쩌면 잘못된 시기에 좋은 책이 될 수도 있습니다 마지막 장에서 나는 그것을 읽을 때 더 의식하지 못한 것을 후회했습니다,0,0.0,0.0,0.0,0.0,0.0,0.0,0.0,0.0,0.0,0.0,0.0,0.0,0.0,0.0,0.0,0.0,0.0,0.0,0.0,0.22335442287895382,0.0,0.0,0.0,0.0,0.0,0.0,0.0,0.0,0.0,0.0,0.0,0.0,0.31063402965614484,0.0,0.0,0.0,0.0,0.0,0.0,0.0,0.0,0.0,0.0,0.0,0.0,0.0,0.0,0.0,0.0,0.0,0.0,0.0,0.0,0.0,0.19429582354864378,0.0,0.0,0.0,0.0,0.0,0.0,0.0,0.0,0.0,0.0,0.0,0.0,0.0,0.0,0.0,0.0,0.0,0.0,0.0,0.0,0.0,0.0,0.0,0.0,0.0,0.0,0.0,0.0,0.0,0.0,0.0,0.0,0.0,0.0,0.0,0.0,0.0,0.0,0.0,0.0,0.0,0.0,0.0,0.0,0.0,0.0,0.0,0.0,0.0,0.0,0.0,0.0,0.3189985309408409,0.0,0.0,0.0,0.0,0.0,0.0,0.0,0.0,0.4104169485486285,0.0,0.0,0.0,0.0,0.0,0.0,0.0,0.0,0.0,0.0,0.0,0.0,0.0,0.0,0.0,0.0,0.0,0.0,0.0,0.0,0.0,0.0,0.0,0.0,0.0,0.0,0.0,0.0,0.0,0.0,0.0,0.0,0.0,0.0,0.0,0.0,0.0,0.33059463473481293,0.0,0.0,0.0,0.0,0.0,0.0,0.0,0.0,0.0,0.0,0.0,0.0,0.0,0.0,0.0,0.0,0.0,0.0,0.0,0.0,0.0,0.0,0.0,0.0,0.0,0.0,0.0,0.0,0.0,0.0,0.0,0.0,0.0,0.0,0.0,0.0,0.0,0.0,0.0,0.0,0.0,0.0,0.0,0.0,0.0,0.0,0.0,0.0,0.0,0.0,0.0,0.0,0.0,0.0,0.0,0.0,0.0,0.0,0.0,0.0,0.0,0.0,0.0,0.0,0.0,0.0,0.0,0.3947938215323351,0.0,0.0,0.0,0.0,0.0,0.0,0.0,0.0,0.22580896784552973,0.0,0.0,0.0,0.0,0.0,0.0,0.0,0.0,0.0,0.0,0.0,0.0,0.0,0.0,0.0,0.0,0.0,0.0,0.0,0.0,0.0,0.0,0.0,0.2603335985842973,0.0,0.0,0.0,0.0,0.0,0.0,0.0,0.0,0.0,0.0,0.0,0.0,0.24201885836325168,0.0,0.32120853911882846,0.0,0.0,0.0,0.0,0.0,0.0,0.0,0.0,0.0,0.0,0.0,0.0,0.0,0.0,0.0,0.0,0.0,0.0,0.0,0.0,0.0,0.0,0.0,0.0,0.0,0.0,0.0,0.0,0.0
4,2025-01-15,3 5 4 시간이 오래 걸렸는데 드디어 완성했어요 매우 즐거운 읽기였습니다 알코올 중독에 관한 주제는 이 사이트에서 거의 논의되지 않으므로 이는 큰 장점입니다,1,0.0,0.0,0.0,0.0,0.0,0.0,0.0,0.0,0.0,0.0,0.0,0.0,0.0,0.0,0.0,0.4940293181198956,0.0,0.0,0.0,0.0,0.0,0.0,0.0,0.0,0.0,0.0,0.0,0.0,0.0,0.43378871998452767,0.0,0.0,0.0,0.0,0.0,0.0,0.0,0.0,0.0,0.0,0.0,0.0,0.0,0.0,0.0,0.0,0.0,0.0,0.0,0.0,0.0,0.0,0.0,0.0,0.0,0.0,0.0,0.0,0.0,0.0,0.0,0.0,0.0,0.0,0.0,0.0,0.0,0.0,0.0,0.0,0.0,0.0,0.0,0.0,0.0,0.0,0.0,0.0,0.0,0.0,0.0,0.0,0.0,0.0,0.0,0.0,0.0,0.0,0.0,0.0,0.0,0.0,0.0,0.0,0.0,0.0,0.0,0.0,0.0,0.0,0.0,0.0,0.0,0.0,0.0,0.0,0.0,0.0,0.0,0.0,0.0,0.0,0.0,0.2815358009414824,0.0,0.0,0.0,0.0,0.0,0.0,0.0,0.0,0.0,0.0,0.0,0.0,0.0,0.0,0.0,0.0,0.0,0.0,0.0,0.0,0.0,0.0,0.0,0.0,0.0,0.0,0.0,0.0,0.0,0.0,0.0,0.0,0.0,0.0,0.0,0.0,0.0,0.0,0.0,0.0,0.0,0.0,0.0,0.0,0.0,0.0,0.0,0.0,0.0,0.0,0.0,0.0,0.0,0.0,0.0,0.0,0.0,0.0,0.0,0.0,0.0,0.0,0.5001996280549568,0.0,0.0,0.0,0.0,0.0,0.0,0.0,0.0,0.0,0.0,0.0,0.0,0.0,0.0,0.0,0.0,0.0,0.0,0.0,0.0,0.0,0.0,0.0,0.4881601214090487,0.0,0.0,0.0,0.0,0.0,0.0,0.0,0.0,0.0,0.0,0.0,0.0,0.0,0.0,0.0,0.0,0.0,0.0,0.0,0.0,0.0,0.0,0.0,0.0,0.0,0.0,0.0,0.0,0.0,0.0,0.0,0.0,0.0,0.0,0.0,0.0,0.0,0.0,0.0,0.0,0.0,0.0,0.0,0.0,0.0,0.0,0.0,0.0,0.0,0.0,0.0,0.0,0.0,0.0,0.0,0.0,0.0,0.0,0.0,0.0,0.0,0.0,0.0,0.0,0.0,0.0,0.0,0.0,0.0,0.0,0.0,0.0,0.0,0.0,0.0,0.0,0.0,0.0,0.0,0.0,0.0,0.0,0.0,0.0,0.0,0.0,0.0,0.0,0.0,0.0,0.0,0.0,0.0,0.0,0.0,0.0,0.0,0.0,0.0
3,2025-01-30,한국사회를 바라보는 시선으로는 흥미로웠지만 이야기로서는 너무 온유하다 는 느낌이 들었다 그래서 듣기에는 좋았지만 와우 는 아니었습니다,0,0.0,0.0,0.0,0.0,0.0,0.0,0.0,0.0,0.0,0.0,0.0,0.0,0.0,0.0,0.0,0.0,0.0,0.0,0.0,0.0,0.0,0.0,0.0,0.0,0.0,0.0,0.0,0.0,0.0,0.0,0.0,0.0,0.0,0.0,0.0,0.0,0.0,0.0,0.6768689683654519,0.0,0.0,0.0,0.0,0.0,0.0,0.0,0.0,0.0,0.0,0.0,0.0,0.0,0.0,0.0,0.0,0.0,0.0,0.0,0.0,0.0,0.0,0.46228246313674987,0.0,0.0,0.0,0.0,0.5728379560923913,0.0,0.0,0.0,0.0,0.0,0.0,0.0,0.0,0.0,0.0,0.0,0.0,0.0,0.0,0.0,0.0,0.0,0.0,0.0,0.0,0.0,0.0,0.0,0.0,0.0,0.0,0.0,0.0,0.0,0.0,0.0,0.0,0.0,0.0,0.0,0.0,0.0,0.0,0.0,0.0,0.0,0.0,0.0,0.0,0.0,0.0,0.0,0.0,0.0,0.0,0.0,0.0,0.0,0.0,0.0,0.0,0.0,0.0,0.0,0.0,0.0,0.0,0.0,0.0,0.0,0.0,0.0,0.0,0.0,0.0,0.0,0.0,0.0,0.0,0.0,0.0,0.0,0.0,0.0,0.0,0.0,0.0,0.0,0.0,0.0,0.0,0.0,0.0,0.0,0.0,0.0,0.0,0.0,0.0,0.0,0.0,0.0,0.0,0.0,0.0,0.0,0.0,0.0,0.0,0.0,0.0,0.0,0.0,0.0,0.0,0.0,0.0,0.0,0.0,0.0,0.0,0.0,0.0,0.0,0.0,0.0,0.0,0.0,0.0,0.0,0.0,0.0,0.0,0.0,0.0,0.0,0.0,0.0,0.0,0.0,0.0,0.0,0.0,0.0,0.0,0.0,0.0,0.0,0.0,0.0,0.0,0.0,0.0,0.0,0.0,0.0,0.0,0.0,0.0,0.0,0.0,0.0,0.0,0.0,0.0,0.0,0.0,0.0,0.0,0.0,0.0,0.0,0.0,0.0,0.0,0.0,0.0,0.0,0.0,0.0,0.0,0.0,0.0,0.0,0.0,0.0,0.0,0.0,0.0,0.0,0.0,0.0,0.0,0.0,0.0,0.0,0.0,0.0,0.0,0.0,0.0,0.0,0.0,0.0,0.0,0.0,0.0,0.0,0.0,0.0,0.0,0.0,0.0,0.0,0.0,0.0,0.0,0.0,0.0,0.0,0.0,0.0,0.0,0.0,0.0,0.0,0.0,0.0,0.0,0.0,0.0,0.0,0.0,0.0,0.0,0.0,0.0,0.0
4,2025-05-21,폭식하기 위한 책이 아니라 다시 편안하게 읽을 수 있는 책입니다 미스터리하고 가슴 아픈 순간이 있지만 모두 부드럽고 사려 깊고 충격적인 것은 없습니다 그래서 나는 3주가 넘는 시간을 마무리하기 위해 저녁에 한 장을 읽는 것을 즐겼습니다 재미있게 읽었고 2권도 기대하고 있겠습니다 4,1,0.0,0.0,0.0,0.0,0.0,0.0,0.0,0.0,0.0,0.0,0.0,0.0,0.0,0.0,0.0,0.0,0.0,0.0,0.2023066932255802,0.15968012456267489,0.0,0.0,0.0,0.0,0.0,0.0,0.0,0.0,0.0,0.0,0.0,0.0,0.0,0.0,0.0,0.0,0.0,0.0,0.28577043435035515,0.0,0.0,0.0,0.0,0.0,0.0,0.0,0.0,0.0,0.0,0.0,0.0,0.0,0.0,0.0,0.13890560529920165,0.0,0.0,0.0,0.0,0.0,0.0,0.0,0.0,0.0,0.0,0.0,0.0,0.0,0.0,0.2399660824029599,0.0,0.0,0.0,0.0,0.0,0.0,0.0,0.0,0.0,0.0,0.0,0.0,0.0,0.0,0.0,0.0,0.0,0.0,0.0,0.0,0.0,0.0,0.0,0.0,0.0,0.0,0.0,0.0,0.0,0.0,0.0,0.0,0.0,0.0,0.0,0.0,0.0,0.0,0.0,0.0,0.0,0.0,0.0,0.0,0.2567092246925203,0.0,0.0,0.0,0.0,0.0,0.0,0.0,0.0,0.0,0.0,0.0,0.0,0.0,0.0,0.0,0.0,0.0,0.0,0.0,0.0,0.0,0.0,0.0,0.0,0.0,0.0,0.0,0.0,0.0,0.0,0.0,0.0,0.0,0.0,0.0,0.0,0.0,0.0,0.0,0.0,0.0,0.29341451412580544,0.0,0.0,0.0,0.0,0.0,0.2296378055825925,0.0,0.0,0.0,0.0,0.0,0.0,0.0,0.0,0.0,0.0,0.0,0.0,0.0,0.0,0.0,0.0,0.0,0.0,0.0,0.0,0.0,0.0,0.2499438439514714,0.0,0.0,0.0,0.0,0.0,0.0,0.0,0.0,0.0,0.0,0.29341451412580544,0.20124115434493514,0.0,0.0,0.0,0.0,0.0,0.0,0.0,0.0,0.0,0.0,0.0,0.0,0.0,0.0,0.0,0.0,0.0,0.0,0.0,0.0,0.0,0.22207789713562345,0.0,0.0,0.2822452574983143,0.0,0.0,0.14999957338772535,0.0,0.0,0.0,0.0,0.0,0.0,0.0,0.0,0.0,0.2296378055825925,0.0,0.0,0.0,0.0,0.0,0.0,0.0,0.27263999486233226,0.0,0.0,0.0,0.0,0.0,0.0,0.0,0.0,0.0,0.0,0.0,0.0,0.0,0.0,0.0,0.0,0.0,0.0,0.0,0.0,0.0,0.0,0.0,0.0,0.0,0.0,0.2296378055825925,0.0,0.22352481123320486,0.0,0.0,0.0,0.0,0.0,0.0,0.0,0.0,0.0,0.0,0.0,0.0,0.0,0.0,0.0,0.0,0.0,0.0,0.0,0.0,0.0,0.0,0.0,0.0,0.0,0.0,0.0
3,2025-05-30,3 5 처음에는 가볍고 온화한 느낌이었는데 읽으면서 읽을수록 더 깊어지고 영향력이 커지고 고통스러워졌습니다,0,0.0,0.0,0.0,0.0,0.0,0.0,0.0,0.0,0.0,0.0,0.0,0.0,0.0,0.0,0.0,0.0,0.0,0.0,0.0,0.0,0.0,0.0,0.0,0.0,0.0,0.0,0.0,0.0,0.0,0.0,0.0,0.0,0.0,0.0,0.0,0.0,0.0,0.0,0.0,0.0,0.0,0.0,0.0,0.0,0.0,0.0,0.0,0.0,0.0,0.0,0.0,0.0,0.0,0.0,0.0,0.0,0.0,0.0,0.0,0.0,0.0,0.0,0.0,0.0,0.0,0.0,0.0,0.0,0.0,0.0,0.0,0.0,0.0,0.0,0.0,0.0,0.0,0.0,0.0,0.0,0.0,0.0,0.0,0.0,0.0,0.0,0.0,0.0,0.0,0.0,0.0,0.0,0.0,0.0,0.0,0.0,0.0,0.0,0.0,0.0,0.0,0.0,0.0,0.0,0.0,0.0,0.0,0.0,0.0,0.0,0.0,0.0,0.0,0.0,0.0,0.0,0.0,0.0,0.0,0.0,0.0,0.0,0.0,0.0,0.0,0.0,0.0,0.0,0.0,0.0,0.0,0.0,0.0,0.0,0.0,0.0,0.0,0.0,0.0,0.0,0.0,0.0,0.0,0.0,0.0,0.0,0.0,0.0,0.0,0.0,0.0,0.0,0.0,0.0,0.0,0.0,0.0,0.0,0.0,0.0,0.0,0.0,0.0,0.0,0.0,0.0,0.0,0.0,0.0,0.0,0.0,0.0,0.0,0.0,0.0,0.0,0.0,0.0,0.0,0.0,0.0,0.0,0.0,0.0,0.0,0.0,0.0,0.0,0.0,0.0,0.0,0.0,0.0,0.0,0.0,0.0,0.0,0.0,0.0,0.0,0.0,0.0,0.0,0.0,0.0,0.0,0.0,0.0,0.0,0.0,0.0,0.0,0.0,0.0,0.0,0.0,0.0,0.0,0.0,0.0,0.0,0.0,0.0,0.0,0.0,0.0,0.0,0.0,0.0,0.0,0.0,0.0,0.0,0.0,0.0,0.0,0.0,0.0,0.0,0.0,0.0,0.0,0.0,0.0,0.0,0.0,0.0,0.0,0.0,0.0,0.0,0.0,0.0,0.0,0.0,0.0,0.0,0.0,0.0,0.0,0.0,0.0,0.0,0.0,0.0,0.0,0.0,0.0,0.0,0.0,0.0,0.0,0.0,1.0,0.0,0.0,0.0,0.0,0.0,0.0,0.0,0.0,0.0,0.0,0.0,0.0,0.0,0.0,0.0,0.0,0.0,0.0,0.0,0.0,0.0,0.0,0.0,0.0,0.0,0.0
5,2025-06-06,새로운 것을 구축하기에 너무 늦은 때는 없습니다 그것을 만들어줄 가치가 있는 누군가를 위해,1,0.0,0.0,0.0,0.0,0.0,0.0,0.0,0.0,0.0,0.0,0.0,0.0,0.0,0.0,0.0,0.0,0.0,0.0,0.0,0.2930676862474183,0.0,0.0,0.0,0.0,0.0,0.0,0.0,0.0,0.0,0.0,0.0,0.0,0.4075889573513186,0.0,0.0,0.0,0.0,0.0,0.0,0.0,0.0,0.0,0.0,0.0,0.0,0.0,0.0,0.0,0.0,0.0,0.0,0.0,0.0,0.0,0.0,0.0,0.0,0.0,0.0,0.0,0.0,0.35820956842915086,0.0,0.0,0.0,0.0,0.0,0.0,0.0,0.0,0.0,0.0,0.0,0.0,0.0,0.0,0.0,0.0,0.0,0.0,0.0,0.0,0.0,0.0,0.0,0.0,0.0,0.0,0.0,0.0,0.0,0.0,0.0,0.0,0.0,0.0,0.0,0.0,0.0,0.0,0.0,0.0,0.0,0.0,0.0,0.0,0.0,0.0,0.0,0.0,0.0,0.0,0.0,0.0,0.0,0.0,0.0,0.0,0.0,0.0,0.0,0.0,0.0,0.0,0.0,0.0,0.0,0.0,0.0,0.0,0.0,0.0,0.0,0.0,0.0,0.0,0.0,0.0,0.0,0.0,0.0,0.0,0.0,0.0,0.0,0.4438758841063638,0.0,0.0,0.0,0.0,0.0,0.0,0.0,0.0,0.0,0.0,0.0,0.0,0.0,0.0,0.0,0.0,0.0,0.0,0.0,0.0,0.0,0.0,0.0,0.0,0.0,0.0,0.0,0.0,0.0,0.0,0.0,0.0,0.0,0.0,0.0,0.0,0.0,0.0,0.0,0.45873250812684896,0.0,0.0,0.0,0.0,0.0,0.0,0.0,0.0,0.0,0.0,0.0,0.3693464020218809,0.0,0.0,0.0,0.0,0.0,0.0,0.0,0.0,0.0,0.0,0.0,0.0,0.0,0.0,0.0,0.0,0.0,0.0,0.0,0.0,0.0,0.0,0.0,0.0,0.0,0.0,0.0,0.2753005612391419,0.0,0.0,0.0,0.0,0.0,0.0,0.0,0.0,0.0,0.0,0.0,0.0,0.0,0.0,0.0,0.0,0.0,0.0,0.0,0.0,0.0,0.0,0.0,0.0,0.0,0.0,0.0,0.0,0.0,0.0,0.0,0.0,0.0,0.0,0.0,0.0,0.0,0.0,0.0,0.0,0.0,0.0,0.0,0.0,0.0,0.0,0.0,0.0,0.0,0.0,0.0,0.0,0.0,0.0,0.0,0.0,0.0,0.0,0.0,0.0,0.0,0.0,0.0,0.0,0.0,0.0,0.0,0.0,0.0,0.0,0.0,0.0,0.0,0.0
4,2025-06-23,4 25가 나를 매료시켰어요,1,0.0,0.0,0.0,0.0,0.0,0.0,0.0,0.0,0.0,0.0,0.0,0.0,0.0,0.0,0.0,0.0,0.0,0.0,0.0,0.0,0.0,0.0,0.0,0.0,0.0,0.0,0.0,0.0,0.0,0.0,0.0,0.0,0.0,0.0,0.0,0.0,0.0,0.0,0.0,0.0,0.0,0.0,0.0,0.0,0.0,0.0,0.0,0.0,0.0,0.0,0.0,0.0,0.0,0.0,0.0,1.0,0.0,0.0,0.0,0.0,0.0,0.0,0.0,0.0,0.0,0.0,0.0,0.0,0.0,0.0,0.0,0.0,0.0,0.0,0.0,0.0,0.0,0.0,0.0,0.0,0.0,0.0,0.0,0.0,0.0,0.0,0.0,0.0,0.0,0.0,0.0,0.0,0.0,0.0,0.0,0.0,0.0,0.0,0.0,0.0,0.0,0.0,0.0,0.0,0.0,0.0,0.0,0.0,0.0,0.0,0.0,0.0,0.0,0.0,0.0,0.0,0.0,0.0,0.0,0.0,0.0,0.0,0.0,0.0,0.0,0.0,0.0,0.0,0.0,0.0,0.0,0.0,0.0,0.0,0.0,0.0,0.0,0.0,0.0,0.0,0.0,0.0,0.0,0.0,0.0,0.0,0.0,0.0,0.0,0.0,0.0,0.0,0.0,0.0,0.0,0.0,0.0,0.0,0.0,0.0,0.0,0.0,0.0,0.0,0.0,0.0,0.0,0.0,0.0,0.0,0.0,0.0,0.0,0.0,0.0,0.0,0.0,0.0,0.0,0.0,0.0,0.0,0.0,0.0,0.0,0.0,0.0,0.0,0.0,0.0,0.0,0.0,0.0,0.0,0.0,0.0,0.0,0.0,0.0,0.0,0.0,0.0,0.0,0.0,0.0,0.0,0.0,0.0,0.0,0.0,0.0,0.0,0.0,0.0,0.0,0.0,0.0,0.0,0.0,0.0,0.0,0.0,0.0,0.0,0.0,0.0,0.0,0.0,0.0,0.0,0.0,0.0,0.0,0.0,0.0,0.0,0.0,0.0,0.0,0.0,0.0,0.0,0.0,0.0,0.0,0.0,0.0,0.0,0.0,0.0,0.0,0.0,0.0,0.0,0.0,0.0,0.0,0.0,0.0,0.0,0.0,0.0,0.0,0.0,0.0,0.0,0.0,0.0,0.0,0.0,0.0,0.0,0.0,0.0,0.0,0.0,0.0,0.0,0.0,0.0,0.0,0.0,0.0,0.0,0.0,0.0,0.0,0.0,0.0,0.0,0.0,0.0,0.0,0.0,0.0,0.0,0.0,0.0,0.0,0.0
4,2025-07-19,너무 좋아요 서로에게 친절하게 대하는 것이 미치는 영향에 대한 단편적인 삶의 이야기 각 챕터가 서로 다른 캐릭터 POV로 구성되어 있고 마지막 2개 챕터에서 스토리가 전환되는 방식이 정말 마음에 들었습니다 코로나19에 대한 언급이 포함된 내 첫 번째 책 보기에는 너무 이상해요 하하 하지만 이야기에서는 이해가 됩니다,1,0.0,0.0,0.0,0.0,0.0,0.0,0.0,0.0,0.0,0.0,0.0,0.0,0.0,0.0,0.0,0.0,0.0,0.0,0.0,0.0,0.1926582681877848,0.0,0.0,0.0,0.0,0.0,0.0,0.0,0.0,0.0,0.0,0.0,0.0,0.0,0.0,0.0,0.0,0.0,0.0,0.0,0.0,0.0,0.0,0.0,0.0,0.0,0.0,0.0,0.0,0.0,0.0,0.0,0.0,0.0,0.0,0.0,0.0,0.0,0.0,0.0,0.0,0.39101474798156205,0.0,0.0,0.0,0.0,0.0,0.16351522278143923,0.0,0.0,0.0,0.0,0.0,0.0,0.0,0.0,0.0,0.31761227046671786,0.0,0.0,0.0,0.0,0.0,0.0,0.0,0.0,0.0,0.0,0.0,0.0,0.0,0.0,0.0,0.0,0.23675280863232662,0.24226323394997637,0.0,0.0,0.0,0.0,0.0,0.0,0.0,0.0,0.18729111777016175,0.0,0.0,0.2284483479606733,0.0,0.0,0.0,0.0,0.0,0.0,0.0,0.0,0.0,0.0,0.0,0.0,0.0,0.0,0.0,0.0,0.28272856319475903,0.18072962524837463,0.0,0.0,0.0,0.0,0.0,0.0,0.0,0.0,0.0,0.0,0.0,0.0,0.0,0.0,0.0,0.0,0.2350098404824604,0.0,0.0,0.0,0.0,0.270176897318982,0.0,0.0,0.0,0.0,0.0,0.0,0.0,0.0,0.0,0.0,0.0,0.0,0.0,0.0,0.0,0.0,0.0,0.0,0.0,0.0,0.0,0.0,0.0,0.0,0.0,0.0,0.0,0.0,0.0,0.0,0.0,0.0,0.0,0.0,0.0,0.0,0.0,0.0,0.0,0.0,0.0,0.0,0.0,0.0,0.0,0.0,0.0,0.0,0.0,0.0,0.0,0.0,0.0,0.0,0.0,0.2196478429892318,0.0,0.0,0.0,0.0,0.0,0.0,0.0,0.0,0.0,0.0,0.0,0.0,0.0,0.0,0.0,0.0,0.0,0.0,0.0,0.0,0.2316509516629057,0.0,0.0,0.0,0.0,0.0,0.0,0.0,0.0,0.0,0.0,0.0,0.0,0.0,0.0,0.0,0.0,0.0,0.0,0.0,0.0,0.0,0.0,0.0,0.0,0.15995355453805934,0.0,0.0,0.0,0.0,0.0,0.0,0.0,0.0,0.0,0.0,0.0,0.0,0.0,0.0,0.0,0.0,0.0,0.0,0.0,0.0,0.0,0.0,0.0,0.0,0.0,0.0,0.0,0.26206829329326936,0.0,0.0,0.0,0.0,0.0,0.0,0.0,0.0,0.0,0.0,0.0,0.0,0.2082532390492536,0.0,0.0,0.0,0.0,0.0,0.0,0.0,0.0,0.0
5,2025-07-19,서울의 간단한 편의점이 다른 사람들에게 어떤 의미를 갖는지에 대한 아름다운 이야기,1,0.0,0.0,0.0,0.0,0.0,0.0,0.0,0.0,0.0,0.0,0.0,0.0,0.0,0.0,0.0,0.0,0.0,0.0,0.0,0.0,0.0,0.0,0.0,0.0,0.0,0.0,0.0,0.0,0.0,0.0,0.0,0.0,0.0,0.0,0.0,0.0,0.0,0.0,0.0,0.0,0.0,0.0,0.0,0.0,0.0,0.0,0.0,0.0,0.0,0.0,0.0,0.0,0.0,0.0,0.0,0.0,0.0,0.0,0.0,0.0,0.0,0.0,0.0,0.0,0.0,0.0,0.0,0.31524448684929474,0.0,0.0,0.0,0.0,0.0,0.0,0.0,0.0,0.0,0.30616573648971973,0.0,0.0,0.0,0.0,0.0,0.0,0.0,0.0,0.0,0.0,0.0,0.0,0.0,0.0,0.0,0.0,0.0,0.0,0.0,0.0,0.0,0.0,0.0,0.0,0.0,0.0,0.0,0.0,0.0,0.0,0.0,0.0,0.0,0.0,0.0,0.0,0.0,0.0,0.0,0.0,0.0,0.0,0.0,0.0,0.0,0.0,0.0,0.0,0.0,0.0,0.0,0.5052470542705028,0.0,0.0,0.0,0.0,0.0,0.0,0.0,0.0,0.0,0.0,0.0,0.0,0.0,0.0,0.0,0.0,0.0,0.0,0.0,0.0,0.0,0.0,0.0,0.0,0.0,0.0,0.0,0.0,0.0,0.0,0.0,0.0,0.0,0.0,0.44660481234052307,0.0,0.0,0.0,0.0,0.0,0.0,0.0,0.0,0.0,0.0,0.0,0.0,0.0,0.0,0.0,0.41573002352712585,0.0,0.0,0.0,0.0,0.0,0.0,0.0,0.0,0.0,0.0,0.0,0.0,0.0,0.0,0.0,0.0,0.0,0.0,0.0,0.0,0.0,0.0,0.4234637630237486,0.0,0.0,0.0,0.0,0.0,0.0,0.0,0.0,0.0,0.0,0.0,0.0,0.0,0.0,0.0,0.0,0.0,0.0,0.0,0.0,0.0,0.0,0.0,0.0,0.0,0.0,0.0,0.0,0.0,0.0,0.0,0.0,0.0,0.0,0.0,0.0,0.0,0.0,0.0,0.0,0.0,0.0,0.0,0.0,0.0,0.0,0.0,0.0,0.0,0.0,0.0,0.0,0.0,0.0,0.0,0.0,0.0,0.0,0.0,0.0,0.0,0.0,0.0,0.0,0.0,0.0,0.0,0.0,0.0,0.0,0.0,0.0,0.0,0.0,0.0,0.0,0.0,0.0,0.0,0.0,0.0,0.0,0.0,0.0,0.0,0.0,0.0,0.0,0.0,0.0,0.0,0.0,0.0,0.0,0.0,0.0
4,2025-07-23,3 5 스트레스를 받을 때 딱 필요한 것 짧고 포근한 책 전반부는 별 5개에 가까웠지만 결말이 별로 맘에 안들었어요,1,0.0,0.0,0.0,0.0,0.0,0.0,0.0,0.0,0.0,0.0,0.0,0.0,0.0,0.0,0.0,0.0,0.0,0.0,0.0,0.0,0.0,0.0,0.0,0.0,0.0,0.0,0.0,0.0,0.0,0.0,0.0,0.0,0.0,0.0,0.0,0.0,0.0,0.0,0.0,0.0,0.0,0.0,0.0,0.0,0.0,0.0,0.0,0.0,0.0,0.0,0.0,0.0,0.0,0.0,0.0,0.0,0.0,0.0,0.0,0.0,0.0,0.0,0.0,0.0,0.0,0.0,0.0,0.0,0.0,0.0,0.0,0.0,0.0,0.0,0.0,0.0,0.0,0.0,0.0,0.0,0.0,0.0,0.0,0.0,0.0,0.0,0.0,0.0,0.0,0.0,0.0,0.0,0.0,0.0,0.0,0.0,0.0,0.0,0.0,0.0,0.0,0.0,0.0,0.0,0.0,0.0,0.0,0.0,0.0,0.0,0.0,0.0,0.0,0.0,0.0,0.0,0.0,0.0,0.0,0.0,0.0,0.0,0.0,0.0,0.0,0.0,0.0,0.0,0.0,0.0,0.0,0.0,0.0,0.0,0.0,0.0,0.0,0.0,0.0,0.0,0.0,0.0,0.0,0.0,0.0,0.0,0.0,0.0,0.0,0.0,0.0,0.0,0.0,0.0,0.0,0.0,0.0,0.0,0.0,0.0,0.0,0.0,0.0,0.0,0.0,0.0,0.0,0.0,0.0,0.0,0.0,0.0,0.0,0.0,0.0,0.0,0.0,0.0,0.0,0.0,0.0,0.0,0.0,0.0,0.0,0.0,0.0,0.0,0.0,0.0,0.0,0.0,0.0,0.0,0.0,0.0,0.0,0.0,0.0,0.0,0.0,0.0,0.0,0.0,0.0,0.0,0.0,0.0,0.0,0.0,0.0,0.0,0.0,0.0,0.0,0.0,0.0,0.0,0.0,0.0,0.0,0.0,0.0,0.0,0.0,0.0,0.0,0.0,0.0,0.0,0.0,0.0,0.0,0.0,0.0,0.0,0.0,0.0,0.0,0.0,0.0,0.0,0.0,0.0,0.0,0.0,0.0,0.0,0.0,0.0,0.0,0.0,0.0,0.0,0.0,0.0,0.0,0.0,0.0,0.0,0.0,0.0,0.0,0.0,0.0,0.0,0.0,0.0,0.0,0.0,0.0,0.0,0.0,0.0,0.0,0.0,0.0,0.0,0.0,0.0,0.0,0.0,0.0,0.0,0.0,0.0,0.0,1.0,0.0,0.0,0.0,0.0,0.0,0.0,0.0,0.0,0.0,0.0,0.0,0.0
3,2025-07-24,정말 건전한데 작은 편의점에서 낯선 사람과 동료들과 독고가 상호작용하는 모습 기차에서 빠르고 아늑한 읽기 fr,0,0.0,0.0,0.0,0.0,0.0,0.0,0.0,0.0,0.0,0.0,0.0,0.0,0.0,0.0,0.0,0.0,0.0,0.0,0.0,0.0,0.0,0.0,0.0,0.0,0.0,0.0,0.0,0.0,0.0,0.0,0.0,0.0,0.0,0.0,0.0,0.0,0.0,0.0,0.0,0.0,0.0,0.0,0.0,0.0,0.0,0.0,0.0,0.0,0.0,0.0,0.0,0.0,0.0,0.0,0.0,0.0,0.0,0.0,0.0,0.4718415493526078,0.0,0.0,0.0,0.0,0.0,0.0,0.0,0.0,0.0,0.0,0.0,0.0,0.0,0.0,0.0,0.0,0.0,0.0,0.0,0.0,0.0,0.0,0.0,0.38445246270739314,0.0,0.0,0.0,0.0,0.0,0.0,0.0,0.0,0.0,0.0,0.0,0.0,0.0,0.0,0.0,0.0,0.0,0.0,0.0,0.0,0.0,0.0,0.0,0.0,0.0,0.0,0.0,0.0,0.0,0.0,0.0,0.0,0.0,0.0,0.0,0.0,0.0,0.0,0.0,0.0,0.0,0.0,0.0,0.0,0.0,0.0,0.0,0.0,0.0,0.0,0.0,0.0,0.0,0.0,0.0,0.0,0.0,0.0,0.0,0.0,0.0,0.0,0.0,0.0,0.0,0.0,0.0,0.0,0.0,0.0,0.0,0.0,0.0,0.0,0.0,0.0,0.0,0.43413705501695543,0.0,0.0,0.0,0.0,0.0,0.0,0.0,0.0,0.0,0.0,0.0,0.0,0.0,0.0,0.0,0.0,0.0,0.0,0.0,0.0,0.0,0.0,0.0,0.0,0.0,0.0,0.0,0.0,0.0,0.0,0.0,0.0,0.0,0.0,0.0,0.0,0.0,0.0,0.0,0.0,0.0,0.0,0.0,0.0,0.0,0.0,0.0,0.0,0.0,0.0,0.0,0.0,0.0,0.0,0.0,0.0,0.35570605534302524,0.0,0.0,0.0,0.0,0.0,0.0,0.0,0.0,0.0,0.0,0.0,0.0,0.0,0.0,0.0,0.0,0.0,0.0,0.0,0.0,0.0,0.279945282379519,0.0,0.0,0.0,0.0,0.0,0.0,0.0,0.0,0.24561283912022616,0.0,0.0,0.0,0.0,0.0,0.0,0.0,0.0,0.0,0.0,0.0,0.0,0.0,0.0,0.0,0.0,0.0,0.0,0.0,0.0,0.0,0.0,0.0,0.0,0.0,0.0,0.0,0.0,0.0,0.0,0.0,0.0,0.0,0.0,0.4193626688309464,0.0,0.0,0.0,0.0,0.0,0.0,0.0,0.0,0.0,0.0,0.0,0.0,0.0,0.0,0.0
5,2025-07-31,그럼요 좋습니다 백만의 소설과 인류의 상호 연결성에 대한 희망찬 메시지와 함께 인류애가 깃든 이야기를 사랑하는 독자라면 이 소설의 즐거움을 꼭 읽어 보아야 합니다,1,0.0,0.0,0.0,0.0,0.0,0.0,0.0,0.0,0.0,0.0,0.0,0.0,0.0,0.0,0.0,0.0,0.0,0.0,0.0,0.0,0.0,0.0,0.0,0.0,0.0,0.0,0.0,0.0,0.0,0.0,0.0,0.0,0.0,0.0,0.0,0.0,0.0,0.0,0.0,0.0,0.0,0.0,0.0,0.0,0.0,0.0,0.0,0.0,0.0,0.0,0.0,0.0,0.0,0.0,0.0,0.0,0.0,0.0,0.0,0.0,0.0,0.0,0.0,0.0,0.0,0.0,0.0,0.0,0.0,0.0,0.0,0.0,0.0,0.0,0.0,0.0,0.0,0.2667580425600631,0.0,0.0,0.0,0.0,0.0,0.0,0.0,0.0,0.0,0.0,0.0,0.0,0.0,0.0,0.0,0.0,0.0,0.0,0.0,0.0,0.0,0.0,0.0,0.0,0.0,0.0,0.0,0.0,0.0,0.0,0.0,0.0,0.0,0.0,0.0,0.0,0.0,0.0,0.0,0.0,0.0,0.0,0.0,0.0,0.0,0.0,0.0,0.0,0.0,0.0,0.0,0.0,0.0,0.0,0.0,0.0,0.0,0.0,0.0,0.0,0.0,0.0,0.0,0.0,0.0,0.0,0.49371335038960096,0.0,0.0,0.0,0.0,0.0,0.0,0.4871034675284779,0.0,0.0,0.0,0.0,0.0,0.0,0.0,0.0,0.0,0.0,0.0,0.0,0.0,0.0,0.0,0.0,0.0,0.0,0.0,0.0,0.0,0.0,0.0,0.0,0.0,0.0,0.0,0.0,0.0,0.0,0.0,0.0,0.0,0.0,0.0,0.0,0.0,0.0,0.0,0.0,0.0,0.0,0.0,0.0,0.0,0.0,0.0,0.0,0.0,0.0,0.0,0.0,0.0,0.0,0.30490613054123616,0.0,0.0,0.0,0.0,0.0,0.0,0.0,0.0,0.0,0.0,0.0,0.0,0.0,0.0,0.0,0.0,0.0,0.0,0.0,0.0,0.0,0.0,0.0,0.0,0.0,0.0,0.0,0.0,0.0,0.0,0.0,0.0,0.0,0.0,0.0,0.0,0.0,0.0,0.0,0.0,0.0,0.0,0.0,0.0,0.0,0.0,0.0,0.0,0.0,0.0,0.0,0.0,0.0,0.0,0.0,0.0,0.0,0.0,0.0,0.0,0.0,0.0,0.0,0.0,0.0,0.0,0.0,0.0,0.0,0.0,0.0,0.0,0.0,0.0,0.0,0.0,0.0,0.0,0.0,0.0,0.0,0.0,0.0,0.0,0.0,0.4102046318735597,0.4319512679066696,0.0,0.0,0.0,0.0,0.0,0.0
3,2025-08-03,아주 귀여운 이야기지만 읽는 동안 큰 느낌이나 생각을 주지는 않았습니다 표면적으로는 모든 것이 괜찮았습니다 그래도 결국 모든 것이 하나로 합쳐지는 방식과 모든 사람과 모든 것이 연결되는 방식이 마음에 들었습니다,0,0.0,0.0,0.0,0.0,0.0,0.0,0.0,0.0,0.0,0.0,0.0,0.0,0.0,0.0,0.0,0.0,0.0,0.0,0.0,0.0,0.514468849569902,0.0,0.0,0.0,0.20475598171955314,0.0,0.0,0.0,0.0,0.0,0.0,0.0,0.0,0.0,0.0,0.0,0.0,0.0,0.0,0.0,0.0,0.0,0.0,0.0,0.0,0.0,0.0,0.0,0.0,0.0,0.0,0.0,0.0,0.0,0.0,0.0,0.0,0.0,0.0,0.0,0.0,0.0,0.0,0.0,0.0,0.0,0.0,0.0,0.0,0.0,0.0,0.0,0.0,0.0,0.0,0.0,0.0,0.0,0.0,0.0,0.0,0.0,0.0,0.0,0.0,0.0,0.0,0.0,0.0,0.0,0.2430987774962543,0.0,0.0,0.0,0.0,0.21564415313482124,0.0,0.0,0.0,0.0,0.0,0.0,0.0,0.0,0.1667121907963969,0.0,0.0,0.0,0.0,0.0,0.0,0.0,0.0,0.0,0.0,0.5932880113735562,0.0,0.0,0.0,0.0,0.0,0.0,0.0,0.0,0.25166328618294476,0.0,0.0,0.0,0.0,0.0,0.0,0.0,0.0,0.0,0.0,0.0,0.0,0.0,0.0,0.0,0.0,0.0,0.0,0.0,0.0,0.0,0.0,0.0,0.0,0.0,0.0,0.0,0.0,0.0,0.0,0.0,0.0,0.0,0.0,0.0,0.0,0.0,0.0,0.0,0.0,0.0,0.0,0.22097614610375294,0.0,0.0,0.0,0.2379892140347518,0.0,0.0,0.0,0.0,0.0,0.0,0.0,0.0,0.0,0.0,0.0,0.0,0.0,0.0,0.0,0.0,0.0,0.0,0.0,0.0,0.0,0.0,0.0,0.0,0.0,0.0,0.0,0.0,0.0,0.0,0.0,0.0,0.0,0.0,0.0,0.0,0.0,0.0,0.0,0.0,0.0,0.0,0.0,0.0,0.0,0.0,0.0,0.19801520803970557,0.0,0.0,0.0,0.0,0.0,0.0,0.0,0.0,0.0,0.0,0.0,0.0,0.0,0.0,0.0,0.0,0.0,0.0,0.0,0.0,0.0,0.0,0.0,0.0,0.0,0.0,0.0,0.0,0.0,0.0,0.0,0.0,0.0,0.0,0.0,0.0,0.0,0.0,0.0,0.0,0.0,0.0,0.0,0.0,0.0,0.0,0.0,0.0,0.0,0.0,0.0,0.0,0.0,0.0,0.0,0.0,0.0,0.0,0.0,0.0,0.0,0.0,0.0,0.0,0.0,0.0,0.0,0.0,0.0,0.0,0.0,0.0,0.0,0.0,0.0,0.0,0.0,0.0,0.0,0.0
3,2025-08-09,3 5 이제 한국여행 가고 싶은 기분,0,0.0,0.0,0.0,0.0,0.0,0.0,0.0,0.0,0.0,0.0,0.0,0.0,0.0,0.0,0.0,0.0,0.0,0.0,0.0,0.0,0.0,0.0,0.0,0.0,0.0,0.0,0.0,0.0,0.0,0.0,0.0,0.0,0.0,0.0,0.0,0.0,0.0,0.0,0.0,0.0,0.0,0.0,0.0,0.0,0.0,0.0,0.7269525295861428,0.0,0.0,0.0,0.0,0.0,0.0,0.0,0.0,0.0,0.0,0.0,0.0,0.0,0.0,0.0,0.0,0.0,0.0,0.0,0.0,0.0,0.0,0.0,0.0,0.0,0.0,0.0,0.0,0.0,0.0,0.0,0.0,0.0,0.0,0.0,0.0,0.0,0.0,0.0,0.0,0.0,0.0,0.0,0.0,0.0,0.0,0.0,0.0,0.0,0.0,0.0,0.0,0.0,0.0,0.0,0.0,0.0,0.0,0.0,0.0,0.0,0.0,0.0,0.0,0.0,0.0,0.0,0.0,0.0,0.0,0.0,0.0,0.0,0.0,0.0,0.0,0.0,0.0,0.0,0.0,0.0,0.0,0.0,0.0,0.0,0.0,0.0,0.0,0.0,0.0,0.0,0.0,0.0,0.0,0.0,0.0,0.0,0.0,0.0,0.0,0.0,0.0,0.0,0.0,0.0,0.0,0.0,0.0,0.0,0.0,0.0,0.0,0.0,0.6866877163080087,0.0,0.0,0.0,0.0,0.0,0.0,0.0,0.0,0.0,0.0,0.0,0.0,0.0,0.0,0.0,0.0,0.0,0.0,0.0,0.0,0.0,0.0,0.0,0.0,0.0,0.0,0.0,0.0,0.0,0.0,0.0,0.0,0.0,0.0,0.0,0.0,0.0,0.0,0.0,0.0,0.0,0.0,0.0,0.0,0.0,0.0,0.0,0.0,0.0,0.0,0.0,0.0,0.0,0.0,0.0,0.0,0.0,0.0,0.0,0.0,0.0,0.0,0.0,0.0,0.0,0.0,0.0,0.0,0.0,0.0,0.0,0.0,0.0,0.0,0.0,0.0,0.0,0.0,0.0,0.0,0.0,0.0,0.0,0.0,0.0,0.0,0.0,0.0,0.0,0.0,0.0,0.0,0.0,0.0,0.0,0.0,0.0,0.0,0.0,0.0,0.0,0.0,0.0,0.0,0.0,0.0,0.0,0.0,0.0,0.0,0.0,0.0,0.0,0.0,0.0,0.0,0.0,0.0,0.0,0.0,0.0,0.0,0.0,0.0,0.0,0.0,0.0,0.0,0.0,0.0,0.0,0.0,0.0,0.0,0.0,0.0,0.0,0.0,0.0
4,2025-08-12,나는 이 책을 통해 더 적은 것에서 더 많은 것으로 나아갔습니다 누군가를 신뢰하겠다는 결정은 언제나 최선이라는 점을 강조하는 호기심 많은 문학적 스타일과 아름다운 결말,1,0.0,0.0,0.0,0.0,0.0,0.0,0.0,0.0,0.0,0.0,0.0,0.0,0.0,0.0,0.0,0.0,0.0,0.43936072248875513,0.0,0.0,0.0,0.0,0.0,0.0,0.0,0.0,0.0,0.0,0.0,0.0,0.0,0.0,0.0,0.0,0.0,0.0,0.0,0.0,0.0,0.0,0.0,0.0,0.0,0.0,0.0,0.0,0.0,0.0,0.0,0.0,0.0,0.0,0.0,0.0,0.2020739757608002,0.0,0.0,0.0,0.0,0.0,0.0,0.0,0.0,0.0,0.0,0.0,0.0,0.0,0.0,0.0,0.0,0.0,0.0,0.0,0.0,0.0,0.0,0.0,0.0,0.0,0.0,0.0,0.0,0.0,0.0,0.0,0.0,0.0,0.0,0.0,0.0,0.0,0.0,0.0,0.0,0.0,0.0,0.0,0.0,0.0,0.0,0.0,0.0,0.0,0.0,0.0,0.0,0.0,0.0,0.0,0.5390573039359233,0.0,0.0,0.0,0.0,0.0,0.0,0.0,0.0,0.0,0.0,0.0,0.0,0.0,0.0,0.0,0.0,0.0,0.0,0.0,0.0,0.0,0.0,0.0,0.0,0.0,0.0,0.0,0.0,0.0,0.0,0.0,0.0,0.0,0.0,0.0,0.0,0.0,0.0,0.0,0.0,0.0,0.0,0.0,0.0,0.0,0.0,0.0,0.0,0.0,0.0,0.0,0.0,0.0,0.3364198948664639,0.0,0.0,0.0,0.0,0.0,0.0,0.0,0.0,0.0,0.0,0.0,0.0,0.0,0.0,0.0,0.0,0.0,0.0,0.0,0.0,0.0,0.0,0.0,0.0,0.0,0.0,0.0,0.0,0.0,0.0,0.0,0.0,0.0,0.0,0.0,0.0,0.0,0.0,0.0,0.0,0.0,0.0,0.0,0.0,0.0,0.0,0.0,0.0,0.0,0.0,0.0,0.0,0.0,0.0,0.0,0.0,0.0,0.0,0.0,0.0,0.0,0.0,0.0,0.0,0.0,0.0,0.0,0.0,0.0,0.0,0.0,0.0,0.0,0.0,0.0,0.0,0.0,0.0,0.0,0.0,0.0,0.0,0.43290819384704693,0.0,0.0,0.0,0.0,0.0,0.0,0.0,0.0,0.0,0.0,0.0,0.0,0.0,0.0,0.0,0.0,0.0,0.0,0.0,0.0,0.2517074841102194,0.0,0.0,0.0,0.0,0.0,0.0,0.0,0.0,0.0,0.0,0.0,0.0,0.33406732765828023,0.0,0.0,0.0,0.0,0.0,0.0,0.0,0.0,0.0,0.0,0.0,0.0,0.0,0.0,0.0,0.0,0.0,0.0
4,2025-08-15,얼마나 좋은데 정말 마음에 들었어요,1,0.0,0.0,0.0,0.0,0.0,0.0,0.0,0.0,0.0,0.0,0.0,0.0,0.0,0.0,0.0,0.0,0.0,0.0,0.0,0.0,0.0,0.0,0.0,0.0,0.0,0.0,0.0,0.0,0.0,0.0,0.0,0.0,0.0,0.0,0.0,0.0,0.0,0.0,0.0,0.0,0.0,0.0,0.0,0.0,0.0,0.0,0.0,0.0,0.0,0.0,0.0,0.0,0.0,0.0,0.0,0.0,0.0,0.0,0.0,0.0,0.0,0.0,0.0,0.0,0.0,0.0,0.0,0.0,0.0,0.0,0.0,0.0,0.0,0.0,0.0,0.0,0.0,0.0,0.0,0.0,0.0,0.0,0.0,0.0,0.0,0.0,0.0,0.0,0.0,0.0,0.0,0.0,0.0,0.0,0.0,0.0,0.0,0.0,0.0,0.0,0.0,0.0,0.0,0.0,0.5421227625255284,0.0,0.0,0.0,0.0,0.0,0.0,0.0,0.0,0.0,0.0,0.0,0.0,0.0,0.0,0.0,0.0,0.0,0.0,0.0,0.0,0.0,0.0,0.0,0.0,0.0,0.0,0.0,0.0,0.0,0.0,0.0,0.0,0.0,0.0,0.0,0.0,0.0,0.0,0.0,0.0,0.0,0.0,0.0,0.0,0.0,0.0,0.0,0.0,0.0,0.0,0.0,0.0,0.0,0.0,0.0,0.0,0.0,0.0,0.0,0.0,0.0,0.0,0.0,0.0,0.0,0.0,0.0,0.0,0.0,0.0,0.0,0.0,0.0,0.0,0.0,0.0,0.0,0.0,0.7012420835060732,0.0,0.0,0.0,0.0,0.0,0.0,0.0,0.0,0.0,0.0,0.0,0.0,0.0,0.0,0.0,0.0,0.0,0.0,0.0,0.0,0.0,0.0,0.0,0.0,0.0,0.0,0.0,0.0,0.0,0.0,0.0,0.0,0.0,0.0,0.0,0.0,0.0,0.0,0.0,0.0,0.0,0.0,0.0,0.0,0.0,0.0,0.0,0.0,0.0,0.0,0.0,0.0,0.0,0.0,0.0,0.0,0.0,0.0,0.0,0.0,0.0,0.0,0.0,0.0,0.0,0.4629929272372862,0.0,0.0,0.0,0.0,0.0,0.0,0.0,0.0,0.0,0.0,0.0,0.0,0.0,0.0,0.0,0.0,0.0,0.0,0.0,0.0,0.0,0.0,0.0,0.0,0.0,0.0,0.0,0.0,0.0,0.0,0.0,0.0,0.0,0.0,0.0,0.0,0.0,0.0,0.0,0.0,0.0,0.0,0.0,0.0,0.0,0.0,0.0,0.0,0.0,0.0
4,2025-09-17,정말 잘 쓰여졌고 환상적인 캐릭터들이 등장하는 매력적인 이야기였습니다 처음엔 좀 밋밋했는데 갈수록 깊어지더라구요 별 4 5개,1,0.0,0.0,0.0,0.0,0.0,0.0,0.0,0.0,0.0,0.0,0.0,0.0,0.0,0.0,0.0,0.0,0.0,0.0,0.0,0.0,0.0,0.0,0.0,0.0,0.0,0.0,0.0,0.0,0.0,0.0,0.0,0.0,0.0,0.0,0.0,0.0,0.0,0.0,0.0,0.0,0.0,0.0,0.0,0.0,0.0,0.0,0.0,0.0,0.0,0.0,0.0,0.0,0.0,0.0,0.0,0.0,0.0,0.0,0.0,0.0,0.0,0.0,0.0,0.0,0.0,0.0,0.0,0.0,0.0,0.0,0.0,0.0,0.0,0.0,0.0,0.0,0.0,0.0,0.0,0.0,0.0,0.0,0.0,0.0,0.0,0.0,0.0,0.0,0.0,0.0,0.0,0.0,0.0,0.0,0.0,0.0,0.0,0.0,0.0,0.0,0.0,0.0,0.0,0.0,0.0,0.0,0.0,0.0,0.0,0.0,0.0,0.0,0.0,0.0,0.0,0.0,0.0,0.0,0.0,0.0,0.0,0.0,0.0,0.0,0.0,0.0,0.0,0.0,0.0,0.0,0.0,0.0,0.0,0.0,0.0,0.0,0.0,0.0,0.0,0.0,0.0,0.0,0.0,0.0,0.0,0.0,0.0,0.0,0.0,0.0,0.0,0.0,0.0,0.0,0.0,0.0,0.0,0.0,0.0,0.0,0.0,0.0,0.0,0.0,0.0,0.0,0.0,0.0,0.0,0.0,0.0,0.0,0.0,0.0,0.0,0.0,0.0,0.0,0.0,0.0,0.0,0.0,0.0,0.0,0.0,0.0,0.0,0.0,0.0,0.0,0.0,0.0,0.0,0.0,0.0,0.0,0.0,0.0,0.0,0.0,0.0,0.0,0.0,0.0,0.0,0.0,0.0,0.0,0.0,0.0,0.0,0.0,0.0,0.0,0.0,0.0,0.0,0.0,0.0,0.0,0.0,0.0,0.0,0.0,0.0,0.0,0.0,0.0,0.0,0.0,0.0,0.0,0.0,0.0,0.0,0.0,0.0,0.0,0.0,0.0,0.0,0.0,0.0,0.0,0.0,0.0,0.0,0.0,0.0,1.0,0.0,0.0,0.0,0.0,0.0,0.0,0.0,0.0,0.0,0.0,0.0,0.0,0.0,0.0,0.0,0.0,0.0,0.0,0.0,0.0,0.0,0.0,0.0,0.0,0.0,0.0,0.0,0.0,0.0,0.0,0.0,0.0,0.0,0.0,0.0,0.0,0.0,0.0,0.0,0.0,0.0,0.0,0.0,0.0,0.0,0.0,0.0,0.0,0.0,0.0
3,2025-11-24,여동생과 함께하는 북클럽에서 읽었습니다 멋지긴 한데 내 스타일의 책은 아니네,0,0.0,0.0,0.0,0.0,0.0,0.0,0.0,0.0,0.0,0.0,0.0,0.0,0.0,0.0,0.0,0.0,0.0,0.0,0.0,0.0,0.0,0.0,0.0,0.0,0.0,0.0,0.0,0.0,0.0,0.0,0.0,0.0,0.0,0.0,0.0,0.0,0.0,0.0,0.0,0.0,0.0,0.0,0.0,0.0,0.0,0.0,0.0,0.0,0.0,0.0,0.0,0.0,0.0,0.0,0.0,0.0,0.0,0.0,0.0,0.0,0.0,0.0,0.0,0.0,0.0,0.0,0.0,0.0,0.0,0.0,0.0,0.0,0.0,0.0,0.0,0.0,0.0,0.0,0.0,0.0,0.0,0.0,0.0,0.0,0.0,0.0,0.0,0.0,0.0,0.0,0.0,0.0,0.0,0.0,0.0,0.0,0.0,0.0,0.0,0.0,0.0,0.0,0.0,0.0,0.0,0.0,0.0,0.0,0.0,0.0,0.0,0.0,0.0,0.0,0.0,0.0,0.0,0.0,0.0,0.0,0.0,0.0,0.0,0.0,0.0,0.0,0.0,0.0,0.0,0.0,0.0,0.0,0.0,0.0,0.0,0.0,0.0,0.0,0.0,0.0,0.0,0.0,0.0,0.0,0.0,0.0,0.0,0.0,0.0,0.0,0.0,0.0,0.0,0.0,0.0,0.0,0.0,0.0,0.0,0.0,0.0,0.0,0.0,0.0,0.0,0.0,0.0,0.0,0.0,0.0,0.0,0.0,0.0,0.0,0.0,0.0,0.0,0.0,0.0,0.0,0.0,0.0,0.0,0.0,0.0,0.0,0.0,0.0,0.0,0.0,0.0,0.0,0.0,0.0,0.0,0.0,0.0,0.0,0.0,0.0,0.0,0.0,0.0,0.0,0.0,0.0,0.0,0.0,0.0,0.0,0.0,0.0,0.0,0.0,0.0,0.0,0.0,0.0,0.0,0.0,0.8382580662494175,0.0,0.0,0.0,0.0,0.0,0.0,0.0,0.0,0.0,0.0,0.0,0.0,0.0,0.0,0.0,0.0,0.0,0.0,0.0,0.0,0.0,0.0,0.0,0.0,0.0,0.0,0.0,0.0,0.0,0.0,0.0,0.0,0.0,0.0,0.0,0.0,0.0,0.0,0.0,0.0,0.0,0.0,0.0,0.0,0.0,0.0,0.5452737059200516,0.0,0.0,0.0,0.0,0.0,0.0,0.0,0.0,0.0,0.0,0.0,0.0,0.0,0.0,0.0,0.0,0.0,0.0,0.0,0.0,0.0,0.0,0.0,0.0,0.0,0.0,0.0,0.0,0.0,0.0,0.0,0.0
5,2025-11-26,전 세계가 이 책을 읽어야 한다 한 사람이 풍요로운 삶을 살아본 후 보여줄 수 있는 공감과 사랑 모두에게 추천하고 싶다 너무 아름답고 아름다운 이야기 마지막에 울었다,1,0.0,0.0,0.0,0.0,0.0,0.0,0.0,0.0,0.0,0.0,0.0,0.0,0.0,0.0,0.0,0.0,0.0,0.0,0.0,0.0,0.0,0.0,0.0,0.0,0.0,0.0,0.0,0.0,0.0,0.0,0.0,0.0,0.0,0.0,0.0,0.0,0.0,0.0,0.0,0.0,0.0,0.0,0.0,0.0,0.0,0.0,0.0,0.0,0.0,0.0,0.0,0.0,0.0,0.0,0.0,0.0,0.0,0.0,0.0,0.0,0.0,0.3600626649250503,0.0,0.0,0.0,0.0,0.0,0.0,0.0,0.0,0.0,0.0,0.0,0.0,0.0,0.0,0.0,0.0,0.0,0.0,0.0,0.0,0.0,0.0,0.0,0.0,0.0,0.0,0.0,0.0,0.0,0.0,0.0,0.0,0.0,0.0,0.0,0.0,0.0,0.0,0.0,0.0,0.0,0.0,0.0,0.0,0.0,0.0,0.0,0.0,0.0,0.0,0.0,0.0,0.0,0.0,0.0,0.0,0.0,0.0,0.0,0.0,0.0,0.0,0.0,0.0,0.0,0.0,0.0,0.0,0.0,0.0,0.0,0.0,0.0,0.0,0.0,0.0,0.4296829695872586,0.0,0.0,0.4020110270763674,0.0,0.0,0.0,0.0,0.0,0.0,0.0,0.0,0.0,0.0,0.0,0.0,0.0,0.0,0.0,0.0,0.0,0.0,0.0,0.0,0.0,0.0,0.4266276881817404,0.0,0.0,0.0,0.0,0.0,0.0,0.0,0.0,0.0,0.0,0.0,0.0,0.0,0.0,0.0,0.0,0.0,0.0,0.0,0.0,0.0,0.0,0.0,0.0,0.0,0.0,0.0,0.0,0.0,0.0,0.0,0.0,0.0,0.0,0.0,0.0,0.0,0.0,0.4045217634372763,0.0,0.0,0.0,0.0,0.0,0.0,0.0,0.0,0.0,0.0,0.0,0.0,0.0,0.0,0.0,0.0,0.0,0.0,0.0,0.0,0.0,0.2767247512952272,0.0,0.0,0.0,0.0,0.0,0.0,0.0,0.0,0.0,0.0,0.0,0.0,0.0,0.0,0.0,0.0,0.0,0.0,0.0,0.0,0.0,0.0,0.0,0.0,0.0,0.0,0.0,0.0,0.0,0.0,0.0,0.0,0.0,0.0,0.0,0.0,0.0,0.0,0.0,0.0,0.0,0.0,0.3192004506350906,0.0,0.0,0.0,0.0,0.0,0.0,0.0,0.0,0.0,0.0,0.0,0.0,0.0,0.0,0.0,0.0,0.0,0.0,0.0,0.0,0.0,0.0,0.0,0.0,0.0,0.0,0.0,0.0,0.0,0.0,0.0
4,2026-01-05,별점 3 75개 반올림해서 4개로 즐거웠습니다 삶의 질이 낮은 사람들에 대한 몇 가지 성격 연구와 단순한 인간 상호 작용이 사람들의 삶을 바꾸는 데 실제로 큰 도움이 될 수 있다는 것입니다,1,0.0,0.0,0.0,0.0,0.0,0.0,0.0,0.0,0.3601742200001638,0.0,0.0,0.0,0.0,0.0,0.0,0.0,0.0,0.0,0.0,0.0,0.0,0.23039982958215982,0.0,0.0,0.0,0.0,0.0,0.0,0.0,0.0,0.0,0.0,0.0,0.0,0.0,0.0,0.0,0.0,0.0,0.0,0.0,0.0,0.0,0.0,0.0,0.0,0.0,0.0,0.0,0.0,0.0,0.0,0.0,0.0,0.0,0.0,0.0,0.0,0.0,0.0,0.0,0.0,0.0,0.0,0.0,0.0,0.0,0.0,0.0,0.0,0.0,0.3177698000908368,0.0,0.0,0.0,0.0,0.0,0.1998110828003668,0.0,0.0,0.0,0.34747550114411785,0.0,0.0,0.0,0.0,0.0,0.0,0.0,0.0,0.0,0.0,0.0,0.0,0.0,0.0,0.0,0.0,0.0,0.0,0.0,0.0,0.0,0.0,0.0,0.0,0.0,0.0,0.0,0.0,0.0,0.0,0.0,0.0,0.0,0.0,0.0,0.0,0.0,0.0,0.0,0.0,0.0,0.0,0.0,0.0,0.0,0.0,0.0,0.0,0.0,0.0,0.2620258035369284,0.0,0.0,0.0,0.0,0.0,0.0,0.0,0.0,0.274647286993562,0.2956911622245558,0.0,0.3698085283113112,0.0,0.0,0.0,0.0,0.0,0.0,0.0,0.0,0.0,0.0,0.0,0.0,0.333005360742703,0.0,0.0,0.0,0.0,0.0,0.0,0.0,0.0,0.0,0.0,0.0,0.0,0.0,0.0,0.0,0.0,0.0,0.0,0.0,0.0,0.0,0.0,0.0,0.0,0.0,0.0,0.0,0.0,0.0,0.0,0.0,0.0,0.0,0.0,0.0,0.0,0.0,0.0,0.0,0.0,0.0,0.0,0.0,0.0,0.0,0.0,0.0,0.0,0.0,0.0,0.0,0.0,0.0,0.0,0.0,0.0,0.0,0.0,0.0,0.0,0.0,0.0,0.0,0.0,0.0,0.0,0.0,0.0,0.0,0.0,0.2763625805637275,0.0,0.0,0.0,0.0,0.0,0.0,0.0,0.0,0.0,0.0,0.0,0.0,0.0,0.0,0.0,0.0,0.0,0.0,0.0,0.0,0.0,0.0,0.0,0.0,0.0,0.0,0.0,0.0,0.0,0.0,0.0,0.0,0.0,0.0,0.0,0.0,0.0,0.0,0.0,0.0,0.0,0.0,0.0,0.0,0.0,0.0,0.0,0.0,0.0,0.0,0.0,0.0,0.0,0.0,0.0,0.0,0.0,0.0,0.0,0.0,0.0,0.0,0.0,0.0,0.0,0.0,0.0,0.0,0.0,0.0,0.0
5,2026-02-27,마음이 따뜻해지고 읽기 좋네요,1,0.0,0.0,0.0,0.0,0.0,0.0,0.0,0.0,0.0,0.0,0.0,0.0,0.0,0.0,0.0,0.0,0.0,0.0,0.0,0.0,0.0,0.0,0.0,0.0,0.0,0.0,0.0,0.0,0.0,0.0,0.0,0.0,0.0,0.0,0.0,0.0,0.0,0.0,0.0,0.0,0.0,0.0,0.0,0.0,0.0,0.0,0.0,0.0,0.0,0.0,0.0,0.0,0.0,0.0,0.0,0.0,0.0,0.0,0.0,0.0,0.0,0.0,0.0,0.0,0.0,0.0,0.0,0.0,0.0,0.0,0.0,0.0,0.0,0.0,0.0,0.0,0.0,0.0,0.0,0.0,0.0,0.0,0.0,0.0,0.0,0.0,0.0,0.0,0.0,0.0,0.0,0.0,0.0,0.0,0.0,0.0,0.0,0.0,0.0,0.0,0.0,0.0,0.0,0.0,0.0,0.0,0.6949872983820248,0.0,0.0,0.0,0.0,0.0,0.0,0.0,0.0,0.0,0.0,0.0,0.0,0.0,0.0,0.0,0.0,0.0,0.0,0.0,0.0,0.0,0.0,0.0,0.0,0.0,0.0,0.0,0.0,0.0,0.0,0.0,0.0,0.0,0.0,0.0,0.0,0.0,0.0,0.0,0.0,0.0,0.0,0.0,0.0,0.0,0.0,0.0,0.0,0.0,0.0,0.0,0.0,0.0,0.0,0.0,0.0,0.0,0.0,0.0,0.0,0.0,0.0,0.0,0.0,0.0,0.0,0.0,0.0,0.0,0.0,0.0,0.0,0.0,0.0,0.0,0.0,0.0,0.0,0.0,0.0,0.0,0.0,0.0,0.0,0.0,0.0,0.0,0.0,0.0,0.0,0.0,0.0,0.0,0.0,0.0,0.0,0.0,0.0,0.0,0.0,0.0,0.0,0.0,0.0,0.0,0.0,0.0,0.0,0.0,0.0,0.0,0.7190220129367768,0.0,0.0,0.0,0.0,0.0,0.0,0.0,0.0,0.0,0.0,0.0,0.0,0.0,0.0,0.0,0.0,0.0,0.0,0.0,0.0,0.0,0.0,0.0,0.0,0.0,0.0,0.0,0.0,0.0,0.0,0.0,0.0,0.0,0.0,0.0,0.0,0.0,0.0,0.0,0.0,0.0,0.0,0.0,0.0,0.0,0.0,0.0,0.0,0.0,0.0,0.0,0.0,0.0,0.0,0.0,0.0,0.0,0.0,0.0,0.0,0.0,0.0,0.0,0.0,0.0,0.0,0.0,0.0,0.0,0.0,0.0,0.0,0.0,0.0,0.0,0.0,0.0,0.0,0.0,0.0,0.0
3,2026-03-11,나는 많은 사람들과 같은 책을 읽지 않은 것 같은 느낌이 듭니다 그리고 그것이 결국 그렇게 될 것이라고는 예상하지 못했습니다 나는 그것이 어떤 의미에서는 흥미로웠지만 위안이 되지는 않았다고 생각했습니다 게다가 이 책은 몇 가지 교훈을 제외하고는 꽤 슬프다는 느낌이 든다 희망의 향이 있는 것은 사실이지만 무엇보다 먼저 상처를 넓게 여는 것입니다 씁쓸한 3 5,0,0.0,0.0,0.0,0.0,0.0,0.0,0.0,0.0,0.24907038295374306,0.0,0.0,0.0,0.0,0.0,0.41510206107368663,0.0,0.0,0.0,0.17632546792445344,0.0,0.0,0.15932782137066775,0.0,0.0,0.20014658376797345,0.0,0.0,0.0,0.0,0.0,0.0,0.0,0.0,0.4182969044777981,0.0,0.0,0.0,0.0,0.0,0.0,0.0,0.0,0.15725016463878483,0.0,0.0,0.0,0.0,0.0,0.0,0.0,0.0,0.0,0.0,0.0,0.24213332204882546,0.0,0.0,0.0,0.0,0.0,0.0,0.0,0.0,0.0,0.0,0.0,0.42157928864405525,0.0,0.0,0.0,0.0,0.0,0.0,0.0,0.0,0.0,0.0,0.0,0.0,0.0,0.0,0.0,0.0,0.0,0.0,0.0,0.0,0.0,0.0,0.0,0.0,0.0,0.0,0.0,0.0,0.0,0.0,0.0,0.0,0.0,0.0,0.0,0.0,0.0,0.0,0.0,0.0,0.0,0.0,0.0,0.1614801402373463,0.0,0.0,0.0,0.0,0.0,0.0,0.0,0.0,0.0,0.0,0.0,0.0,0.0,0.0,0.0,0.0,0.0,0.24028886947258427,0.0,0.0,0.0,0.0,0.0,0.0,0.0,0.0,0.0,0.0,0.0,0.0,0.0,0.0,0.0,0.0,0.0,0.0,0.0,0.0,0.0,0.0,0.0,0.0,0.0,0.0,0.0,0.0,0.0,0.0,0.0,0.0,0.0,0.0,0.0,0.0,0.0,0.0,0.0,0.0,0.0,0.0,0.0,0.23028236925395898,0.0,0.0,0.0,0.0,0.0,0.0,0.0,0.1876220344568739,0.0,0.0,0.0,0.0,0.0,0.0,0.0,0.0,0.0,0.0,0.0,0.0,0.0,0.0,0.0,0.0,0.0,0.0,0.0,0.0,0.0,0.0,0.0,0.0,0.0,0.0,0.0,0.0,0.0,0.0,0.0,0.0,0.0,0.0,0.0,0.0,0.0,0.0,0.0,0.0,0.0,0.0,0.0,0.0,0.1307358869069529,0.0,0.0,0.0,0.0,0.0,0.0,0.0,0.0,0.0,0.0,0.0,0.0,0.0,0.0,0.0,0.0,0.0,0.0,0.0,0.0,0.0,0.0,0.0,0.0,0.0,0.0,0.0,0.0,0.0,0.0,0.0,0.0,0.0,0.0,0.0,0.0,0.0,0.0,0.0,0.0,0.0,0.14554023881056763,0.15080311327249665,0.0,0.0,0.0,0.0,0.0,0.0,0.0,0.0,0.0,0.0,0.0,0.0,0.0,0.0,0.0,0.0,0.0,0.0,0.0,0.0,0.0,0.0,0.0,0.0,0.0,0.0,0.0,0.0,0.0,0.0,0.0
2,2026-03-21,저는 등장인물의 프로필이나 글쓰기 방식 이야기의 해결에 대해서는 아무것도 연결하지 않았습니다,0,0.0,0.0,0.0,0.0,0.0,0.0,0.0,0.0,0.0,0.0,0.0,0.0,0.0,0.0,0.0,0.0,0.0,0.0,0.0,0.0,0.0,0.0,0.0,0.0,0.0,0.0,0.0,0.0,0.0,0.0,0.0,0.0,0.0,0.0,0.0,0.0,0.0,0.0,0.0,0.0,0.0,0.0,0.0,0.0,0.0,0.0,0.0,0.0,0.0,0.0,0.0,0.0,0.0,0.0,0.0,0.0,0.0,0.0,0.0,0.0,0.0,0.0,0.0,0.0,0.0,0.0,0.0,0.0,0.0,0.0,0.0,0.0,0.0,0.0,0.0,0.0,0.0,0.0,0.0,0.0,0.0,0.0,0.0,0.0,0.0,0.0,0.0,0.0,0.0,0.0,0.0,0.0,0.0,0.0,0.0,0.0,0.0,0.0,0.0,0.0,0.0,0.0,0.0,0.0,0.0,0.0,0.0,0.0,0.0,0.0,0.0,0.0,0.0,0.0,0.0,0.0,0.0,0.0,0.0,0.0,0.0,0.0,0.0,0.0,0.0,0.0,0.0,0.0,0.0,0.0,0.0,0.0,0.0,0.0,0.0,0.0,0.0,0.0,0.0,0.0,0.0,0.0,0.0,0.0,0.0,0.0,0.0,0.0,0.0,0.0,0.0,0.0,0.0,0.0,0.0,0.0,0.0,0.0,0.0,0.0,0.0,0.0,0.0,0.0,0.0,0.0,0.0,0.0,0.0,0.0,0.0,0.5991971711200019,0.0,0.0,0.0,0.0,0.0,0.0,0.0,0.0,0.0,0.0,0.0,0.0,0.0,0.0,0.0,0.0,0.0,0.0,0.0,0.0,0.0,0.0,0.0,0.0,0.0,0.0,0.0,0.0,0.0,0.0,0.0,0.0,0.0,0.0,0.0,0.0,0.5710675406784571,0.0,0.0,0.0,0.0,0.0,0.0,0.0,0.0,0.0,0.0,0.0,0.0,0.0,0.0,0.0,0.0,0.0,0.0,0.0,0.0,0.0,0.0,0.0,0.0,0.0,0.0,0.0,0.0,0.0,0.0,0.0,0.0,0.0,0.0,0.0,0.5611101621831902,0.0,0.0,0.0,0.0,0.0,0.0,0.0,0.0,0.0,0.0,0.0,0.0,0.0,0.0,0.0,0.0,0.0,0.0,0.0,0.0,0.0,0.0,0.0,0.0,0.0,0.0,0.0,0.0,0.0,0.0,0.0,0.0,0.0,0.0,0.0,0.0,0.0,0.0,0.0,0.0,0.0,0.0,0.0,0.0,0.0,0.0,0.0,0.0,0.0,0.0,0.0,0.0,0.0,0.0,0.0
4,2026-03-24,정말 달콤한 읽기입니다 별 3 75개에서 반올림되었습니다 인류에 대한 믿음의 회복이 필요하다면 이것을 선택하세요,1,0.0,0.0,0.0,0.0,0.0,0.0,0.0,0.0,0.0,0.0,0.0,0.0,0.0,0.0,0.0,0.0,0.0,0.0,0.0,0.0,0.0,0.0,0.0,0.0,0.0,0.0,0.0,0.0,0.0,0.0,0.0,0.0,0.0,0.0,0.0,0.0,0.0,0.0,0.0,0.0,0.0,0.0,0.0,0.0,0.0,0.0,0.0,0.0,0.0,0.0,0.0,0.0,0.0,0.0,0.0,0.0,0.0,0.0,0.0,0.0,0.0,0.0,0.0,0.0,0.0,0.0,0.0,0.0,0.0,0.0,0.0,0.0,0.0,0.0,0.0,0.0,0.0,0.7045568885685668,0.0,0.0,0.0,0.0,0.0,0.0,0.0,0.0,0.0,0.0,0.0,0.0,0.0,0.0,0.0,0.0,0.0,0.0,0.0,0.0,0.0,0.0,0.0,0.0,0.0,0.0,0.0,0.0,0.0,0.0,0.0,0.0,0.0,0.0,0.0,0.0,0.0,0.0,0.0,0.0,0.0,0.0,0.0,0.0,0.0,0.0,0.0,0.0,0.0,0.0,0.0,0.0,0.0,0.0,0.0,0.0,0.0,0.0,0.0,0.0,0.0,0.0,0.0,0.0,0.0,0.0,0.0,0.0,0.0,0.0,0.0,0.0,0.0,0.0,0.0,0.0,0.0,0.0,0.0,0.0,0.0,0.0,0.0,0.0,0.0,0.0,0.0,0.0,0.0,0.0,0.0,0.0,0.0,0.0,0.0,0.0,0.0,0.0,0.0,0.0,0.0,0.0,0.0,0.0,0.0,0.0,0.0,0.0,0.0,0.0,0.0,0.0,0.0,0.0,0.0,0.0,0.0,0.0,0.0,0.0,0.0,0.0,0.0,0.0,0.0,0.0,0.0,0.0,0.0,0.0,0.0,0.0,0.0,0.0,0.0,0.0,0.0,0.0,0.0,0.0,0.0,0.0,0.0,0.0,0.0,0.0,0.0,0.0,0.0,0.0,0.0,0.0,0.0,0.0,0.0,0.0,0.0,0.0,0.0,0.0,0.0,0.0,0.0,0.0,0.0,0.0,0.0,0.0,0.0,0.0,0.0,0.7096475116355868,0.0,0.0,0.0,0.0,0.0,0.0,0.0,0.0,0.0,0.0,0.0,0.0,0.0,0.0,0.0,0.0,0.0,0.0,0.0,0.0,0.0,0.0,0.0,0.0,0.0,0.0,0.0,0.0,0.0,0.0,0.0,0.0,0.0,0.0,0.0,0.0,0.0,0.0,0.0,0.0,0.0,0.0,0.0,0.0,0.0,0.0,0.0,0.0,0.0,0.0
4,2026-04-13,아무것도 모르고 책을 읽으면 좋은 점은 놀라움을 준다는 것입니다 처음에는 어디로 가야할지 몰랐고 다른 유형의 이야기를 상상했지만 가끔씩 읽기 좋은 포근한 책 중 하나였습니다 더 나은 것을 기대했지만 결말도 놀랐습니다,1,0.0,0.0,0.0,0.0,0.0,0.0,0.0,0.0,0.0,0.0,0.0,0.0,0.0,0.0,0.0,0.0,0.0,0.0,0.0,0.2121712156635723,0.0,0.24289715392404376,0.0,0.0,0.0,0.0,0.0,0.0,0.0,0.0,0.0,0.0,0.0,0.0,0.0,0.0,0.0,0.0,0.0,0.0,0.0,0.0,0.0,0.0,0.0,0.0,0.0,0.0,0.0,0.0,0.0,0.0,0.0,0.0,0.0,0.0,0.0,0.0,0.3797107537514702,0.0,0.0,0.0,0.0,0.0,0.0,0.0,0.0,0.21689560883614442,0.0,0.0,0.0,0.0,0.0,0.0,0.0,0.0,0.0,0.0,0.0,0.0,0.0,0.0,0.0,0.0,0.0,0.0,0.0,0.0,0.0,0.0,0.0,0.0,0.0,0.0,0.0,0.0,0.0,0.0,0.0,0.0,0.0,0.0,0.0,0.0,0.0,0.0,0.0,0.0,0.0,0.0,0.0,0.0,0.0,0.0,0.0,0.0,0.0,0.0,0.0,0.0,0.0,0.0,0.0,0.0,0.0,0.0,0.0,0.0,0.0,0.0,0.0,0.0,0.0,0.0,0.0,0.0,0.0,0.0,0.0,0.0,0.0,0.0,0.0,0.0,0.0,0.0,0.0,0.0,0.0,0.0,0.0,0.0,0.0,0.0,0.0,0.0,0.0,0.0,0.0,0.0,0.0,0.0,0.0,0.0,0.0,0.0,0.0,0.0,0.0,0.0,0.0,0.0,0.0,0.0,0.0,0.0,0.0,0.0,0.0,0.0,0.0,0.0,0.0,0.0,0.0,0.0,0.0,0.0,0.0,0.0,0.0,0.0,0.0,0.0,0.0,0.0,0.0,0.0,0.0,0.0,0.0,0.0,0.0,0.0,0.0,0.0,0.2407733860965186,0.0,0.0,0.0,0.0,0.0,0.0,0.0,0.0,0.0,0.0,0.0,0.30727459709091653,0.0,0.0,0.0,0.0,0.0,0.0,0.0,0.0,0.0,0.0,0.0,0.0,0.0,0.0,0.0,0.0,0.0,0.0,0.0,0.0,0.0,0.0,0.0,0.0,0.0,0.0,0.0,0.3750267577928309,0.0,0.0,0.0,0.0,0.0,0.0,0.0,0.0,0.4945977373337029,0.0,0.0,0.0,0.0,0.0,0.0,0.0,0.0,0.0,0.0,0.0,0.0,0.22990113529235856,0.0,0.0,0.0,0.0,0.33800053535138797,0.0,0.0,0.0,0.0,0.0,0.0,0.0,0.0,0.0,0.0,0.0,0.0,0.0,0.0,0.0,0.0,0.0,0.0,0.0,0.0,0.0,0.0,0.0,0.0,0.0,0.0
5,2026-05-08,우리 삶을 스쳐 지나갈 때 가끔은 주의를 기울이지 않는 사람들에 대해 생각하게 만드는 아주 좋은 읽기입니다 읽을 가치가 있습니다,1,0.0,0.0,0.0,0.0,0.0,0.0,0.0,0.0,0.0,0.0,0.0,0.0,0.0,0.0,0.0,0.0,0.0,0.0,0.0,0.0,0.0,0.0,0.0,0.0,0.0,0.0,0.0,0.0,0.0,0.0,0.0,0.0,0.0,0.0,0.0,0.0,0.0,0.0,0.0,0.0,0.0,0.0,0.0,0.0,0.0,0.0,0.0,0.0,0.0,0.0,0.0,0.0,0.0,0.0,0.0,0.0,0.0,0.0,0.0,0.0,0.0,0.0,0.0,0.0,0.0,0.0,0.0,0.0,0.0,0.0,0.0,0.0,0.0,0.0,0.0,0.0,0.0,0.0,0.29505638736368356,0.0,0.0,0.0,0.0,0.0,0.0,0.0,0.0,0.0,0.0,0.0,0.0,0.0,0.0,0.0,0.0,0.0,0.0,0.0,0.0,0.0,0.0,0.0,0.0,0.0,0.0,0.0,0.0,0.0,0.3827907774016129,0.0,0.0,0.0,0.0,0.0,0.0,0.0,0.0,0.0,0.0,0.0,0.0,0.0,0.0,0.0,0.0,0.0,0.0,0.0,0.0,0.0,0.0,0.0,0.0,0.0,0.0,0.0,0.0,0.0,0.0,0.0,0.0,0.3092689162887593,0.0,0.0,0.0,0.0,0.0,0.0,0.0,0.0,0.0,0.0,0.0,0.0,0.0,0.0,0.0,0.0,0.0,0.0,0.0,0.0,0.0,0.0,0.0,0.0,0.0,0.3517292400552265,0.0,0.3749835221844272,0.0,0.0,0.0,0.0,0.0,0.0,0.0,0.0,0.0,0.0,0.0,0.0,0.0,0.0,0.0,0.0,0.0,0.0,0.0,0.0,0.0,0.0,0.3517292400552265,0.0,0.0,0.0,0.0,0.0,0.0,0.0,0.0,0.0,0.0,0.0,0.0,0.0,0.0,0.0,0.0,0.0,0.0,0.0,0.0,0.0,0.0,0.0,0.0,0.0,0.0,0.0,0.0,0.0,0.4005741703784055,0.0,0.0,0.0,0.0,0.0,0.0,0.0,0.0,0.22911513561090177,0.0,0.0,0.0,0.0,0.0,0.0,0.0,0.0,0.0,0.0,0.0,0.0,0.0,0.0,0.0,0.0,0.0,0.0,0.0,0.0,0.0,0.0,0.0,0.26414525655384036,0.0,0.0,0.0,0.0,0.0,0.0,0.0,0.0,0.0,0.0,0.0,0.0,0.0,0.0,0.0,0.0,0.0,0.0,0.0,0.0,0.0,0.0,0.0,0.0,0.0,0.0,0.0,0.0,0.0,0.0,0.0,0.0,0.0,0.0,0.0,0.0,0.0,0.0,0.0,0.0,0.0,0.0,0.0,0.0
4,2026-05-11,정말 달콤한 이야기 별 5개를 주지 않은 유일한 이유는 책 후반부에서 다른 캐릭터로 초점을 전환했기 때문입니다,1,0.0,0.0,0.0,0.0,0.0,0.0,0.0,0.0,0.0,0.0,0.0,0.0,0.0,0.0,0.0,0.0,0.0,0.0,0.0,0.0,0.0,0.0,0.0,0.0,0.0,0.0,0.0,0.0,0.0,0.0,0.0,0.0,0.0,0.0,0.0,0.0,0.0,0.0,0.0,0.0,0.0,0.0,0.0,0.0,0.0,0.0,0.0,0.0,0.0,0.0,0.0,0.0,0.0,0.0,0.0,0.0,0.0,0.0,0.0,0.0,0.0,0.0,0.0,0.0,0.0,0.0,0.0,0.2867635003440537,0.0,0.0,0.0,0.0,0.0,0.0,0.0,0.0,0.0,0.0,0.0,0.0,0.0,0.0,0.0,0.0,0.0,0.0,0.0,0.0,0.0,0.0,0.0,0.0,0.0,0.0,0.0,0.0,0.0,0.0,0.0,0.0,0.0,0.0,0.47895893586434896,0.0,0.0,0.0,0.0,0.0,0.0,0.0,0.0,0.0,0.0,0.0,0.0,0.0,0.0,0.0,0.0,0.0,0.0,0.0,0.0,0.0,0.0,0.0,0.0,0.0,0.0,0.0,0.0,0.0,0.0,0.0,0.0,0.0,0.0,0.0,0.0,0.0,0.0,0.0,0.0,0.0,0.0,0.0,0.0,0.0,0.0,0.0,0.0,0.0,0.0,0.0,0.0,0.0,0.0,0.0,0.0,0.0,0.0,0.0,0.0,0.0,0.0,0.0,0.0,0.0,0.0,0.0,0.0,0.0,0.4641566861102588,0.0,0.0,0.0,0.0,0.0,0.0,0.0,0.0,0.0,0.0,0.0,0.0,0.0,0.0,0.0,0.0,0.0,0.0,0.0,0.0,0.0,0.0,0.0,0.0,0.0,0.0,0.0,0.0,0.0,0.0,0.3852056293425601,0.0,0.0,0.0,0.0,0.0,0.0,0.0,0.0,0.0,0.0,0.0,0.0,0.0,0.0,0.0,0.0,0.0,0.0,0.0,0.0,0.0,0.0,0.0,0.0,0.0,0.0,0.0,0.0,0.0,0.0,0.0,0.0,0.0,0.0,0.0,0.0,0.0,0.0,0.0,0.0,0.0,0.0,0.0,0.0,0.0,0.28051725344934675,0.0,0.0,0.0,0.0,0.0,0.0,0.0,0.0,0.0,0.0,0.0,0.0,0.0,0.0,0.0,0.0,0.0,0.0,0.0,0.0,0.0,0.0,0.0,0.0,0.0,0.4958329325541984,0.0,0.0,0.0,0.0,0.0,0.0,0.0,0.0,0.0,0.0,0.0,0.0,0.0,0.0,0.0,0.0,0.0,0.0,0.0,0.0,0.0,0.0,0.0,0.0
3,2026-05-16,이야기가 마음에 들고 시간이 너무 즐겁고 편안하게 읽혀요,0,0.0,0.0,0.0,0.0,0.0,0.0,0.0,0.0,0.0,0.0,0.0,0.0,0.0,0.0,0.0,0.0,0.0,0.0,0.0,0.0,0.0,0.0,0.0,0.0,0.0,0.0,0.0,0.0,0.0,0.0,0.0,0.0,0.0,0.0,0.0,0.0,0.0,0.0,0.0,0.0,0.0,0.0,0.0,0.0,0.0,0.0,0.0,0.0,0.0,0.0,0.0,0.0,0.0,0.0,0.0,0.0,0.0,0.0,0.0,0.0,0.0,0.5781070381661711,0.0,0.0,0.0,0.0,0.0,0.0,0.0,0.0,0.0,0.0,0.0,0.0,0.0,0.0,0.0,0.0,0.0,0.0,0.0,0.0,0.0,0.0,0.0,0.0,0.0,0.0,0.0,0.0,0.0,0.0,0.0,0.0,0.0,0.0,0.0,0.0,0.0,0.0,0.0,0.0,0.0,0.0,0.5538119159333874,0.0,0.0,0.0,0.0,0.0,0.0,0.0,0.0,0.0,0.0,0.0,0.0,0.0,0.0,0.0,0.0,0.0,0.0,0.0,0.0,0.0,0.0,0.0,0.0,0.0,0.0,0.0,0.0,0.0,0.0,0.0,0.0,0.0,0.0,0.0,0.0,0.0,0.0,0.0,0.0,0.0,0.0,0.0,0.0,0.0,0.0,0.0,0.0,0.0,0.0,0.0,0.0,0.0,0.0,0.0,0.0,0.0,0.0,0.0,0.0,0.0,0.0,0.0,0.0,0.0,0.0,0.0,0.0,0.0,0.0,0.0,0.0,0.0,0.0,0.0,0.0,0.0,0.0,0.0,0.0,0.0,0.0,0.0,0.0,0.0,0.0,0.0,0.0,0.0,0.0,0.0,0.0,0.0,0.0,0.0,0.0,0.0,0.0,0.0,0.5992366929627454,0.0,0.0,0.0,0.0,0.0,0.0,0.0,0.0,0.0,0.0,0.0,0.0,0.0,0.0,0.0,0.0,0.0,0.0,0.0,0.0,0.0,0.0,0.0,0.0,0.0,0.0,0.0,0.0,0.0,0.0,0.0,0.0,0.0,0.0,0.0,0.0,0.0,0.0,0.0,0.0,0.0,0.0,0.0,0.0,0.0,0.0,0.0,0.0,0.0,0.0,0.0,0.0,0.0,0.0,0.0,0.0,0.0,0.0,0.0,0.0,0.0,0.0,0.0,0.0,0.0,0.0,0.0,0.0,0.0,0.0,0.0,0.0,0.0,0.0,0.0,0.0,0.0,0.0,0.0,0.0,0.0,0.0,0.0,0.0,0.0,0.0,0.0,0.0,0.0,0.0,0.0,0.0,0.0,0.0,0.0
4,2023-03-28,독고는 술 때문에 기억을 잃은 노숙자다 그는 솔레역 주변을 배회한다 그는 염부인을 만나 미니마켓에 취직하게 된다,1,0.0,0.0,0.0,0.0,0.0,0.0,0.0,0.0,0.0,0.0,0.0,0.0,0.0,0.0,0.0,0.0,0.0,0.0,0.0,0.0,0.0,0.0,0.0,0.0,0.0,0.0,0.0,0.0,0.0,0.0,0.0,0.0,0.0,0.0,0.0,0.6571895331701797,0.0,0.0,0.0,0.0,0.0,0.0,0.0,0.0,0.0,0.0,0.0,0.0,0.4194968264515638,0.0,0.0,0.0,0.0,0.0,0.0,0.0,0.0,0.0,0.0,0.0,0.0,0.0,0.0,0.0,0.0,0.0,0.0,0.0,0.0,0.0,0.0,0.0,0.0,0.0,0.0,0.0,0.0,0.0,0.0,0.0,0.0,0.0,0.0,0.0,0.36606210590115984,0.0,0.0,0.0,0.0,0.0,0.0,0.0,0.0,0.3962615246947102,0.0,0.0,0.0,0.0,0.0,0.0,0.0,0.31796174102941915,0.0,0.0,0.0,0.0,0.0,0.0,0.0,0.0,0.0,0.0,0.0,0.0,0.0,0.0,0.0,0.0,0.0,0.0,0.0,0.0,0.0,0.0,0.0,0.0,0.0,0.0,0.0,0.0,0.0,0.0,0.0,0.0,0.0,0.0,0.0,0.0,0.0,0.0,0.0,0.0,0.0,0.0,0.0,0.0,0.0,0.0,0.0,0.0,0.0,0.0,0.0,0.0,0.0,0.0,0.0,0.0,0.0,0.0,0.0,0.0,0.0,0.0,0.0,0.0,0.0,0.0,0.0,0.0,0.0,0.0,0.0,0.0,0.0,0.0,0.0,0.0,0.0,0.0,0.0,0.0,0.0,0.0,0.0,0.0,0.0,0.0,0.0,0.0,0.0,0.0,0.0,0.0,0.0,0.0,0.0,0.0,0.0,0.0,0.0,0.0,0.0,0.0,0.0,0.0,0.0,0.0,0.0,0.0,0.0,0.0,0.0,0.0,0.0,0.0,0.0,0.0,0.0,0.0,0.0,0.0,0.0,0.0,0.0,0.0,0.0,0.0,0.0,0.0,0.0,0.0,0.0,0.0,0.0,0.0,0.0,0.0,0.0,0.0,0.0,0.0,0.0,0.0,0.0,0.0,0.0,0.0,0.0,0.0,0.0,0.0,0.0,0.0,0.0,0.0,0.0,0.0,0.0,0.0,0.0,0.0,0.0,0.0,0.0,0.0,0.0,0.0,0.0,0.0,0.0,0.0,0.0,0.0,0.0,0.0,0.0,0.0,0.0,0.0,0.0,0.0,0.0,0.0,0.0,0.0,0.0,0.0,0.0,0.0,0.0,0.0,0.0,0.0,0.0,0.0,0.0,0.0,0.0,0.0
4,2023-11-11,실제 3 5 전체적인 이야기가 마음이 따뜻해집니다 안타깝게도 독고 부분 자체에 대해서는 개인적으로 미해결 상태로 남아 있거나 엔딩이 충분히 효과 를 내지 못했다고 생각합니다 실제로 이야기 전반에 걸쳐 독고의 모습은 자신도 모르게 다른 인물들의 삶의 문제에 대한 제안 해결책을 제공하는 데 도움을 주는 인물이다,1,0.0,0.0,0.0,0.0,0.0,0.0,0.0,0.0,0.0,0.0,0.0,0.0,0.0,0.0,0.0,0.0,0.0,0.0,0.0,0.0,0.0,0.0,0.0,0.0,0.0,0.0,0.0,0.0,0.0,0.0,0.0,0.0,0.0,0.0,0.0,0.0,0.0,0.0,0.0,0.0,0.0,0.0,0.0,0.0,0.0,0.0,0.0,0.0,0.0,0.0,0.0,0.0,0.0,0.0,0.0,0.0,0.0,0.0,0.0,0.0,0.0,0.0,0.0,0.0,0.0,0.0,0.0,0.18966747170318737,0.0,0.0,0.0,0.0,0.0,0.0,0.0,0.0,0.0,0.18420522351564594,0.0,0.0,0.3409253463865024,0.0,0.3320435071461502,0.0,0.0,0.0,0.28557460083637926,0.0,0.0,0.0,0.0,0.0,0.0,0.0,0.0,0.0,0.0,0.0,0.0,0.0,0.0,0.0,0.0,0.0,0.0,0.0,0.25971882789337375,0.0,0.0,0.0,0.0,0.0,0.0,0.0,0.0,0.0,0.0,0.0,0.0,0.0,0.31678693524820434,0.0,0.0,0.0,0.0,0.0,0.0,0.0,0.0,0.0,0.0,0.0,0.0,0.0,0.0,0.0,0.0,0.0,0.0,0.0,0.0,0.0,0.2725967742419713,0.0,0.0,0.0,0.2982765921094931,0.0,0.0,0.0,0.0,0.0,0.0,0.0,0.0,0.0,0.0,0.3069966192456133,0.0,0.0,0.0,0.0,0.0,0.0,0.0,0.0,0.0,0.0,0.0,0.0,0.0,0.0,0.0,0.0,0.0,0.0,0.0,0.0,0.0,0.0,0.0,0.0,0.0,0.0,0.0,0.0,0.0,0.0,0.0,0.0,0.0,0.0,0.0,0.0,0.0,0.0,0.0,0.0,0.0,0.0,0.0,0.0,0.0,0.25477781417642503,0.23506498875739446,0.0,0.0,0.0,0.0,0.0,0.0,0.0,0.0,0.0,0.0,0.0,0.0,0.0,0.0,0.0,0.0,0.0,0.0,0.0,0.0,0.0,0.0,0.0,0.0,0.0,0.0,0.0,0.0,0.0,0.0,0.0,0.0,0.0,0.0,0.0,0.0,0.0,0.0,0.0,0.0,0.0,0.0,0.0,0.0,0.0,0.0,0.0,0.0,0.0,0.0,0.0,0.0,0.276692761596027,0.0,0.0,0.0,0.0,0.0,0.0,0.0,0.0,0.0,0.0,0.0,0.0,0.0,0.0,0.0,0.0,0.0,0.0,0.0,0.0,0.0,0.0,0.0,0.0,0.0,0.0,0.0,0.0,0.0,0.0,0.0,0.0,0.0,0.0,0.0,0.0,0.0,0.0,0.0,0.0,0.0,0.0
4,2024-06-25,즐겁고 희망적이에요,1,0.0,0.0,0.0,0.0,0.0,0.0,0.0,0.0,0.0,0.0,0.0,0.0,0.0,0.0,0.0,0.0,0.0,0.0,0.0,0.0,0.0,0.0,0.0,0.0,0.0,0.0,0.0,0.0,0.0,0.0,0.0,0.0,0.0,0.0,0.0,0.0,0.0,0.0,0.0,0.0,0.0,0.0,0.0,0.0,0.0,0.0,0.0,0.0,0.0,0.0,0.0,0.0,0.0,0.0,0.0,0.0,0.0,0.0,0.0,0.0,0.0,0.0,0.0,0.0,0.0,0.0,0.0,0.0,0.0,0.0,0.0,0.0,0.0,0.0,0.0,0.0,0.0,0.0,0.0,0.0,0.0,0.0,0.0,0.0,0.0,0.0,0.0,0.0,0.0,0.0,0.0,0.0,0.0,0.0,0.0,0.0,0.0,0.0,0.0,0.0,0.0,0.0,0.0,0.0,0.0,0.0,0.0,0.0,0.0,0.0,0.0,0.0,0.0,0.0,0.0,0.0,0.0,0.0,0.0,0.0,0.0,0.0,0.0,0.0,0.0,0.0,0.0,0.0,0.0,0.0,0.0,0.0,0.0,0.0,0.0,0.0,0.0,0.0,0.0,0.0,0.0,0.0,0.0,0.0,0.0,0.0,0.0,0.0,0.0,0.0,0.0,0.0,0.0,0.0,0.0,0.0,0.0,0.0,0.0,0.0,0.0,0.0,0.0,0.0,0.0,0.0,0.0,0.0,0.0,0.0,0.0,0.0,0.0,0.0,0.0,0.0,0.0,0.0,0.0,0.0,0.0,0.0,0.0,0.0,0.0,0.0,0.0,0.0,0.0,0.0,0.0,0.0,0.0,0.0,0.0,0.0,0.0,0.0,0.0,0.0,0.0,0.0,0.0,0.0,0.0,0.0,0.0,0.0,0.0,0.0,0.0,0.0,0.0,0.0,0.0,0.0,0.0,0.0,0.0,0.0,0.0,0.0,0.0,0.0,0.0,0.0,0.0,0.0,0.0,0.0,0.0,0.0,0.0,0.0,0.0,0.0,0.0,0.0,0.0,0.0,0.0,0.0,0.0,0.0,0.0,0.0,0.0,0.0,0.0,0.0,0.0,0.0,0.0,0.0,0.0,0.0,0.0,0.0,0.0,0.0,0.0,0.0,0.0,0.0,0.0,0.0,0.0,0.0,0.0,0.0,0.0,0.0,0.0,0.0,0.0,0.0,0.0,0.0,0.0,0.0,0.0,0.0,0.0,0.0,0.0,0.0,0.0,0.0,0.0,0.0,0.0,0.0,0.0,0.0,0.0,0.0,0.0,0.0,0.0,0.0
2,2024-06-28,150페이지까지만 해도 괜찮았는데 그러다가 가게에 관한 책이 아니라 지루해졌죠,0,0.0,0.0,0.0,0.0,0.5638303591264087,0.0,0.0,0.0,0.0,0.0,0.0,0.0,0.0,0.0,0.0,0.0,0.0,0.0,0.0,0.0,0.0,0.0,0.0,0.0,0.0,0.0,0.0,0.0,0.0,0.5010307869227101,0.0,0.0,0.0,0.0,0.0,0.0,0.0,0.0,0.0,0.0,0.0,0.0,0.0,0.0,0.0,0.0,0.0,0.0,0.0,0.0,0.0,0.0,0.0,0.0,0.0,0.0,0.0,0.0,0.0,0.0,0.0,0.0,0.0,0.0,0.0,0.0,0.0,0.0,0.0,0.0,0.0,0.0,0.0,0.0,0.0,0.0,0.0,0.0,0.0,0.0,0.0,0.0,0.0,0.0,0.0,0.0,0.0,0.0,0.0,0.0,0.0,0.0,0.0,0.0,0.0,0.0,0.0,0.0,0.0,0.0,0.0,0.0,0.0,0.0,0.0,0.0,0.0,0.0,0.0,0.0,0.0,0.0,0.0,0.0,0.0,0.0,0.0,0.0,0.0,0.0,0.0,0.0,0.0,0.0,0.0,0.0,0.0,0.0,0.0,0.0,0.0,0.0,0.0,0.0,0.0,0.0,0.0,0.0,0.0,0.0,0.0,0.0,0.0,0.0,0.0,0.0,0.0,0.0,0.0,0.0,0.0,0.0,0.0,0.0,0.0,0.0,0.0,0.0,0.0,0.0,0.0,0.0,0.464253958886187,0.0,0.0,0.0,0.0,0.0,0.0,0.0,0.0,0.0,0.0,0.0,0.0,0.0,0.0,0.0,0.0,0.0,0.0,0.0,0.0,0.0,0.0,0.0,0.0,0.0,0.0,0.0,0.0,0.0,0.0,0.0,0.0,0.0,0.0,0.0,0.0,0.0,0.0,0.0,0.0,0.0,0.0,0.0,0.0,0.0,0.0,0.0,0.0,0.0,0.0,0.0,0.0,0.0,0.0,0.0,0.0,0.0,0.0,0.0,0.0,0.0,0.0,0.0,0.0,0.0,0.0,0.0,0.0,0.0,0.0,0.0,0.0,0.0,0.0,0.0,0.0,0.0,0.0,0.0,0.0,0.0,0.0,0.0,0.0,0.0,0.0,0.0,0.0,0.0,0.0,0.0,0.0,0.0,0.0,0.0,0.0,0.0,0.0,0.0,0.0,0.0,0.0,0.0,0.0,0.0,0.0,0.0,0.464253958886187,0.0,0.0,0.0,0.0,0.0,0.0,0.0,0.0,0.0,0.0,0.0,0.0,0.0,0.0,0.0,0.0,0.0,0.0,0.0,0.0,0.0,0.0,0.0,0.0,0.0,0.0,0.0,0.0,0.0
4,2024-07-27,친절함 친절함의 지성 의사소통과 경청의 필요성을 바탕으로 악에 대한 속죄가 이루어졌습니다 세상에 독고가 더 많아졌으면 좋겠어요,1,0.0,0.0,0.0,0.0,0.0,0.0,0.0,0.0,0.0,0.0,0.0,0.0,0.0,0.0,0.0,0.0,0.0,0.0,0.0,0.0,0.0,0.0,0.0,0.0,0.0,0.0,0.0,0.0,0.0,0.0,0.0,0.0,0.0,0.0,0.0,0.0,0.0,0.0,0.0,0.0,0.0,0.0,0.0,0.0,0.0,0.0,0.0,0.0,0.0,0.0,0.0,0.0,0.0,0.0,0.0,0.0,0.0,0.0,0.0,0.0,0.0,0.0,0.0,0.0,0.0,0.0,0.0,0.0,0.0,0.0,0.0,0.0,0.0,0.0,0.0,0.0,0.0,0.5356232079738699,0.0,0.0,0.0,0.0,0.0,0.8444570913194942,0.0,0.0,0.0,0.0,0.0,0.0,0.0,0.0,0.0,0.0,0.0,0.0,0.0,0.0,0.0,0.0,0.0,0.0,0.0,0.0,0.0,0.0,0.0,0.0,0.0,0.0,0.0,0.0,0.0,0.0,0.0,0.0,0.0,0.0,0.0,0.0,0.0,0.0,0.0,0.0,0.0,0.0,0.0,0.0,0.0,0.0,0.0,0.0,0.0,0.0,0.0,0.0,0.0,0.0,0.0,0.0,0.0,0.0,0.0,0.0,0.0,0.0,0.0,0.0,0.0,0.0,0.0,0.0,0.0,0.0,0.0,0.0,0.0,0.0,0.0,0.0,0.0,0.0,0.0,0.0,0.0,0.0,0.0,0.0,0.0,0.0,0.0,0.0,0.0,0.0,0.0,0.0,0.0,0.0,0.0,0.0,0.0,0.0,0.0,0.0,0.0,0.0,0.0,0.0,0.0,0.0,0.0,0.0,0.0,0.0,0.0,0.0,0.0,0.0,0.0,0.0,0.0,0.0,0.0,0.0,0.0,0.0,0.0,0.0,0.0,0.0,0.0,0.0,0.0,0.0,0.0,0.0,0.0,0.0,0.0,0.0,0.0,0.0,0.0,0.0,0.0,0.0,0.0,0.0,0.0,0.0,0.0,0.0,0.0,0.0,0.0,0.0,0.0,0.0,0.0,0.0,0.0,0.0,0.0,0.0,0.0,0.0,0.0,0.0,0.0,0.0,0.0,0.0,0.0,0.0,0.0,0.0,0.0,0.0,0.0,0.0,0.0,0.0,0.0,0.0,0.0,0.0,0.0,0.0,0.0,0.0,0.0,0.0,0.0,0.0,0.0,0.0,0.0,0.0,0.0,0.0,0.0,0.0,0.0,0.0,0.0,0.0,0.0,0.0,0.0,0.0,0.0,0.0,0.0,0.0,0.0,0.0,0.0,0.0,0.0,0.0
4,2024-11-04,단순하고 단순한 책 같지만 영혼의 포옹이 되었습니다,1,0.0,0.0,0.0,0.0,0.0,0.0,0.0,0.0,0.0,0.0,0.0,0.0,0.0,0.0,0.0,0.0,0.0,0.0,0.0,0.0,0.0,0.0,0.0,0.0,0.0,0.0,0.0,0.0,0.0,0.0,0.0,0.0,0.0,0.0,0.0,0.0,0.0,0.0,0.0,0.0,0.0,0.0,0.0,0.0,0.0,0.0,0.0,0.0,0.0,0.0,0.0,0.0,0.0,0.0,0.0,0.0,0.0,0.0,0.0,0.0,0.0,0.0,0.0,0.0,0.0,0.0,0.0,0.0,0.0,0.0,0.0,0.6567698043988582,0.0,0.0,0.0,0.0,0.0,0.0,0.0,0.0,0.0,0.0,0.0,0.0,0.0,0.0,0.0,0.0,0.0,0.0,0.0,0.0,0.7540911244868789,0.0,0.0,0.0,0.0,0.0,0.0,0.0,0.0,0.0,0.0,0.0,0.0,0.0,0.0,0.0,0.0,0.0,0.0,0.0,0.0,0.0,0.0,0.0,0.0,0.0,0.0,0.0,0.0,0.0,0.0,0.0,0.0,0.0,0.0,0.0,0.0,0.0,0.0,0.0,0.0,0.0,0.0,0.0,0.0,0.0,0.0,0.0,0.0,0.0,0.0,0.0,0.0,0.0,0.0,0.0,0.0,0.0,0.0,0.0,0.0,0.0,0.0,0.0,0.0,0.0,0.0,0.0,0.0,0.0,0.0,0.0,0.0,0.0,0.0,0.0,0.0,0.0,0.0,0.0,0.0,0.0,0.0,0.0,0.0,0.0,0.0,0.0,0.0,0.0,0.0,0.0,0.0,0.0,0.0,0.0,0.0,0.0,0.0,0.0,0.0,0.0,0.0,0.0,0.0,0.0,0.0,0.0,0.0,0.0,0.0,0.0,0.0,0.0,0.0,0.0,0.0,0.0,0.0,0.0,0.0,0.0,0.0,0.0,0.0,0.0,0.0,0.0,0.0,0.0,0.0,0.0,0.0,0.0,0.0,0.0,0.0,0.0,0.0,0.0,0.0,0.0,0.0,0.0,0.0,0.0,0.0,0.0,0.0,0.0,0.0,0.0,0.0,0.0,0.0,0.0,0.0,0.0,0.0,0.0,0.0,0.0,0.0,0.0,0.0,0.0,0.0,0.0,0.0,0.0,0.0,0.0,0.0,0.0,0.0,0.0,0.0,0.0,0.0,0.0,0.0,0.0,0.0,0.0,0.0,0.0,0.0,0.0,0.0,0.0,0.0,0.0,0.0,0.0,0.0,0.0,0.0,0.0,0.0,0.0,0.0,0.0,0.0,0.0,0.0,0.0,0.0,0.0
4,2025-01-11,여행 중 버스에서 읽었는데 꽤 놀랐어요 정말 맛있고 아름다운 메시지가 담겨 있었어요,1,0.0,0.0,0.0,0.0,0.0,0.0,0.0,0.0,0.0,0.0,0.0,0.0,0.0,0.0,0.0,0.0,0.0,0.0,0.0,0.0,0.0,0.0,0.0,0.0,0.0,0.0,0.0,0.0,0.0,0.0,0.0,0.0,0.0,0.0,0.0,0.0,0.0,0.0,0.0,0.0,0.0,0.0,0.0,0.0,0.0,0.0,0.0,0.0,0.0,0.0,0.0,0.0,0.0,0.0,0.0,0.0,0.0,0.0,0.0,0.0,0.0,0.0,0.0,0.0,0.0,0.0,0.0,0.0,0.0,0.0,0.0,0.0,0.0,0.0,0.0,0.0,0.0,0.0,0.0,0.0,0.0,0.0,0.0,0.0,0.0,0.0,0.0,0.0,0.0,0.0,0.0,0.0,0.0,0.0,0.0,0.0,0.0,0.0,0.0,0.0,0.0,0.0,0.0,0.0,0.0,0.0,0.0,0.0,0.0,0.0,0.0,0.0,0.0,0.0,0.0,0.0,0.0,0.0,0.0,0.0,0.0,0.0,0.0,0.0,0.0,0.0,0.0,0.0,0.0,0.0,0.0,0.0,0.0,0.0,0.0,0.0,0.0,0.0,0.0,0.0,0.0,0.0,0.0,0.0,0.0,0.0,0.0,0.0,0.0,0.0,0.0,0.0,0.0,0.0,0.0,0.0,0.0,0.0,0.0,0.0,0.0,0.0,0.0,0.0,0.8228901108679985,0.0,0.0,0.0,0.0,0.0,0.0,0.0,0.0,0.0,0.0,0.0,0.0,0.0,0.0,0.0,0.0,0.0,0.0,0.0,0.0,0.0,0.0,0.0,0.0,0.0,0.0,0.0,0.0,0.0,0.0,0.0,0.0,0.0,0.0,0.0,0.0,0.0,0.0,0.0,0.0,0.0,0.0,0.0,0.0,0.0,0.0,0.0,0.0,0.0,0.0,0.0,0.0,0.0,0.0,0.0,0.0,0.0,0.0,0.0,0.0,0.0,0.0,0.0,0.0,0.0,0.0,0.0,0.0,0.0,0.0,0.0,0.0,0.0,0.0,0.0,0.0,0.0,0.0,0.0,0.0,0.0,0.0,0.0,0.0,0.5682005503654967,0.0,0.0,0.0,0.0,0.0,0.0,0.0,0.0,0.0,0.0,0.0,0.0,0.0,0.0,0.0,0.0,0.0,0.0,0.0,0.0,0.0,0.0,0.0,0.0,0.0,0.0,0.0,0.0,0.0,0.0,0.0,0.0,0.0,0.0,0.0,0.0,0.0,0.0,0.0,0.0,0.0,0.0,0.0,0.0,0.0,0.0,0.0,0.0,0.0,0.0
5,2025-03-15,기이 정말 아늑하고 기대 없이 갔는데 멋진 책을 발견했습니다 이 흥미로운 캐릭터들을 알아가시기를 바랍니다,1,0.0,0.0,0.0,0.0,0.0,0.0,0.0,0.0,0.0,0.0,0.0,0.0,0.0,0.0,0.0,0.0,0.0,0.0,0.0,0.0,0.0,0.0,0.0,0.0,0.0,0.0,0.0,0.0,0.0,0.0,0.0,0.0,0.0,0.0,0.0,0.0,0.0,0.0,0.0,0.0,0.0,0.0,0.0,0.0,0.0,0.0,0.0,0.0,0.0,0.0,0.0,0.0,0.0,0.0,0.0,0.0,0.0,0.0,0.0,0.0,0.0,0.0,0.0,0.0,0.0,0.0,0.0,0.0,0.0,0.0,0.0,0.0,0.0,0.0,0.0,0.0,0.0,0.0,0.0,0.0,0.0,0.0,0.0,0.0,0.0,0.0,0.0,0.0,0.0,0.0,0.0,0.0,0.0,0.0,0.0,0.0,0.0,0.0,0.0,0.0,0.0,0.0,0.0,0.0,0.0,0.0,0.0,0.0,0.0,0.0,0.0,0.0,0.0,0.0,0.0,0.0,0.0,0.0,0.0,0.0,0.0,0.0,0.0,0.0,0.0,0.0,0.0,0.0,0.0,0.0,0.0,0.0,0.0,0.0,0.0,0.0,0.0,0.0,0.0,0.0,0.0,0.0,0.0,0.0,0.0,0.0,0.0,0.0,0.0,0.0,0.0,0.0,0.0,0.0,0.0,0.0,0.0,0.0,0.0,0.0,0.0,0.0,0.0,0.0,0.0,0.0,0.0,0.0,0.0,0.0,0.0,0.0,0.0,0.0,0.0,0.0,0.0,0.0,0.0,0.0,0.0,0.0,0.0,0.0,0.0,0.0,0.5911048970977374,0.0,0.0,0.0,0.0,0.0,0.0,0.0,0.0,0.0,0.0,0.0,0.0,0.0,0.0,0.0,0.0,0.0,0.0,0.0,0.0,0.0,0.0,0.0,0.0,0.0,0.0,0.0,0.0,0.0,0.0,0.0,0.0,0.0,0.0,0.0,0.0,0.0,0.0,0.0,0.0,0.0,0.0,0.0,0.0,0.0,0.0,0.0,0.0,0.0,0.0,0.0,0.0,0.0,0.0,0.0,0.0,0.0,0.0,0.0,0.0,0.0,0.0,0.34236279207812986,0.0,0.0,0.0,0.0,0.0,0.0,0.0,0.0,0.0,0.0,0.0,0.0,0.0,0.0,0.0,0.0,0.0,0.0,0.3709720676975761,0.0,0.0,0.0,0.0,0.0,0.0,0.0,0.0,0.0,0.0,0.0,0.0,0.0,0.0,0.0,0.0,0.0,0.0,0.0,0.0,0.0,0.0,0.0,0.0,0.0,0.0,0.0,0.0,0.0,0.6290965301253262,0.0
5,2025-06-19,4 5 반올림 정말 즐거운 이야기였어요 그것은 마음이 따뜻해졌고 나에게 모든 느낌을 주었습니다 왜 해외 베스트셀러인지 확실히 알겠어요 염여사는 역사교사를 그만둔 뒤 남편을 잃은 뒤 편의점을 열었다 그녀는 서울에서 부산까지 기차를 타고 여행하던 중 지갑이 없어진 것을 발견했다 다행히 서울역 공중전화로 전화가 왔다 상대방은 그녀의 지갑을 발견했고 그녀가 그것을 되찾을 때까지 그것을 안전하게 보관하겠다고 제안했습니다 서울역에 거주하며 기억을 잃은 독고는 염부인의 지갑을 돌려준 뒤 인생에 큰 변화를 겪는다 처음에 그는 감사의 표시로 무료 점심을 제공받았고 나중에는 취업 기회로 이어졌습니다 그는 빠르게 다른 직원과 고객의 마음을 사로잡고 환영받는 귀이자 조언의 원천이 되었습니다 이 책의 각 장은 다른 캐릭터의 POV로 전달되었습니다 나는 그들 모두와 그들의 삶에서 무슨 일이 일어나고 있는지 알아가는 것을 좋아했습니다 독고가 그들의 도전에 도움을 주는 방식은 정말 감동적이었습니다 이 책에는 약간의 미스터리도 있었습니다 독고의 과거 노숙자가 되기 전에 그의 삶에는 어떤 일이 일어났나요 그리고 나를 계속 참여하게 만드는 많은 드라마가있었습니다 두 번째 기회 친절함 공동체에 관한 이 책은 기분이 좋고 아늑하며 입맛을 맑게 해주는 책이었습니다 나는 이 작품을 정말 즐겼고 꼭 추천하고 싶습니다,1,0.0,0.0,0.0,0.0,0.0,0.0,0.0,0.0,0.0,0.0,0.0,0.0,0.0,0.0,0.0,0.0,0.0,0.0,0.0,0.15962080469969364,0.0,0.0,0.0,0.0,0.0,0.15332204958867568,0.0,0.0,0.0,0.12386848406632688,0.0,0.11558452521004997,0.221995397009416,0.0,0.11993846848096365,0.2089944053975767,0.252032138540048,0.0,0.0,0.0,0.0,0.0,0.09017682757514305,0.0,0.10824821748823102,0.0,0.0,0.14283213648321239,0.1334051828054786,0.12492549592673051,0.0,0.0,0.0,0.0,0.1388540030005672,0.11726047588780297,0.10891523213568868,0.0,0.0,0.0,0.0,0.0,0.0,0.14107020284440616,0.0,0.12284302955771119,0.0,0.1631750636389432,0.0,0.0,0.0,0.0,0.0,0.0,0.0,0.0,0.0,0.0,0.0,0.0,0.14665275651431436,0.0,0.0,0.12492549592673051,0.11641228032398782,0.0,0.12284302955771119,0.0,0.0,0.0,0.0,0.0,0.14468935499589183,0.0,0.0,0.0,0.0,0.0,0.0,0.0,0.0,0.0,0.0,0.0,0.0,0.11398655453174622,0.11172088679510987,0.0,0.13480742546131116,0.0,0.09260255336738464,0.0,0.0,0.0,0.0,0.08314210366066295,0.0,0.14107020284440616,0.0,0.0,0.0,0.0,0.0,0.0,0.0,0.09017682757514305,0.14665275651431436,0.0,0.0,0.0,0.0,0.0,0.0,0.0,0.0,0.0,0.0,0.0,0.0,0.0,0.0,0.0,0.0,0.0,0.0,0.0,0.0,0.0,0.0,0.0,0.0,0.0,0.0,0.0,0.0,0.0,0.0,0.0,0.0,0.1377962814883494,0.0,0.0,0.0,0.0,0.0,0.0,0.0,0.0,0.0,0.0,0.0,0.0,0.0,0.0,0.0,0.0,0.0,0.0,0.0,0.0,0.10759390865745427,0.0,0.0,0.0,0.0,0.0,0.0,0.0,0.0,0.0,0.0,0.0,0.0,0.0,0.0,0.0,0.0,0.0,0.0,0.0,0.0,0.0,0.0,0.0,0.0,0.0,0.0,0.0,0.0,0.0,0.0,0.0,0.0,0.0,0.0,0.2542848108447673,0.0,0.0,0.0,0.0,0.0,0.0,0.0,0.0,0.0,0.0,0.1307615575738693,0.0,0.0,0.0,0.0,0.0,0.1377962814883494,0.0,0.0,0.0,0.0,0.0,0.0,0.0,0.0,0.0,0.1283069296553915,0.0,0.0,0.0,0.0,0.0,0.0,0.2394312070495405,0.0,0.0,0.0,0.0,0.14665275651431436,0.0,0.0,0.11902240952660918,0.0,0.0,0.0,0.0,0.0,0.24369460518628994,0.0,0.0,0.0,0.08346164247658061,0.0,0.11726047588780297,0.0,0.0,0.0,0.0,0.0,0.0,0.0,0.0,0.0,0.0,0.13480742546131116,0.0,0.0,0.0,0.0,0.0,0.14283213648321239,0.0,0.0,0.0,0.0,0.0,0.0,0.0,0.0,0.0,0.1283069296553915,0.0,0.0,0.0
4,2025-07-18,그럼 뭐라고 할까 내가 찾던 것 차분하고 단순하며 위로가 되는 책입니다 그가 당신을 안아준다고 합시다,1,0.0,0.0,0.0,0.0,0.0,0.0,0.0,0.0,0.0,0.0,0.0,0.0,0.0,0.0,0.0,0.0,0.0,0.0,0.0,0.0,0.0,0.0,0.0,0.0,0.0,0.0,0.0,0.0,0.0,0.0,0.44365670552088504,0.0,0.0,0.0,0.0,0.0,0.0,0.0,0.0,0.0,0.0,0.0,0.0,0.0,0.0,0.0,0.0,0.0,0.0,0.0,0.0,0.0,0.0,0.0,0.0,0.0,0.0,0.0,0.0,0.0,0.3940070239621612,0.0,0.0,0.0,0.0,0.0,0.0,0.0,0.0,0.0,0.0,0.0,0.0,0.0,0.5324075975834154,0.0,0.0,0.0,0.0,0.0,0.0,0.0,0.0,0.0,0.0,0.0,0.0,0.0,0.0,0.0,0.0,0.4370890879046039,0.0,0.0,0.0,0.0,0.0,0.0,0.0,0.0,0.0,0.0,0.0,0.0,0.0,0.0,0.0,0.0,0.0,0.0,0.0,0.0,0.0,0.0,0.0,0.0,0.0,0.0,0.0,0.0,0.0,0.0,0.0,0.0,0.0,0.0,0.0,0.0,0.0,0.0,0.0,0.0,0.0,0.0,0.0,0.0,0.0,0.0,0.0,0.0,0.0,0.0,0.0,0.0,0.0,0.0,0.0,0.0,0.0,0.0,0.0,0.0,0.0,0.0,0.0,0.0,0.0,0.0,0.0,0.0,0.0,0.0,0.0,0.0,0.0,0.0,0.0,0.0,0.0,0.0,0.0,0.0,0.0,0.0,0.0,0.0,0.0,0.0,0.0,0.0,0.0,0.0,0.0,0.0,0.0,0.0,0.0,0.0,0.0,0.0,0.0,0.0,0.0,0.0,0.0,0.0,0.0,0.0,0.0,0.0,0.0,0.0,0.0,0.0,0.0,0.0,0.0,0.0,0.0,0.0,0.0,0.0,0.0,0.0,0.0,0.0,0.0,0.0,0.0,0.0,0.0,0.0,0.0,0.0,0.0,0.0,0.0,0.0,0.0,0.0,0.0,0.0,0.0,0.0,0.0,0.0,0.0,0.0,0.0,0.0,0.0,0.0,0.0,0.0,0.0,0.0,0.0,0.0,0.0,0.0,0.0,0.0,0.0,0.0,0.0,0.0,0.0,0.0,0.0,0.0,0.0,0.0,0.0,0.0,0.0,0.0,0.0,0.0,0.0,0.0,0.0,0.0,0.4164402381915236,0.0,0.0,0.0,0.0,0.0,0.0,0.0,0.0,0.0,0.0,0.0,0.0,0.0,0.0,0.0,0.0,0.0,0.0,0.0,0.0,0.0,0.0,0.0,0.0,0.0,0.0,0.0
4,2025-09-03,김호염 작가의 두 번째 기회 편의점 은 빠르고 깊이 있게 읽혔습니다 임사체험을 한 후 신비한 편의점에서 깨어난 지친 의사의 이야기를 그리고 자신의 삶을 재고할 두 번째 기회가 주어졌다는 사실을 알게 됩니다 결말은 나를 놀라게 했고 감정을 느끼게 했다 나는 의료계에 종사하는 모든 사람 특히 번아웃을 다루는 사람들에게 이 책을 강력히 추천합니다 이는 우리가 하는 일을 왜 하는지에 대한 온화하고 생각을 불러일으키는 알림입니다,1,0.0,0.0,0.0,0.0,0.0,0.0,0.0,0.0,0.0,0.0,0.0,0.0,0.0,0.0,0.0,0.0,0.0,0.0,0.0,0.0,0.0,0.0,0.0,0.0,0.0,0.0,0.0,0.0,0.0,0.0,0.0,0.0,0.0,0.0,0.0,0.0,0.0,0.0,0.0,0.0,0.0,0.0,0.15310892431816667,0.0,0.0,0.0,0.0,0.0,0.0,0.2121077977079732,0.24899795659245405,0.0,0.0,0.0,0.11787832644130697,0.19909355663745584,0.0,0.0,0.0,0.0,0.0,0.0,0.0,0.0,0.0,0.0,0.0,0.0,0.0,0.0,0.0,0.0,0.0,0.0,0.0,0.0,0.0,0.13453597608742654,0.0,0.0,0.0,0.0,0.0,0.0,0.0,0.0,0.0,0.0,0.0,0.0,0.0,0.0,0.0,0.0,0.20057014896801645,0.0,0.0,0.0,0.0,0.0,0.0,0.0,0.0,0.0,0.0,0.0,0.0,0.0,0.0,0.0,0.0,0.0,0.0,0.0,0.0,0.14116484688293182,0.0,0.0,0.0,0.0,0.0,0.0,0.0,0.0,0.0,0.30621784863633333,0.0,0.0,0.0,0.22201669720106468,0.0,0.0,0.0,0.0,0.0,0.0,0.0,0.0,0.0,0.23667392809518764,0.0,0.18492438115837387,0.0,0.0,0.0,0.0,0.0,0.0,0.0,0.0,0.0,0.0,0.0,0.0,0.0,0.0,0.0,0.0,0.0,0.0,0.0,0.0,0.0,0.0,0.0,0.0,0.0,0.0,0.0,0.0,0.0,0.0,0.0,0.0,0.24251102376369582,0.0,0.0,0.0,0.0,0.0,0.0,0.0,0.0,0.0,0.0,0.0,0.0,0.0,0.0,0.0,0.0,0.0,0.0,0.19909355663745584,0.0,0.0,0.0,0.0,0.0,0.0,0.23667392809518764,0.0,0.0,0.0,0.0,0.0,0.15377547193603086,0.0,0.0,0.0,0.0,0.0,0.0,0.0,0.21989565321113502,0.0,0.0,0.0,0.0,0.0,0.0,0.0,0.0,0.0,0.0,0.0,0.0,0.0,0.0,0.0,0.0,0.0,0.0,0.0,0.0,0.0,0.0,0.1624316652919247,0.0,0.23667392809518764,0.0,0.0,0.0,0.0,0.0,0.0,0.0,0.0,0.0,0.0,0.0,0.0,0.0,0.0,0.0,0.0,0.0,0.0,0.0,0.0,0.0,0.0,0.0,0.0,0.0,0.0,0.0,0.0,0.146831658396164,0.0,0.0,0.0,0.0,0.0,0.0,0.0,0.0,0.0,0.0,0.0,0.0,0.0,0.21031312436128569,0.18492438115837387,0.2313682464153444,0.0,0.0,0.0,0.0,0.20523842231701203,0.0,0.0,0.0,0.0,0.0,0.0,0.0,0.0,0.0,0.0
4,2025-10-25,코스툼브리스타는 내가 절대 사용할 수 없는 단어인데 이 책은 나를 위해 그 단어를 접시에 담는다 가식 없는 책 읽기 쉽고 어쩌면 어떤 부분에서는 믿기 어려울 정도로 좋은 책입니다,1,0.0,0.0,0.0,0.0,0.0,0.0,0.0,0.0,0.0,0.0,0.0,0.0,0.0,0.0,0.0,0.0,0.0,0.0,0.0,0.0,0.0,0.0,0.0,0.0,0.0,0.0,0.0,0.0,0.0,0.0,0.0,0.0,0.0,0.0,0.0,0.0,0.0,0.0,0.0,0.0,0.0,0.0,0.0,0.0,0.0,0.0,0.0,0.0,0.0,0.0,0.0,0.0,0.0,0.0,0.0,0.2781409882140976,0.0,0.0,0.0,0.0,0.2507257811754143,0.0,0.0,0.0,0.0,0.0,0.0,0.0,0.0,0.0,0.0,0.0,0.0,0.0,0.0,0.0,0.0,0.0,0.0,0.0,0.0,0.0,0.0,0.0,0.0,0.0,0.0,0.0,0.0,0.0,0.0,0.0,0.0,0.0,0.0,0.0,0.0,0.0,0.0,0.0,0.0,0.0,0.0,0.0,0.0,0.0,0.0,0.0,0.0,0.0,0.0,0.0,0.0,0.0,0.0,0.0,0.0,0.0,0.0,0.0,0.0,0.0,0.0,0.0,0.0,0.0,0.0,0.0,0.0,0.0,0.0,0.0,0.0,0.0,0.0,0.0,0.0,0.0,0.0,0.0,0.0,0.0,0.0,0.0,0.0,0.0,0.0,0.0,0.0,0.0,0.0,0.0,0.0,0.0,0.0,0.3346174858120942,0.0,0.0,0.0,0.0,0.0,0.0,0.0,0.0,0.0,0.0,0.0,0.0,0.0,0.0,0.0,0.0,0.0,0.0,0.0,0.0,0.0,0.0,0.0,0.0,0.2552119616880602,0.0,0.0,0.0,0.6264809500611823,0.0,0.0,0.0,0.0,0.0,0.0,0.0,0.0,0.0,0.0,0.0,0.0,0.23858260615496074,0.0,0.0,0.0,0.0,0.0,0.0,0.0,0.0,0.0,0.0,0.0,0.0,0.0,0.0,0.0,0.0,0.0,0.0,0.0,0.0,0.27416564550651445,0.0,0.0,0.0,0.0,0.0,0.0,0.0,0.0,0.0,0.0,0.0,0.0,0.0,0.0,0.0,0.0,0.0,0.0,0.0,0.0,0.0,0.0,0.0,0.0,0.0,0.0,0.0,0.0,0.0,0.0,0.0,0.0,0.0,0.0,0.0,0.0,0.22065232402214205,0.0,0.0,0.0,0.0,0.0,0.0,0.0,0.0,0.0,0.0,0.0,0.1979704034172565,0.0,0.0,0.0,0.0,0.26500112354208355,0.0,0.0,0.0,0.0,0.0,0.0,0.0,0.0,0.0,0.0,0.0,0.0,0.0,0.0,0.0,0.0,0.0,0.0,0.0,0.0,0.0,0.0,0.0,0.0,0.0,0.0,0.0
3,2026-01-13,좋지만 더 이상은 없습니다 전형적인 편평한 뇌파도 책 강렬한 책들 사이에 약간의 다리 역할을 합니다 p,0,0.0,0.0,0.0,0.0,0.0,0.0,0.0,0.0,0.0,0.0,0.0,0.0,0.0,0.0,0.0,0.0,0.0,0.0,0.0,0.0,0.0,0.0,0.0,0.0,0.0,0.0,0.0,0.0,0.0,0.0,0.0,0.0,0.0,0.0,0.0,0.0,0.0,0.0,0.0,0.0,0.0,0.0,0.0,0.0,0.0,0.0,0.0,0.0,0.0,0.0,0.0,0.0,0.0,0.0,0.0,0.0,0.0,0.0,0.0,0.0,0.0,0.0,0.0,0.0,0.0,0.0,0.0,0.0,0.0,0.0,0.0,0.0,0.0,0.0,0.0,0.0,0.0,0.0,0.0,0.0,0.0,0.0,0.0,0.0,0.0,0.0,0.0,0.0,0.0,0.0,0.0,0.0,0.0,0.0,0.0,0.0,0.0,0.0,0.0,0.0,0.0,0.0,0.0,0.0,0.0,0.0,0.0,0.0,0.0,0.0,0.0,0.0,0.0,0.0,0.0,0.0,0.0,0.0,0.0,0.0,0.0,0.0,0.0,0.0,0.0,0.0,0.0,0.0,0.0,0.0,0.0,0.0,0.0,0.0,0.0,0.0,0.0,0.0,0.0,0.0,0.0,0.0,0.0,0.0,0.0,0.0,0.0,0.0,0.0,0.0,0.0,0.0,0.0,0.0,0.0,0.0,0.0,0.0,0.0,0.0,0.0,0.0,0.0,0.0,0.0,0.0,0.0,0.0,0.0,0.0,0.0,0.0,0.0,0.0,0.0,0.0,0.0,0.0,0.0,0.0,0.0,0.0,0.0,0.0,0.0,0.6976025350981683,0.0,0.0,0.0,0.0,0.0,0.0,0.0,0.0,0.0,0.0,0.0,0.0,0.0,0.0,0.0,0.0,0.0,0.0,0.0,0.0,0.0,0.0,0.0,0.0,0.0,0.0,0.0,0.0,0.0,0.0,0.0,0.0,0.0,0.0,0.0,0.0,0.0,0.0,0.0,0.0,0.0,0.0,0.0,0.0,0.0,0.0,0.0,0.0,0.0,0.0,0.0,0.0,0.0,0.0,0.0,0.0,0.0,0.0,0.0,0.0,0.0,0.0,0.0,0.0,0.0,0.0,0.0,0.0,0.0,0.0,0.0,0.0,0.0,0.0,0.0,0.0,0.0,0.0,0.0,0.0,0.0,0.0,0.0,0.0,0.0,0.0,0.0,0.0,0.0,0.0,0.0,0.0,0.0,0.0,0.0,0.0,0.0,0.0,0.0,0.0,0.0,0.0,0.0,0.0,0.0,0.0,0.0,0.7164849635718873,0.0,0.0,0.0,0.0,0.0,0.0
4,2026-03-01,4 5 처음에는 지루한 책이고 관심을 끌지 못할 것이라고 생각했지만 진실과 더 이상 다를 수 없었습니다 나는 이 책이 매우 흥미롭고 사려 깊으며 읽기 쉽고 매우 위안이 되는 책이라고 생각했습니다,1,0.0,0.0,0.0,0.0,0.0,0.0,0.0,0.0,0.0,0.0,0.0,0.0,0.0,0.0,0.0,0.0,0.0,0.0,0.0,0.0,0.0,0.0,0.0,0.0,0.0,0.0,0.0,0.0,0.0,0.0,0.0,0.0,0.0,0.0,0.0,0.0,0.0,0.0,0.0,0.0,0.0,0.0,0.0,0.0,0.0,0.0,0.0,0.0,0.0,0.0,0.0,0.0,0.0,0.0,0.21222332934222832,0.0,0.0,0.0,0.0,0.0,0.0,0.0,0.0,0.0,0.0,0.0,0.0,0.0,0.0,0.0,0.0,0.0,0.0,0.0,0.0,0.0,0.0,0.0,0.0,0.0,0.0,0.0,0.0,0.0,0.0,0.0,0.0,0.0,0.0,0.0,0.0,0.3584399161047158,0.0,0.0,0.0,0.0,0.0,0.0,0.0,0.0,0.0,0.0,0.0,0.0,0.0,0.0,0.0,0.0,0.0,0.0,0.0,0.0,0.0,0.49148572352020337,0.0,0.0,0.0,0.0,0.0,0.0,0.0,0.0,0.0,0.0,0.0,0.0,0.0,0.0,0.0,0.0,0.0,0.0,0.0,0.0,0.0,0.0,0.0,0.0,0.0,0.0,0.0,0.0,0.0,0.0,0.0,0.0,0.0,0.0,0.0,0.0,0.0,0.0,0.0,0.0,0.0,0.43122110233294564,0.0,0.0,0.0,0.0,0.0,0.0,0.0,0.0,0.0,0.0,0.0,0.0,0.0,0.0,0.0,0.0,0.0,0.0,0.0,0.0,0.0,0.0,0.0,0.0,0.0,0.0,0.0,0.0,0.0,0.0,0.0,0.0,0.0,0.0,0.0,0.0,0.0,0.0,0.0,0.0,0.0,0.0,0.0,0.0,0.0,0.0,0.0,0.0,0.0,0.0,0.0,0.0,0.0,0.0,0.0,0.0,0.0,0.0,0.0,0.0,0.0,0.0,0.35331689732297206,0.0,0.0,0.0,0.0,0.0,0.0,0.0,0.0,0.0,0.0,0.0,0.0,0.0,0.0,0.0,0.0,0.0,0.0,0.0,0.0,0.0,0.0,0.0,0.0,0.0,0.0,0.0,0.0,0.0,0.0,0.0,0.0,0.0,0.0,0.0,0.0,0.0,0.0,0.0,0.0,0.0,0.0,0.0,0.0,0.0,0.0,0.0,0.0,0.0,0.0,0.0,0.3508461702363081,0.0,0.0,0.38864683763142815,0.0,0.0,0.0,0.0,0.0,0.0,0.0,0.0,0.0,0.0,0.0,0.0,0.0,0.0,0.0,0.0,0.0,0.0,0.0,0.0,0.0,0.0,0.0,0.0,0.0,0.0
4,2026-03-09,매우 마음이 따뜻해지는 누군가를 처음부터 판단하지 말라는 또 다른 알림,1,0.0,0.0,0.0,0.0,0.0,0.0,0.0,0.0,0.0,0.0,0.0,0.0,0.0,0.0,0.0,0.0,0.0,0.0,0.0,0.0,0.0,0.0,0.0,0.0,0.0,0.0,0.0,0.0,0.0,0.0,0.0,0.0,0.0,0.0,0.0,0.0,0.0,0.0,0.0,0.0,0.0,0.0,0.0,0.0,0.0,0.0,0.0,0.0,0.0,0.0,0.0,0.0,0.0,0.0,0.0,0.0,0.0,0.0,0.0,0.0,0.0,0.0,0.0,0.0,0.0,0.0,0.0,0.3803952495857707,0.0,0.0,0.0,0.0,0.0,0.0,0.0,0.0,0.0,0.0,0.0,0.0,0.0,0.0,0.0,0.0,0.0,0.0,0.0,0.0,0.0,0.0,0.0,0.0,0.0,0.0,0.0,0.0,0.0,0.0,0.0,0.6659432513122483,0.0,0.0,0.0,0.0,0.0,0.0,0.5208895730588444,0.0,0.0,0.0,0.0,0.0,0.0,0.37482408247446675,0.0,0.0,0.0,0.0,0.0,0.0,0.0,0.0,0.0,0.0,0.0,0.0,0.0,0.0,0.0,0.0,0.0,0.0,0.0,0.0,0.0,0.0,0.0,0.0,0.0,0.0,0.0,0.0,0.0,0.0,0.0,0.0,0.0,0.0,0.0,0.0,0.0,0.0,0.0,0.0,0.0,0.0,0.0,0.0,0.0,0.0,0.0,0.0,0.0,0.0,0.0,0.0,0.0,0.0,0.0,0.0,0.0,0.0,0.0,0.0,0.0,0.0,0.0,0.0,0.0,0.0,0.0,0.0,0.0,0.0,0.0,0.0,0.0,0.0,0.0,0.0,0.0,0.0,0.0,0.0,0.0,0.0,0.0,0.0,0.0,0.0,0.0,0.0,0.0,0.0,0.0,0.0,0.0,0.0,0.0,0.0,0.0,0.0,0.0,0.0,0.0,0.0,0.0,0.0,0.0,0.0,0.0,0.0,0.0,0.0,0.0,0.0,0.0,0.0,0.0,0.0,0.0,0.0,0.0,0.0,0.0,0.0,0.0,0.0,0.0,0.0,0.0,0.0,0.0,0.0,0.0,0.0,0.0,0.0,0.0,0.0,0.0,0.0,0.0,0.0,0.0,0.0,0.0,0.0,0.0,0.0,0.0,0.0,0.0,0.0,0.0,0.0,0.0,0.0,0.0,0.0,0.0,0.0,0.0,0.0,0.0,0.0,0.0,0.0,0.0,0.0,0.0,0.0,0.0,0.0,0.0,0.0,0.0,0.0,0.0,0.0,0.0,0.0,0.0,0.0,0.0,0.0,0.0,0.0,0.0,0.0
5,2026-03-17,이야기가 얽혀 있는 정말 유쾌한 작은 책입니다,1,0.0,0.0,0.0,0.0,0.0,0.0,0.0,0.0,0.0,0.0,0.0,0.0,0.0,0.0,0.0,0.0,0.0,0.0,0.0,0.0,0.0,0.0,0.0,0.0,0.0,0.0,0.0,0.0,0.0,0.0,0.0,0.0,0.0,0.0,0.0,0.0,0.0,0.0,0.0,0.0,0.0,0.0,0.0,0.0,0.0,0.0,0.0,0.0,0.0,0.0,0.0,0.0,0.0,0.0,0.0,0.0,0.0,0.0,0.0,0.0,0.0,0.0,0.0,0.0,0.0,0.0,0.0,0.0,0.0,0.0,0.0,0.0,0.0,0.0,0.0,0.0,0.0,0.0,0.0,0.0,0.0,0.0,0.0,0.0,0.0,0.0,0.0,0.0,0.0,0.0,0.0,0.0,0.0,0.0,0.0,0.0,0.0,0.0,0.0,0.0,0.0,0.0,0.0,0.0,0.0,0.0,0.0,0.0,0.0,0.0,0.0,0.0,0.0,0.0,0.0,0.0,0.0,0.0,0.0,0.0,0.0,0.0,0.0,0.0,0.0,0.0,0.0,0.0,0.0,0.0,0.0,0.0,0.0,0.0,0.0,0.0,0.0,0.0,0.0,0.0,0.0,0.0,0.0,0.0,0.0,0.0,0.0,0.0,0.0,0.0,0.0,0.0,0.0,0.0,0.0,0.0,0.0,0.0,0.0,0.0,0.0,0.0,0.0,0.0,0.0,0.0,0.0,0.0,0.0,0.0,0.0,0.0,0.0,0.0,0.0,0.0,0.0,0.0,0.0,0.0,0.0,0.0,0.0,0.0,0.0,0.0,0.0,0.0,0.0,0.0,0.0,0.0,0.0,0.0,0.0,0.0,0.0,0.0,0.0,0.0,0.0,0.0,0.0,0.0,0.4877860478614296,0.0,0.0,0.0,0.0,0.0,0.0,0.0,0.0,0.0,0.0,0.0,0.0,0.0,0.0,0.0,0.0,0.0,0.0,0.0,0.0,0.36166721880088293,0.0,0.0,0.0,0.0,0.0,0.0,0.0,0.0,0.0,0.0,0.0,0.0,0.0,0.0,0.43882571913600527,0.0,0.0,0.0,0.0,0.0,0.0,0.0,0.0,0.3850082053172494,0.0,0.0,0.0,0.0,0.0,0.0,0.0,0.0,0.0,0.0,0.0,0.0,0.0,0.0,0.0,0.0,0.0,0.0,0.0,0.0,0.0,0.0,0.538945511549841,0.0,0.0,0.0,0.0,0.0,0.0,0.0,0.0,0.0,0.0,0.0,0.0,0.0,0.0,0.0,0.0,0.0,0.0,0.0,0.0,0.0,0.0,0.0,0.0,0.0,0.0,0.0
5,2026-03-25,INCONVENIENCE 매장과 비슷합니다,1,0.0,0.0,0.0,0.0,0.0,0.0,0.0,0.0,0.0,0.0,0.0,0.0,0.0,0.0,0.0,0.0,0.0,0.0,0.0,0.0,0.0,0.0,0.0,0.0,0.0,0.0,0.0,0.0,0.0,0.0,0.0,0.0,0.0,0.0,0.0,0.0,0.0,0.0,0.0,0.0,0.0,0.0,0.0,0.0,0.0,0.0,0.0,0.0,0.0,0.0,0.0,0.0,0.0,0.0,0.0,0.0,0.0,0.0,0.0,0.0,0.0,0.0,0.0,0.0,0.0,0.0,0.0,0.0,0.0,0.0,0.0,0.0,0.0,0.0,0.0,0.0,0.0,0.0,0.0,0.0,0.0,0.0,0.0,0.0,0.0,0.0,0.0,0.0,0.0,0.0,0.0,0.0,0.0,0.0,0.0,0.0,0.0,0.0,0.0,0.0,0.0,0.0,0.0,0.0,0.0,0.0,0.0,0.0,0.0,0.0,0.0,0.0,0.0,0.0,0.0,0.0,0.0,0.0,0.0,0.0,0.0,0.0,0.0,0.0,0.0,0.0,0.0,0.0,0.0,0.0,0.0,0.0,0.0,0.0,0.0,0.0,0.0,0.0,0.0,0.0,0.0,0.0,0.0,0.0,0.0,0.0,0.0,0.0,0.0,0.0,0.0,0.0,0.0,0.0,0.0,0.0,0.0,0.0,0.0,0.0,0.0,0.0,0.0,0.0,0.0,0.0,0.0,0.0,0.0,0.0,0.0,0.0,0.0,0.0,0.0,0.0,0.0,0.0,0.0,0.0,0.0,0.0,0.0,0.0,0.0,0.0,0.0,0.0,0.0,0.0,0.0,0.0,0.0,0.0,0.0,0.0,0.0,0.0,0.0,0.0,0.0,0.0,0.0,0.0,0.0,0.0,0.0,0.0,0.0,0.0,0.0,0.0,0.0,0.0,0.0,0.0,0.0,0.0,0.0,0.0,0.0,0.0,0.0,0.0,0.0,0.0,0.0,0.0,0.0,0.0,0.0,0.0,0.0,0.0,0.0,0.0,0.0,0.0,0.0,0.0,0.0,0.0,0.0,0.0,0.0,0.0,0.0,0.0,0.0,0.0,0.0,0.0,0.0,0.0,0.0,0.0,0.0,0.0,0.0,0.0,0.0,0.0,0.0,0.0,0.0,0.0,0.0,0.0,0.0,0.0,0.0,0.0,0.0,0.0,0.0,0.0,0.0,0.0,0.0,0.0,0.0,0.0,0.0,0.0,0.0,0.0,0.0,0.0,0.0,0.0,0.0,0.0,0.0,0.0,0.0,0.0,0.0,0.0,0.0,0.0
4,2024-07-11,매력적이고 감동적이다,1,0.0,0.0,0.0,0.0,0.0,0.0,0.0,0.0,0.0,0.0,0.0,0.0,0.0,0.0,0.0,0.0,0.0,0.0,0.0,0.0,0.0,0.0,0.0,0.0,0.0,0.0,0.0,0.0,0.0,0.0,0.0,0.0,0.0,0.0,0.0,0.0,0.0,0.0,0.0,0.0,0.0,0.0,0.0,0.0,0.0,0.0,0.0,0.0,0.0,0.0,0.0,0.0,0.0,0.0,0.0,0.0,0.0,0.0,0.0,0.0,0.0,0.0,0.0,0.0,0.0,0.0,0.0,0.0,0.0,0.0,0.0,0.0,0.0,0.0,0.0,0.0,0.0,0.0,0.0,0.0,0.0,0.0,0.0,0.0,0.0,0.0,0.0,0.0,0.0,0.0,0.0,0.0,0.0,0.0,0.0,0.0,0.0,0.0,0.0,0.0,0.0,0.0,0.0,0.0,0.0,0.0,0.0,0.0,0.0,0.0,0.0,0.0,0.0,0.0,0.0,0.0,0.0,0.0,0.0,0.0,0.0,0.0,0.0,0.0,0.0,0.0,0.0,0.0,0.0,0.0,0.0,0.0,0.0,0.0,0.0,0.0,0.0,0.0,0.0,0.0,0.0,0.0,0.0,0.0,0.0,0.0,0.0,0.0,0.0,0.0,0.0,0.0,0.0,0.0,0.0,0.0,0.0,0.0,0.0,0.0,0.0,0.0,0.0,0.0,0.0,0.0,0.0,0.0,0.0,0.0,0.0,0.0,0.0,0.0,0.0,0.0,0.0,0.0,0.0,0.0,0.0,0.0,0.0,0.0,0.0,0.0,0.0,0.0,0.0,0.0,0.0,0.0,0.0,0.0,0.0,0.0,0.0,0.0,0.0,0.0,0.0,0.0,0.0,0.0,0.0,0.0,0.0,0.0,0.0,0.0,0.0,0.0,0.0,0.0,0.0,0.0,0.0,0.0,0.0,0.0,0.0,0.0,0.0,0.0,0.0,0.0,0.0,0.0,0.0,0.0,0.0,0.0,0.0,0.0,0.0,0.0,0.0,0.0,0.0,0.0,0.0,0.0,0.0,0.0,0.0,0.0,0.0,0.0,0.0,0.0,0.0,0.0,0.0,0.0,0.0,0.0,0.0,0.0,0.0,0.0,0.0,0.0,0.0,0.0,0.0,0.0,0.0,0.0,0.0,0.0,0.0,0.0,0.0,0.0,0.0,0.0,0.0,0.0,0.0,0.0,0.0,0.0,0.0,0.0,0.0,0.0,0.0,0.0,0.0,0.0,0.0,0.0,0.0,0.0,0.0,0.0,0.0,0.0,0.0,0.0
5,2024-09-19,의심할 여지 없이 조금씩 채워가는 책이다 읽는 것이 재미있고 당신을 감싸고 사로잡습니다 나는 그것을 많이 좋아했다,1,0.0,0.0,0.0,0.0,0.0,0.0,0.0,0.0,0.0,0.0,0.0,0.0,0.0,0.0,0.0,0.0,0.0,0.0,0.0,0.0,0.2855384782477409,0.0,0.0,0.0,0.0,0.0,0.0,0.0,0.0,0.0,0.0,0.0,0.32970486680098804,0.0,0.0,0.0,0.0,0.0,0.0,0.0,0.0,0.0,0.0,0.0,0.0,0.0,0.0,0.0,0.0,0.0,0.0,0.0,0.0,0.0,0.20622427843467486,0.0,0.0,0.0,0.0,0.0,0.0,0.0,0.0,0.0,0.0,0.0,0.0,0.0,0.0,0.0,0.0,0.0,0.0,0.0,0.4242651079121306,0.0,0.0,0.0,0.0,0.0,0.0,0.0,0.0,0.0,0.0,0.0,0.0,0.0,0.0,0.0,0.0,0.0,0.0,0.0,0.0,0.0,0.0,0.0,0.0,0.0,0.0,0.0,0.0,0.0,0.0,0.0,0.0,0.0,0.0,0.0,0.0,0.361932267179653,0.0,0.0,0.0,0.0,0.0,0.0,0.0,0.0,0.0,0.0,0.0,0.0,0.0,0.0,0.0,0.0,0.0,0.0,0.0,0.0,0.0,0.0,0.0,0.0,0.0,0.0,0.0,0.0,0.0,0.0,0.0,0.0,0.0,0.0,0.0,0.0,0.0,0.0,0.0,0.0,0.0,0.0,0.0,0.0,0.0,0.0,0.0,0.0,0.0,0.0,0.0,0.0,0.0,0.0,0.0,0.0,0.0,0.0,0.0,0.0,0.0,0.0,0.0,0.0,0.0,0.0,0.0,0.0,0.0,0.0,0.0,0.0,0.0,0.0,0.4093067265882155,0.0,0.0,0.0,0.0,0.0,0.0,0.0,0.0,0.0,0.0,0.0,0.0,0.0,0.0,0.0,0.0,0.0,0.0,0.0,0.0,0.0,0.0,0.0,0.0,0.0,0.0,0.0,0.0,0.0,0.0,0.0,0.0,0.32970486680098804,0.0,0.0,0.0,0.0,0.0,0.0,0.0,0.0,0.0,0.0,0.0,0.0,0.0,0.0,0.0,0.0,0.0,0.0,0.0,0.0,0.0,0.0,0.0,0.0,0.0,0.0,0.0,0.0,0.0,0.0,0.0,0.0,0.0,0.0,0.0,0.0,0.0,0.0,0.0,0.0,0.0,0.0,0.0,0.0,0.0,0.0,0.0,0.0,0.0,0.0,0.0,0.4242651079121306,0.0,0.0,0.0,0.0,0.0,0.0,0.0,0.0,0.0,0.0,0.0,0.0,0.0,0.0,0.0,0.0,0.0,0.0,0.0,0.0,0.0,0.0,0.0,0.0,0.0,0.0,0.0,0.0
5,2025-01-17,친절한 말 다정한 미소 영혼에 대한 애무가 바로 이 책이다 주인공처럼 왜냐하면 가장 단순한 몸짓조차도 다른 사람들에게는 정말 놀라운 것일 수 있기 때문입니다,1,0.0,0.0,0.0,0.0,0.0,0.0,0.0,0.27762807999394623,0.0,0.0,0.0,0.0,0.0,0.0,0.0,0.0,0.0,0.0,0.0,0.0,0.0,0.0,0.0,0.0,0.0,0.0,0.0,0.0,0.0,0.0,0.0,0.0,0.0,0.0,0.0,0.0,0.0,0.0,0.0,0.0,0.0,0.0,0.0,0.0,0.0,0.0,0.0,0.0,0.0,0.0,0.0,0.0,0.0,0.0,0.0,0.0,0.0,0.0,0.0,0.0,0.0,0.0,0.0,0.0,0.36401596898083216,0.0,0.0,0.21552950581275648,0.0,0.0,0.0,0.33289622235823463,0.0,0.0,0.0,0.0,0.0,0.2093224549045767,0.0,0.0,0.0,0.0,0.0,0.0,0.0,0.0,0.0,0.0,0.0,0.0,0.0,0.0,0.0,0.0,0.0,0.0,0.0,0.0,0.0,0.0,0.0,0.0,0.3599822942166407,0.0,0.0,0.0,0.0,0.0,0.0,0.0,0.0,0.0,0.0,0.0,0.0,0.0,0.0,0.0,0.0,0.0,0.0,0.0,0.3561203181615572,0.0,0.0,0.0,0.0,0.0,0.0,0.0,0.0,0.0,0.0,0.0,0.0,0.0,0.0,0.0,0.0,0.0,0.0,0.0,0.0,0.0,0.0,0.0,0.0,0.0,0.0,0.0,0.0,0.0,0.0,0.0,0.0,0.0,0.0,0.0,0.0,0.0,0.0,0.0,0.0,0.0,0.0,0.0,0.0,0.0,0.0,0.0,0.0,0.0,0.0,0.0,0.0,0.0,0.0,0.0,0.0,0.0,0.0,0.0,0.0,0.0,0.0,0.0,0.0,0.0,0.0,0.0,0.0,0.0,0.0,0.0,0.0,0.0,0.0,0.0,0.0,0.0,0.0,0.0,0.0,0.0,0.0,0.0,0.0,0.0,0.0,0.0,0.0,0.0,0.0,0.0,0.0,0.0,0.0,0.0,0.0,0.0,0.0,0.0,0.0,0.0,0.0,0.0,0.0,0.0,0.0,0.0,0.0,0.0,0.0,0.0,0.0,0.0,0.0,0.0,0.0,0.0,0.0,0.0,0.0,0.0,0.0,0.0,0.0,0.0,0.0,0.2108348689263137,0.0,0.0,0.0,0.0,0.0,0.0,0.0,0.0,0.0,0.0,0.0,0.0,0.0,0.0,0.0,0.0,0.0,0.0,0.0,0.0,0.0,0.37731917002372095,0.0,0.0,0.0,0.0,0.3822253778632939,0.0,0.0,0.0,0.0,0.0,0.0,0.0,0.0,0.0,0.0,0.0,0.0,0.0,0.0,0.0,0.0,0.0,0.0,0.0,0.0,0.0,0.0,0.0
3,2025-02-13,이 노숙인이 누구일지 처음부터 느낌이 있었어요 XDD,0,0.0,0.0,0.0,0.0,0.0,0.0,0.0,0.0,0.0,0.0,0.0,0.0,0.0,0.0,0.0,0.0,0.0,0.0,0.0,0.0,0.0,0.0,0.0,0.0,0.0,0.0,0.0,0.0,0.0,0.0,0.0,0.0,0.0,0.0,0.0,0.0,0.0,0.0,0.0,0.0,0.0,0.0,0.0,0.0,0.0,0.0,0.0,0.0,0.0,0.0,0.0,0.0,0.0,0.0,0.0,0.0,0.0,0.0,0.0,0.0,0.0,0.0,0.0,0.0,0.0,0.0,1.0,0.0,0.0,0.0,0.0,0.0,0.0,0.0,0.0,0.0,0.0,0.0,0.0,0.0,0.0,0.0,0.0,0.0,0.0,0.0,0.0,0.0,0.0,0.0,0.0,0.0,0.0,0.0,0.0,0.0,0.0,0.0,0.0,0.0,0.0,0.0,0.0,0.0,0.0,0.0,0.0,0.0,0.0,0.0,0.0,0.0,0.0,0.0,0.0,0.0,0.0,0.0,0.0,0.0,0.0,0.0,0.0,0.0,0.0,0.0,0.0,0.0,0.0,0.0,0.0,0.0,0.0,0.0,0.0,0.0,0.0,0.0,0.0,0.0,0.0,0.0,0.0,0.0,0.0,0.0,0.0,0.0,0.0,0.0,0.0,0.0,0.0,0.0,0.0,0.0,0.0,0.0,0.0,0.0,0.0,0.0,0.0,0.0,0.0,0.0,0.0,0.0,0.0,0.0,0.0,0.0,0.0,0.0,0.0,0.0,0.0,0.0,0.0,0.0,0.0,0.0,0.0,0.0,0.0,0.0,0.0,0.0,0.0,0.0,0.0,0.0,0.0,0.0,0.0,0.0,0.0,0.0,0.0,0.0,0.0,0.0,0.0,0.0,0.0,0.0,0.0,0.0,0.0,0.0,0.0,0.0,0.0,0.0,0.0,0.0,0.0,0.0,0.0,0.0,0.0,0.0,0.0,0.0,0.0,0.0,0.0,0.0,0.0,0.0,0.0,0.0,0.0,0.0,0.0,0.0,0.0,0.0,0.0,0.0,0.0,0.0,0.0,0.0,0.0,0.0,0.0,0.0,0.0,0.0,0.0,0.0,0.0,0.0,0.0,0.0,0.0,0.0,0.0,0.0,0.0,0.0,0.0,0.0,0.0,0.0,0.0,0.0,0.0,0.0,0.0,0.0,0.0,0.0,0.0,0.0,0.0,0.0,0.0,0.0,0.0,0.0,0.0,0.0,0.0,0.0,0.0,0.0,0.0,0.0,0.0,0.0,0.0,0.0,0.0,0.0,0.0,0.0,0.0,0.0
3,2025-02-28,3 5 두 번째 기회에 대한 일상의 이야기를 담은 포옹할 만한 책,0,0.0,0.0,0.0,0.0,0.0,0.0,0.0,0.0,0.0,0.0,0.0,0.0,0.0,0.0,0.0,0.0,0.0,0.0,0.0,0.0,0.0,0.0,0.0,0.0,0.0,0.0,0.0,0.0,0.0,0.0,0.0,0.0,0.0,0.0,0.0,0.0,0.0,0.0,0.0,0.0,0.0,0.0,0.0,0.0,0.0,0.0,0.0,0.0,0.0,0.0,0.0,0.0,0.0,0.0,0.0,0.0,0.0,0.0,0.0,0.0,0.0,0.0,0.0,0.0,0.0,0.0,0.0,0.0,0.0,0.0,0.0,0.0,0.0,0.0,0.0,0.0,0.0,0.5269273208743533,0.0,0.0,0.0,0.0,0.0,0.0,0.0,0.0,0.0,0.0,0.0,0.0,0.0,0.0,0.0,0.0,0.0,0.0,0.0,0.0,0.0,0.0,0.0,0.0,0.0,0.0,0.0,0.0,0.0,0.0,0.0,0.0,0.0,0.0,0.0,0.0,0.0,0.0,0.0,0.0,0.0,0.0,0.0,0.0,0.0,0.0,0.0,0.5996706430441961,0.0,0.0,0.0,0.0,0.0,0.0,0.0,0.0,0.0,0.0,0.0,0.0,0.0,0.0,0.0,0.0,0.0,0.0,0.0,0.0,0.0,0.0,0.0,0.0,0.0,0.0,0.0,0.0,0.0,0.0,0.0,0.0,0.0,0.0,0.0,0.0,0.0,0.0,0.0,0.0,0.0,0.0,0.0,0.0,0.0,0.0,0.0,0.0,0.0,0.0,0.0,0.0,0.0,0.0,0.0,0.0,0.0,0.0,0.0,0.0,0.0,0.0,0.0,0.0,0.0,0.0,0.0,0.0,0.0,0.0,0.0,0.0,0.0,0.0,0.0,0.0,0.0,0.0,0.0,0.0,0.602281261859554,0.0,0.0,0.0,0.0,0.0,0.0,0.0,0.0,0.0,0.0,0.0,0.0,0.0,0.0,0.0,0.0,0.0,0.0,0.0,0.0,0.0,0.0,0.0,0.0,0.0,0.0,0.0,0.0,0.0,0.0,0.0,0.0,0.0,0.0,0.0,0.0,0.0,0.0,0.0,0.0,0.0,0.0,0.0,0.0,0.0,0.0,0.0,0.0,0.0,0.0,0.0,0.0,0.0,0.0,0.0,0.0,0.0,0.0,0.0,0.0,0.0,0.0,0.0,0.0,0.0,0.0,0.0,0.0,0.0,0.0,0.0,0.0,0.0,0.0,0.0,0.0,0.0,0.0,0.0,0.0,0.0,0.0,0.0,0.0,0.0,0.0,0.0,0.0,0.0,0.0,0.0,0.0,0.0
4,2025-07-19,이런 책들은 변화의 가능성이 있다는 희망을 줍니다 사람에게도 세상에서도 그러하길 바랍니다,1,0.0,0.0,0.0,0.0,0.0,0.0,0.0,0.0,0.0,0.0,0.0,0.0,0.0,0.0,0.0,0.0,0.0,0.0,0.0,0.0,0.0,0.0,0.0,0.0,0.0,0.0,0.0,0.0,0.0,0.0,0.0,0.0,0.0,0.0,0.0,0.0,0.0,0.0,0.0,0.0,0.0,0.0,0.0,0.0,0.0,0.0,0.0,0.0,0.0,0.0,0.0,0.0,0.0,0.0,0.0,0.0,0.0,0.0,0.0,0.0,0.0,0.0,0.0,0.0,0.0,0.0,0.0,0.0,0.0,0.0,0.0,0.0,0.0,0.0,0.0,0.0,0.0,0.0,0.0,0.0,0.0,0.0,0.0,0.0,0.0,0.0,0.0,0.0,0.0,0.0,0.0,0.0,0.0,0.0,0.0,0.0,0.0,0.0,0.0,0.0,0.0,0.0,0.0,0.0,0.0,0.0,0.0,0.0,0.0,0.0,0.0,0.0,0.0,0.0,0.0,0.0,0.0,0.0,0.0,0.0,0.0,0.0,0.0,0.0,0.0,0.0,0.0,0.0,0.0,0.0,0.0,0.0,0.0,0.0,0.0,0.0,0.0,0.0,0.0,0.0,0.0,0.0,0.0,0.0,0.0,0.0,0.0,0.0,0.0,0.0,0.0,0.0,0.0,0.0,0.0,0.0,0.0,0.0,0.0,0.0,0.0,0.0,0.0,0.0,0.0,0.0,0.0,0.0,0.0,0.0,0.0,0.0,0.0,0.0,0.0,0.0,0.0,0.0,0.0,0.0,0.0,0.0,0.0,0.0,0.0,0.0,0.0,0.0,0.0,0.0,0.0,0.0,0.0,0.0,0.0,0.0,0.0,0.0,0.0,0.0,0.0,0.0,0.5914601486236115,0.0,0.0,0.0,0.0,0.0,0.0,0.0,0.0,0.0,0.0,0.0,0.0,0.0,0.0,0.0,0.0,0.0,0.0,0.0,0.0,0.0,0.0,0.0,0.0,0.0,0.4908553201956489,0.0,0.0,0.0,0.0,0.0,0.0,0.0,0.0,0.0,0.0,0.0,0.0,0.0,0.0,0.0,0.0,0.0,0.0,0.0,0.0,0.0,0.0,0.0,0.0,0.0,0.0,0.0,0.0,0.0,0.0,0.0,0.639715520544689,0.0,0.0,0.0,0.0,0.0,0.0,0.0,0.0,0.0,0.0,0.0,0.0,0.0,0.0,0.0,0.0,0.0,0.0,0.0,0.0,0.0,0.0,0.0,0.0,0.0,0.0,0.0,0.0,0.0,0.0,0.0,0.0,0.0,0.0,0.0,0.0,0.0,0.0,0.0
4,2025-08-11,작은 책을 읽고 내가 발전하면서 생겨난 세상은 나에게 많은 평안을 주었다 몰입도가 높지만 차분한 책을 원할 때 추천,1,0.0,0.0,0.0,0.0,0.0,0.0,0.0,0.0,0.0,0.0,0.0,0.0,0.0,0.0,0.0,0.0,0.0,0.0,0.0,0.0,0.0,0.0,0.0,0.0,0.0,0.0,0.0,0.0,0.0,0.0,0.0,0.0,0.0,0.0,0.0,0.0,0.0,0.0,0.0,0.0,0.0,0.0,0.0,0.0,0.0,0.0,0.0,0.0,0.0,0.0,0.0,0.0,0.0,0.0,0.0,0.0,0.37208922859236,0.0,0.0,0.0,0.361113836089487,0.0,0.0,0.0,0.0,0.0,0.0,0.0,0.0,0.0,0.0,0.0,0.0,0.0,0.0,0.0,0.0,0.0,0.0,0.0,0.0,0.0,0.0,0.0,0.0,0.0,0.0,0.0,0.0,0.0,0.0,0.0,0.0,0.0,0.0,0.0,0.0,0.0,0.0,0.0,0.0,0.0,0.0,0.0,0.0,0.0,0.0,0.0,0.0,0.0,0.3163599064383074,0.0,0.0,0.0,0.0,0.0,0.0,0.0,0.0,0.0,0.0,0.0,0.0,0.0,0.0,0.0,0.0,0.0,0.0,0.0,0.0,0.0,0.0,0.0,0.0,0.0,0.0,0.0,0.0,0.0,0.0,0.0,0.0,0.0,0.0,0.0,0.0,0.0,0.0,0.0,0.0,0.0,0.0,0.0,0.0,0.0,0.0,0.0,0.0,0.0,0.0,0.0,0.0,0.0,0.0,0.0,0.0,0.0,0.0,0.0,0.0,0.0,0.0,0.0,0.0,0.0,0.0,0.0,0.0,0.0,0.0,0.0,0.0,0.0,0.0,0.0,0.0,0.0,0.0,0.0,0.0,0.0,0.0,0.0,0.0,0.0,0.0,0.0,0.0,0.0,0.0,0.0,0.0,0.0,0.0,0.0,0.0,0.0,0.0,0.0,0.0,0.0,0.0,0.0,0.0,0.0,0.0,0.43051115152111274,0.0,0.0,0.0,0.0,0.0,0.0,0.0,0.0,0.0,0.0,0.0,0.0,0.0,0.0,0.0,0.0,0.0,0.0,0.0,0.0,0.0,0.0,0.3107706990781229,0.0,0.0,0.0,0.0,0.0,0.0,0.0,0.0,0.0,0.0,0.0,0.0,0.0,0.0,0.0,0.0,0.0,0.0,0.0,0.0,0.0,0.0,0.0,0.0,0.0,0.0,0.0,0.5908845352174005,0.0,0.0,0.0,0.0,0.0,0.0,0.0,0.0,0.0,0.0,0.0,0.0,0.0,0.0,0.0,0.0,0.0,0.0,0.0,0.0,0.0,0.0,0.0,0.0,0.0,0.0,0.0,0.0,0.0,0.0,0.0
3,2025-11-26,마지막에 시점이 바뀌는 게 놀라웠지만 전체적으로는 보통 수준이었습니다,0,0.0,0.0,0.0,0.0,0.0,0.0,0.0,0.0,0.0,0.0,0.0,0.0,0.0,0.0,0.0,0.0,0.0,0.0,0.0,0.0,0.0,0.0,0.0,0.0,0.0,0.0,0.0,0.0,0.0,0.0,0.0,0.0,0.0,0.0,0.0,0.0,0.0,0.0,0.0,0.0,0.0,0.0,0.0,0.0,0.0,0.0,0.0,0.0,0.0,0.0,0.0,0.0,0.0,0.0,0.0,0.0,0.0,0.0,0.0,0.0,0.0,0.0,0.0,0.0,0.0,0.0,0.0,0.0,0.0,0.0,0.0,0.0,0.0,0.0,0.0,0.0,0.0,0.0,0.0,0.0,0.0,0.0,0.0,0.0,0.0,0.0,0.0,0.0,0.0,0.0,0.0,0.0,0.0,0.0,0.0,0.0,0.0,0.0,0.0,0.0,0.0,0.0,0.0,0.0,0.0,0.0,0.0,0.0,0.0,0.0,0.0,0.0,0.0,0.0,0.0,0.0,0.0,0.0,0.0,0.0,0.0,0.0,0.0,0.0,0.0,0.0,0.0,0.0,0.0,0.0,0.0,0.0,0.0,0.0,0.0,0.0,0.0,0.0,0.0,0.0,0.0,0.0,0.0,0.0,0.0,0.0,0.0,0.0,0.0,0.0,0.0,0.0,0.0,0.0,0.0,0.0,0.0,0.0,0.0,0.0,0.0,0.0,0.0,0.0,0.0,0.0,0.0,0.0,0.0,0.0,0.0,0.0,0.0,0.0,0.0,0.0,0.0,0.0,0.0,0.0,0.0,0.0,0.0,0.0,0.0,0.0,0.0,0.0,0.0,0.0,0.0,0.0,0.0,0.0,0.0,0.0,0.0,0.0,0.0,0.0,0.0,0.0,0.0,0.0,0.0,0.0,0.0,0.0,0.0,0.0,0.0,0.0,0.0,0.0,0.0,0.0,0.0,0.0,0.0,0.0,0.0,0.0,0.0,0.0,0.0,0.0,0.0,0.0,0.0,0.0,0.0,0.0,0.0,0.0,0.0,0.0,0.0,0.0,0.0,0.0,0.0,0.0,0.0,0.0,0.0,0.0,0.0,0.0,0.0,0.0,0.0,0.0,0.0,0.0,0.0,0.0,0.0,0.0,0.0,0.0,0.0,0.0,0.0,0.0,0.0,0.0,0.0,0.0,0.0,0.0,0.0,0.0,0.0,0.0,0.0,0.0,0.0,0.0,0.0,0.0,0.0,0.0,0.0,0.0,0.0,0.0,0.0,0.0,0.0,0.0,0.0,0.0,0.0,0.0,0.0,0.0,0.0,0.0,0.0,0.0
5,2025-12-15,나쁘다고 할 일은 없어요,1,0.0,0.0,0.0,0.0,0.0,0.0,0.0,0.0,0.0,0.0,0.0,0.0,0.0,0.0,0.0,0.0,0.0,0.0,0.0,0.0,0.0,0.0,0.0,0.0,0.0,0.0,0.0,0.0,0.0,0.0,0.0,0.0,0.0,0.0,0.0,0.0,0.0,0.0,0.0,0.0,0.0,0.0,0.0,0.0,0.0,0.0,0.0,0.0,0.0,0.0,0.0,0.0,0.0,0.0,0.0,0.0,0.0,0.0,0.0,0.0,0.0,0.0,0.0,0.0,0.0,0.0,0.0,0.0,0.0,0.0,0.0,0.0,0.0,0.0,0.0,0.0,0.0,0.0,0.0,0.0,0.0,0.0,0.0,0.0,0.0,0.0,0.0,0.0,0.0,0.0,0.0,0.0,0.0,0.0,0.0,0.0,0.0,0.0,0.0,0.0,0.0,0.0,0.0,0.0,0.0,0.0,0.0,0.0,0.0,0.0,0.0,0.0,0.0,0.0,0.0,0.0,0.0,0.0,0.0,0.0,0.0,0.0,0.0,0.0,0.0,0.0,0.0,0.0,0.0,0.0,0.0,0.0,0.0,0.0,0.0,0.0,0.0,0.0,0.0,0.0,0.0,0.0,0.0,0.0,0.0,0.0,0.0,0.0,0.0,0.0,0.0,0.0,0.0,0.0,0.0,0.0,0.0,0.0,0.0,0.0,0.0,0.0,0.0,0.0,0.0,0.0,0.0,0.0,0.0,0.0,0.0,0.0,0.0,0.0,0.0,0.0,0.0,0.0,0.0,0.0,0.0,0.0,0.0,0.0,0.0,0.0,0.0,0.0,0.0,0.0,0.0,0.0,0.0,0.0,0.0,0.0,0.0,0.0,0.0,0.0,0.0,0.0,0.0,0.0,0.0,0.0,0.0,0.0,0.0,0.0,0.0,0.0,0.0,0.0,0.0,0.0,0.0,0.0,0.0,0.0,0.0,0.0,0.0,0.0,0.0,0.0,0.0,0.0,0.0,0.0,0.0,0.0,0.0,0.0,0.0,0.0,0.0,0.0,0.0,0.0,0.0,0.0,0.0,0.0,0.0,0.0,0.0,0.0,0.0,0.0,0.0,0.0,0.0,0.0,0.0,0.0,0.0,0.0,0.0,0.0,0.0,0.0,0.0,0.0,0.0,0.0,0.0,0.0,0.0,0.0,0.0,0.0,0.0,0.0,0.0,0.0,0.0,0.0,0.0,0.0,0.0,0.0,0.0,0.0,0.0,0.0,0.0,0.0,0.0,0.0,0.0,0.0,0.0,0.0,0.0,0.0,0.0,0.0,0.0,0.0
4,2026-05-27,슬픈 결말이지만 매력적이고 훈훈한 결말,1,0.0,0.0,0.0,0.0,0.0,0.0,0.0,0.0,0.0,0.0,0.0,0.0,0.0,0.0,0.0,0.0,0.0,0.0,0.0,0.0,0.0,0.0,0.0,0.0,0.0,0.0,0.0,0.0,0.0,0.0,0.0,0.0,0.0,0.0,0.0,0.0,0.0,0.0,0.0,0.0,0.0,0.0,0.0,0.0,0.0,0.0,0.0,0.0,0.0,0.0,0.0,0.0,0.0,0.0,0.0,0.0,0.0,0.0,0.0,0.0,0.0,0.0,0.0,0.0,0.0,0.0,0.0,0.0,0.0,0.0,0.0,0.0,0.0,0.0,0.0,0.0,0.0,0.0,0.0,0.0,0.0,0.0,0.0,0.0,0.0,0.0,0.0,0.0,0.0,0.0,0.0,0.0,0.0,0.0,0.0,0.0,0.0,0.0,0.0,0.0,0.0,0.0,0.0,0.0,0.0,0.0,0.0,0.0,0.0,0.0,0.0,0.0,0.0,0.0,0.0,0.0,0.0,0.0,0.0,0.0,0.0,0.0,0.0,0.0,0.0,0.0,0.0,0.0,0.0,0.0,0.0,0.0,0.0,0.0,0.0,0.0,0.0,0.0,0.0,0.0,0.0,0.0,0.0,0.0,0.0,0.0,0.0,0.0,0.0,0.0,0.0,0.0,0.0,0.0,0.0,0.0,0.0,0.0,0.0,0.0,0.0,0.0,0.0,0.0,0.0,0.0,0.0,0.0,0.0,0.0,0.0,0.0,0.0,0.0,0.0,0.0,0.0,0.0,0.0,0.0,0.0,0.0,0.0,0.0,0.0,0.0,0.0,0.0,0.0,0.0,0.0,0.0,0.0,0.0,0.0,0.0,0.0,0.0,0.0,0.0,0.0,0.0,0.0,0.0,0.0,0.0,0.0,0.0,0.0,0.0,0.0,0.0,0.0,0.0,0.0,0.0,0.0,0.0,0.0,0.0,0.0,0.0,0.0,0.0,0.0,0.0,0.0,0.0,0.0,0.0,0.0,0.0,0.0,0.0,0.0,0.0,0.0,0.0,0.0,0.0,0.0,0.0,0.0,0.0,0.0,0.0,0.0,0.0,0.0,0.0,0.0,0.0,0.0,0.0,0.0,0.0,0.0,0.0,0.0,0.0,0.0,0.0,0.0,0.0,0.0,0.0,0.0,0.0,0.0,0.0,0.0,0.0,0.0,0.0,0.0,0.0,0.0,0.0,0.0,0.0,0.0,0.0,0.0,0.0,0.0,0.0,0.0,0.0,0.0,0.0,0.0,0.0,0.0,0.0,0.0,0.0,0.0,0.0,0.0,0.0
4,2023-04-16,위로가 되고 마음이 따뜻해지는 책입니다,1,0.0,0.0,0.0,0.0,0.0,0.0,0.0,0.0,0.0,0.0,0.0,0.0,0.0,0.0,0.0,0.0,0.0,0.0,0.0,0.0,0.0,0.0,0.0,0.0,0.0,0.0,0.0,0.0,0.0,0.0,0.0,0.0,0.0,0.0,0.0,0.0,0.0,0.0,0.0,0.0,0.0,0.0,0.0,0.0,0.0,0.0,0.0,0.0,0.0,0.0,0.0,0.0,0.0,0.0,0.0,0.0,0.0,0.0,0.0,0.0,0.0,0.0,0.0,0.0,0.0,0.0,0.0,0.0,0.0,0.0,0.0,0.0,0.0,0.0,0.0,0.0,0.0,0.0,0.0,0.0,0.0,0.0,0.0,0.0,0.0,0.0,0.0,0.0,0.0,0.0,0.0,0.0,0.0,0.0,0.0,0.0,0.0,0.0,0.0,0.6706093869318009,0.0,0.0,0.0,0.0,0.0,0.0,0.5245393455971411,0.0,0.0,0.0,0.0,0.0,0.0,0.0,0.0,0.0,0.0,0.0,0.0,0.0,0.0,0.0,0.0,0.0,0.0,0.0,0.0,0.0,0.0,0.0,0.0,0.0,0.0,0.0,0.0,0.0,0.0,0.0,0.0,0.0,0.0,0.0,0.0,0.0,0.0,0.0,0.0,0.0,0.0,0.0,0.0,0.0,0.0,0.0,0.0,0.0,0.0,0.0,0.0,0.0,0.0,0.0,0.0,0.0,0.0,0.0,0.0,0.0,0.0,0.0,0.0,0.0,0.0,0.0,0.0,0.0,0.0,0.0,0.0,0.0,0.0,0.0,0.0,0.0,0.0,0.0,0.0,0.0,0.0,0.0,0.0,0.0,0.0,0.0,0.0,0.0,0.0,0.0,0.0,0.0,0.0,0.0,0.0,0.0,0.0,0.0,0.0,0.0,0.0,0.0,0.0,0.0,0.0,0.0,0.0,0.0,0.0,0.0,0.0,0.0,0.0,0.0,0.0,0.0,0.0,0.0,0.0,0.0,0.0,0.0,0.0,0.0,0.0,0.0,0.0,0.0,0.0,0.0,0.0,0.0,0.0,0.0,0.0,0.0,0.0,0.0,0.0,0.0,0.0,0.0,0.0,0.0,0.0,0.0,0.0,0.0,0.0,0.0,0.0,0.0,0.0,0.0,0.0,0.0,0.0,0.0,0.0,0.0,0.0,0.0,0.0,0.0,0.5245393455971411,0.0,0.0,0.0,0.0,0.0,0.0,0.0,0.0,0.0,0.0,0.0,0.0,0.0,0.0,0.0,0.0,0.0,0.0,0.0,0.0,0.0,0.0,0.0,0.0,0.0,0.0,0.0
4,2025-03-23,아름다운 이야기는 문제에 해결책이 있다는 것을 느끼게 하고 인간에 대한 믿음을 갖게 해줍니다 매우 환영받는 글쓰기 방식입니다,1,0.0,0.0,0.0,0.0,0.0,0.0,0.0,0.0,0.0,0.0,0.0,0.0,0.0,0.0,0.0,0.0,0.0,0.0,0.0,0.2660693727745285,0.0,0.0,0.0,0.0,0.0,0.0,0.0,0.0,0.0,0.0,0.0,0.0,0.0,0.0,0.0,0.0,0.0,0.0,0.0,0.0,0.0,0.0,0.0,0.0,0.0,0.0,0.0,0.0,0.0,0.0,0.0,0.0,0.0,0.0,0.0,0.0,0.0,0.0,0.0,0.0,0.0,0.0,0.0,0.0,0.0,0.0,0.0,0.0,0.0,0.0,0.0,0.0,0.0,0.0,0.0,0.0,0.0,0.26416073663579,0.0,0.0,0.0,0.0,0.0,0.0,0.0,0.0,0.0,0.0,0.0,0.0,0.0,0.0,0.0,0.0,0.0,0.0,0.0,0.0,0.0,0.0,0.0,0.0,0.0,0.0,0.0,0.0,0.0,0.0,0.0,0.0,0.0,0.0,0.0,0.26801036021439095,0.0,0.0,0.0,0.0,0.0,0.0,0.4542904298512043,0.0,0.0,0.0,0.0,0.0,0.0,0.0,0.0,0.0,0.0,0.0,0.0,0.0,0.0,0.0,0.0,0.0,0.0,0.0,0.0,0.0,0.0,0.0,0.0,0.0,0.0,0.0,0.0,0.0,0.0,0.0,0.0,0.0,0.0,0.0,0.0,0.0,0.0,0.0,0.0,0.0,0.0,0.0,0.38533200209005963,0.0,0.0,0.0,0.0,0.0,0.0,0.0,0.0,0.0,0.0,0.0,0.0,0.0,0.0,0.0,0.0,0.0,0.0,0.0,0.0,0.0,0.0,0.0,0.0,0.0,0.0,0.0,0.0,0.0,0.0,0.0,0.0,0.0,0.0,0.0,0.0,0.0,0.0,0.0,0.0,0.3503610644897771,0.0,0.0,0.0,0.0,0.0,0.0,0.0,0.0,0.0,0.0,0.0,0.0,0.0,0.0,0.0,0.0,0.0,0.0,0.0,0.0,0.0,0.0,0.3653658337521811,0.0,0.0,0.0,0.0,0.0,0.0,0.0,0.0,0.0,0.0,0.0,0.0,0.0,0.0,0.0,0.0,0.0,0.0,0.0,0.0,0.0,0.0,0.0,0.0,0.0,0.0,0.0,0.0,0.0,0.0,0.0,0.0,0.0,0.0,0.0,0.0,0.0,0.0,0.0,0.0,0.0,0.0,0.0,0.0,0.0,0.0,0.0,0.0,0.0,0.0,0.0,0.0,0.0,0.0,0.0,0.0,0.0,0.0,0.0,0.42010835082892145,0.0,0.0,0.0,0.0,0.0,0.0,0.0,0.0,0.0,0.0,0.0
4,2025-05-22,따뜻한 마음으로 당신을 남겨주세요,1,0.0,0.0,0.0,0.0,0.0,0.0,0.0,0.0,0.0,0.0,0.0,0.0,0.0,0.0,0.0,0.0,0.0,0.0,0.0,0.0,0.0,0.0,0.0,0.0,0.0,0.0,0.0,0.0,0.0,0.0,0.0,0.0,0.0,0.0,0.0,0.0,0.0,0.0,0.0,0.0,0.0,0.0,0.0,0.0,0.0,0.0,0.0,0.0,0.0,0.0,0.0,0.0,0.0,0.0,0.0,0.0,0.0,0.0,0.0,0.0,0.0,0.0,0.0,0.0,0.0,0.0,0.0,0.0,0.0,0.0,0.0,0.0,0.0,0.0,0.7469404089343047,0.0,0.0,0.0,0.0,0.0,0.0,0.0,0.0,0.0,0.0,0.0,0.0,0.0,0.0,0.0,0.0,0.0,0.0,0.0,0.0,0.0,0.0,0.0,0.6648909876822316,0.0,0.0,0.0,0.0,0.0,0.0,0.0,0.0,0.0,0.0,0.0,0.0,0.0,0.0,0.0,0.0,0.0,0.0,0.0,0.0,0.0,0.0,0.0,0.0,0.0,0.0,0.0,0.0,0.0,0.0,0.0,0.0,0.0,0.0,0.0,0.0,0.0,0.0,0.0,0.0,0.0,0.0,0.0,0.0,0.0,0.0,0.0,0.0,0.0,0.0,0.0,0.0,0.0,0.0,0.0,0.0,0.0,0.0,0.0,0.0,0.0,0.0,0.0,0.0,0.0,0.0,0.0,0.0,0.0,0.0,0.0,0.0,0.0,0.0,0.0,0.0,0.0,0.0,0.0,0.0,0.0,0.0,0.0,0.0,0.0,0.0,0.0,0.0,0.0,0.0,0.0,0.0,0.0,0.0,0.0,0.0,0.0,0.0,0.0,0.0,0.0,0.0,0.0,0.0,0.0,0.0,0.0,0.0,0.0,0.0,0.0,0.0,0.0,0.0,0.0,0.0,0.0,0.0,0.0,0.0,0.0,0.0,0.0,0.0,0.0,0.0,0.0,0.0,0.0,0.0,0.0,0.0,0.0,0.0,0.0,0.0,0.0,0.0,0.0,0.0,0.0,0.0,0.0,0.0,0.0,0.0,0.0,0.0,0.0,0.0,0.0,0.0,0.0,0.0,0.0,0.0,0.0,0.0,0.0,0.0,0.0,0.0,0.0,0.0,0.0,0.0,0.0,0.0,0.0,0.0,0.0,0.0,0.0,0.0,0.0,0.0,0.0,0.0,0.0,0.0,0.0,0.0,0.0,0.0,0.0,0.0,0.0,0.0,0.0,0.0,0.0,0.0,0.0,0.0,0.0,0.0,0.0,0.0,0.0,0.0,0.0
5,2025-08-09,좋아하는 베개와 좋은 향초를 가지고 우물에 갇힌 것처럼 깊지만 아늑함,1,0.0,0.0,0.0,0.0,0.0,0.0,0.0,0.0,0.0,0.5132719934233815,0.0,0.0,0.0,0.0,0.0,0.0,0.0,0.0,0.0,0.0,0.0,0.0,0.5841087670094546,0.0,0.0,0.0,0.0,0.0,0.0,0.0,0.0,0.0,0.0,0.0,0.0,0.0,0.0,0.0,0.0,0.0,0.0,0.0,0.0,0.0,0.0,0.0,0.0,0.0,0.0,0.0,0.0,0.0,0.0,0.0,0.0,0.0,0.0,0.0,0.0,0.0,0.0,0.0,0.0,0.0,0.0,0.0,0.0,0.0,0.0,0.0,0.0,0.0,0.0,0.0,0.0,0.0,0.0,0.0,0.0,0.0,0.0,0.0,0.0,0.0,0.0,0.0,0.0,0.0,0.0,0.0,0.0,0.0,0.0,0.0,0.0,0.0,0.0,0.0,0.0,0.0,0.0,0.0,0.0,0.0,0.0,0.0,0.0,0.0,0.0,0.0,0.0,0.0,0.0,0.0,0.0,0.0,0.0,0.0,0.0,0.0,0.0,0.0,0.0,0.0,0.0,0.0,0.0,0.0,0.0,0.0,0.0,0.0,0.0,0.0,0.0,0.0,0.0,0.0,0.0,0.0,0.0,0.0,0.0,0.0,0.0,0.0,0.0,0.0,0.0,0.0,0.0,0.0,0.0,0.0,0.0,0.0,0.0,0.0,0.0,0.0,0.0,0.0,0.0,0.0,0.0,0.0,0.0,0.0,0.0,0.0,0.0,0.0,0.0,0.0,0.0,0.0,0.0,0.0,0.0,0.0,0.0,0.0,0.0,0.0,0.0,0.0,0.0,0.0,0.0,0.0,0.0,0.0,0.0,0.0,0.0,0.0,0.0,0.0,0.0,0.0,0.0,0.0,0.0,0.0,0.0,0.0,0.0,0.0,0.0,0.0,0.0,0.0,0.0,0.0,0.0,0.0,0.0,0.0,0.0,0.0,0.0,0.0,0.0,0.0,0.0,0.0,0.0,0.0,0.0,0.0,0.0,0.0,0.0,0.0,0.0,0.0,0.0,0.0,0.0,0.0,0.0,0.0,0.0,0.0,0.0,0.0,0.0,0.0,0.0,0.0,0.0,0.0,0.5043223628709869,0.0,0.0,0.3755366338695966,0.0,0.0,0.0,0.0,0.0,0.0,0.0,0.0,0.0,0.0,0.0,0.0,0.0,0.0,0.0,0.0,0.0,0.0,0.0,0.0,0.0,0.0,0.0,0.0,0.0,0.0,0.0,0.0,0.0,0.0,0.0,0.0,0.0,0.0,0.0,0.0,0.0,0.0,0.0,0.0,0.0,0.0,0.0,0.0
5,2025-08-16,매우 빠른 읽기 훌륭하고 쉽고 건전한 읽기를 좋아합니다 매 챕터마다 새로운 캐릭터와 배경 이야기가 나오는 점이 마음에 들었습니다 나는 이 책을 좋아했다,1,0.0,0.0,0.0,0.0,0.0,0.0,0.0,0.0,0.0,0.0,0.0,0.0,0.0,0.0,0.0,0.0,0.0,0.0,0.0,0.0,0.0,0.0,0.0,0.0,0.0,0.0,0.0,0.0,0.0,0.0,0.0,0.0,0.0,0.0,0.0,0.0,0.0,0.0,0.0,0.0,0.0,0.0,0.0,0.0,0.0,0.0,0.0,0.0,0.0,0.0,0.0,0.0,0.0,0.0,0.18452656669733622,0.0,0.0,0.0,0.0,0.0,0.0,0.0,0.0,0.0,0.0,0.0,0.0,0.0,0.0,0.0,0.0,0.0,0.0,0.0,0.0,0.0,0.0,0.0,0.0,0.0,0.0,0.0,0.0,0.0,0.0,0.0,0.0,0.0,0.0,0.0,0.0,0.0,0.0,0.0,0.0,0.3212799381181669,0.0,0.0,0.0,0.0,0.0,0.0,0.0,0.0,0.24837808752980095,0.0,0.0,0.0,0.0,0.0,0.0,0.0,0.0,0.21367154455411086,0.0,0.0,0.0,0.0,0.0,0.0,0.0,0.0,0.0,0.0,0.0,0.0,0.0,0.0,0.0,0.0,0.0,0.0,0.0,0.0,0.0,0.0,0.0,0.0,0.0,0.0,0.0,0.0,0.0,0.0,0.0,0.3212799381181669,0.0,0.0,0.0,0.0,0.0,0.0,0.0,0.0,0.0,0.37494346049308686,0.0,0.0,0.0,0.0,0.0,0.0,0.0,0.0,0.0,0.0,0.0,0.0,0.0,0.0,0.0,0.0,0.0,0.0,0.0,0.0,0.0,0.0,0.0,0.0,0.0,0.0,0.0,0.0,0.0,0.0,0.0,0.0,0.0,0.0,0.0,0.0,0.0,0.0,0.0,0.0,0.0,0.0,0.0,0.0,0.0,0.0,0.0,0.0,0.2687505622281905,0.0,0.0,0.0,0.0,0.0,0.0,0.0,0.0,0.0,0.0,0.0,0.0,0.0,0.307206348242839,0.0,0.0,0.0,0.0,0.0,0.0,0.0,0.0,0.0,0.0,0.0,0.0,0.0,0.0,0.0,0.0,0.0,0.0,0.0,0.0,0.0,0.0,0.0,0.0,0.0,0.0,0.0,0.0,0.0,0.401208148438075,0.0,0.0,0.0,0.0,0.36218352807260473,0.0,0.0,0.0,0.0,0.0,0.0,0.0,0.0,0.0,0.0,0.0,0.0,0.0,0.0,0.22985007188586817,0.0,0.0,0.0,0.0,0.0,0.0,0.0,0.0,0.0,0.0,0.0,0.0,0.0,0.0,0.0,0.0,0.0,0.0,0.0,0.0,0.0,0.0,0.0,0.0,0.0,0.0,0.0,0.0,0.0,0.0,0.0
3,2025-08-31,여름에 읽기 좋은 책으로 소설의 수준을 높이는 결론을 내렸습니다,0,0.0,0.0,0.0,0.0,0.0,0.0,0.0,0.0,0.0,0.0,0.0,0.0,0.0,0.0,0.0,0.0,0.0,0.0,0.0,0.0,0.0,0.0,0.0,0.0,0.0,0.0,0.0,0.0,0.0,0.0,0.0,0.0,0.0,0.0,0.0,0.0,0.0,0.0,0.0,0.0,0.0,0.0,0.0,0.0,0.0,0.0,0.0,0.0,0.0,0.0,0.0,0.0,0.0,0.0,0.0,0.0,0.0,0.0,0.0,0.0,0.0,0.0,0.0,0.0,0.0,0.0,0.0,0.0,0.0,0.0,0.0,0.0,0.0,0.0,0.0,0.0,0.0,0.0,0.0,0.0,0.0,0.0,0.0,0.0,0.0,0.0,0.0,0.0,0.0,0.0,0.0,0.0,0.0,0.0,0.0,0.0,0.0,0.0,0.0,0.0,0.0,0.0,0.0,0.0,0.0,0.0,0.0,0.0,0.0,0.0,0.0,0.0,0.0,0.0,0.0,0.0,0.0,0.0,0.0,0.0,0.0,0.0,0.0,0.0,0.0,0.0,0.0,0.0,0.0,0.0,0.0,0.0,0.0,0.0,0.0,0.0,0.0,0.0,0.0,0.0,0.0,0.0,0.0,0.0,0.0,0.0,0.0,0.0,0.0,0.0,0.0,0.6981741747287241,0.0,0.0,0.0,0.0,0.0,0.0,0.0,0.0,0.0,0.0,0.0,0.0,0.0,0.0,0.0,0.0,0.0,0.0,0.0,0.0,0.0,0.0,0.0,0.0,0.0,0.0,0.0,0.0,0.0,0.0,0.0,0.0,0.0,0.0,0.0,0.0,0.0,0.0,0.0,0.0,0.0,0.0,0.0,0.0,0.0,0.0,0.0,0.0,0.0,0.0,0.0,0.0,0.0,0.0,0.0,0.0,0.0,0.0,0.0,0.0,0.0,0.0,0.0,0.0,0.0,0.0,0.5577337082070019,0.0,0.0,0.0,0.0,0.0,0.0,0.0,0.0,0.0,0.0,0.0,0.0,0.0,0.0,0.0,0.0,0.0,0.0,0.0,0.0,0.0,0.0,0.0,0.0,0.0,0.0,0.0,0.0,0.0,0.0,0.0,0.0,0.0,0.0,0.0,0.0,0.44887184415101367,0.0,0.0,0.0,0.0,0.0,0.0,0.0,0.0,0.0,0.0,0.0,0.0,0.0,0.0,0.0,0.0,0.0,0.0,0.0,0.0,0.0,0.0,0.0,0.0,0.0,0.0,0.0,0.0,0.0,0.0,0.0,0.0,0.0,0.0,0.0,0.0,0.0,0.0,0.0,0.0,0.0,0.0,0.0,0.0
4,2026-06-07,일어날 수 있는 일들이 사람한테는 착하게 행동하는 거겠지,1,0.0,0.0,0.0,0.0,0.0,0.0,0.0,0.0,0.0,0.0,0.0,0.0,0.0,0.0,0.0,0.0,0.0,0.0,0.0,0.0,0.0,0.0,0.0,0.0,0.0,0.0,0.0,0.0,0.0,0.0,0.0,0.0,0.0,0.0,0.0,0.0,0.0,0.0,0.0,0.0,0.0,0.0,0.0,0.0,0.0,0.0,0.0,0.0,0.0,0.0,0.0,0.0,0.0,0.0,0.0,0.0,0.0,0.0,0.0,0.0,0.0,0.0,0.0,0.0,0.0,0.0,0.0,0.0,0.0,0.0,0.0,0.0,0.0,0.0,0.0,0.0,0.0,0.0,0.0,0.0,0.0,0.0,0.0,0.0,0.0,0.0,0.0,0.0,0.0,0.0,0.0,0.0,0.0,0.0,0.0,0.0,0.0,0.0,0.0,0.0,0.0,0.0,0.0,0.0,0.0,0.0,0.0,0.0,0.0,0.0,0.0,0.0,0.0,0.0,0.0,0.0,0.0,0.0,0.0,0.0,0.0,0.0,0.0,0.0,0.0,0.0,0.0,0.0,0.0,0.0,0.0,0.0,0.0,0.0,0.0,0.0,0.0,0.0,0.0,0.0,0.0,0.0,0.0,0.0,0.0,0.0,0.0,0.0,0.0,0.0,0.0,0.0,0.0,0.0,0.0,0.0,0.0,0.0,0.0,0.0,0.0,0.0,0.0,0.0,0.0,0.0,0.0,0.0,0.0,0.0,0.0,0.0,0.0,0.0,0.0,0.0,0.0,0.0,0.0,0.0,0.0,0.0,0.0,0.0,0.0,0.0,0.0,0.0,0.0,0.0,0.0,0.0,0.0,0.0,0.0,0.0,0.0,0.0,0.0,0.0,0.0,0.0,0.0,0.0,0.0,0.0,0.0,0.0,0.0,0.0,0.0,0.0,0.0,0.0,0.0,0.0,0.0,0.0,0.0,0.0,0.0,0.0,0.0,0.0,0.0,1.0,0.0,0.0,0.0,0.0,0.0,0.0,0.0,0.0,0.0,0.0,0.0,0.0,0.0,0.0,0.0,0.0,0.0,0.0,0.0,0.0,0.0,0.0,0.0,0.0,0.0,0.0,0.0,0.0,0.0,0.0,0.0,0.0,0.0,0.0,0.0,0.0,0.0,0.0,0.0,0.0,0.0,0.0,0.0,0.0,0.0,0.0,0.0,0.0,0.0,0.0,0.0,0.0,0.0,0.0,0.0,0.0,0.0,0.0,0.0,0.0,0.0,0.0,0.0,0.0,0.0,0.0,0.0,0.0,0.0,0.0,0.0,0.0,0.0,0.0
3,2024-07-23,서울 정파의 한 작은 슈퍼마켓 동네 주민 대부분이 노인과 학생이다 어느 날 갑자기 가게에 새로운 사람이 일하게 된다 노숙자였던 독고 동료들은 처음에는 의아해하지만 이내 상큼한 에너지를 드러내며 주변 사람들의 마음을 사로잡는다 그는 식료품 그 이상으로 동료와 고객 모두를 돕습니다 그는 다시 행복을 찾을 수 있을까 storytel에서 이 이야기를 봤는데 표지가 바로 마음에 들었어요 이 이야기에서 당신은 노숙자 독고를 만난다 그와 동네 가게 주인은 서로의 길을 건너게 되고 그 순간부터 두 사람 사이에는 아름다운 유대감이 형성됩니다 독고는 결국 동네 가게에서 일하게 되면서 이 캐릭터에 대해 조금씩 더 알아가게 됩니다 여러 상점 주인이 즉시 그를 판단했고 나는 그 내용을 읽는 것이 슬프다는 것을 알았습니다 이것은 실제 생활에서 종종 발생하며 사람들은 더 이상 알아보고 사람을 더 잘 알고 싶어하지 않습니다 독고는 가능한 한 사람들에게 조언과 도움을 주려고 노력하지만 그 자신도 매우 힘든 삶을 살았던 것으로 보입니다 이 이야기가 아주 기분좋게 시작됐다고 생각하고 주인공에게 미안한 마음도 들었지만 동네 가게 주인도 유쾌한 사람이라는 생각이 들었습니다 두 번째 기회의 동네 가게 는 슬프면서도 감동적이고 아름답고 동시에 재미있다 겉모습만 보고 판단하지 말고 그 뒤에 있는 사람을 보라는 메시지도 전한다 이 이야기는 제가 평소 읽던 이야기와 조금 달랐지만 꽤 마음에 들었습니다 특히 첫 번째 장이 마음에 들었다고 말해야합니다 그 이후에는 좀 장황해졌지만 그래도 메시지가 분명한 좋은 이야기였습니다 평점 3 5,0,0.0,0.0,0.30797634051286227,0.0,0.1050129269377075,0.10900200279909736,0.0,0.0,0.0,0.0,0.0,0.0,0.0,0.0,0.0,0.0,0.0,0.11372007813962001,0.0,0.060125319520444996,0.0724187716021649,0.0,0.0,0.0,0.08646690671391542,0.0,0.0,0.0,0.0,0.0,0.0,0.0,0.0,0.0,0.0,0.15744633572241137,0.0,0.0,0.0,0.0,0.0,0.09179389885798825,0.0,0.0,0.0,0.0,0.0,0.0,0.0,0.0,0.0,0.0,0.10380909266562656,0.0,0.05230296459668176,0.0,0.0,0.0,0.0,0.0,0.0,0.0,0.08154900203946915,0.0,0.0,0.0,0.0,0.0,0.0,0.09035587502240679,0.0,0.0,0.0,0.0,0.0,0.0,0.0,0.0,0.07828080204384999,0.0,0.11048113509471733,0.0,0.1076028636742919,0.0,0.17539882883692323,0.09850946992669868,0.0,0.0,0.5602498256182644,0.10627550759177683,0.0,0.0,0.0,0.09493444722103027,0.08899357258731233,0.18212979875771096,0.0,0.0,0.0,0.0,0.0,0.0,0.0,0.0,0.21120390225387908,0.08587198924538467,0.0,0.0,0.0,0.0,0.0,0.0,0.0,0.06056393629467175,0.0,0.0,0.0,0.0,0.0,0.0,0.0,0.0,0.10155743225125417,0.0,0.0,0.13586977165028555,0.0,0.0,0.0,0.09850946992669868,0.1155054598101062,0.0,0.07828080204384999,0.0,0.0,0.0,0.20311486450250835,0.0,0.08769941441846162,0.0,0.0,0.08205149880207675,0.0,0.0,0.0,0.09106489937885548,0.0,0.0,0.0,0.0,0.0,0.0,0.0,0.0,0.0,0.0,0.0,0.0,0.0,0.0,0.0,0.0,0.0,0.0,0.08707582351746561,0.0,0.0,0.09331655979322785,0.0,0.0,0.08646690671391542,0.0,0.0,0.0,0.0,0.09948610545971104,0.0,0.0,0.0,0.10050105005990076,0.0,0.0,0.0,0.0,0.0,0.0,0.0,0.10627550759177683,0.0,0.0,0.0,0.0,0.0,0.0,0.0,0.0,0.0,0.0,0.10380909266562656,0.0,0.0,0.0,0.0,0.0,0.0761757582831691,0.07917322738165128,0.06823063498880699,0.0,0.0,0.0,0.0,0.0,0.0,0.0,0.0,0.0,0.0,0.0,0.0,0.0836203288310123,0.0,0.0,0.0,0.0,0.0,0.05648024325236252,0.0,0.0,0.0,0.0,0.0,0.0,0.0,0.0,0.0,0.0,0.0,0.0,0.0,0.0,0.06852980329367353,0.0,0.0,0.0,0.0,0.0,0.0,0.0,0.0,0.0,0.08966576025404999,0.08646690671391542,0.0,0.0,0.0,0.07007983363405809,0.0,0.0,0.08966576025404999,0.0,0.0,0.0,0.0,0.0,0.0,0.11048113509471733,0.0,0.0,0.0,0.0,0.0,0.0,0.0,0.09578297471937812,0.0,0.0,0.0,0.0,0.0,0.11048113509471733,0.0,0.0,0.09331655979322785,0.0,0.0,0.0,0.0,0.0,0.0,0.0,0.0,0.0,0.0,0.0,0.0,0.0,0.0,0.0,0.0,0.0
3,2025-06-06,두 번째 기회 구원편 가족을 찾았습니다 삶의 단면 인물을 밝히려면 인생의 갈림길에서 자신이 선택한 길을 보여주면 됩니다 낯선 사람의 친절함과 우리가 어떻게 누군가의 삶의 방향을 바꿀 수 있는지 그리고 다른 사람을 우리 자신보다 더 소중하게 대함으로써 변화될 수 있는 방법에 대한 아름다운 책입니다 나는 이 책에서 발견된 가족을 사랑했고 공동체와 연민의 힘을 일깨워주는 마음이 따뜻해지는 풍부한 순간들을 좋아했습니다 내가 가진 유일한 문제는 통과하는 것을 듣게 만드는 속도였지만 독자가 투자하고 끌어들일 수 있도록 캐릭터가 얼마나 잘 쓰여졌는지 좋아합니다 한국 소설을 좋아하는 사람들에게 추천하고 싶습니다,0,0.0,0.0,0.0,0.0,0.0,0.0,0.0,0.0,0.0,0.0,0.0,0.0,0.0,0.0,0.0,0.0,0.0,0.0,0.0,0.10452980989120841,0.0,0.0,0.0,0.0,0.0,0.0,0.0,0.0,0.0,0.0,0.0,0.0,0.0,0.0,0.0,0.0,0.0,0.0,0.0,0.0,0.0,0.0,0.11810699314235538,0.0,0.0,0.0,0.0,0.0,0.0,0.1636182496931258,0.0,0.0,0.18047546038615164,0.0,0.09093039321277414,0.0,0.0,0.0,0.0,0.20080997243168838,0.1384415051878921,0.0,0.0,0.0,0.0,0.0,0.0,0.10685736369550645,0.0,0.0,0.0,0.0,0.0,0.0,0.0,0.0,0.0,0.1037799702134831,0.0,0.0,0.0,0.0,0.0,0.0,0.0,0.0,0.0,0.0,0.0,0.0,0.0,0.0,0.0,0.0,0.15471820022391736,0.0,0.0,0.0,0.0,0.1870710538145029,0.0,0.0,0.0,0.0,0.0,0.0,0.14632382137831015,0.0,0.17656087603248563,0.0,0.0,0.0,0.0,0.0,0.0,0.0,0.0,0.0,0.0,0.0,0.0,0.19480248331502392,0.0,0.0,0.0,0.11810699314235538,0.0,0.0,0.0,0.1712618950893072,0.0,0.0,0.0,0.0,0.0,0.0,0.17656087603248563,0.15831926874994737,0.0,0.0,0.0,0.0,0.3071583375454114,0.0,0.0,0.0,0.0,0.0,0.0,0.0,0.1712618950893072,0.0,0.0,0.0,0.0,0.0,0.0,0.0,0.0,0.18047546038615164,0.0,0.0,0.0,0.0,0.15138413152725194,0.0,0.0,0.0,0.0,0.0,0.0,0.0,0.0,0.0,0.0,0.0,0.0,0.0,0.0,0.0,0.0,0.13686276989791896,0.0,0.15831926874994737,0.0,0.0,0.0,0.0,0.0,0.0,0.0,0.0,0.16223385310361335,0.1535791687727057,0.0,0.0,0.0,0.0,0.0,0.0,0.0,0.0,0.0,0.0,0.0,0.0,0.0,0.0,0.0,0.0,0.0,0.19207502164023832,0.0,0.0,0.0,0.0,0.0,0.0,0.0,0.0,0.0,0.0,0.0,0.0,0.0,0.09819272707184719,0.1712618950893072,0.0,0.0,0.0,0.1870710538145029,0.0,0.0,0.0,0.0,0.0,0.0,0.0,0.1650466026507664,0.0,0.0,0.0,0.0,0.0,0.0,0.0,0.0,0.0,0.0,0.0,0.0,0.0,0.1636182496931258,0.17847560496180406,0.19207502164023832,0.0,0.0,0.0,0.0,0.0,0.0,0.0,0.0,0.0,0.0,0.0,0.0,0.0,0.0,0.0,0.0,0.0,0.14632382137831015,0.0,0.0,0.0,0.0,0.0,0.1712618950893072,0.0,0.0,0.0,0.0,0.0,0.0,0.0,0.0,0.0,0.0,0.0,0.0,0.14007766146740908,0.0,0.0,0.0,0.0,0.0,0.0,0.0,0.0
3,2025-08-18,매우 깊은 책 이 소설은 삶과 화해하고 속도를 늦추도록 초대하는 독서 중 하나인 순수한 치유 소설입니다 작은 가게는 거의 인생에 대한 비유입니다 오고가는 사람들 반복되는 일상 모든 것을 변화시키는 예상치 못한 순간들 글쓰기 스타일이 저와 관련되지 않았기 때문에 3 8점을 주었습니다 나는 번역으로 인해 이 책의 풍부함이 어느 정도 사라졌다고 생각합니다 그래서 나는 항상 출판물의 원어로 읽는 것을 선호하지만 이 경우에는 한국어를 이해하지 못합니다,0,0.0,0.0,0.0,0.0,0.0,0.0,0.0,0.0,0.0,0.0,0.0,0.0,0.0,0.0,0.0,0.2601793980931815,0.0,0.0,0.0,0.2943927495143767,0.0,0.0,0.0,0.0,0.0,0.0,0.0,0.0,0.0,0.0,0.0,0.0,0.0,0.0,0.0,0.0,0.0,0.0,0.26342897755349004,0.0,0.0,0.0,0.0,0.0,0.0,0.0,0.0,0.0,0.0,0.0,0.0,0.0,0.0,0.24862879692390097,0.2560920038043947,0.0,0.0,0.0,0.0,0.0,0.0,0.0,0.0,0.0,0.0,0.0,0.0,0.0,0.0,0.0,0.0,0.0,0.0,0.0,0.0,0.0,0.0,0.14614046848198192,0.0,0.0,0.0,0.0,0.0,0.0,0.0,0.0,0.0,0.0,0.0,0.0,0.0,0.0,0.0,0.0,0.0,0.0,0.0,0.0,0.0,0.0,0.0,0.1864904095827642,0.0,0.0,0.0,0.0,0.0,0.0,0.0,0.0,0.0,0.0,0.0,0.1482701785987117,0.0,0.15334111705000614,0.2704754451986188,0.0,0.0,0.0,0.0,0.0,0.0,0.0,0.0,0.0,0.0,0.0,0.0,0.0,0.0,0.0,0.0,0.0,0.0,0.0,0.0,0.0,0.0,0.0,0.0,0.0,0.0,0.0,0.0,0.0,0.23663976556228278,0.0,0.0,0.22656255428738517,0.0,0.0,0.0,0.26685429335380406,0.0,0.0,0.0,0.0,0.0,0.0,0.0,0.0,0.0,0.0,0.0,0.0,0.0,0.0,0.0,0.0,0.0,0.0,0.0,0.0,0.0,0.0,0.0,0.0,0.0,0.24604260478113152,0.0,0.0,0.0,0.0,0.0,0.0,0.0,0.0,0.0,0.0,0.0,0.0,0.0,0.0,0.0,0.0,0.0,0.0,0.0,0.0,0.0,0.0,0.0,0.0,0.0,0.0,0.0,0.0,0.0,0.0,0.0,0.0,0.25132507234362783,0.0,0.0,0.0,0.0,0.0,0.0,0.20471590601266731,0.0,0.0,0.0,0.0,0.0,0.0,0.0,0.0,0.0,0.0,0.0,0.0,0.0,0.0,0.0,0.0,0.0,0.0,0.0,0.0,0.16777189191022718,0.0,0.0,0.0,0.0,0.0,0.0,0.0,0.0,0.0,0.0,0.0,0.0,0.0,0.0,0.0,0.0,0.0,0.0,0.0,0.0,0.0,0.0,0.0,0.0,0.0,0.0,0.0,0.0,0.21626650718194787,0.0,0.0,0.0,0.0,0.0,0.0,0.0,0.0,0.0,0.0,0.0,0.0,0.0,0.0,0.0,0.0,0.0,0.0,0.0,0.0,0.0,0.0,0.0,0.0,0.23449200361185094,0.0,0.0,0.0,0.0,0.0
3,2025-11-11,나의 첫 번째 책은 영어로 읽었다 별 3개가 아닐 수도 있지만 전체적으로 만족스럽습니다,0,0.0,0.0,0.0,0.0,0.0,0.0,0.0,0.0,0.0,0.0,0.0,0.0,0.0,0.0,0.0,0.0,0.0,0.0,0.0,0.0,0.0,0.0,0.0,0.0,0.0,0.0,0.0,0.0,0.0,0.0,0.0,0.0,0.0,0.0,0.0,0.0,0.0,0.0,0.0,0.0,0.0,0.0,0.0,0.0,0.0,0.0,0.0,0.0,0.0,0.0,0.0,0.0,0.0,0.0,0.0,0.0,0.0,0.0,0.0,0.0,0.0,0.0,0.0,0.0,0.0,0.0,0.0,0.0,0.0,0.0,0.0,0.0,0.0,0.0,0.0,0.0,0.0,0.0,0.0,0.0,0.0,0.0,0.0,0.0,0.0,0.0,0.0,0.0,0.0,0.0,0.0,0.0,0.0,0.0,0.0,0.0,0.0,0.0,0.0,0.0,0.0,0.0,0.0,0.0,0.0,0.0,0.0,0.0,0.0,0.0,0.0,0.0,0.0,0.0,0.0,0.0,0.0,0.0,0.0,0.0,0.0,0.0,0.0,0.0,0.0,0.4388386327031675,0.0,0.0,0.0,0.0,0.0,0.0,0.0,0.0,0.0,0.0,0.0,0.0,0.0,0.0,0.0,0.0,0.0,0.0,0.0,0.0,0.0,0.0,0.0,0.0,0.0,0.0,0.0,0.0,0.5748713233154853,0.0,0.0,0.0,0.0,0.0,0.0,0.0,0.0,0.0,0.0,0.0,0.0,0.0,0.0,0.0,0.0,0.0,0.0,0.0,0.0,0.0,0.0,0.0,0.0,0.0,0.0,0.0,0.0,0.0,0.0,0.0,0.0,0.0,0.0,0.0,0.0,0.0,0.0,0.0,0.0,0.0,0.0,0.0,0.0,0.0,0.0,0.0,0.0,0.0,0.0,0.0,0.0,0.0,0.0,0.0,0.0,0.0,0.0,0.0,0.0,0.0,0.0,0.0,0.0,0.0,0.0,0.0,0.0,0.0,0.0,0.0,0.0,0.0,0.0,0.0,0.0,0.0,0.0,0.0,0.0,0.5585498327629996,0.0,0.0,0.0,0.0,0.0,0.0,0.0,0.0,0.0,0.0,0.0,0.0,0.0,0.0,0.0,0.0,0.0,0.0,0.0,0.0,0.0,0.0,0.0,0.0,0.0,0.0,0.0,0.0,0.0,0.0,0.0,0.4061596981448828,0.0,0.0,0.0,0.0,0.0,0.0,0.0,0.0,0.0,0.0,0.0,0.0,0.0,0.0,0.0,0.0,0.0,0.0,0.0,0.0,0.0,0.0,0.0,0.0,0.0,0.0,0.0,0.0,0.0,0.0,0.0,0.0
4,2026-02-08,이것은 흥미로운 읽기였습니다 나는 아마도 이것을 약간 투박한 위로의 읽기로 분류할 것입니다 주요 초점은 매우 독특한 캐릭터입니다 읽으면서 이야기가 다양한 관점과 등장인물의 내면의 생각과 감정을 탐구한다는 것을 알게 됩니다 전반적으로 나는 이 책을 정말 좋아했고 그것이 어디로 이어질지 기대하지 않았습니다 그 이야기의 기본은 희망에 관한 것입니다 첫인상을 넘어 더 나은 사람이 되기 위해 노력합니다,1,0.0,0.0,0.0,0.0,0.0,0.0,0.0,0.0,0.0,0.0,0.0,0.0,0.0,0.0,0.0,0.0,0.0,0.0,0.0,0.14101249318135572,0.0,0.32286691815722657,0.0,0.0,0.0,0.0,0.0,0.0,0.0,0.2188562298962187,0.0,0.0,0.0,0.21191250727840233,0.0,0.0,0.0,0.0,0.0,0.0,0.0,0.0,0.0,0.0,0.0,0.0,0.0,0.0,0.0,0.0,0.0,0.0,0.0,0.0,0.24533329709944765,0.0,0.0,0.0,0.25236203651285205,0.0,0.0,0.0,0.0,0.0,0.0,0.0,0.0,0.0,0.0,0.0,0.19125766292396576,0.0,0.0,0.0,0.0,0.0,0.0,0.0,0.0,0.0,0.0,0.0,0.0,0.0,0.0,0.0,0.0,0.0,0.0,0.0,0.0,0.0,0.0,0.0,0.20871748620621697,0.0,0.0,0.0,0.0,0.0,0.0,0.0,0.0,0.0,0.0,0.0,0.0,0.0,0.0,0.0,0.0,0.0,0.0,0.1420411853426314,0.0,0.0,0.0,0.0,0.0,0.0,0.0,0.0,0.0,0.0,0.0,0.0,0.0,0.0,0.0,0.0,0.0,0.0,0.0,0.0,0.0,0.0,0.0,0.0,0.2056822845404927,0.0,0.0,0.0,0.0,0.0,0.0,0.0,0.0,0.0,0.0,0.0,0.0,0.0,0.0,0.0,0.0,0.0,0.0,0.0,0.0,0.0,0.0,0.0,0.0,0.0,0.0,0.24346446868688587,0.0,0.0,0.0,0.0,0.0,0.23570608438050522,0.0,0.0,0.25236203651285205,0.0,0.0,0.0,0.23332572499688414,0.0,0.0,0.0,0.0,0.0,0.0,0.0,0.0,0.0,0.0,0.0,0.0,0.0,0.0,0.0,0.0,0.0,0.0,0.1777147718452278,0.24346446868688587,0.0,0.0,0.0,0.0,0.0,0.17865574239214427,0.0,0.0,0.0,0.22464073666857595,0.0,0.0,0.0,0.0,0.0,0.0,0.0,0.0,0.0,0.0,0.0,0.0,0.0,0.0,0.0,0.0,0.0,0.0,0.0,0.0,0.0,0.0,0.0,0.0,0.0,0.0,0.0,0.0,0.0,0.0,0.0,0.0,0.0,0.0,0.0,0.0,0.0,0.0,0.0,0.0,0.14101249318135572,0.0,0.0,0.0,0.0,0.0,0.0,0.0,0.0,0.0,0.0,0.0,0.0,0.0,0.0,0.0,0.0,0.0,0.0,0.15279609051307172,0.0,0.0,0.0,0.0,0.0,0.0,0.0,0.0,0.0,0.0,0.0,0.0,0.0,0.0,0.0,0.0,0.0,0.0,0.0,0.0,0.0,0.0,0.0,0.0,0.0,0.0,0.0,0.0,0.0,0.25911247430318796,0.0
5,2026-03-06,이 소설은 현재 상황이 마음에 들지 않더라도 노력한다면 더 나은 방향으로 바뀔 것이라는 느낌을 줍니다,1,0.0,0.0,0.0,0.0,0.0,0.0,0.0,0.0,0.0,0.0,0.0,0.0,0.0,0.0,0.0,0.0,0.0,0.0,0.0,0.0,0.0,0.0,0.0,0.0,0.0,0.0,0.0,0.0,0.0,0.0,0.0,0.0,0.0,0.0,0.0,0.0,0.0,0.0,0.0,0.0,0.0,0.0,0.0,0.0,0.0,0.0,0.0,0.0,0.0,0.0,0.0,0.0,0.0,0.0,0.0,0.0,0.0,0.0,0.44758019197324034,0.0,0.0,0.0,0.0,0.0,0.0,0.38494212931189387,0.0,0.0,0.0,0.0,0.0,0.0,0.0,0.0,0.0,0.0,0.0,0.0,0.0,0.0,0.0,0.0,0.0,0.0,0.0,0.0,0.0,0.0,0.0,0.0,0.0,0.0,0.0,0.0,0.0,0.0,0.4660781617526916,0.0,0.0,0.0,0.0,0.0,0.0,0.0,0.2928381887754339,0.0,0.0,0.0,0.0,0.0,0.0,0.0,0.0,0.0,0.0,0.0,0.0,0.0,0.0,0.0,0.0,0.0,0.0,0.0,0.0,0.0,0.0,0.0,0.0,0.0,0.0,0.0,0.0,0.0,0.0,0.0,0.0,0.0,0.0,0.0,0.0,0.0,0.0,0.0,0.0,0.0,0.0,0.0,0.0,0.38494212931189387,0.0,0.0,0.0,0.0,0.0,0.0,0.0,0.0,0.0,0.0,0.0,0.0,0.0,0.0,0.0,0.0,0.0,0.0,0.0,0.0,0.0,0.0,0.0,0.0,0.0,0.0,0.0,0.0,0.0,0.0,0.0,0.0,0.0,0.0,0.0,0.0,0.0,0.0,0.0,0.0,0.0,0.0,0.0,0.0,0.0,0.0,0.0,0.0,0.0,0.0,0.0,0.0,0.0,0.0,0.0,0.0,0.0,0.0,0.0,0.0,0.0,0.0,0.0,0.0,0.0,0.0,0.0,0.0,0.0,0.0,0.0,0.0,0.0,0.0,0.0,0.0,0.0,0.0,0.0,0.0,0.0,0.0,0.0,0.0,0.0,0.0,0.0,0.0,0.0,0.0,0.0,0.0,0.0,0.0,0.0,0.0,0.0,0.0,0.0,0.0,0.0,0.0,0.0,0.0,0.0,0.0,0.0,0.0,0.0,0.0,0.44758019197324034,0.0,0.0,0.0,0.0,0.0,0.0,0.0,0.0,0.0,0.0,0.0,0.0,0.0,0.0,0.0,0.0,0.0,0.0,0.0,0.0,0.0,0.0,0.0,0.0,0.0,0.0,0.0,0.0,0.0,0.0,0.0,0.0,0.0,0.0,0.0,0.0,0.0,0.0,0.0
3,2026-03-06,이런 따뜻하고 기분 좋은 이야기가 왜 사람들의 관심을 끄는지 알겠습니다 나에게는 마지막에 모든 것이 너무 깔끔하게 모이는 것이 너무 당분이었습니다 하지만 스토리에 완전히 몰입한 캐릭터도 있었고 편의점 설정도 마음에 들었습니다,0,0.0,0.0,0.0,0.0,0.0,0.0,0.0,0.0,0.0,0.0,0.0,0.0,0.0,0.0,0.0,0.0,0.0,0.0,0.0,0.0,0.3804700811389497,0.0,0.0,0.0,0.0,0.0,0.0,0.0,0.0,0.0,0.0,0.0,0.0,0.0,0.0,0.0,0.0,0.0,0.0,0.0,0.0,0.0,0.0,0.0,0.0,0.0,0.26400366800544434,0.0,0.0,0.0,0.0,0.0,0.0,0.0,0.0,0.0,0.0,0.29434122106082683,0.0,0.0,0.0,0.3860966214698471,0.0,0.0,0.0,0.0,0.0,0.0,0.0,0.0,0.0,0.0,0.0,0.0,0.0,0.0,0.0,0.0,0.0,0.0,0.0,0.0,0.0,0.0,0.0,0.0,0.0,0.0,0.0,0.0,0.0,0.0,0.0,0.0,0.0,0.23921608230197927,0.0,0.28633460587476206,0.0,0.0,0.0,0.0,0.0,0.0,0.18493539738756995,0.0,0.0,0.0,0.0,0.0,0.0,0.0,0.0,0.0,0.0,0.16453498934977268,0.0,0.0,0.0,0.0,0.0,0.0,0.0,0.0,0.0,0.0,0.0,0.0,0.0,0.0,0.0,0.0,0.20563386016033522,0.0,0.0,0.0,0.0,0.0,0.0,0.0,0.0,0.0,0.0,0.0,0.0,0.0,0.0,0.0,0.0,0.0,0.0,0.0,0.0,0.0,0.0,0.0,0.0,0.0,0.0,0.0,0.0,0.0,0.0,0.0,0.0,0.0,0.0,0.0,0.0,0.0,0.0,0.0,0.0,0.0,0.0,0.0,0.0,0.0,0.0,0.0,0.0,0.0,0.0,0.0,0.0,0.0,0.0,0.0,0.0,0.0,0.0,0.27585580332761245,0.0,0.0,0.0,0.0,0.0,0.0,0.0,0.0,0.0,0.0,0.26133753569028245,0.0,0.2001041739152612,0.0,0.0,0.0,0.0,0.0,0.0,0.0,0.0,0.0,0.0,0.0,0.0,0.0,0.0,0.0,0.0,0.0,0.0,0.0,0.0,0.0,0.0,0.0,0.0,0.0,0.0,0.0,0.0,0.0,0.0,0.0,0.0,0.0,0.0,0.0,0.0,0.0,0.0,0.0,0.0,0.0,0.0,0.0,0.0,0.0,0.0,0.0,0.0,0.0,0.0,0.1840909435431317,0.0,0.0,0.0,0.0,0.0,0.0,0.0,0.0,0.0,0.0,0.0,0.0,0.0,0.0,0.0,0.0,0.0,0.0,0.0,0.0,0.0,0.0,0.0,0.0,0.0,0.0,0.0,0.21553900816142357,0.0,0.0,0.0,0.0,0.0,0.0,0.20563386016033522,0.0,0.0,0.0,0.0,0.0,0.0,0.0,0.0,0.0
4,2026-05-06,한국 작가의 책은 처음 읽어봤는데 전혀 나쁘지 않네요 이 책의 가장 좋은 점은 매장에 조성된 환영하는 분위기이며 지나가는 모든 사람이 무언가를 배울 수 있는 안전한 장소와 같습니다 이 책은 서사적이거나 여러분을 흥분시키기 위해 고안된 책이 아니며 바로 그것이 제가 가장 좋아했던 책입니다 차분하고 재미있게 읽을 수 있지만 가끔 교훈을 남기는 책입니다,1,0.0,0.0,0.0,0.0,0.0,0.0,0.0,0.3425970832530818,0.0,0.0,0.0,0.0,0.21972882262480325,0.0,0.0,0.0,0.0,0.0,0.0,0.0,0.0,0.0,0.0,0.0,0.0,0.0,0.0,0.0,0.0,0.0,0.0,0.0,0.0,0.1954932258112712,0.0,0.0,0.0,0.0,0.0,0.0,0.0,0.0,0.0,0.0,0.0,0.0,0.0,0.0,0.0,0.0,0.0,0.0,0.0,0.0,0.0,0.0,0.0,0.0,0.0,0.0,0.0,0.0,0.0,0.0,0.0,0.0,0.0,0.0,0.0,0.0,0.0,0.0,0.0,0.0,0.0,0.0,0.0,0.0,0.0,0.0,0.0,0.0,0.0,0.0,0.0,0.0,0.0,0.0,0.0,0.0,0.0,0.0,0.0,0.0,0.0,0.0,0.0,0.0,0.0,0.0,0.0,0.0,0.0,0.0,0.0,0.0,0.0,0.0,0.0,0.0,0.0,0.0,0.0,0.0,0.0,0.1355171385062154,0.0,0.0,0.0,0.0,0.0,0.0,0.21972882262480325,0.0,0.0,0.0,0.0,0.0,0.0,0.0,0.0,0.0,0.0,0.0,0.0,0.0,0.0,0.0,0.18974572956294186,0.0,0.0,0.0,0.0,0.0,0.0,0.0,0.0,0.0,0.0,0.0,0.0,0.0,0.0,0.0,0.0,0.0,0.0,0.0,0.0,0.0,0.0,0.0,0.0,0.0,0.0,0.0,0.0,0.0,0.0,0.0,0.0,0.0,0.0,0.0,0.0,0.0,0.0,0.0,0.0,0.0,0.0,0.0,0.0,0.0,0.0,0.0,0.0,0.0,0.0,0.0,0.0,0.0,0.0,0.0,0.0,0.0,0.0,0.16394517939752817,0.0,0.0,0.0,0.0,0.0,0.0,0.0,0.0,0.0,0.0,0.0,0.0,0.0,0.0,0.0,0.0,0.0,0.0,0.0,0.0,0.0,0.0,0.0,0.0,0.2299368115099826,0.0,0.0,0.12220018836928447,0.0,0.0,0.0,0.0,0.0,0.0,0.0,0.0,0.0,0.18707908606090914,0.0,0.0,0.0,0.22720510242244726,0.0,0.0,0.0,0.22211168989834001,0.0,0.20189893895736805,0.2299368115099826,0.0,0.0,0.0,0.19400009919152886,0.0,0.0,0.0,0.0,0.15162414992983939,0.0,0.0,0.0,0.0,0.0,0.0,0.0,0.0,0.0,0.0,0.0,0.2720759390360804,0.0,0.19112824252137064,0.18707908606090914,0.0,0.36419802298106524,0.0,0.0,0.0,0.0,0.0,0.0,0.0,0.0,0.0,0.0,0.0,0.0,0.0,0.0,0.0,0.0,0.0,0.0,0.17432570749482737,0.0,0.0,0.0,0.0,0.0,0.0,0.0,0.0
4,2024-12-02,인간 삶의 심오한 주제를 테이블 위에 올려놓는 매우 동양적인 방법입니다,1,0.0,0.0,0.0,0.0,0.0,0.0,0.0,0.0,0.0,0.0,0.0,0.0,0.0,0.0,0.0,0.0,0.0,0.0,0.0,0.0,0.0,0.0,0.0,0.0,0.0,0.0,0.0,0.0,0.0,0.0,0.0,0.0,0.0,0.0,0.0,0.0,0.0,0.0,0.0,0.0,0.0,0.0,0.0,0.0,0.0,0.0,0.0,0.0,0.0,0.0,0.0,0.0,0.0,0.0,0.0,0.0,0.0,0.0,0.0,0.0,0.0,0.0,0.0,0.0,0.0,0.0,0.0,0.0,0.0,0.0,0.0,0.0,0.0,0.0,0.0,0.0,0.0,0.0,0.0,0.0,0.0,0.0,0.0,0.0,0.0,0.0,0.0,0.0,0.0,0.0,0.0,0.0,0.0,0.0,0.0,0.0,0.0,0.0,0.0,0.0,0.0,0.0,0.0,0.0,0.0,0.0,0.0,0.0,0.0,0.0,0.0,0.0,0.0,0.5654586920138571,0.0,0.0,0.0,0.0,0.0,0.0,0.0,0.0,0.0,0.0,0.0,0.0,0.0,0.0,0.0,0.0,0.0,0.0,0.0,0.0,0.0,0.0,0.0,0.0,0.0,0.0,0.0,0.0,0.8247766168035913,0.0,0.0,0.0,0.0,0.0,0.0,0.0,0.0,0.0,0.0,0.0,0.0,0.0,0.0,0.0,0.0,0.0,0.0,0.0,0.0,0.0,0.0,0.0,0.0,0.0,0.0,0.0,0.0,0.0,0.0,0.0,0.0,0.0,0.0,0.0,0.0,0.0,0.0,0.0,0.0,0.0,0.0,0.0,0.0,0.0,0.0,0.0,0.0,0.0,0.0,0.0,0.0,0.0,0.0,0.0,0.0,0.0,0.0,0.0,0.0,0.0,0.0,0.0,0.0,0.0,0.0,0.0,0.0,0.0,0.0,0.0,0.0,0.0,0.0,0.0,0.0,0.0,0.0,0.0,0.0,0.0,0.0,0.0,0.0,0.0,0.0,0.0,0.0,0.0,0.0,0.0,0.0,0.0,0.0,0.0,0.0,0.0,0.0,0.0,0.0,0.0,0.0,0.0,0.0,0.0,0.0,0.0,0.0,0.0,0.0,0.0,0.0,0.0,0.0,0.0,0.0,0.0,0.0,0.0,0.0,0.0,0.0,0.0,0.0,0.0,0.0,0.0,0.0,0.0,0.0,0.0,0.0,0.0,0.0,0.0,0.0,0.0,0.0,0.0,0.0,0.0,0.0,0.0,0.0,0.0,0.0,0.0,0.0,0.0,0.0,0.0,0.0,0.0,0.0,0.0,0.0,0.0
4,2025-02-24,나는 결혼 가족 일 중독 등 단 하나의 주제도 다루지 않은 채로 두지 않는다고 생각합니다 각 챕터마다 등장인물의 이야기와 그들의 문제를 알려주는 점이 마음에 들었고 각 챕터가 끝날 때마다 생각해 볼 가치가 있었습니다 때때로 밀도가 높지만 권장합니다,1,0.0,0.0,0.0,0.0,0.0,0.0,0.0,0.0,0.0,0.0,0.0,0.0,0.0,0.0,0.0,0.0,0.0,0.0,0.0,0.0,0.0,0.0,0.0,0.0,0.0,0.0,0.0,0.0,0.0,0.0,0.0,0.0,0.0,0.0,0.0,0.0,0.36228632630704777,0.0,0.0,0.0,0.0,0.0,0.0,0.0,0.0,0.0,0.0,0.0,0.0,0.0,0.0,0.0,0.0,0.0,0.1995971899913463,0.0,0.0,0.0,0.0,0.0,0.0,0.0,0.0,0.0,0.0,0.0,0.0,0.0,0.0,0.0,0.0,0.0,0.0,0.0,0.0,0.0,0.0,0.0,0.0,0.0,0.0,0.0,0.0,0.0,0.0,0.0,0.0,0.0,0.0,0.0,0.0,0.0,0.0,0.0,0.0,0.0,0.0,0.0,0.0,0.0,0.0,0.0,0.0,0.0,0.2686635816927524,0.0,0.0,0.0,0.0,0.0,0.0,0.0,0.0,0.0,0.0,0.0,0.0,0.0,0.0,0.36228632630704777,0.0,0.0,0.0,0.0,0.0,0.0,0.0,0.0,0.0,0.0,0.0,0.0,0.0,0.0,0.0,0.0,0.0,0.0,0.0,0.0,0.0,0.0,0.0,0.0,0.0,0.0,0.368872370435426,0.0,0.0,0.0,0.0,0.0,0.0,0.0,0.0,0.0,0.0,0.0,0.0,0.0,0.0,0.0,0.0,0.0,0.0,0.0,0.0,0.0,0.0,0.0,0.0,0.0,0.3796562440783873,0.0,0.0,0.0,0.0,0.0,0.0,0.0,0.0,0.0,0.0,0.0,0.0,0.0,0.0,0.0,0.0,0.0,0.0,0.0,0.0,0.0,0.0,0.0,0.0,0.0,0.0,0.0,0.0,0.0,0.0,0.0,0.0,0.0,0.0,0.0,0.0,0.0,0.0,0.0,0.0,0.0,0.0,0.0,0.0,0.0,0.0,0.0,0.0,0.0,0.0,0.0,0.0,0.0,0.0,0.0,0.0,0.0,0.0,0.0,0.39615351350322636,0.0,0.0,0.0,0.0,0.0,0.0,0.0,0.0,0.0,0.0,0.0,0.0,0.0,0.0,0.0,0.4339755541066312,0.0,0.0,0.0,0.0,0.0,0.0,0.0,0.0,0.0,0.0,0.0,0.0,0.0,0.0,0.0,0.0,0.0,0.0,0.0,0.0,0.0,0.0,0.0,0.0,0.0,0.0,0.0,0.0,0.0,0.0,0.0,0.0,0.0,0.0,0.0,0.0,0.0,0.0,0.0,0.0,0.0,0.0,0.0,0.0,0.0,0.0,0.0,0.0,0.0,0.0,0.0
4,2025-06-22,옥수수수염차 한잔 같은 힐링 픽션 멋진 책,1,0.0,0.0,0.0,0.0,0.0,0.0,0.0,0.0,0.0,0.0,0.0,0.0,0.0,0.0,0.6493485826051173,0.0,0.0,0.0,0.0,0.0,0.0,0.0,0.0,0.0,0.0,0.0,0.0,0.0,0.0,0.0,0.0,0.0,0.0,0.0,0.0,0.0,0.0,0.0,0.0,0.0,0.0,0.0,0.0,0.0,0.0,0.0,0.0,0.0,0.0,0.0,0.0,0.0,0.0,0.0,0.0,0.0,0.0,0.0,0.0,0.0,0.0,0.0,0.0,0.0,0.0,0.0,0.0,0.0,0.0,0.0,0.0,0.0,0.0,0.0,0.0,0.0,0.0,0.0,0.0,0.0,0.0,0.0,0.0,0.0,0.0,0.0,0.0,0.0,0.0,0.0,0.0,0.0,0.0,0.0,0.0,0.0,0.0,0.0,0.0,0.0,0.0,0.0,0.0,0.0,0.0,0.0,0.0,0.0,0.0,0.0,0.0,0.0,0.0,0.0,0.0,0.0,0.0,0.0,0.0,0.0,0.0,0.0,0.0,0.0,0.0,0.0,0.0,0.0,0.0,0.0,0.0,0.0,0.0,0.0,0.0,0.0,0.0,0.0,0.0,0.0,0.0,0.0,0.0,0.0,0.0,0.0,0.0,0.0,0.0,0.0,0.0,0.0,0.0,0.0,0.0,0.0,0.0,0.0,0.0,0.0,0.0,0.0,0.0,0.0,0.0,0.0,0.0,0.0,0.0,0.0,0.0,0.0,0.0,0.0,0.0,0.0,0.0,0.0,0.0,0.0,0.0,0.0,0.0,0.0,0.0,0.0,0.0,0.0,0.0,0.0,0.0,0.0,0.0,0.0,0.0,0.0,0.0,0.0,0.0,0.0,0.0,0.0,0.0,0.0,0.0,0.0,0.0,0.0,0.0,0.0,0.0,0.0,0.0,0.0,0.0,0.0,0.0,0.0,0.0,0.0,0.0,0.0,0.0,0.0,0.0,0.0,0.0,0.0,0.0,0.0,0.0,0.0,0.0,0.0,0.0,0.0,0.0,0.0,0.0,0.0,0.0,0.0,0.0,0.0,0.0,0.0,0.0,0.0,0.0,0.0,0.0,0.0,0.0,0.0,0.0,0.0,0.0,0.0,0.0,0.0,0.0,0.0,0.0,0.0,0.0,0.0,0.0,0.0,0.0,0.0,0.0,0.0,0.0,0.0,0.0,0.0,0.0,0.0,0.0,0.0,0.0,0.0,0.0,0.0,0.0,0.0,0.0,0.0,0.0,0.0,0.0,0.0,0.0,0.0,0.0,0.0,0.0,0.0,0.0,0.7604909061052112
3,2026-01-22,3 5는 재미있었지만 결말이 실망스러웠어요,0,0.0,0.0,0.0,0.0,0.0,0.0,0.0,0.0,0.0,0.0,0.0,0.0,0.0,0.0,0.0,0.0,0.0,0.0,0.0,0.0,0.0,0.0,0.0,0.0,0.0,0.0,0.0,0.0,0.0,0.0,0.0,0.0,0.0,0.0,0.0,0.0,0.0,0.0,0.0,0.0,0.0,0.0,0.0,0.0,0.0,0.0,0.0,0.0,0.0,0.0,0.0,0.0,0.0,0.0,0.0,0.0,0.0,0.0,0.0,0.0,0.0,0.0,0.0,0.0,0.0,0.0,0.0,0.0,0.0,0.0,0.0,0.0,0.0,0.0,0.0,0.0,0.0,0.0,0.0,0.0,0.0,0.0,0.0,0.0,0.0,0.0,0.0,0.0,0.0,0.0,0.0,0.0,0.0,0.0,0.0,0.0,0.0,0.0,0.0,0.0,0.0,0.0,0.0,0.0,0.0,0.0,0.0,0.0,0.0,0.0,0.0,0.0,0.0,0.0,0.0,0.0,0.0,0.0,0.0,0.0,0.0,0.0,0.0,0.0,0.0,0.0,0.0,0.0,0.0,0.0,0.0,0.0,0.0,0.0,0.0,0.0,0.0,0.0,0.0,0.0,0.0,0.0,0.0,0.0,0.0,0.0,0.0,0.0,0.0,0.0,0.0,0.0,0.0,0.0,0.0,0.0,0.0,0.0,0.0,0.0,0.0,0.0,0.0,0.0,0.0,0.0,0.0,0.0,0.0,0.0,0.0,0.0,0.0,0.0,0.0,0.0,0.0,0.0,0.0,0.0,0.0,0.0,0.0,0.0,0.0,0.0,0.0,0.0,0.0,0.0,0.0,0.0,0.0,0.0,0.0,0.0,0.0,0.0,0.0,0.0,0.0,0.0,0.0,0.0,0.0,0.0,0.0,0.0,0.0,0.0,0.0,0.0,0.0,0.0,0.0,0.0,0.0,0.0,0.0,0.0,0.0,0.0,0.0,0.0,0.0,0.0,0.0,0.0,0.0,0.0,0.0,0.0,0.0,0.0,0.0,0.0,0.0,0.0,0.0,0.0,0.0,0.0,0.0,0.0,0.0,0.0,0.0,0.0,0.0,0.0,0.0,0.0,0.0,0.0,0.0,0.0,0.0,0.0,0.0,0.0,0.0,0.0,0.0,0.0,0.0,0.0,0.0,0.0,0.0,0.0,0.0,0.0,0.0,0.0,0.0,0.0,0.0,0.0,0.0,0.0,0.0,0.0,0.0,0.0,0.0,0.0,0.0,0.0,0.0,0.0,0.0,0.0,0.0,0.0,0.0,0.0,0.0,0.0,0.0,0.0
5,2026-03-21,각 장마다 서술자가 바뀌기 때문에 다소 지저분하지만 모든 것이 하나로 합쳐지기 시작하면 왜 좋은 평가를 받았는지 의심할 여지가 없습니다 확실히 추천할 수 있습니다,1,0.0,0.0,0.0,0.0,0.0,0.0,0.0,0.0,0.0,0.0,0.0,0.0,0.0,0.0,0.0,0.0,0.0,0.0,0.0,0.0,0.3135177901712874,0.0,0.0,0.0,0.0,0.0,0.0,0.0,0.0,0.0,0.0,0.0,0.0,0.0,0.0,0.0,0.0,0.0,0.0,0.0,0.0,0.0,0.0,0.0,0.0,0.0,0.0,0.0,0.0,0.0,0.0,0.0,0.0,0.0,0.0,0.0,0.0,0.0,0.0,0.0,0.0,0.0,0.0,0.0,0.0,0.0,0.0,0.0,0.46583794904162384,0.0,0.0,0.0,0.0,0.0,0.0,0.0,0.0,0.0,0.0,0.0,0.0,0.0,0.0,0.0,0.0,0.0,0.0,0.0,0.0,0.0,0.0,0.0,0.0,0.0,0.0,0.0,0.0,0.0,0.0,0.0,0.0,0.3297826637099071,0.0,0.0,0.0,0.0,0.0,0.0,0.0,0.0,0.0,0.0,0.0,0.0,0.0,0.27116269490823935,0.0,0.0,0.0,0.0,0.0,0.0,0.0,0.0,0.0,0.0,0.0,0.0,0.0,0.0,0.0,0.0,0.0,0.0,0.0,0.0,0.0,0.0,0.0,0.0,0.0,0.0,0.0,0.0,0.0,0.0,0.0,0.0,0.0,0.0,0.0,0.0,0.0,0.0,0.0,0.0,0.0,0.0,0.0,0.0,0.0,0.0,0.0,0.0,0.0,0.0,0.0,0.0,0.0,0.0,0.0,0.0,0.0,0.0,0.0,0.0,0.0,0.0,0.0,0.0,0.0,0.0,0.0,0.0,0.0,0.4074365772184313,0.0,0.0,0.0,0.0,0.0,0.0,0.0,0.0,0.0,0.0,0.0,0.0,0.0,0.0,0.0,0.0,0.0,0.0,0.0,0.0,0.0,0.0,0.0,0.0,0.0,0.0,0.0,0.0,0.0,0.0,0.0,0.0,0.0,0.0,0.0,0.0,0.0,0.0,0.0,0.0,0.0,0.0,0.0,0.0,0.0,0.26315708172231317,0.0,0.0,0.0,0.0,0.0,0.0,0.0,0.0,0.0,0.0,0.0,0.0,0.0,0.0,0.0,0.0,0.0,0.0,0.0,0.0,0.0,0.0,0.0,0.30339198098003284,0.0,0.0,0.0,0.0,0.0,0.0,0.0,0.0,0.0,0.0,0.0,0.0,0.0,0.0,0.0,0.0,0.0,0.0,0.0,0.0,0.0,0.0,0.0,0.0,0.0,0.0,0.0,0.0,0.0,0.0,0.0,0.0,0.0,0.0,0.0,0.0,0.0,0.0,0.0,0.0,0.41846490873936143,0.0,0.0,0.0
5,2025-06-12,아 이 책은 너무 포근한 위로였어요 나는 포근한 인성 연구 같은 이 책을 읽는 것을 좋아했다 각 캐릭터가 가지고 있는 단편 소설이 이 순진한 편의점을 통해 연결되는 방식이 즐거웠습니다 저자가 사람을 어떻게 이해하고 사람이 어떻게 생각하고 기능하는지 작은 선택이 얼마나 큰 결과 좋든 나쁘든 를 가져올 수 있다는 것을 느낄 수 있었습니다 이 책을 펼칠 때마다 나는 한국으로 쉽게 이동할 수 있었고 솔직히 이 편의점에서 맛있는 소리를 내는 스낵이 너무 부러웠다 글이 아름답고 감동적이었습니다 ARC 출판사에게 감사드립니다 내 생각과 리뷰는 내 자신의 것입니다,1,0.0,0.0,0.0,0.0,0.0,0.0,0.0,0.0,0.0,0.19097217391909774,0.0,0.21189219460576145,0.0,0.0,0.17877566667764205,0.0,0.0,0.0,0.0,0.2397558232042826,0.0,0.13723823684306438,0.0,0.0,0.0,0.0,0.0,0.0,0.0,0.0,0.0,0.0,0.0,0.0,0.0,0.0,0.0,0.0,0.0,0.0,0.0,0.0,0.0,0.0,0.0,0.0,0.0,0.0,0.0,0.0,0.0,0.0,0.0,0.0,0.20856338781929976,0.0,0.0,0.0,0.0,0.0,0.0,0.29304776332753546,0.0,0.0,0.0,0.0,0.0,0.0,0.0,0.0,0.0,0.0,0.0,0.0,0.0,0.0,0.0,0.0,0.0,0.0,0.0,0.0,0.0,0.0,0.0,0.0,0.0,0.0,0.0,0.0,0.0,0.0,0.0,0.0,0.0,0.0,0.0,0.0,0.0,0.0,0.0,0.0,0.0,0.0,0.0,0.0,0.0,0.0,0.0,0.0,0.0,0.0,0.0,0.0,0.0,0.0,0.0,0.0,0.0,0.0,0.0,0.0,0.0,0.0,0.21189219460576145,0.0,0.0,0.0,0.0,0.0,0.0,0.0,0.0,0.0,0.0,0.0,0.20248529210421062,0.0,0.17485516473040918,0.0,0.0,0.0,0.0,0.0,0.0,0.0,0.0,0.0,0.0,0.0,0.0,0.0,0.20937486025733223,0.0,0.0,0.0,0.0,0.0,0.0,0.0,0.0,0.0,0.0,0.0,0.0,0.0,0.0,0.0,0.0,0.0,0.0,0.0,0.0,0.0,0.0,0.0,0.0,0.0,0.0,0.0,0.0,0.3139166338965445,0.0,0.18156527141754694,0.0,0.0,0.0,0.0,0.0,0.0,0.0,0.0,0.0,0.0,0.0,0.0,0.0,0.0,0.0,0.0,0.0,0.0,0.0,0.0,0.0,0.0,0.0,0.0,0.0,0.0,0.0,0.0,0.0,0.0,0.0,0.0,0.0,0.0,0.0,0.16672228052505306,0.0,0.0,0.0,0.0,0.0,0.11261035553535534,0.0,0.0,0.164616064841491,0.0,0.0,0.0,0.20697465449371755,0.0,0.0,0.0,0.0,0.14369604415482728,0.0,0.0,0.13663477827436127,0.0,0.0,0.0,0.0,0.0,0.0,0.0,0.0,0.0,0.0,0.0,0.0,0.0,0.0,0.0,0.0,0.0,0.0,0.0,0.0,0.0,0.0,0.0,0.0,0.0,0.0,0.12536219721233186,0.25979082871928966,0.0,0.0,0.0,0.0,0.0,0.0,0.0,0.0,0.0,0.19640826231004085,0.0,0.0,0.17239778985351883,0.0,0.0,0.20468116049400098,0.0,0.21453867825679965,0.0,0.0,0.0,0.0,0.0,0.0,0.0,0.0,0.0,0.0,0.0,0.0,0.0
4,2025-06-23,이런 정말 재미있었어요 두 번째 부분도 읽어봐야겠어요 노숙인 사건에 대한 해결책이 있는지 궁금합니다 가족들과 합의를 하길 바랍니다 그렇지 않다면 분명 새롭고 흥미로운 캐릭터와 스토리가 될 것입니다 이야기에 대한 작가의 훌륭한 아이디어 특히 커피가 식기 전에 팬분들께 강력 추천드려요 그런 분위기,1,0.0,0.0,0.0,0.0,0.0,0.0,0.0,0.0,0.0,0.0,0.0,0.0,0.0,0.0,0.0,0.0,0.0,0.0,0.0,0.0,0.0,0.21552410853365522,0.0,0.0,0.0,0.0,0.0,0.0,0.0,0.0,0.0,0.0,0.0,0.0,0.0,0.0,0.0,0.0,0.0,0.0,0.3288101854435962,0.0,0.0,0.0,0.0,0.0,0.0,0.0,0.0,0.0,0.0,0.0,0.0,0.0,0.0,0.0,0.0,0.0,0.0,0.0,0.0,0.0,0.0,0.0,0.0,0.0,0.0,0.0,0.0,0.0,0.0,0.0,0.0,0.0,0.0,0.0,0.0,0.3738206367061301,0.0,0.0,0.0,0.0,0.0,0.0,0.0,0.0,0.0,0.0,0.0,0.0,0.0,0.0,0.0,0.0,0.0,0.0,0.0,0.0,0.0,0.0,0.0,0.0,0.0,0.0,0.0,0.0,0.0,0.0,0.0,0.0,0.0,0.0,0.0,0.0,0.0,0.0,0.0,0.0,0.0,0.0,0.0,0.0,0.0,0.0,0.0,0.2127136444783145,0.0,0.0,0.0,0.0,0.0,0.0,0.0,0.0,0.0,0.0,0.0,0.0,0.0,0.0,0.0,0.0,0.0,0.0,0.0,0.0,0.0,0.0,0.0,0.0,0.0,0.0,0.0,0.0,0.0,0.0,0.0,0.0,0.0,0.0,0.0,0.0,0.0,0.0,0.0,0.0,0.0,0.0,0.0,0.0,0.0,0.0,0.0,0.0,0.0,0.0,0.0,0.0,0.0,0.0,0.0,0.0,0.0,0.0,0.0,0.0,0.0,0.0,0.0,0.0,0.0,0.0,0.0,0.0,0.0,0.0,0.0,0.0,0.0,0.0,0.0,0.0,0.3115049331466894,0.0,0.0,0.0,0.0,0.3459319112213868,0.0,0.0,0.0,0.0,0.0,0.0,0.0,0.0,0.0,0.0,0.0,0.0,0.0,0.0,0.0,0.0,0.0,0.0,0.3084469504765074,0.0,0.0,0.0,0.0,0.0,0.0,0.0,0.0,0.0,0.0,0.0,0.0,0.3288101854435962,0.0,0.0,0.0,0.0,0.0,0.0,0.0,0.0,0.0,0.1882607983405722,0.0,0.0,0.0,0.0,0.0,0.0,0.0,0.0,0.0,0.0,0.0,0.0,0.0,0.0,0.0,0.0,0.0,0.0,0.0,0.0,0.0,0.0,0.0,0.0,0.0,0.0,0.0,0.0,0.0,0.0,0.0,0.0,0.29218722137676206,0.0,0.0,0.0,0.0,0.0,0.0,0.0,0.0,0.0,0.0,0.0,0.0,0.0,0.0,0.0,0.3459319112213868,0.0
4,2025-07-01,맙소사 나는 포근한 책으로 위장한 한국 자본주의 비평을 좋아한다,1,0.0,0.0,0.0,0.0,0.0,0.0,0.0,0.0,0.0,0.0,0.0,0.0,0.0,0.0,0.0,0.0,0.0,0.0,0.0,0.0,0.0,0.0,0.0,0.0,0.0,0.0,0.0,0.0,0.0,0.0,0.0,0.0,0.0,0.0,0.0,0.0,0.0,0.0,0.0,0.0,0.0,0.0,0.0,0.0,0.0,0.0,0.0,0.0,0.0,0.0,0.0,0.0,0.0,0.0,0.5444827554067599,0.0,0.0,0.0,0.0,0.0,0.0,0.0,0.0,0.0,0.0,0.0,0.0,0.0,0.0,0.0,0.0,0.0,0.0,0.0,0.0,0.0,0.0,0.0,0.0,0.0,0.0,0.0,0.0,0.0,0.0,0.0,0.0,0.0,0.0,0.0,0.0,0.0,0.0,0.0,0.0,0.0,0.0,0.0,0.0,0.0,0.0,0.0,0.0,0.0,0.0,0.0,0.0,0.0,0.0,0.0,0.0,0.0,0.0,0.0,0.0,0.0,0.0,0.0,0.0,0.0,0.0,0.0,0.0,0.0,0.0,0.0,0.0,0.0,0.0,0.0,0.0,0.0,0.0,0.0,0.0,0.0,0.0,0.0,0.0,0.0,0.0,0.0,0.0,0.0,0.0,0.0,0.0,0.0,0.0,0.0,0.0,0.0,0.0,0.0,0.0,0.0,0.0,0.0,0.0,0.0,0.0,0.0,0.0,0.0,0.0,0.0,0.0,0.0,0.0,0.0,0.0,0.0,0.0,0.0,0.0,0.0,0.0,0.0,0.0,0.0,0.0,0.0,0.0,0.0,0.0,0.0,0.0,0.0,0.0,0.0,0.0,0.0,0.0,0.0,0.0,0.0,0.0,0.0,0.0,0.0,0.0,0.0,0.0,0.0,0.0,0.0,0.0,0.0,0.0,0.0,0.0,0.0,0.0,0.0,0.0,0.0,0.0,0.0,0.0,0.0,0.0,0.0,0.0,0.0,0.0,0.0,0.0,0.0,0.0,0.0,0.0,0.0,0.0,0.0,0.0,0.0,0.0,0.0,0.0,0.0,0.0,0.0,0.0,0.0,0.0,0.0,0.0,0.0,0.0,0.0,0.0,0.0,0.0,0.0,0.0,0.0,0.0,0.0,0.0,0.0,0.0,0.0,0.0,0.0,0.0,0.0,0.0,0.0,0.0,0.0,0.0,0.0,0.0,0.0,0.0,0.0,0.0,0.0,0.0,0.0,0.0,0.0,0.0,0.0,0.0,0.0,0.0,0.0,0.0,0.0,0.0,0.8387720364107655,0.0,0.0,0.0,0.0,0.0,0.0,0.0,0.0
3,2025-07-31,마치 내가 전에 본 한국 드라마처럼,0,0.0,0.0,0.0,0.0,0.0,0.0,0.0,0.0,0.0,0.0,0.0,0.0,0.0,0.0,0.0,0.0,0.0,0.0,0.0,0.0,0.0,0.0,0.0,0.0,0.0,0.0,0.0,0.0,0.0,0.0,0.0,0.0,0.0,0.0,0.0,0.0,0.0,0.0,0.0,0.0,0.0,0.0,0.0,0.0,0.0,0.0,0.0,0.0,0.0,0.0,0.0,0.0,0.0,0.0,0.0,0.0,0.0,0.0,0.0,0.0,0.7029407650073284,0.0,0.0,0.0,0.0,0.0,0.0,0.0,0.0,0.0,0.0,0.0,0.0,0.0,0.0,0.0,0.0,0.0,0.0,0.0,0.0,0.0,0.0,0.0,0.0,0.0,0.0,0.0,0.0,0.0,0.0,0.0,0.0,0.0,0.0,0.0,0.0,0.0,0.0,0.0,0.0,0.0,0.0,0.0,0.0,0.0,0.0,0.0,0.0,0.0,0.0,0.0,0.0,0.0,0.0,0.0,0.0,0.0,0.0,0.0,0.0,0.0,0.0,0.0,0.0,0.0,0.0,0.0,0.0,0.0,0.0,0.0,0.0,0.0,0.0,0.0,0.0,0.0,0.0,0.0,0.0,0.0,0.0,0.0,0.0,0.0,0.0,0.0,0.0,0.0,0.0,0.0,0.0,0.0,0.0,0.0,0.0,0.0,0.0,0.0,0.0,0.0,0.0,0.0,0.0,0.0,0.0,0.0,0.0,0.0,0.0,0.0,0.0,0.0,0.0,0.0,0.0,0.0,0.0,0.0,0.0,0.0,0.0,0.0,0.0,0.0,0.0,0.0,0.0,0.0,0.0,0.0,0.0,0.0,0.0,0.0,0.0,0.0,0.0,0.0,0.0,0.0,0.0,0.0,0.0,0.0,0.0,0.0,0.0,0.0,0.0,0.0,0.0,0.0,0.0,0.0,0.0,0.0,0.0,0.0,0.0,0.0,0.0,0.0,0.0,0.0,0.0,0.0,0.0,0.0,0.0,0.0,0.0,0.0,0.0,0.0,0.0,0.0,0.0,0.0,0.0,0.0,0.0,0.0,0.0,0.0,0.0,0.0,0.0,0.0,0.0,0.0,0.0,0.0,0.0,0.0,0.0,0.0,0.0,0.0,0.0,0.0,0.0,0.0,0.0,0.0,0.0,0.0,0.0,0.0,0.0,0.0,0.0,0.0,0.0,0.0,0.0,0.0,0.0,0.0,0.0,0.0,0.0,0.0,0.0,0.0,0.0,0.0,0.0,0.0,0.0,0.7112483960550714,0.0,0.0,0.0,0.0,0.0,0.0,0.0,0.0
4,2025-08-29,나는 그것을 읽기에 매우 좋고 쉬웠습니다 저는 아시아 문학의 단순함과 모든 사람의 일상적인 문제를 문학적이고 아름다운 방식으로 묘사하는 것을 좋아합니다,1,0.0,0.0,0.0,0.0,0.0,0.0,0.0,0.0,0.0,0.0,0.0,0.0,0.0,0.0,0.0,0.0,0.0,0.0,0.0,0.20114386302298287,0.0,0.0,0.0,0.0,0.0,0.0,0.0,0.0,0.0,0.0,0.0,0.0,0.2797443090943168,0.0,0.0,0.0,0.0,0.0,0.0,0.0,0.0,0.0,0.0,0.0,0.0,0.0,0.0,0.0,0.0,0.0,0.0,0.0,0.0,0.0,0.17497487631568456,0.0,0.0,0.0,0.0,0.0,0.0,0.0,0.0,0.0,0.0,0.0,0.0,0.0,0.0,0.0,0.0,0.0,0.0,0.0,0.0,0.0,0.0,0.0,0.0,0.0,0.0,0.0,0.0,0.0,0.0,0.0,0.0,0.0,0.0,0.0,0.0,0.0,0.0,0.0,0.0,0.0,0.0,0.0,0.0,0.0,0.0,0.0,0.0,0.0,0.0,0.0,0.0,0.0,0.0,0.0,0.0,0.0,0.0,0.2026112160958368,0.0,0.20954065407233383,0.0,0.0,0.0,0.31759467725566576,0.0,0.0,0.0,0.3748531070824193,0.0,0.0,0.0,0.0,0.0,0.0,0.0,0.0,0.0,0.0,0.0,0.0,0.0,0.30464945206043637,0.0,0.0,0.0,0.0,0.0,0.0,0.0,0.0,0.0,0.0,0.0,0.0,0.0,0.0,0.0,0.0,0.0,0.0,0.0,0.0,0.0,0.0,0.0,0.0,0.0,0.0,0.29130435659896686,0.0,0.35997572810274653,0.0,0.0,0.0,0.0,0.0,0.0,0.0,0.0,0.0,0.0,0.0,0.0,0.0,0.0,0.0,0.0,0.0,0.0,0.0,0.0,0.0,0.0,0.0,0.0,0.0,0.0,0.0,0.0,0.0,0.0,0.0,0.0,0.0,0.0,0.0,0.0,0.0,0.0,0.0,0.0,0.0,0.0,0.0,0.0,0.0,0.0,0.0,0.0,0.0,0.0,0.0,0.0,0.0,0.0,0.0,0.0,0.0,0.0,0.0,0.0,0.0,0.0,0.0,0.0,0.0,0.0,0.0,0.0,0.0,0.0,0.0,0.0,0.0,0.0,0.0,0.0,0.0,0.31484613660530825,0.0,0.0,0.0,0.0,0.0,0.0,0.0,0.0,0.3434357402423676,0.0,0.0,0.0,0.0,0.0,0.0,0.0,0.0,0.0,0.0,0.0,0.0,0.0,0.0,0.0,0.0,0.0,0.0,0.0,0.0,0.0,0.0,0.0,0.0,0.0,0.0,0.0,0.0,0.0,0.0,0.0,0.0,0.0,0.0,0.0,0.0,0.0,0.0,0.0,0.0,0.0,0.0,0.0,0.0,0.0,0.0
4,2025-10-15,결국 인생은 관계이고 관계는 소통이다 행복은 멀리 있지 않다는 걸 주변 사람들과 마음을 나누면 된다는 걸 깨달았어요,1,0.0,0.0,0.0,0.0,0.0,0.0,0.0,0.0,0.0,0.0,0.0,0.0,0.0,0.0,0.0,0.0,0.0,0.0,0.0,0.0,0.0,0.0,0.0,0.0,0.3630870867636425,0.0,0.0,0.0,0.0,0.0,0.0,0.0,0.0,0.0,0.0,0.0,0.0,0.0,0.0,0.0,0.0,0.0,0.0,0.0,0.0,0.0,0.0,0.0,0.0,0.0,0.0,0.0,0.0,0.0,0.0,0.0,0.0,0.0,0.0,0.0,0.0,0.0,0.0,0.0,0.0,0.0,0.0,0.0,0.0,0.0,0.0,0.0,0.0,0.0,0.0,0.0,0.0,0.0,0.0,0.0,0.0,0.0,0.0,0.0,0.0,0.0,0.0,0.0,0.0,0.0,0.0,0.0,0.0,0.0,0.0,0.0,0.0,0.0,0.0,0.0,0.0,0.0,0.0,0.0,0.0,0.36058894199678604,0.0,0.0,0.0,0.0,0.0,0.0,0.0,0.0,0.0,0.0,0.0,0.0,0.0,0.0,0.0,0.0,0.0,0.0,0.0,0.0,0.0,0.0,0.43590944175031404,0.0,0.0,0.0,0.0,0.0,0.0,0.0,0.0,0.0,0.0,0.0,0.0,0.0,0.0,0.0,0.0,0.0,0.0,0.0,0.0,0.0,0.0,0.0,0.0,0.0,0.0,0.0,0.0,0.0,0.0,0.0,0.0,0.0,0.0,0.0,0.0,0.0,0.0,0.0,0.0,0.0,0.0,0.0,0.0,0.0,0.0,0.0,0.0,0.0,0.0,0.0,0.0,0.0,0.0,0.0,0.0,0.0,0.0,0.0,0.0,0.0,0.0,0.0,0.0,0.0,0.0,0.0,0.0,0.0,0.0,0.0,0.0,0.0,0.0,0.0,0.0,0.0,0.0,0.0,0.0,0.0,0.41365555694800266,0.0,0.0,0.0,0.0,0.0,0.0,0.0,0.0,0.0,0.0,0.0,0.0,0.0,0.0,0.0,0.0,0.0,0.0,0.0,0.0,0.0,0.0,0.0,0.0,0.0,0.0,0.0,0.0,0.0,0.0,0.0,0.0,0.0,0.0,0.0,0.0,0.0,0.0,0.0,0.0,0.0,0.0,0.0,0.0,0.0,0.0,0.0,0.37651953689989914,0.0,0.0,0.0,0.0,0.0,0.0,0.0,0.0,0.0,0.0,0.0,0.0,0.0,0.0,0.0,0.0,0.0,0.0,0.0,0.0,0.0,0.0,0.0,0.0,0.0,0.0,0.0,0.0,0.0,0.0,0.0,0.0,0.0,0.0,0.0,0.0,0.48502418441432615,0.0,0.0,0.0,0.0
4,2025-05-14,한 사람을 중심으로 돌아가는 이 삶의 단편과 그가 인생에 두 번째 기회를 주면 그 사람 주변의 삶이 어떻게 변하는지 읽는 것을 좋아했습니다 몇 가지 이야기는 강요된 것처럼 느껴졌지만 나머지 이야기는 잘 연결된 내러티브로 훌륭하게 흘러갔습니다 대부분 친절함과 그것이 치유와 변화를 위해 갖고 있는 힘에 대한 이야기입니다,1,0.0,0.0,0.0,0.0,0.0,0.0,0.0,0.0,0.2532905459382963,0.0,0.0,0.0,0.0,0.0,0.0,0.0,0.0,0.0,0.0,0.1415313169744805,0.0,0.0,0.2565840336826218,0.0,0.0,0.0,0.0,0.0,0.0,0.0,0.21106770388069943,0.0,0.0,0.21269219174717743,0.0,0.0,0.0,0.0,0.0,0.0,0.0,0.0,0.0,0.0,0.0,0.0,0.0,0.0,0.0,0.0,0.0,0.21607721171736372,0.0,0.0,0.0,0.0,0.0,0.0,0.0,0.0,0.0,0.0,0.0,0.0,0.0,0.0,0.0,0.0,0.0,0.0,0.0,0.0,0.0,0.0,0.0,0.0,0.0,0.14051604872498652,0.0,0.0,0.0,0.0,0.0,0.0,0.0,0.0,0.0,0.0,0.0,0.0,0.0,0.0,0.0,0.0,0.0,0.0,0.0,0.0,0.0,0.0,0.0,0.0,0.0,0.0,0.0,0.0,0.0,0.0,0.0,0.0,0.0,0.0,0.0,0.0,0.0,0.0,0.0,0.0,0.0,0.0,0.0,0.0,0.0,0.0,0.0,0.15991455739497518,0.2600658204481357,0.0,0.0,0.0,0.0,0.0,0.0,0.0,0.0,0.0,0.23905997090259123,0.0,0.0,0.0,0.0,0.0,0.2079431890182285,0.27640703664781535,0.0,0.0,0.0,0.0,0.0,0.0,0.0,0.0,0.0,0.0,0.0,0.0,0.0,0.0,0.0,0.0,0.0,0.0,0.0,0.0,0.0,0.0,0.0,0.0,0.0,0.0,0.0,0.0,0.0,0.0,0.0,0.0,0.0,0.0,0.0,0.0,0.0,0.18530951207686944,0.0,0.0,0.0,0.0,0.0,0.0,0.0,0.0,0.0,0.0,0.0,0.0,0.0,0.0,0.0,0.1783686334282895,0.0,0.0,0.0,0.0,0.0,0.0,0.0,0.37273784920626635,0.0,0.0,0.0,0.19942963434459895,0.0,0.0,0.0,0.0,0.0,0.0,0.0,0.0,0.0,0.1968371288449944,0.0,0.0,0.0,0.0,0.0,0.13295103085194745,0.0,0.0,0.0,0.0,0.0,0.0,0.0,0.0,0.0,0.0,0.0,0.0,0.0,0.0,0.0,0.0,0.0,0.0,0.0,0.0,0.0,0.0,0.0,0.0,0.0,0.0,0.0,0.0,0.2600658204481357,0.0,0.0,0.0,0.0,0.0,0.0,0.23418419459021853,0.0,0.0,0.0,0.0,0.0,0.0,0.0,0.0,0.0,0.0,0.0,0.0,0.0,0.0,0.0,0.0,0.0,0.0,0.0,0.0,0.0,0.0,0.0,0.0,0.0,0.0,0.0,0.0,0.0,0.0,0.0,0.0,0.0,0.0,0.0,0.0,0.0,0.0
3,2026-01-07,재미있는 사랑은 실제로 스토리텔링 얽힘 여러 개인 혼란스러운 삶 하나의 공통 주제 또는 이 경우 장소의 형식 형식입니다 인간의 정신과 의도 실제 감정을 명료하게 들여다보는 이 매력적인 이야기는 가슴 훈훈함과 비극을 동시에 선사하며 충만함과 공허함을 동시에 선사합니다,0,0.0,0.0,0.0,0.0,0.0,0.0,0.0,0.0,0.0,0.0,0.0,0.0,0.0,0.0,0.0,0.0,0.0,0.0,0.0,0.0,0.0,0.0,0.0,0.0,0.0,0.0,0.0,0.0,0.0,0.0,0.0,0.0,0.0,0.0,0.0,0.0,0.0,0.0,0.0,0.0,0.0,0.0,0.0,0.0,0.0,0.0,0.0,0.0,0.0,0.0,0.0,0.0,0.0,0.0,0.0,0.0,0.0,0.0,0.0,0.0,0.0,0.0,0.0,0.0,0.0,0.0,0.0,0.0,0.0,0.0,0.0,0.0,0.0,0.0,0.0,0.0,0.0,0.0,0.0,0.0,0.0,0.0,0.0,0.0,0.0,0.0,0.0,0.0,0.0,0.7886427946311364,0.0,0.0,0.0,0.0,0.0,0.0,0.0,0.0,0.0,0.0,0.0,0.0,0.0,0.0,0.0,0.0,0.0,0.0,0.0,0.0,0.0,0.0,0.0,0.0,0.0,0.0,0.0,0.0,0.0,0.0,0.0,0.0,0.0,0.0,0.0,0.0,0.0,0.0,0.0,0.0,0.0,0.0,0.0,0.0,0.0,0.0,0.0,0.0,0.0,0.0,0.0,0.0,0.0,0.0,0.0,0.0,0.0,0.0,0.0,0.0,0.0,0.0,0.0,0.0,0.0,0.0,0.0,0.3691302070185799,0.0,0.0,0.0,0.0,0.0,0.0,0.0,0.0,0.0,0.0,0.0,0.0,0.0,0.0,0.0,0.0,0.0,0.0,0.0,0.0,0.0,0.0,0.0,0.0,0.0,0.0,0.0,0.0,0.0,0.3943213973155682,0.0,0.0,0.0,0.0,0.0,0.0,0.0,0.0,0.0,0.0,0.0,0.0,0.0,0.0,0.0,0.0,0.0,0.2937619246292981,0.0,0.0,0.0,0.0,0.0,0.0,0.0,0.0,0.0,0.0,0.0,0.0,0.0,0.0,0.0,0.0,0.0,0.0,0.0,0.0,0.0,0.0,0.0,0.0,0.0,0.0,0.0,0.0,0.0,0.0,0.0,0.0,0.0,0.0,0.0,0.0,0.0,0.0,0.0,0.0,0.0,0.0,0.0,0.0,0.0,0.0,0.0,0.0,0.0,0.0,0.0,0.0,0.0,0.0,0.0,0.0,0.0,0.0,0.0,0.0,0.0,0.0,0.0,0.0,0.0,0.0,0.0,0.0,0.0,0.0,0.0,0.0,0.0,0.0,0.0,0.0,0.0,0.0,0.0,0.0,0.0,0.0,0.0,0.0,0.0,0.0,0.0,0.0,0.0,0.0,0.0,0.0,0.0,0.0
5,2024-05-12,4 5 TLDR 너무 귀여워 힐링 소설을 더 원해요 나는 그것을 좋아한다 이 책은 정말 일종의 위안이불이다 삶의 조각 깊이가 있지만 유머가 있습니다 이야기는 편의점을 중심으로 전개되지만 두 번째 기회를 얻은 표류자 도그코의 이야기도 전개됩니다 각 장마다 이 상점과 관련된 캐릭터의 다양한 POV를 얻을 수 있습니다 그리고 이 이야기들은 마지막 부분에서 아주 잘 어우러져요,1,0.0,0.0,0.0,0.0,0.0,0.0,0.0,0.0,0.0,0.0,0.0,0.0,0.0,0.0,0.0,0.0,0.0,0.0,0.0,0.0,0.0,0.0,0.0,0.0,0.0,0.0,0.0,0.0,0.0,0.0,0.0,0.0,0.21452695169624678,0.0,0.0,0.0,0.0,0.0,0.0,0.0,0.0,0.0,0.17428613560409045,0.0,0.0,0.0,0.0,0.0,0.0,0.0,0.0,0.23549614766660104,0.0,0.0,0.13418262899058991,0.0,0.0,0.0,0.0,0.0,0.0,0.18853701847790075,0.0,0.0,0.0,0.0,0.0,0.0,0.0,0.0,0.2092129876307082,0.0,0.0,0.0,0.0,0.0,0.0,0.0,0.0,0.0,0.0,0.0,0.0,0.0,0.0,0.0,0.0,0.0,0.0,0.0,0.0,0.0,0.0,0.0,0.0,0.0,0.0,0.0,0.0,0.0,0.0,0.0,0.0,0.0,0.0,0.0,0.0,0.22030355951043737,0.0,0.0,0.0,0.0,0.0,0.0,0.0,0.0,0.0,0.0,0.0,0.0,0.0,0.0,0.0,0.0,0.0,0.17428613560409045,0.0,0.0,0.0,0.0,0.0,0.0,0.0,0.0,0.0,0.0,0.0,0.0,0.0,0.0,0.0,0.0,0.22663111745145456,0.0,0.0,0.0,0.0,0.0,0.0,0.0,0.2527248647789362,0.0,0.0,0.0,0.0,0.0,0.0,0.0,0.0,0.0,0.0,0.0,0.0,0.0,0.0,0.0,0.0,0.23940251605178206,0.0,0.0,0.0,0.0,0.0,0.0,0.0,0.0,0.0,0.0,0.0,0.0,0.0,0.0,0.0,0.0,0.0,0.0,0.0,0.0,0.0,0.0,0.0,0.0,0.0,0.0,0.0,0.0,0.0,0.0,0.0,0.0,0.0,0.0,0.0,0.0,0.0,0.20311796621206676,0.0,0.0,0.0,0.0,0.0,0.0,0.0,0.0,0.0,0.0,0.0,0.0,0.0,0.0,0.0,0.0,0.0,0.0,0.0,0.0,0.0,0.0,0.0,0.0,0.0,0.31189183999705444,0.0,0.0,0.0,0.22182981314778755,0.0,0.0,0.0,0.0,0.0,0.0,0.0,0.0,0.0,0.0,0.0,0.0,0.0,0.15425078682183124,0.0,0.0,0.0,0.0,0.0,0.0,0.0,0.0,0.0,0.0,0.0,0.2552304115370551,0.0,0.0,0.0,0.0,0.0,0.16130759452911894,0.0,0.0,0.0,0.0,0.0,0.0,0.0,0.0,0.0,0.0,0.0,0.0,0.2605443756025937,0.0,0.0,0.0,0.0,0.0,0.27605385748341593,0.0,0.0,0.0,0.0,0.0,0.0,0.0,0.0,0.0,0.0,0.0,0.0,0.26940940581774014
3,2026-04-18,3 25 5 독특한 24시간 매장 은 꽤 즐겁게 읽혀집니다 저는 독코 염씨 부인이 고용한 24시간 매장의 노숙자 의 묘사가 정말 마음에 들었고 그 이후에 고객과의 대화를 흥미롭게 따라갔습니다 돗코라는 캐릭터는 뭐니뭐니 해도 Unconventional Shop 의 가장 큰 장점이다 하지만 결말에 대해서는 망설인다 스포일러 없음 한편으로는 불필요해 보였지만 다른 한편으로는 감동을 주었다 나는 모든 것에도 불구하고 이 경우에는 열린 결말을 선호한다고 생각합니다 예를 들어 캐릭터의 과거와 관련된 특정 스레드는 추측으로만 남아 있습니다 The Unique Shop 은 나에게 어떤 강한 감정을 불러일으키지는 않았지만 이 장르에서는 꽤 어렵다고 생각합니다 예 편안한 읽기,0,0.4434196191642347,0.2534309364457847,0.0,0.0,0.0,0.0,0.0,0.17644153508347185,0.0,0.0,0.2534309364457847,0.0,0.0,0.0,0.0,0.0,0.0,0.0,0.0,0.0,0.0,0.0,0.0,0.0,0.0,0.0,0.0,0.0,0.0,0.0,0.0,0.0,0.0,0.0,0.0,0.0,0.0,0.0,0.0,0.0,0.0,0.0,0.0,0.0,0.0,0.0,0.0,0.0,0.0,0.0,0.0,0.0,0.0,0.0,0.1165597976493975,0.0,0.18285590828261786,0.0,0.0,0.0,0.0,0.0,0.18173606887350074,0.0,0.0,0.0,0.0,0.13697590266162576,0.0,0.0,0.0,0.0,0.0,0.0,0.0,0.0,0.0,0.0,0.0,0.0,0.0,0.0,0.0,0.0,0.0,0.0,0.0,0.0,0.0,0.0,0.0,0.0,0.0,0.0,0.0,0.0,0.0,0.0,0.0,0.0,0.0,0.0,0.0,0.0,0.1568928536480263,0.0,0.0,0.0,0.0,0.0,0.0,0.0,0.0,0.0,0.0,0.13958584656421494,0.0,0.0,0.0,0.0,0.0,0.0,0.0,0.0,0.0,0.0,0.0,0.20456733875110347,0.0,0.0,0.0,0.0,0.0,0.0,0.0,0.0,0.0,0.0,0.0,0.0,0.0,0.0,0.0,0.0,0.0,0.0,0.43082459084991087,0.0,0.0,0.0,0.0,0.0,0.0,0.0,0.0,0.0,0.0,0.0,0.0,0.0,0.0,0.0,0.0,0.0,0.0,0.0,0.0,0.0,0.0,0.0,0.0,0.0,0.0,0.0,0.0,0.0,0.0,0.0,0.0,0.0,0.18063756104128162,0.0,0.0,0.0,0.0,0.0,0.0,0.0,0.20294272660092297,0.0,0.0,0.0,0.0,0.0,0.0,0.0,0.0,0.0,0.0,0.0,0.0,0.0,0.0,0.0,0.0,0.0,0.0,0.0,0.0,0.0,0.0,0.0,0.0,0.0,0.0,0.0,0.0,0.0,0.19405286961485838,0.0,0.0,0.0,0.0,0.0,0.0,0.0,0.0,0.0,0.0,0.0,0.0,0.13546481400772226,0.0,0.0,0.0,0.0,0.0,0.0,0.0,0.0,0.0,0.0,0.0,0.0,0.20973526454848926,0.0,0.0,0.0,0.0,0.13399231058793667,0.0,0.0,0.0,0.0,0.0,0.0,0.0,0.0,0.0,0.0,0.0,0.0,0.0,0.0,0.0,0.0,0.0,0.0,0.0,0.0,0.0,0.0,0.0,0.0,0.0,0.0,0.0,0.0,0.0,0.0,0.22632586592901438,0.0,0.0,0.0,0.0,0.0,0.0,0.0,0.0,0.0,0.17445272015503635,0.0,0.0,0.0,0.0,0.0,0.0,0.0,0.0,0.0
4,2023-03-12,이 책에서 나는 Chum Chum Chum 부분을 정말 좋아한다 매우 재미 있고 감동적입니다 끝까지 읽으십시오 음 뭐 조금 실망스럽긴 했지만 책을 읽는 내내 따뜻한 느낌을 받았습니다 그리고 번역가의 표현이 매우 좋고 흐름이 매끄럽고 읽는 재미가 있습니다 나는 비밀리에 번역가의 작업을 지속적으로 따라갑니다,1,0.0,0.0,0.0,0.0,0.0,0.0,0.0,0.0,0.0,0.0,0.0,0.0,0.0,0.0,0.0,0.0,0.0,0.0,0.0,0.0,0.0,0.0,0.0,0.0,0.0,0.0,0.0,0.0,0.0,0.0,0.0,0.0,0.0,0.0,0.0,0.0,0.0,0.0,0.0,0.0,0.0,0.0,0.2121402413640075,0.0,0.0,0.0,0.0,0.0,0.0,0.0,0.0,0.0,0.0,0.0,0.3266528941301827,0.0,0.0,0.0,0.0,0.0,0.0,0.0,0.0,0.0,0.0,0.28898721147118844,0.0,0.0,0.0,0.0,0.0,0.0,0.0,0.0,0.0,0.0,0.0,0.0,0.0,0.0,0.0,0.0,0.0,0.0,0.0,0.0,0.0,0.0,0.0,0.0,0.0,0.0,0.0,0.0,0.0,0.0,0.0,0.0,0.29910145764919005,0.0,0.0,0.0,0.0,0.0,0.0,0.0,0.0,0.0,0.0,0.0,0.0,0.0,0.0,0.37824596030309254,0.0,0.0,0.0,0.0,0.0,0.0,0.0,0.0,0.0,0.0,0.0,0.0,0.0,0.0,0.0,0.0,0.0,0.0,0.0,0.0,0.0,0.0,0.0,0.0,0.0,0.0,0.0,0.0,0.0,0.0,0.0,0.0,0.0,0.0,0.0,0.0,0.0,0.0,0.0,0.0,0.0,0.0,0.0,0.0,0.0,0.0,0.0,0.0,0.0,0.0,0.0,0.0,0.0,0.0,0.0,0.0,0.0,0.0,0.0,0.0,0.0,0.0,0.0,0.0,0.0,0.0,0.0,0.0,0.0,0.0,0.0,0.0,0.0,0.0,0.0,0.0,0.0,0.0,0.0,0.0,0.0,0.0,0.0,0.0,0.0,0.0,0.0,0.0,0.0,0.0,0.0,0.0,0.0,0.0,0.0,0.0,0.0,0.0,0.0,0.0,0.0,0.0,0.0,0.0,0.0,0.5222423361925579,0.0,0.0,0.0,0.0,0.2719116400005527,0.0,0.0,0.0,0.0,0.0,0.0,0.18981661962699076,0.0,0.0,0.0,0.0,0.0,0.0,0.0,0.0,0.0,0.0,0.0,0.0,0.0,0.0,0.0,0.0,0.0,0.18775331172242338,0.0,0.2700101757365482,0.0,0.0,0.0,0.0,0.0,0.0,0.0,0.0,0.0,0.0,0.0,0.0,0.0,0.0,0.0,0.0,0.20344276854372656,0.0,0.0,0.0,0.0,0.0,0.0,0.0,0.0,0.0,0.0,0.0,0.0,0.0,0.0,0.0,0.0,0.0,0.0,0.0,0.0,0.0,0.0,0.0,0.0,0.0,0.0,0.0,0.0,0.0,0.0,0.0
5,2024-09-20,그들은 닭고기 때문에 행복했습니까 아니면 아빠가 돌아와서 행복했습니까 더 이상 중요하지 않았나요 주문한 치킨을 함께 식탁에 앉아 먹는 사람들은 그야말로 가족이었다,1,0.0,0.0,0.0,0.0,0.0,0.0,0.0,0.0,0.0,0.0,0.0,0.0,0.0,0.0,0.0,0.0,0.0,0.0,0.0,0.0,0.0,0.0,0.0,0.0,0.0,0.0,0.0,0.0,0.0,0.0,0.0,0.0,0.0,0.0,0.0,0.0,0.0,0.0,0.0,0.0,0.0,0.0,0.0,0.0,0.0,0.0,0.0,0.0,0.0,0.0,0.0,0.0,0.0,0.0,0.0,0.0,0.0,0.0,0.0,0.0,0.0,0.0,0.0,0.0,0.0,0.0,0.0,0.0,0.0,0.0,0.0,0.0,0.0,0.0,0.0,0.0,0.0,0.0,0.0,0.0,0.0,0.0,0.0,0.0,0.0,0.0,0.0,0.0,0.0,0.0,0.0,0.0,0.0,0.0,0.0,0.0,0.0,0.0,0.0,0.0,0.0,0.45877044466826056,0.0,0.0,0.0,0.0,0.0,0.0,0.0,0.0,0.0,0.0,0.0,0.0,0.0,0.0,0.0,0.0,0.0,0.0,0.0,0.0,0.0,0.0,0.0,0.0,0.0,0.0,0.0,0.0,0.6956345739508375,0.0,0.0,0.0,0.0,0.0,0.0,0.0,0.0,0.0,0.0,0.0,0.0,0.0,0.0,0.0,0.0,0.0,0.0,0.0,0.0,0.0,0.0,0.0,0.0,0.0,0.0,0.0,0.0,0.0,0.0,0.0,0.0,0.0,0.0,0.0,0.0,0.0,0.0,0.0,0.0,0.0,0.0,0.0,0.0,0.0,0.0,0.0,0.0,0.0,0.0,0.0,0.0,0.0,0.0,0.0,0.0,0.0,0.0,0.0,0.0,0.0,0.0,0.0,0.0,0.0,0.0,0.0,0.0,0.0,0.0,0.0,0.0,0.0,0.0,0.0,0.0,0.0,0.0,0.0,0.0,0.0,0.0,0.0,0.0,0.0,0.0,0.0,0.0,0.0,0.0,0.0,0.0,0.0,0.0,0.0,0.0,0.0,0.0,0.0,0.0,0.0,0.0,0.0,0.0,0.0,0.0,0.0,0.0,0.0,0.0,0.0,0.0,0.0,0.0,0.0,0.0,0.0,0.0,0.0,0.0,0.0,0.0,0.0,0.0,0.0,0.0,0.0,0.0,0.0,0.0,0.0,0.0,0.0,0.0,0.0,0.0,0.0,0.0,0.0,0.0,0.0,0.0,0.0,0.0,0.0,0.0,0.0,0.0,0.0,0.0,0.0,0.0,0.0,0.0,0.0,0.0,0.0,0.0,0.0,0.0,0.0,0.552831094117474,0.0,0.0,0.0,0.0,0.0,0.0,0.0
3,2025-10-20,다른 사람을 돕는 것의 중요성과 극복에 대한 이야기 작은 몸짓이 누군가의 인생을 바꿀 수 있습니다,0,0.0,0.0,0.0,0.0,0.0,0.0,0.0,0.0,0.0,0.0,0.0,0.0,0.0,0.0,0.0,0.0,0.0,0.0,0.0,0.0,0.0,0.0,0.0,0.0,0.0,0.0,0.0,0.0,0.0,0.0,0.0,0.0,0.0,0.0,0.0,0.0,0.0,0.0,0.0,0.0,0.0,0.0,0.0,0.0,0.0,0.0,0.0,0.0,0.0,0.0,0.0,0.0,0.0,0.0,0.0,0.0,0.0,0.0,0.0,0.0,0.0,0.0,0.0,0.0,0.0,0.0,0.0,0.2544478586989066,0.0,0.0,0.0,0.0,0.0,0.0,0.0,0.0,0.0,0.24711999513579178,0.0,0.0,0.0,0.0,0.0,0.0,0.0,0.0,0.0,0.4707759383487113,0.0,0.0,0.0,0.0,0.0,0.0,0.0,0.0,0.0,0.0,0.0,0.0,0.0,0.0,0.0,0.0,0.0,0.0,0.0,0.0,0.0,0.0,0.0,0.0,0.0,0.0,0.0,0.0,0.0,0.0,0.0,0.0,0.0,0.4638620403361281,0.0,0.0,0.0,0.0,0.0,0.0,0.0,0.0,0.0,0.0,0.0,0.0,0.0,0.0,0.42042527798538865,0.0,0.0,0.0,0.0,0.0,0.0,0.0,0.0,0.0,0.0,0.0,0.0,0.0,0.0,0.0,0.0,0.0,0.0,0.0,0.0,0.0,0.0,0.0,0.0,0.0,0.0,0.0,0.0,0.0,0.0,0.0,0.0,0.0,0.0,0.0,0.0,0.0,0.0,0.0,0.0,0.0,0.0,0.0,0.0,0.0,0.0,0.0,0.0,0.0,0.0,0.0,0.0,0.0,0.0,0.0,0.0,0.0,0.0,0.0,0.0,0.0,0.0,0.0,0.0,0.0,0.0,0.34179645396775676,0.0,0.0,0.0,0.0,0.0,0.0,0.0,0.0,0.0,0.0,0.0,0.0,0.0,0.0,0.0,0.0,0.0,0.0,0.0,0.0,0.0,0.0,0.0,0.0,0.0,0.0,0.0,0.25164084472915915,0.0,0.0,0.0,0.0,0.0,0.0,0.0,0.0,0.2836982086032496,0.0,0.0,0.0,0.0,0.0,0.0,0.0,0.0,0.0,0.0,0.0,0.0,0.0,0.0,0.0,0.0,0.0,0.0,0.0,0.0,0.0,0.0,0.0,0.0,0.0,0.0,0.0,0.0,0.0,0.0,0.0,0.0,0.0,0.0,0.0,0.0,0.0,0.0,0.0,0.0,0.0,0.0,0.0,0.0,0.0,0.0,0.0,0.0,0.0,0.0,0.0,0.0,0.0,0.0,0.0,0.0,0.0,0.0,0.0
4,2026-02-28,책의 원제목은 불편한 편의점 이라는 뜻의 소비 편의점 입니다 한국에서 편의점을 방문해 본 사람이라면 대개 매우 깨끗하고 실용적이지만 다소 차갑고 비인격적인 느낌을 받는 경우가 많다는 사실을 알고 있을 것입니다 이야기는 올웨이즈 라는 편의점을 중심으로 전개되지만 결국 이야기는 사람에 관한 것이다 소설은 독고라는 인물을 통해 모두 연결된 단편 소설집처럼 읽힌다 무겁지 않고 부드러운 교훈을 주는 가볍고 읽기 쉬운 책입니다 이 책은 우리 모두가 안고 있는 크고 작은 투쟁을 탐구하며 낯선 사람 즉 다른 사람들이 간과할 수 있는 것을 보는 사람의 외부 관점을 통해 이를 탐구합니다,1,0.0,0.0,0.0,0.0,0.0,0.0,0.0,0.0,0.0,0.0,0.0,0.0,0.0,0.0,0.0,0.0,0.0,0.0,0.0,0.10127767315324017,0.0,0.11594437298214133,0.0,0.0,0.14564857511926985,0.0,0.0,0.0,0.19155498875759033,0.1571864252515057,0.0,0.0,0.0,0.0,0.0,0.0,0.0,0.0,0.0,0.0,0.0,0.0,0.0,0.0,0.0,0.0,0.0,0.0,0.0,0.0,0.0,0.0,0.0,0.0,0.0,0.0,0.0,0.0,0.0,0.1945623624018302,0.0,0.0,0.0,0.0,0.0,0.15588514567516867,0.0,0.1035328119857284,0.18125088971630196,0.0,0.0,0.0,0.0,0.0,0.0,0.0,0.0,0.0,0.0,0.0,0.0,0.0,0.0,0.0,0.0,0.0,0.0,0.0,0.0,0.0,0.0,0.0,0.0,0.0,0.0,0.0,0.0,0.0,0.0,0.0,0.0,0.0,0.0,0.0,0.0,0.0,0.0,0.0,0.0,0.0,0.0,0.0,0.0,0.1020164981050903,0.16281871663762462,0.0,0.0,0.0,0.0,0.0,0.0,0.0,0.0,0.0,0.0,0.0,0.0,0.0,0.0,0.0,0.0,0.0,0.0,0.15991166439233043,0.0,0.0,0.0,0.15339363164445716,0.0,0.17688828892868919,0.0,0.0,0.0,0.0,0.0,0.0,0.0,0.0,0.0,0.15588514567516867,0.0,0.0,0.0,0.0,0.0,0.0,0.0,0.0,0.0,0.0,0.0,0.0,0.0,0.0,0.0,0.0,0.0,0.0,0.14366688711793957,0.0,0.0,0.0,0.0,0.0,0.0,0.16757867321788206,0.0,0.0,0.0,0.0,0.0,0.0,0.0,0.0,0.0,0.0,0.0,0.0,0.0,0.0,0.0,0.0,0.1571864252515057,0.0,0.0,0.0,0.0,0.0,0.0,0.0,0.0,0.0,0.0,0.0,0.0,0.26672557615330234,0.0,0.0,0.0,0.0,0.0,0.0,0.0,0.0,0.0,0.0,0.0,0.0,0.1466742607621794,0.0,0.0,0.0,0.0,0.0,0.0,0.1902754999508378,0.0,0.0,0.0,0.0,0.0,0.0,0.0,0.0,0.1836076598109669,0.0,0.0,0.0,0.0,0.0,0.11543454695276006,0.0,0.0,0.0,0.0,0.0,0.0,0.0,0.0,0.0,0.0,0.0,0.0,0.0,0.0,0.0,0.0,0.15103686154979218,0.0,0.0,0.0,0.16757867321788206,0.0,0.0,0.0,0.0,0.0,0.10591101784605826,0.0,0.1488010058977118,0.0,0.0,0.14177138723880897,0.0,0.0,0.0,0.0,0.0,0.0,0.0,0.0,0.2912971502385397,0.0,0.2764221444040553,0.0,0.0,0.3625017794326039,0.0,0.0,0.0,0.0,0.0,0.0,0.0,0.0,0.0,0.0,0.0,0.0,0.0
3,2026-01-17,고객이 방문하여 삶의 모습을 바꾸는 카페나 키오스크가 있는 고전적인 남아시아 책입니다 나는 그런 종류의 이야기를 좋아하지만 아직 읽지 않은 것은 없었습니다 덴마크어로 읽었는데 오디오북 내레이터가 한국어 단어를 발음할 때 약간 뻣뻣한 느낌이 들긴 했지만 번역이 잘 됐다고 느꼈습니다 캐릭터의 경우 그다지 호감이 가는 사람이 없어서 꽤 사실적으로 느껴졌습니다 매장에 들어온 각 캐릭터는 고유한 스토리를 갖고 있었고 독고와 그의 캐릭터 성장 고객과의 상호 작용에 정말 감사했습니다 때로는 조금 재미있어지기도 했습니다 이 책에 나오는 시간은 조금 이상했고 제가 실제로 느끼지 못했던 매우 긴 시간 점프가 있었습니다 전체적으로 귀엽지만 가장 독창적인 책은 아닐 수도 있습니다,0,0.0,0.0,0.0,0.0,0.0,0.0,0.0,0.1680713677643867,0.0,0.0,0.0,0.0,0.0,0.0,0.0,0.0,0.0,0.0,0.16170824795893918,0.0,0.0,0.0,0.0,0.0,0.0,0.0,0.0,0.0,0.0,0.0,0.0,0.0,0.0,0.0,0.0,0.0,0.0,0.0,0.0,0.0,0.22292467854420808,0.0,0.0,0.0,0.17311473544617398,0.0,0.0,0.0,0.0,0.0,0.0,0.0,0.0,0.0,0.11103034559298339,0.0,0.0,0.0,0.0,0.0,0.0,0.0,0.0,0.0,0.0,0.0,0.19331537566545606,0.0,0.0,0.0,0.0,0.0,0.0,0.0,0.0,0.0,0.0,0.0,0.0,0.0,0.0,0.0,0.0,0.0,0.0,0.0,0.0,0.0,0.0,0.0,0.0,0.0,0.0,0.0,0.0,0.0,0.0,0.0,0.0,0.0,0.1903452399999593,0.0,0.0,0.0,0.0,0.0,0.0,0.0,0.0,0.0,0.0,0.0,0.0,0.1285669909750288,0.0,0.0,0.0,0.0,0.0,0.0,0.0,0.0,0.0,0.0,0.0,0.0,0.0,0.0,0.0,0.0,0.0,0.0,0.0,0.0,0.0,0.0,0.0,0.0,0.1861710204434917,0.0,0.0,0.0,0.18752748758949755,0.0,0.23453275938874382,0.0,0.0,0.0,0.0,0.0,0.0,0.0,0.0,0.0,0.1889182992994324,0.0,0.0,0.211192171535005,0.0,0.0,0.0,0.0,0.0,0.0,0.0,0.0,0.0,0.0,0.0,0.0,0.0,0.0,0.211192171535005,0.0,0.0,0.0,0.0,0.0,0.211192171535005,0.0,0.0,0.0,0.0,0.0,0.0,0.0,0.0,0.0,0.0,0.0,0.0,0.0,0.0,0.0,0.0,0.0,0.0,0.0,0.0,0.0,0.0,0.0,0.0,0.0,0.0,0.0,0.1448420953047959,0.0,0.0,0.0,0.0,0.0,0.0,0.0,0.0,0.0,0.0,0.0,0.0,0.0,0.0,0.0,0.0,0.0,0.0,0.11989800149652376,0.0,0.0,0.0,0.0,0.0,0.12903853145153743,0.22036914204075136,0.0,0.0,0.0,0.0,0.0,0.0,0.0,0.0,0.0,0.0,0.0,0.0,0.0,0.0,0.0,0.0,0.12763588176543025,0.1903452399999593,0.3671092301873597,0.0,0.0,0.0,0.0,0.0,0.0,0.0,0.0,0.0,0.0,0.0,0.0,0.0,0.0,0.20333105144275596,0.13347508617227138,0.0,0.0,0.0,0.0,0.1786683624924368,0.0,0.0,0.0,0.0,0.2091189395187145,0.0,0.0,0.21558924790102862,0.0,0.0,0.0,0.0,0.0,0.0,0.0,0.0,0.0,0.0,0.0,0.0,0.0,0.0,0.0,0.0,0.0,0.0,0.0
2,2026-01-30,별 2 5개 개인적으로 마음에 드는 작품은 아닙니다 이야기 자체에는 아무런 문제가 없지만 제게는 와 닿지 않았습니다 저는 캐릭터들과 너무 동떨어진 느낌이 들어서 그들을 배려하기가 어려웠어요,0,0.0,0.0,0.0,0.0,0.0,0.0,0.0,0.0,0.0,0.0,0.0,0.0,0.0,0.0,0.0,0.0,0.0,0.0,0.0,0.0,0.0,0.0,0.0,0.0,0.0,0.0,0.0,0.0,0.0,0.0,0.0,0.0,0.0,0.0,0.0,0.0,0.0,0.0,0.0,0.0,0.0,0.0,0.0,0.0,0.0,0.0,0.0,0.0,0.0,0.0,0.0,0.0,0.0,0.0,0.0,0.0,0.0,0.0,0.0,0.0,0.0,0.2815450856279407,0.0,0.0,0.0,0.0,0.3488769837917429,0.0,0.0,0.0,0.0,0.0,0.0,0.0,0.0,0.0,0.0,0.0,0.0,0.0,0.0,0.0,0.0,0.0,0.0,0.0,0.0,0.0,0.0,0.0,0.0,0.0,0.0,0.0,0.0,0.0,0.0,0.0,0.0,0.0,0.0,0.0,0.0,0.0,0.2697130686868077,0.0,0.0,0.0,0.0,0.0,0.0,0.0,0.0,0.0,0.0,0.0,0.0,0.0,0.4356708032241454,0.0,0.0,0.0,0.0,0.0,0.0,0.0,0.0,0.0,0.0,0.0,0.0,0.0,0.0,0.0,0.0,0.0,0.0,0.0,0.0,0.0,0.0,0.0,0.0,0.0,0.0,0.0,0.0,0.0,0.0,0.0,0.0,0.0,0.0,0.0,0.0,0.0,0.0,0.0,0.0,0.0,0.0,0.0,0.0,0.39770101747623005,0.0,0.0,0.0,0.0,0.0,0.0,0.0,0.3850276391008934,0.0,0.0,0.0,0.0,0.0,0.0,0.0,0.0,0.0,0.0,0.0,0.0,0.0,0.0,0.0,0.0,0.0,0.0,0.0,0.0,0.0,0.0,0.0,0.0,0.0,0.0,0.0,0.0,0.0,0.0,0.0,0.31630914732306614,0.0,0.0,0.0,0.0,0.0,0.0,0.0,0.0,0.0,0.0,0.0,0.0,0.0,0.0,0.0,0.0,0.0,0.0,0.0,0.0,0.0,0.0,0.0,0.0,0.0,0.0,0.0,0.0,0.0,0.0,0.0,0.0,0.0,0.0,0.0,0.0,0.0,0.0,0.0,0.0,0.3605539736062037,0.0,0.0,0.0,0.0,0.0,0.0,0.0,0.0,0.0,0.0,0.0,0.0,0.0,0.0,0.0,0.0,0.0,0.0,0.0,0.0,0.0,0.0,0.0,0.0,0.0,0.0,0.0,0.0,0.0,0.0,0.0,0.0,0.0,0.0,0.0,0.0,0.0,0.0,0.0,0.0,0.0,0.0,0.0,0.0,0.0,0.0,0.0,0.0,0.0,0.0,0.0,0.0,0.0,0.0,0.0
4,2025-03-29,늘 그렇듯이 아시아 문학은 어려운 주제를 간단한 말로 이야기합니다 정말 독특한 스토리 P와 한식은 또 하나의 장점,1,0.0,0.0,0.0,0.0,0.0,0.0,0.0,0.0,0.0,0.0,0.0,0.0,0.0,0.0,0.0,0.0,0.0,0.0,0.0,0.0,0.0,0.0,0.0,0.0,0.0,0.0,0.0,0.0,0.0,0.0,0.0,0.0,0.0,0.0,0.0,0.0,0.0,0.0,0.0,0.0,0.0,0.0,0.0,0.0,0.0,0.0,0.0,0.0,0.0,0.0,0.0,0.0,0.0,0.0,0.0,0.0,0.0,0.0,0.0,0.0,0.0,0.0,0.0,0.0,0.0,0.0,0.0,0.0,0.0,0.0,0.0,0.0,0.0,0.0,0.0,0.0,0.0,0.0,0.0,0.0,0.0,0.0,0.0,0.0,0.0,0.0,0.0,0.0,0.0,0.0,0.0,0.0,0.0,0.0,0.0,0.0,0.0,0.0,0.0,0.0,0.0,0.0,0.0,0.0,0.0,0.0,0.0,0.0,0.0,0.0,0.0,0.0,0.0,0.0,0.0,0.0,0.0,0.0,0.0,0.0,0.0,0.0,0.0,0.0,0.0,0.0,0.0,0.0,0.0,0.0,0.0,0.0,0.0,0.0,0.0,0.0,0.0,0.0,0.0,0.0,0.0,0.0,0.0,0.0,0.0,0.0,0.0,0.0,0.0,0.0,0.0,0.0,0.0,0.0,0.0,0.0,0.0,0.0,0.0,0.0,0.0,0.0,0.0,0.0,0.0,0.0,0.8729631478140323,0.0,0.0,0.0,0.0,0.0,0.0,0.0,0.0,0.0,0.0,0.0,0.0,0.0,0.0,0.0,0.0,0.0,0.0,0.0,0.0,0.0,0.0,0.0,0.0,0.0,0.0,0.0,0.0,0.0,0.0,0.0,0.0,0.0,0.0,0.0,0.0,0.0,0.0,0.0,0.0,0.0,0.0,0.0,0.0,0.0,0.0,0.0,0.0,0.0,0.0,0.0,0.0,0.0,0.0,0.0,0.0,0.0,0.0,0.0,0.0,0.0,0.0,0.0,0.0,0.0,0.0,0.0,0.0,0.0,0.0,0.0,0.0,0.0,0.0,0.0,0.0,0.0,0.0,0.0,0.0,0.0,0.0,0.4877861647880307,0.0,0.0,0.0,0.0,0.0,0.0,0.0,0.0,0.0,0.0,0.0,0.0,0.0,0.0,0.0,0.0,0.0,0.0,0.0,0.0,0.0,0.0,0.0,0.0,0.0,0.0,0.0,0.0,0.0,0.0,0.0,0.0,0.0,0.0,0.0,0.0,0.0,0.0,0.0,0.0,0.0,0.0,0.0,0.0,0.0,0.0,0.0,0.0,0.0,0.0
4,2026-06-23,이것이 시기적절한 아버지의 날 독서일 것이라고는 예상하지 못했습니다,1,0.0,0.0,0.0,0.0,0.0,0.0,0.0,0.0,0.0,0.0,0.0,0.0,0.0,0.0,0.0,0.0,0.0,0.0,0.0,0.0,0.0,0.0,0.0,0.0,0.0,0.0,0.0,0.0,0.0,0.0,0.0,0.0,0.0,0.0,0.0,0.0,0.0,0.0,0.0,0.0,0.0,0.0,0.0,0.0,0.0,0.0,0.0,0.0,0.0,0.0,0.0,0.0,0.0,0.0,0.0,0.0,0.0,0.0,0.0,0.0,0.0,0.0,0.0,0.0,0.0,0.0,0.0,0.0,0.0,0.0,0.0,0.0,0.0,0.0,0.0,0.0,0.0,0.0,0.0,0.0,0.0,0.0,0.0,0.0,0.0,0.0,0.0,0.0,0.0,0.0,0.0,0.0,0.0,0.0,0.0,0.0,0.0,0.0,0.0,0.0,0.0,0.0,0.0,0.0,0.0,0.0,0.0,0.0,0.0,0.0,0.0,0.0,0.0,0.0,0.0,0.0,0.0,0.0,0.0,0.0,0.0,0.0,0.0,0.0,0.0,0.0,0.0,0.0,0.0,0.0,0.0,0.0,0.0,0.0,0.0,0.0,0.0,0.0,0.0,0.0,0.0,0.0,0.0,0.0,0.0,0.0,0.0,0.0,0.0,0.0,0.0,0.0,0.0,0.0,0.0,0.0,0.0,0.0,0.0,0.0,0.0,0.0,0.0,0.0,0.0,0.0,0.0,0.0,0.0,0.0,0.0,0.0,0.0,0.0,0.0,0.0,0.0,0.0,0.0,0.0,0.0,0.0,0.0,0.0,0.0,0.0,0.0,0.0,0.0,0.0,0.0,0.0,0.0,0.0,0.0,0.0,0.0,0.0,0.0,1.0,0.0,0.0,0.0,0.0,0.0,0.0,0.0,0.0,0.0,0.0,0.0,0.0,0.0,0.0,0.0,0.0,0.0,0.0,0.0,0.0,0.0,0.0,0.0,0.0,0.0,0.0,0.0,0.0,0.0,0.0,0.0,0.0,0.0,0.0,0.0,0.0,0.0,0.0,0.0,0.0,0.0,0.0,0.0,0.0,0.0,0.0,0.0,0.0,0.0,0.0,0.0,0.0,0.0,0.0,0.0,0.0,0.0,0.0,0.0,0.0,0.0,0.0,0.0,0.0,0.0,0.0,0.0,0.0,0.0,0.0,0.0,0.0,0.0,0.0,0.0,0.0,0.0,0.0,0.0,0.0,0.0,0.0,0.0,0.0,0.0,0.0,0.0,0.0,0.0,0.0,0.0,0.0,0.0,0.0,0.0,0.0,0.0,0.0,0.0,0.0
5,2025-07-18,아주 아주 좋은 작은 책 며칠 만에 다 읽었고 스토리 캐릭터 글쓰기 스타일이 마음에 들었습니다 뒷면에는 새로운 장르의 힐링 픽션 이라고 적혀 있는데 그에 걸맞게 기분이 좋으면서도 내용과 재미가 있는 것 같아요 대체로 매우 좋은 책입니다,1,0.0,0.0,0.0,0.0,0.0,0.0,0.0,0.0,0.0,0.0,0.0,0.0,0.0,0.2674324032181672,0.0,0.0,0.0,0.0,0.0,0.0,0.0,0.0,0.0,0.0,0.0,0.0,0.0,0.0,0.0,0.0,0.0,0.0,0.0,0.0,0.0,0.0,0.0,0.0,0.0,0.0,0.0,0.0,0.0,0.0,0.0,0.0,0.0,0.27720589484644664,0.0,0.0,0.0,0.0,0.0,0.0,0.0,0.0,0.0,0.0,0.0,0.0,0.0,0.0,0.0,0.0,0.0,0.0,0.0,0.0,0.0,0.0,0.0,0.0,0.0,0.0,0.0,0.0,0.0,0.0,0.0,0.0,0.0,0.0,0.0,0.0,0.0,0.0,0.0,0.0,0.0,0.0,0.0,0.0,0.0,0.0,0.0,0.23460088383733602,0.0,0.0,0.0,0.0,0.0,0.0,0.0,0.0,0.18136743676440478,0.0,0.0,0.0,0.0,0.0,0.0,0.0,0.0,0.1560244735382332,0.0,0.0,0.0,0.0,0.0,0.0,0.0,0.0,0.0,0.0,0.0,0.0,0.0,0.0,0.0,0.0,0.0,0.0,0.0,0.0,0.0,0.0,0.0,0.0,0.0,0.0,0.0,0.0,0.0,0.0,0.0,0.23460088383733602,0.0,0.0,0.0,0.0,0.0,0.0,0.0,0.0,0.0,0.0,0.0,0.0,0.0,0.0,0.0,0.0,0.0,0.0,0.0,0.0,0.0,0.48080319757612433,0.0,0.0,0.0,0.0,0.0,0.0,0.0,0.0,0.0,0.0,0.0,0.0,0.0,0.0,0.0,0.0,0.0,0.0,0.0,0.0,0.0,0.0,0.0,0.0,0.0,0.0,0.0,0.0,0.0,0.0,0.0,0.0,0.0,0.0,0.0,0.0,0.0,0.0,0.0,0.0,0.0,0.0,0.0,0.0,0.0,0.0,0.0,0.0,0.0,0.0,0.0,0.0,0.0,0.0,0.0,0.0,0.0,0.14550408639037704,0.0,0.0,0.0,0.0,0.0,0.0,0.0,0.0,0.0,0.0,0.0,0.0,0.0,0.0,0.1765460954940403,0.2929650284970322,0.0,0.0,0.0,0.0,0.0,0.0,0.0,0.0,0.0,0.0,0.0,0.0,0.0,0.36107854995425187,0.0,0.0,0.0,0.0,0.0,0.0,0.0,0.0,0.0,0.0,0.0,0.0,0.0,0.0,0.0,0.0,0.21682577296403446,0.0,0.0,0.0,0.0,0.25377954479480846,0.0,0.0,0.0,0.0,0.0,0.0,0.0,0.0,0.0,0.0,0.0,0.0,0.0,0.0,0.0,0.0,0.0,0.0,0.0,0.0,0.0,0.2705337143287074
3,2026-01-06,가능하다면 별 3 5개를 주었을 겁니다 한국과는 분위기가 다릅니다 저렴하게 다른 나라를 여행하고 탐험하는 것입니다,0,0.0,0.0,0.0,0.0,0.0,0.0,0.0,0.0,0.0,0.0,0.0,0.0,0.0,0.0,0.0,0.0,0.0,0.0,0.0,0.0,0.0,0.7459023424938845,0.0,0.0,0.0,0.0,0.0,0.0,0.0,0.0,0.0,0.0,0.0,0.0,0.0,0.0,0.0,0.0,0.0,0.0,0.0,0.0,0.0,0.0,0.0,0.0,0.0,0.0,0.0,0.0,0.0,0.0,0.0,0.0,0.0,0.0,0.0,0.0,0.0,0.0,0.0,0.0,0.0,0.0,0.0,0.0,0.0,0.6660553246256169,0.0,0.0,0.0,0.0,0.0,0.0,0.0,0.0,0.0,0.0,0.0,0.0,0.0,0.0,0.0,0.0,0.0,0.0,0.0,0.0,0.0,0.0,0.0,0.0,0.0,0.0,0.0,0.0,0.0,0.0,0.0,0.0,0.0,0.0,0.0,0.0,0.0,0.0,0.0,0.0,0.0,0.0,0.0,0.0,0.0,0.0,0.0,0.0,0.0,0.0,0.0,0.0,0.0,0.0,0.0,0.0,0.0,0.0,0.0,0.0,0.0,0.0,0.0,0.0,0.0,0.0,0.0,0.0,0.0,0.0,0.0,0.0,0.0,0.0,0.0,0.0,0.0,0.0,0.0,0.0,0.0,0.0,0.0,0.0,0.0,0.0,0.0,0.0,0.0,0.0,0.0,0.0,0.0,0.0,0.0,0.0,0.0,0.0,0.0,0.0,0.0,0.0,0.0,0.0,0.0,0.0,0.0,0.0,0.0,0.0,0.0,0.0,0.0,0.0,0.0,0.0,0.0,0.0,0.0,0.0,0.0,0.0,0.0,0.0,0.0,0.0,0.0,0.0,0.0,0.0,0.0,0.0,0.0,0.0,0.0,0.0,0.0,0.0,0.0,0.0,0.0,0.0,0.0,0.0,0.0,0.0,0.0,0.0,0.0,0.0,0.0,0.0,0.0,0.0,0.0,0.0,0.0,0.0,0.0,0.0,0.0,0.0,0.0,0.0,0.0,0.0,0.0,0.0,0.0,0.0,0.0,0.0,0.0,0.0,0.0,0.0,0.0,0.0,0.0,0.0,0.0,0.0,0.0,0.0,0.0,0.0,0.0,0.0,0.0,0.0,0.0,0.0,0.0,0.0,0.0,0.0,0.0,0.0,0.0,0.0,0.0,0.0,0.0,0.0,0.0,0.0,0.0,0.0,0.0,0.0,0.0,0.0,0.0,0.0,0.0,0.0,0.0,0.0,0.0,0.0,0.0,0.0,0.0,0.0,0.0,0.0,0.0,0.0,0.0,0.0,0.0,0.0
5,2024-09-17,신비로움이 있고 우리 마음을 따뜻하게 해주고 연민과 삶에 대한 성찰을 보여주는 순간들이 있습니다 결국 인생은 관계이고 관계는 소통이다 행복은 멀리 있는 것이 아니라 옆에 있는 사람들과 마음을 나누는 데 있다는 것을 비로소 깨달았다,1,0.0,0.0,0.0,0.0,0.0,0.0,0.0,0.0,0.0,0.0,0.0,0.0,0.0,0.0,0.0,0.0,0.0,0.0,0.0,0.16200905271721086,0.1951340413620799,0.0,0.0,0.0,0.23298706368363592,0.0,0.0,0.0,0.0,0.0,0.0,0.0,0.0,0.0,0.0,0.0,0.0,0.0,0.0,0.0,0.0,0.0,0.0,0.0,0.0,0.0,0.0,0.0,0.0,0.0,0.0,0.0,0.0,0.0,0.0,0.0,0.0,0.0,0.0,0.0,0.0,0.0,0.0,0.0,0.0,0.0,0.0,0.0,0.0,0.0,0.0,0.0,0.0,0.0,0.0,0.0,0.0,0.16084688839294306,0.0,0.0,0.0,0.0,0.0,0.0,0.0,0.0,0.0,0.0,0.0,0.0,0.0,0.0,0.0,0.0,0.0,0.0,0.0,0.0,0.0,0.0,0.0,0.0,0.0,0.0,0.0,0.4627680898346542,0.0,0.0,0.0,0.0,0.0,0.0,0.0,0.0,0.0,0.0,0.0,0.0,0.0,0.0,0.0,0.0,0.0,0.0,0.0,0.0,0.0,0.0,0.27971598155869304,0.0,0.0,0.0,0.0,0.0,0.0,0.0,0.0,0.0,0.0,0.0,0.23298706368363592,0.0,0.0,0.0,0.0,0.0,0.0,0.0,0.0,0.0,0.0,0.0,0.0,0.0,0.0,0.0,0.0,0.0,0.0,0.0,0.0,0.0,0.23298706368363592,0.0,0.0,0.0,0.0,0.0,0.0,0.0,0.0,0.0,0.0,0.0,0.0,0.0,0.0,0.0,0.0,0.0,0.0,0.0,0.0,0.0,0.0,0.0,0.0,0.0,0.0,0.0,0.0,0.0,0.2514436110362631,0.0,0.0,0.0,0.0,0.0,0.0,0.0,0.0,0.0,0.0,0.0,0.0,0.0,0.0,0.0,0.0,0.0,0.26543602651578735,0.0,0.0,0.0,0.0,0.0,0.0,0.0,0.0,0.0,0.0,0.0,0.0,0.0,0.23462780397929808,0.3043746221902878,0.0,0.0,0.22247044823000184,0.0,0.0,0.16378944506297724,0.0,0.0,0.0,0.0,0.0,0.0,0.0,0.0,0.0,0.0,0.0,0.0,0.0,0.0,0.0,0.0,0.0,0.0,0.0,0.0,0.0,0.0,0.0,0.0,0.0,0.0,0.0,0.0,0.0,0.0,0.0,0.0,0.0,0.0,0.0,0.0,0.0,0.0,0.0,0.0,0.0,0.0,0.0,0.0,0.0,0.0,0.0,0.0,0.0,0.0,0.0,0.0,0.0,0.0,0.0,0.0,0.0,0.0,0.0,0.0,0.0,0.0,0.0,0.31123211114309396,0.0,0.0,0.0,0.0
4,2024-09-18,마음 속으로 각 캐릭터가 자신만의 빛을 발하는 작은 편의점으로 마음을 편안하게 해주는 전형적인 아늑한 독서입니다 독고와 염씨 부인은 늘 잘됐으면 하는 바람을 불러일으키는 대표적인 인물이다 정말 부드러운 이야기입니다 많은 것을 반성하고 작은 세부 사항에 감사하게 만듭니다 나는 당신이 다른 캐릭터를 발견하고 그들의 감정을 열고 그들과 함께 생각하게 만들고 그들의 작은 발걸음에 행복해지는 방식을 좋아합니다 반전 때문에 마지막 부분이 조금 더 이상하게 느껴졌을 수도 있지만 그래도 결말은 정확합니다 단순히 아름답습니다 기여하는 독서,1,0.0,0.0,0.0,0.0,0.0,0.0,0.0,0.0,0.0,0.0,0.0,0.0,0.0,0.0,0.0,0.0,0.0,0.0,0.0,0.12587291178132584,0.0,0.0,0.0,0.0,0.0,0.0,0.0,0.0,0.0,0.0,0.0,0.0,0.0,0.0,0.0,0.0,0.39749228429458283,0.0,0.0,0.0,0.0,0.0,0.0,0.0,0.0,0.0,0.0,0.0,0.0,0.0,0.0,0.0,0.0,0.0,0.10949673949493559,0.0,0.0,0.0,0.0,0.0,0.0,0.0,0.0,0.0,0.0,0.0,0.0,0.12867571009292342,0.0,0.0,0.0,0.0,0.0,0.0,0.0,0.0,0.2281966996891074,0.0,0.0,0.0,0.0,0.0,0.0,0.0,0.0,0.0,0.0,0.0,0.0,0.0,0.0,0.0,0.0,0.0,0.0,0.0,0.0,0.0,0.0,0.0,0.0,0.15947465358570753,0.0,0.0,0.0,0.17977380266720727,0.0,0.17977380266720727,0.0,0.23129327681243017,0.14604804245496572,0.0,0.0,0.0,0.0,0.0,0.0,0.0,0.0,0.0,0.0,0.0,0.0,0.0,0.0,0.0,0.0,0.0,0.0,0.0,0.0,0.0,0.0,0.0,0.0,0.0,0.0,0.0,0.0,0.0,0.0,0.0,0.0,0.0,0.0,0.0,0.0,0.0,0.0,0.0,0.0,0.0,0.0,0.0,0.1863088662269595,0.0,0.0,0.0,0.0,0.0,0.0,0.2224887567885035,0.0,0.0,0.0,0.0,0.0,0.0,0.0,0.0,0.0,0.0,0.0,0.0,0.0,0.0,0.0,0.0,0.0,0.0,0.0,0.0,0.0,0.0,0.0,0.0,0.0,0.0,0.19064520799747683,0.0,0.0,0.0,0.0,0.0,0.0,0.0,0.0,0.0,0.0,0.0,0.0,0.0,0.0,0.0,0.0,0.0,0.0,0.0,0.0,0.17736561283440935,0.0,0.0,0.0,0.0,0.0,0.0,0.0,0.0,0.0,0.0,0.0,0.0,0.0,0.0,0.0,0.0,0.0,0.0,0.0,0.0,0.0,0.0,0.0,0.0,0.0,0.18101926788270736,0.0,0.0,0.0,0.0,0.43040332857323027,0.0,0.0,0.0,0.0,0.0,0.0,0.0,0.0,0.12587291178132584,0.0,0.18101926788270736,0.0,0.21491710452603996,0.0,0.0,0.0,0.0,0.0,0.0,0.0,0.0,0.0,0.0,0.0,0.0,0.0,0.0,0.0,0.0,0.0,0.0,0.0,0.0,0.0,0.0,0.0,0.0,0.20623048520336149,0.0,0.0,0.0,0.0,0.0,0.0,0.0,0.0,0.0,0.0,0.19064520799747683,0.0,0.0,0.1921713751406603,0.0,0.0,0.0,0.0,0.0,0.0,0.0
5,2024-10-24,이 책은 초가을의 미풍 그저 위로가 되는 책이다 그런 안식처이자 친구 같은 느낌이 드는 책을 계속해서 읽고 싶다,1,0.0,0.0,0.0,0.0,0.0,0.0,0.0,0.0,0.0,0.0,0.0,0.0,0.0,0.0,0.35456540779960255,0.0,0.0,0.0,0.0,0.0,0.0,0.0,0.0,0.0,0.0,0.0,0.0,0.0,0.0,0.0,0.0,0.0,0.0,0.0,0.0,0.0,0.0,0.0,0.0,0.0,0.4152527247681074,0.0,0.0,0.0,0.0,0.0,0.0,0.0,0.0,0.0,0.0,0.0,0.0,0.0,0.0,0.0,0.0,0.0,0.0,0.0,0.0,0.0,0.0,0.0,0.0,0.0,0.3600980250768049,0.0,0.0,0.0,0.0,0.0,0.0,0.0,0.0,0.0,0.0,0.0,0.0,0.0,0.0,0.0,0.0,0.0,0.0,0.0,0.0,0.0,0.0,0.0,0.0,0.34931664228020265,0.0,0.0,0.0,0.0,0.0,0.0,0.0,0.0,0.0,0.0,0.0,0.0,0.0,0.0,0.0,0.0,0.0,0.0,0.0,0.0,0.0,0.0,0.0,0.0,0.0,0.0,0.0,0.0,0.0,0.0,0.0,0.0,0.0,0.0,0.0,0.0,0.0,0.0,0.0,0.0,0.0,0.0,0.0,0.0,0.0,0.0,0.0,0.0,0.0,0.0,0.0,0.0,0.0,0.0,0.0,0.0,0.0,0.0,0.0,0.0,0.0,0.0,0.0,0.0,0.0,0.0,0.0,0.0,0.0,0.0,0.0,0.0,0.0,0.0,0.0,0.0,0.0,0.0,0.0,0.0,0.0,0.0,0.0,0.0,0.0,0.0,0.0,0.0,0.0,0.0,0.0,0.0,0.0,0.0,0.0,0.0,0.0,0.0,0.0,0.0,0.0,0.0,0.0,0.0,0.0,0.0,0.0,0.0,0.0,0.0,0.0,0.0,0.0,0.0,0.0,0.0,0.0,0.0,0.0,0.0,0.0,0.0,0.0,0.0,0.0,0.3753993820805649,0.0,0.0,0.0,0.0,0.0,0.0,0.0,0.0,0.0,0.0,0.0,0.0,0.0,0.0,0.0,0.0,0.0,0.0,0.0,0.0,0.0,0.0,0.0,0.0,0.0,0.0,0.0,0.0,0.0,0.0,0.0,0.0,0.0,0.0,0.0,0.0,0.0,0.0,0.0,0.0,0.0,0.0,0.0,0.0,0.0,0.0,0.0,0.0,0.0,0.24863058492961845,0.25762130506704856,0.0,0.0,0.425494114263723,0.0,0.0,0.0,0.0,0.0,0.0,0.0,0.0,0.0,0.0,0.0,0.0,0.0,0.0,0.0,0.0,0.0,0.0,0.0,0.0,0.0,0.0,0.0,0.0,0.0,0.0,0.0,0.0
3,2024-03-27,불편한 편의점 김호연 강은 포기하고 가라앉는 곳이 아니라 건너야 하는 곳이다 다리는 강을 건너기 위한 수단이지 운명에 굴복하는 곳이 아니다 왜인지는 모르겠지만 거의 모든 한국 문학 작품이 밋밋하다는 느낌이 든다 즉 다른 작품처럼 감정 수준이 중간 정도이지만 감동을 줄 정도는 아니거나 아직 충분히 읽지 않았다는 뜻이다 앞으로는 한국문학에 대한 나의 생각을 바꿔줄 작품이 나왔으면 좋겠다 서울의 작은 동네에 있는 올웨이즈 편의점을 둘러싼 꽤 온화하고 따뜻하며 힐링이 되는 이야기이다 매장이 위치한 곳에서는 고객 직원 매장 주인 모두 크고 작은 문제나 일상의 이야기 자신의 실수 삶의 압박감 가족 직장 등 삶의 문제를 안고 있는 사람들이다 편리하지만 불편한 가게에 모든 것이 담겨 있는 것 같고 이러한 문제는 한국 어디에나 존재하거나 어딘가에서 우리 자신의 실루엣을 보기도 합니다 결국 작가는 작품을 통해 독자들에게 삶에 대한 믿음을 전달하고 우리가 어려움을 해결하고 선택한 길을 계속 갈 수 있는 동기를 부여하고자 한다 편의점은 손님이든 직원이든 사람들이 끊임없이 오고가는 곳이죠 사람들이 잠시 들렀다가 다시 나가는 곳인데 들르는 사람들에게 물건과 돈을 보충해 주는 특수주유소와 다르지 않습니다 그 점을 누구보다 주인님이 이해해 주십니다 특히 이 주유소에서는 연료만 채우는 게 아니라 차를 수리하고 정비도 했어요 그 이후에도 계속 여행을 해야 했어요,0,0.0,0.0,0.0,0.0,0.137487351556476,0.0,0.0,0.0,0.0,0.0,0.14888712102545631,0.0,0.0,0.0,0.0,0.1391403753823656,0.0,0.0,0.0,0.0,0.09481370913945832,0.0,0.0,0.0,0.11320611993253933,0.30244923596929435,0.0,0.0,0.0,0.0,0.0,0.0,0.0,0.0,0.0,0.0,0.0,0.0,0.0,0.0,0.0,0.0,0.0,0.0,0.0,0.0,0.0,0.0,0.0,0.0,0.0,0.0,0.13591124097078108,0.0,0.0,0.0,0.0,0.0,0.0,0.0,0.0,0.0,0.0,0.0,0.0,0.0,0.11922600579243643,0.0804714218523017,0.0,0.1182977212107202,0.0,0.0,0.0,0.0,0.0,0.0,0.0,0.15630783830051934,0.0,0.0,0.0,0.0,0.0,0.0,0.0,0.0,0.0,0.0,0.0,0.0,0.0,0.11565636331110372,0.0,0.0,0.0,0.0,0.0,0.0,0.0,0.0,0.0,0.0,0.0,0.0,0.0,0.0,0.0,0.0,0.0,0.0,0.0,0.0,0.0,0.0,0.12655170260228957,0.16400945458600677,0.0,0.0,0.0,0.12429218097729984,0.0,0.0,0.0,0.0,0.0,0.0,0.0,0.0,0.0,0.12897275143552714,0.0,0.0,0.0,0.24858436195459968,0.0,0.0,0.0,0.0,0.0,0.0,0.11320611993253933,0.0,0.23131272662220745,0.0,0.0,0.0,0.0,0.0,0.0,0.0,0.0,0.0,0.0,0.0,0.0,0.0,0.0,0.0,0.0,0.0,0.0,0.0,0.22641223986507866,0.0,0.0,0.0,0.0,0.0,0.0,0.0,0.11320611993253933,0.0,0.0,0.0,0.0,0.0,0.0,0.0,0.0,0.0,0.0,0.0,0.14087820593027167,0.0,0.0,0.0,0.0,0.0,0.0,0.0,0.0,0.0,0.12217397454260992,0.11565636331110372,0.0,0.0,0.1446465602290689,0.0,0.0,0.0,0.0,0.1427100178636983,0.0,0.10809620004469057,0.0,0.0,0.0,0.0,0.0,0.0,0.0,0.0,0.0,0.0,0.0,0.0,0.0,0.0,0.0,0.0,0.0,0.0,0.0,0.0,0.0,0.2957852632615087,0.0,0.0,0.0,0.0,0.0,0.0,0.0,0.0,0.0,0.0,0.0,0.1887178672330388,0.0,0.0,0.1794442157225549,0.0,0.0,0.0,0.0,0.0,0.0,0.14670053864877877,0.0,0.0,0.0,0.0,0.0,0.0,0.0,0.0,0.0,0.11739419385900977,0.0,0.1427100178636983,0.0,0.0,0.0,0.0,0.0,0.0,0.0,0.0,0.0,0.0,0.0,0.0,0.0,0.0,0.0,0.0,0.0,0.0,0.0,0.0,0.0,0.11320611993253933,0.12217397454260992,0.10742528172963588,0.0,0.14888712102545631,0.14087820593027167,0.0,0.0,0.11922600579243643,0.0,0.21097747872853054,0.0,0.12655170260228957,0.0,0.0,0.0,0.0,0.0,0.0
3,2024-07-19,일이라고도 합니다 하지만 가장 중요한 것은 구매자를 편안하게 하려면 직원들이 귀찮게 해야 한다는 것입니다 우리가 섬기는 사람들이 편안하게 느끼도록 우리가 귀찮게 하고 고민해야 합니다 흠 7월 독서 마라톤 내내 저는 대부분의 책에 별 3개를 주었습니다 별 3개를 준 것은 아니지만 제가 읽은 책에 킥 이 부족한 것 같았습니다 아마도 실수는 제가 한 것 같습니다 아마도 이 책들을 너무 빨리 읽어서 읽을 때의 감정과 감정이 매우 밋밋하게 느껴졌을 것입니다 아무튼 이 책은 꽤 재미있지만 개인적으로는 독자인 나와 이 책에 나오는 인물들 사이에 깊은 연관성을 느끼지는 못하지만 그래도 걱정하지 마세요 이 책은 그래도 여유 시간에 읽어도 꽤 좋고 재미있고 특히 글자의 크기가 꽤 커서 독서의 즐거움이 높아지기 때문입니다 발견한 오타도 있는 것 같지만요 생각해보면 가족도 서로의 인생 여정에 함께하는 손님이 아닐까요 귀빈이든 초대받은 손님이든 서로를 손님으로 대하면 서로 상처를 입는다 고 말했다 결국 인생은 관계이고 관계는 소통이다 행복은 멀리 있지 않고 주변 사람들과 생각을 나눌 때 찾을 수 있다는 것을 이제야 깨달았다,0,0.0,0.0,0.0,0.0,0.0,0.0,0.0,0.11208268627762011,0.0,0.0,0.0,0.0,0.14377119885876974,0.0,0.0,0.0,0.0,0.0,0.21567855448042467,0.08511724920176106,0.0,0.1948872990739148,0.0,0.0,0.12240808539855048,0.0,0.0,0.0,0.0,0.0,0.0,0.0,0.0,0.0,0.0,0.0,0.0,0.0,0.0,0.0,0.0,0.0,0.0,0.0,0.0,0.0,0.0,0.0,0.0,0.0,0.0,0.0,0.0,0.14377119885876974,0.0,0.0,0.0,0.0,0.0,0.0,0.0,0.10403676192638556,0.0,0.0,0.0,0.0,0.0,0.0,0.0,0.0,0.0,0.0,0.0,0.0,0.0,0.0,0.0,0.0,0.0,0.0,0.0,0.0,0.0,0.0,0.0,0.0,0.0,0.0,0.0,0.0,0.0,0.0,0.0,0.0,0.0,0.0,0.0,0.0,0.0,0.0,0.0,0.0,0.14533033743943147,0.0,0.0,0.0,0.0,0.0,0.0,0.0,0.0,0.0,0.0,0.08573818317057326,0.0,0.0,0.0,0.0,0.0,0.0,0.0,0.0,0.0,0.0,0.0,0.0,0.0,0.0,0.14695879340523538,0.0,0.0,0.0,0.0,0.13439527750361735,0.0,0.0,0.0,0.0,0.0,0.0,0.0,0.0,0.0,0.0,0.0,0.0,0.0,0.14377119885876974,0.0,0.0,0.0,0.0,0.0,0.0,0.0,0.0,0.0,0.0,0.0,0.0,0.0,0.0,0.0,0.0,0.0,0.29391758681047075,0.0,0.0,0.12074260646131078,0.0,0.0,0.0,0.0,0.0,0.0,0.0,0.0,0.0,0.0,0.0,0.0,0.0,0.0,0.0,0.0,0.0,0.0,0.0,0.0,0.0,0.0,0.0,0.0,0.2501149938803278,0.0,0.0,0.0,0.0,0.0,0.0,0.0,0.0,0.0,0.0,0.0,0.0,0.0,0.0,0.0,0.0,0.13945630837991663,0.0,0.0,0.0,0.0,0.0,0.0,0.0,0.0,0.0,0.0,0.15640416355297376,0.15045040817881988,0.0,0.0,0.07995704602039916,0.0,0.0,0.1168828054014595,0.0,0.0,0.0,0.0,0.0,0.0,0.0,0.0,0.0,0.0,0.0,0.0,0.0,0.0,0.0,0.1332321884788683,0.0,0.0,0.0,0.0,0.0,0.25387317427274936,0.0,0.0,0.0,0.0,0.0,0.0,0.0,0.12693658713637468,0.0,0.0,0.0,0.14227571664011548,0.0,0.0,0.15640416355297376,0.40678952196019597,0.17802254373626855,0.0,0.0,0.0,0.0,0.0,0.0,0.0,0.0,0.0,0.0,0.0,0.0,0.0,0.0,0.1321048925464808,0.0,0.0,0.0,0.0,0.0,0.13439527750361735,0.0,0.11081931187100644,0.0,0.0,0.27367692892759227,0.0,0.16351691908227953,0.0,0.0,0.0,0.0
5,2024-03-21,5 염여사는 퇴직한 교사였고 편의점을 사랑으로 운영했던 마음씨 착한 여인이었다 어느 날 서울역 근처에서 잃어버린 핸드백을 찾은 노숙자로부터 뜻밖의 전화를 받았을 때 그는 서류를 포함한 소지품이 안전하다는 사실을 믿을 수 없었다 그래서 그는 Dokko를 자신의 창고로 초대했습니다 그 남자와 이야기를 나누면서 그녀는 그 사람이 다정하고 존경할 만한 사람이고 정확하고 진지하며 충성스럽고 신뢰할 수 있는 사람이라는 것을 깨닫고 그를 고용하기로 결정했습니다 Dokko는 말의 재능을 갖고 있고 사람들의 마음에 다가가는 방법을 알고 그들을 괴롭히는 고통을 이해하고 위로를 주기 때문에 그들 사이에 자발적인 우정이 생겨나고 이웃 전체로 확장됩니다 구원과 개인적 성장에 관한 아주 감미로운 이야기입니다 이 이야기는 독자들에게 과거나 미래가 없어 보이는 사람들이라도 어떻게 자기희생과 이타주의의 정신만으로 신뢰와 관대함을 심어줄 수 있는지를 보여줍니다 5 협력과 종이 사본에 대해 출판사에 감사드립니다,1,0.0,0.0,0.0,0.0,0.0,0.0,0.0,0.0,0.0,0.0,0.0,0.23211377620766363,0.0,0.0,0.0,0.0,0.0,0.0,0.0,0.13131826208904124,0.0,0.0,0.0,0.0,0.0,0.0,0.0,0.0,0.0,0.2038104504710013,0.0,0.0,0.0,0.0,0.1973440901788866,0.34387474934456314,0.0,0.0,0.2350128226546422,0.0,0.0,0.20048484339961523,0.0,0.0,0.0,0.0,0.0,0.0,0.0,0.0,0.0,0.0,0.0,0.0,0.0,0.0,0.0,0.0,0.0,0.0,0.0,0.0,0.0,0.0,0.0,0.0,0.0,0.0,0.0,0.0,0.0,0.0,0.0,0.0,0.0,0.0,0.0,0.0,0.1709712141461326,0.0,0.0,0.0,0.0,0.0,0.0,0.0,0.0,0.0,0.0,0.0,0.0,0.0,0.0,0.0,0.0,0.0,0.0,0.0,0.0,0.0,0.0,0.16637363877391362,0.0,0.0,0.15376178517145436,0.0,0.0,0.0,0.0,0.0,0.0,0.0,0.0,0.0,0.0,0.0,0.0,0.0,0.0,0.0,0.0,0.0,0.0,0.0,0.0,0.0,0.0,0.0,0.0,0.0,0.0,0.0,0.1709712141461326,0.0,0.0,0.0,0.0,0.0,0.19154217856161088,0.2293562042136678,0.0,0.0,0.0,0.0,0.0,0.0,0.0,0.0,0.0,0.0,0.0,0.0,0.0,0.0,0.0,0.0,0.0,0.0,0.0,0.0,0.0,0.0,0.0,0.0,0.0,0.0,0.0,0.2038104504710013,0.0,0.0,0.0,0.0,0.0,0.0,0.0,0.21728520655152503,0.0,0.0,0.0,0.21950192260520437,0.0,0.17193737467228157,0.0,0.0,0.0,0.0,0.0,0.0,0.0,0.0,0.0,0.0,0.0,0.0,0.0,0.0,0.0,0.0,0.0,0.0,0.0,0.0,0.0,0.0,0.0,0.17292033883002622,0.14902088636577027,0.0,0.0,0.18503857344807864,0.0,0.0,0.0,0.0,0.0,0.0,0.0,0.0,0.0,0.0,0.0,0.0,0.0,0.2267269387775126,0.19018020869556318,0.12335713881311695,0.0,0.0,0.0,0.0,0.0,0.0,0.0,0.0,0.0,0.0,0.0,0.1574094387805884,0.0,0.0,0.0,0.0,0.0,0.0,0.0,0.0,0.0,0.0,0.0,0.0,0.0,0.0,0.0,0.0,0.0,0.0,0.0,0.0,0.0,0.0,0.0,0.0,0.0,0.0,0.0,0.0,0.0,0.0,0.0,0.0,0.0,0.0,0.0,0.0,0.0,0.0,0.0,0.0,0.0,0.0,0.0,0.0,0.0,0.0,0.0,0.0,0.2350128226546422,0.0,0.0,0.0,0.0,0.0,0.0,0.0,0.0,0.0,0.0,0.0,0.0,0.0
5,2025-04-19,불편한 편의점이 이 이야기의 기본이다 그곳에서 뜻밖의 인물 나이가 많지만 자비로운 주인 투덜대지만 선의의 이웃 아들과 대화할 수 없는 인물을 만나게 됩니다 이미 인생에서 승리를 거두었고 활력과 가족의 존경심을 잃어가고 있는 것 같은 세일즈맨 주에서 안정적인 직업을 찾고 있지만 다른 길을 택하는 불안한 젊은 여성 어머니가 가게를 팔아 다시 사업의 세계에 뛰어들기를 바라는 아들 다소 불법적인 활동에 연루된 형사 가장 편리하지 않은 곳에서 자신의 이야기를 발견하게 되는 차단된 작가 끊임없는 가족을 버리고 도망칠 정도로 자신을 괴롭히는 슬픈 사연을 안고 있는 노숙자 독코 하지만 가게와 그곳의 사람들은 그를 다시 데려와 그의 인생의 새로운 장을 시작할 것입니다 자기애와 구원에 관한 이야기 경험이 부족한 사람들에게 많은 인생 교훈을 주는 훌륭한 이야기,1,0.0,0.0,0.0,0.19936999130505267,0.0,0.0,0.0,0.1428729496772479,0.0,0.0,0.0,0.0,0.0,0.0,0.16180736943809387,0.0,0.0,0.0,0.0,0.0,0.0,0.12421241941130168,0.0,0.0,0.0,0.0,0.0,0.0,0.0,0.1683954613486121,0.0,0.0,0.0,0.0,0.0,0.0,0.0,0.0,0.0,0.0,0.0,0.1656477262066894,0.0,0.0,0.14716018090876842,0.0,0.0,0.0,0.0,0.0,0.0,0.0,0.18732988110945809,0.0,0.0,0.0,0.0,0.0,0.0,0.0,0.0,0.0,0.14716018090876842,0.0,0.0,0.0,0.0,0.1109157843061823,0.19417597381444818,0.32610544781484635,0.0,0.0,0.0,0.0,0.0,0.0,0.0,0.0,0.0,0.0,0.0,0.0,0.0,0.0,0.0,0.0,0.0,0.0,0.0,0.0,0.0,0.15941207389372006,0.0,0.0,0.16059436552427675,0.0,0.0,0.0,0.0,0.0,0.0,0.0,0.0,0.0,0.0,0.0,0.0,0.0,0.0,0.0,0.1258903732769531,0.0,0.0,0.0,0.0,0.0,0.0,0.0,0.0,0.0,0.0,0.0,0.0,0.0,0.0,0.0,0.0,0.0,0.0,0.17776638650493323,0.20843669372408616,0.0,0.0,0.0,0.0,0.0,0.0,0.0,0.0,0.0,0.0,0.0,0.0,0.0,0.0,0.1643322018894249,0.0,0.0,0.0,0.0,0.0,0.0,0.0,0.0,0.0,0.0,0.0,0.0,0.0,0.0,0.0,0.0,0.0,0.0,0.0,0.0,0.0,0.0,0.0,0.0,0.0,0.0,0.17952878528512273,0.0,0.0,0.0,0.0,0.0,0.0,0.0,0.0,0.0,0.0,0.0,0.17952878528512273,0.0,0.0,0.0,0.0,0.0,0.0,0.0,0.0,0.0,0.0,0.0,0.0,0.0,0.0,0.0,0.0,0.0,0.0,0.2979834215053552,0.0,0.0,0.12312636988020147,0.0,0.17284625850922838,0.0,0.0,0.19936999130505267,0.0,0.0,0.0,0.0,0.0,0.0,0.0,0.0,0.0,0.0,0.0,0.0,0.0,0.2038441331450295,0.0,0.0,0.0,0.0,0.0,0.0,0.0,0.0,0.0,0.15603484183022662,0.18136031512903186,0.1300572909918316,0.0,0.0,0.0,0.0,0.0,0.0,0.0,0.0,0.0,0.0,0.0,0.0,0.0,0.0,0.0,0.0,0.0,0.0,0.0,0.16180736943809387,0.0,0.19670080626577915,0.0,0.0,0.0,0.0,0.0,0.0,0.0,0.0,0.0,0.0,0.0,0.0,0.0,0.0,0.0,0.0,0.0,0.0,0.0,0.0,0.0,0.0,0.0,0.0,0.0,0.0,0.0,0.0,0.0,0.0,0.14126251336443016,0.0,0.0,0.0,0.0,0.0,0.0,0.0,0.0,0.0
1,2024-02-21,별 2 3개를 준다면 다른 타이틀에 불공평할 것입니다 그리고 번역이나 교정의 문제도 아닙니다 여기서 문제는 전체적인 과정이었습니다 그 과정에는 최종 결과가 나에게 엉성해 보이는 책이 되는 문제가 있습니다 등장인물도 설득력이 없고 그들의 이야기도 설득력이 없으며 대화도 설득력이 없습니다 책 전체가 나에게는 맛이 의심스러운 패스트푸드처럼 보인다 그리고 여기 브라질에서 에디션 제공을 개선할 수 있는 것은 아쉬운 부분이 남아 있습니다 저는 종종 급여가 적고 마감 기한이 매우 빡빡한 전문가 개별에 대해 이야기하는 것이 아닙니다,0,0.0,0.0,0.0,0.0,0.0,0.0,0.0,0.0,0.0,0.0,0.0,0.0,0.0,0.0,0.0,0.0,0.0,0.0,0.178011034914578,0.0,0.16923153468617513,0.16085090093184562,0.0,0.0,0.0,0.0,0.0,0.0,0.0,0.0,0.0,0.0,0.0,0.0,0.0,0.0,0.22184720677198524,0.0,0.0,0.0,0.0,0.0,0.31750676606548,0.0,0.0,0.0,0.0,0.0,0.0,0.0,0.0,0.0,0.0,0.0,0.0,0.0,0.19174173709902048,0.26184354056126125,0.0,0.0,0.0,0.0,0.0,0.0,0.0,0.0,0.0,0.14363220616559702,0.0,0.0,0.0,0.0,0.0,0.0,0.0,0.0,0.0,0.0,0.18293019852810352,0.0,0.0,0.0,0.0,0.0,0.0,0.0,0.0,0.0,0.0,0.0,0.0,0.20643326832168424,0.0,0.0,0.0,0.0,0.0,0.0,0.0,0.0,0.0,0.0,0.0,0.0,0.0,0.0,0.0,0.0,0.0,0.0,0.0,0.0,0.0,0.14152860728000322,0.0,0.0,0.0,0.0,0.26574633789596536,0.0,0.0,0.0,0.0,0.0,0.0,0.0,0.0,0.0,0.0,0.0,0.0,0.0,0.0,0.0,0.0,0.0,0.0,0.0,0.0,0.0,0.0,0.0,0.0,0.0,0.0,0.0,0.0,0.0,0.0,0.0,0.0,0.0,0.0,0.0,0.0,0.0,0.0,0.0,0.0,0.0,0.0,0.0,0.0,0.4851717773588465,0.0,0.0,0.0,0.0,0.0,0.0,0.0,0.0,0.0,0.0,0.0,0.0,0.0,0.0,0.0,0.0,0.0,0.0,0.0,0.0,0.0,0.21992728773791964,0.0,0.0,0.0,0.0,0.0,0.0,0.0,0.0,0.0,0.0,0.0,0.0,0.0,0.0,0.0,0.0,0.0,0.0,0.0,0.0,0.0,0.0,0.0,0.0,0.0,0.0,0.0,0.0,0.0,0.0,0.0,0.0,0.0,0.0,0.0,0.0,0.0,0.0,0.0,0.13198564451706418,0.0,0.0,0.0,0.0,0.0,0.284095373210377,0.0,0.0,0.0,0.0,0.0,0.0,0.0,0.0,0.0,0.0,0.0,0.0,0.21992728773791964,0.0,0.0,0.0,0.0,0.0,0.0,0.0,0.0,0.0,0.0,0.0,0.0,0.0,0.0,0.0,0.0,0.0,0.0,0.0,0.0,0.0,0.0,0.0,0.0,0.0,0.2020598665101468,0.0,0.0,0.0,0.0,0.0,0.0,0.0,0.0,0.0,0.0,0.0,0.0,0.0,0.0,0.0,0.0,0.0,0.0,0.0,0.0,0.0,0.0,0.0,0.0,0.0,0.0,0.0,0.0,0.0
5,2024-06-12,2024 너무 아름다워요 책의 대부분은 기쁨으로 가득 차 있었고 조금은 유치하고 경쾌했는데 마지막에는 무슨 일이 일어났나요 나는 말이 없다 내가 이 책을 좋아한다고 말하는 것은 아무 말도 하지 않는 것과 같다 작가님을 직접 만날 수 있어서 더욱 기쁘네요 이 훌륭한 책을 읽은 것과 관련된 이 만남의 추억이 오랫동안 저에게 남아 있기를 바라며 정말 좋습니다 2026년 다시 읽은 후에도 나는 여전히 이 책을 좋아하고 별 5 5개를 줍니다,1,0.0,0.0,0.0,0.0,0.0,0.0,0.24776084342532947,0.0,0.0,0.0,0.0,0.0,0.0,0.0,0.0,0.0,0.0,0.0,0.17539839997131196,0.0,0.0,0.0,0.0,0.0,0.0,0.0,0.0,0.0,0.0,0.0,0.0,0.0,0.0,0.0,0.0,0.0,0.0,0.0,0.0,0.0,0.0,0.0,0.0,0.0,0.0,0.0,0.0,0.0,0.0,0.0,0.0,0.0,0.0,0.0,0.24086025556613602,0.0,0.0,0.0,0.0,0.0,0.18335484507633165,0.1692136858395028,0.0,0.0,0.0,0.0,0.0,0.0,0.0,0.20804881059437555,0.0,0.0,0.0,0.0,0.0,0.0,0.0,0.0,0.0,0.0,0.0,0.0,0.0,0.0,0.0,0.0,0.0,0.0,0.0,0.0,0.0,0.0,0.0,0.0,0.0,0.0,0.0,0.0,0.0,0.0,0.0,0.0,0.0,0.0,0.0,0.0,0.0,0.0,0.0,0.0,0.0,0.0,0.0,0.0,0.0,0.0,0.0,0.24470454128521973,0.0,0.0,0.0,0.0,0.0,0.0,0.0,0.0,0.0,0.0,0.0,0.0,0.0,0.0,0.0,0.0,0.0,0.0,0.0,0.0,0.0,0.0,0.0,0.0,0.0,0.0,0.0,0.0,0.0,0.0,0.0,0.0,0.0,0.0,0.0,0.0,0.0,0.0,0.0,0.0,0.0,0.0,0.0,0.0,0.0,0.0,0.0,0.0,0.0,0.0,0.0,0.2290716116293128,0.0,0.0,0.0,0.0,0.0,0.0,0.0,0.0,0.0,0.0,0.0,0.0,0.0,0.0,0.0,0.0,0.0,0.0,0.0,0.0,0.0,0.0,0.0,0.0,0.0,0.0,0.0,0.0,0.0,0.0,0.0,0.0,0.0,0.0,0.0,0.0,0.0,0.0,0.0,0.0,0.0,0.0,0.0,0.0,0.0,0.22054497242836787,0.0,0.0,0.0,0.0,0.0,0.5087764075965717,0.0,0.0,0.0,0.0,0.0,0.0,0.0,0.0,0.0,0.0,0.0,0.0,0.0,0.0,0.0,0.0,0.0,0.0,0.0,0.0,0.0,0.0,0.0,0.0,0.0,0.0,0.0,0.138441481638392,0.0,0.0,0.0,0.0,0.0,0.0,0.0,0.0,0.0,0.0,0.24776084342532947,0.0,0.0,0.0,0.0,0.0,0.0,0.0,0.45003070327914035,0.20340348553024856,0.0,0.0,0.0,0.0,0.0,0.0,0.0,0.0,0.0,0.0,0.0,0.0,0.0,0.0,0.0,0.0,0.0,0.0,0.0,0.0,0.0,0.0,0.0,0.0,0.0,0.0,0.0,0.0,0.0,0.0
4,2026-01-22,나는 그것을 좋아했다 독서 블록에 있지만 다음에 무엇을 읽고 싶은지 어떤 장르를 원하는지 모르는 사람에게 추천하고 싶은 전형적인 책입니다 자아와 제1세계의 문제에 대한 쉬운 이야기로 드라마는 없지만 매우 재미있습니다 당신은 또한 서울로 여행을 떠나 라이스 트라이앵글과 버블티로 배를 채우고 싶은 기분을 느낄 수도 있습니다,1,0.0,0.0,0.0,0.0,0.0,0.0,0.0,0.0,0.0,0.0,0.0,0.0,0.0,0.0,0.0,0.0,0.0,0.0,0.0,0.0,0.0,0.0,0.0,0.0,0.0,0.0,0.0,0.0,0.0,0.0,0.0,0.0,0.23540282312828492,0.0,0.0,0.0,0.0,0.0,0.0,0.0,0.0,0.0,0.0,0.0,0.0,0.0,0.0,0.0,0.0,0.0,0.0,0.0,0.0,0.0,0.1472400993413861,0.0,0.0,0.0,0.0,0.0,0.0,0.0,0.0,0.0,0.0,0.0,0.0,0.0,0.0,0.0,0.0,0.0,0.0,0.0,0.0,0.0,0.0,0.168046926709349,0.0,0.0,0.0,0.0,0.0,0.0,0.0,0.0,0.0,0.0,0.0,0.0,0.0,0.0,0.0,0.0,0.0,0.0,0.0,0.0,0.0,0.0,0.0,0.0,0.0,0.2829243946082593,0.0,0.0,0.0,0.0,0.0,0.0,0.0,0.0,0.0,0.1704958804017506,0.0,0.0,0.0,0.0,0.0,0.0,0.2889987041307362,0.0,0.0,0.0,0.0,0.0,0.0,0.0,0.0,0.0,0.0,0.0,0.0,0.0,0.2922369933423568,0.0,0.0,0.0,0.0,0.0,0.0,0.0,0.0,0.0,0.0,0.0,0.0,0.0,0.0,0.0,0.0,0.0,0.0,0.0,0.25052924952808586,0.0,0.0,0.0,0.0,0.0,0.5345072711473371,0.0,0.0,0.0,0.0,0.0,0.0,0.0,0.0,0.0,0.0,0.0,0.0,0.0,0.0,0.0,0.0,0.0,0.0,0.0,0.2281840992252399,0.0,0.0,0.0,0.0,0.0,0.0,0.0,0.0,0.0,0.0,0.0,0.0,0.0,0.0,0.0,0.0,0.0,0.0,0.0,0.0,0.0,0.0,0.0,0.0,0.0,0.0,0.0,0.0,0.0,0.0,0.0,0.0,0.0,0.0,0.0,0.0,0.26725363557366855,0.0,0.0,0.0,0.0,0.0,0.0,0.0,0.0,0.0,0.0,0.0,0.0,0.0,0.17112120194095515,0.0,0.0,0.0,0.2434163346661804,0.0,0.0,0.0,0.0,0.0,0.0,0.0,0.0,0.0,0.0,0.0,0.0,0.0,0.0,0.0,0.0,0.0,0.0,0.0,0.0,0.0,0.0,0.0,0.0,0.0,0.0,0.0,0.0,0.0,0.0,0.0,0.0,0.0,0.0,0.0,0.0,0.23693655371466008,0.0,0.0,0.0,0.0,0.0,0.0,0.0,0.0,0.0,0.0,0.0,0.0,0.0,0.0,0.0,0.0,0.0,0.0,0.0,0.0,0.0,0.0,0.0,0.0,0.0,0.0,0.0
5,2024-05-21,마음이 따뜻해졌습니다 인생은 관계이고 관계는 소통입니다 이제 내 행복은 결코 멀리 있는 것이 아니라 내 삶을 주변 사람들과 나누는 행위 속에 숨어 있다는 것을 깨달았습니다,1,0.0,0.0,0.0,0.0,0.0,0.0,0.0,0.0,0.0,0.0,0.0,0.0,0.0,0.0,0.0,0.0,0.0,0.0,0.0,0.20993983654244483,0.25286493600409593,0.0,0.0,0.0,0.0,0.0,0.0,0.0,0.0,0.0,0.0,0.0,0.0,0.0,0.0,0.0,0.0,0.0,0.0,0.0,0.0,0.0,0.0,0.0,0.0,0.0,0.0,0.0,0.0,0.0,0.0,0.0,0.0,0.0,0.0,0.0,0.0,0.0,0.0,0.0,0.0,0.0,0.0,0.0,0.0,0.0,0.0,0.0,0.0,0.0,0.0,0.0,0.0,0.0,0.0,0.0,0.0,0.0,0.0,0.0,0.0,0.0,0.0,0.0,0.0,0.0,0.0,0.0,0.0,0.0,0.0,0.0,0.0,0.0,0.0,0.0,0.0,0.0,0.0,0.0,0.0,0.0,0.0,0.0,0.0,0.0,0.2938797953846848,0.0,0.0,0.0,0.0,0.0,0.0,0.0,0.0,0.0,0.0,0.0,0.0,0.0,0.0,0.0,0.0,0.0,0.0,0.0,0.0,0.0,0.3624706549531173,0.0,0.0,0.0,0.0,0.0,0.0,0.0,0.0,0.0,0.0,0.0,0.0,0.28649957096216544,0.0,0.0,0.0,0.0,0.0,0.0,0.0,0.0,0.0,0.0,0.0,0.0,0.0,0.0,0.0,0.0,0.0,0.0,0.0,0.0,0.30191686974199844,0.0,0.0,0.0,0.0,0.0,0.0,0.0,0.0,0.0,0.0,0.0,0.0,0.0,0.0,0.0,0.0,0.0,0.0,0.0,0.0,0.0,0.0,0.0,0.0,0.0,0.0,0.0,0.0,0.0,0.0,0.0,0.0,0.0,0.0,0.0,0.0,0.0,0.0,0.0,0.0,0.0,0.0,0.0,0.0,0.0,0.0,0.0,0.3439659394618539,0.0,0.0,0.0,0.0,0.0,0.0,0.0,0.0,0.0,0.0,0.0,0.0,0.0,0.0,0.19721230807341497,0.0,0.0,0.28828888727876206,0.0,0.0,0.0,0.0,0.0,0.0,0.0,0.0,0.0,0.0,0.0,0.0,0.0,0.0,0.0,0.0,0.0,0.0,0.0,0.0,0.0,0.0,0.0,0.0,0.0,0.0,0.0,0.0,0.0,0.3130863203943266,0.0,0.0,0.0,0.0,0.0,0.0,0.0,0.0,0.0,0.0,0.0,0.0,0.0,0.0,0.0,0.0,0.0,0.0,0.0,0.0,0.0,0.0,0.0,0.0,0.0,0.0,0.0,0.0,0.0,0.0,0.0,0.0,0.0,0.0,0.0,0.0,0.4033109103735895,0.0,0.0,0.0,0.0
2,2024-05-31,이것은 내 책이 아니었습니다 캐릭터가 나와 달라붙지 않았어요 나 또한 독고를 향한 캐릭터가 전혀 마음에 들지 않았다 돌이켜보면 그렇습니다 그리고 독고의 이야기 자체도 결국에는 만족스럽지 못했습니다,0,0.0,0.0,0.0,0.0,0.0,0.0,0.0,0.0,0.0,0.0,0.0,0.0,0.0,0.0,0.0,0.0,0.0,0.0,0.0,0.0,0.0,0.0,0.0,0.0,0.0,0.0,0.0,0.0,0.0,0.0,0.0,0.0,0.0,0.0,0.0,0.0,0.0,0.0,0.0,0.0,0.0,0.0,0.19363411817662013,0.0,0.0,0.0,0.0,0.0,0.0,0.0,0.0,0.0,0.0,0.0,0.0,0.0,0.0,0.0,0.0,0.0,0.0,0.0,0.0,0.0,0.0,0.0,0.0,0.0,0.0,0.0,0.0,0.0,0.0,0.0,0.0,0.0,0.0,0.0,0.0,0.0,0.0,0.0,0.0,0.0,0.0,0.28078054610114583,0.2637773177674814,0.0,0.0,0.0,0.0,0.0,0.0,0.0,0.0,0.0,0.31937488265284747,0.0,0.0,0.0,0.0,0.0,0.0,0.2864571268179112,0.20066411570266302,0.0,0.0,0.0,0.0,0.0,0.0,0.0,0.0,0.0,0.0,0.0,0.0,0.0,0.0,0.0,0.0,0.0,0.0,0.0,0.0,0.0,0.0,0.0,0.0,0.0,0.0,0.0,0.0,0.0,0.0,0.0,0.0,0.0,0.0,0.0,0.0,0.0,0.0,0.0,0.0,0.0,0.0,0.0,0.0,0.0,0.0,0.0,0.0,0.0,0.0,0.0,0.0,0.0,0.0,0.0,0.0,0.0,0.0,0.0,0.0,0.0,0.0,0.0,0.0,0.0,0.0,0.0,0.0,0.0,0.0,0.0,0.0,0.0,0.0,0.0,0.0,0.0,0.0,0.0,0.0,0.0,0.0,0.0,0.0,0.0,0.0,0.0,0.0,0.0,0.0,0.0,0.0,0.0,0.29588600720933644,0.0,0.0,0.0,0.0,0.235331182301553,0.0,0.0,0.0,0.0,0.0,0.0,0.0,0.0,0.0,0.0,0.0,0.0,0.0,0.0,0.0,0.0,0.0,0.0,0.0,0.0,0.0,0.0,0.0,0.0,0.0,0.0,0.0,0.0,0.0,0.0,0.0,0.0,0.0,0.0,0.0,0.0,0.0,0.0,0.0,0.0,0.0,0.2659792468533165,0.0,0.0,0.0,0.0,0.0,0.0,0.0,0.0,0.0,0.0,0.0,0.0,0.0,0.0,0.0,0.0,0.0,0.0,0.0,0.0,0.0,0.0,0.0,0.0,0.24645574993831088,0.0,0.0,0.0,0.0,0.0,0.0,0.0,0.5615610922022917,0.0,0.0,0.0,0.0,0.0,0.0,0.0,0.0,0.0,0.0,0.0,0.0,0.0,0.0,0.0,0.0,0.0,0.0,0.0,0.0,0.0
4,2024-05-07,4 5 그녀는 나를 매우 감동적으로 만들었고 나는 그녀와 함께 환상적인 시간을 보냈습니다,1,0.0,0.0,0.0,0.0,0.0,0.0,0.0,0.0,0.0,0.0,0.0,0.0,0.0,0.0,0.0,0.0,0.0,0.0,0.0,0.0,0.0,0.0,0.0,0.0,0.0,0.0,0.0,0.0,0.0,0.0,0.0,0.0,0.0,0.0,0.43571623269605464,0.0,0.0,0.0,0.0,0.0,0.0,0.0,0.0,0.0,0.0,0.0,0.0,0.0,0.0,0.0,0.0,0.0,0.0,0.0,0.2522165900916784,0.42598753715192983,0.0,0.0,0.0,0.0,0.0,0.0,0.0,0.0,0.0,0.0,0.0,0.0,0.0,0.0,0.0,0.0,0.0,0.0,0.0,0.0,0.0,0.0,0.0,0.0,0.0,0.0,0.0,0.0,0.0,0.0,0.0,0.0,0.0,0.0,0.0,0.0,0.0,0.0,0.0,0.0,0.0,0.0,0.0,0.0,0.0,0.0,0.0,0.0,0.0,0.0,0.0,0.0,0.0,0.0,0.0,0.0,0.0,0.29205284275111343,0.0,0.0,0.0,0.0,0.0,0.0,0.0,0.0,0.0,0.0,0.0,0.0,0.0,0.0,0.0,0.0,0.0,0.0,0.0,0.0,0.0,0.0,0.0,0.0,0.0,0.0,0.0,0.0,0.0,0.0,0.0,0.0,0.0,0.0,0.0,0.0,0.0,0.0,0.0,0.0,0.0,0.0,0.5327647367204021,0.0,0.0,0.0,0.0,0.0,0.0,0.0,0.0,0.0,0.0,0.0,0.0,0.0,0.0,0.0,0.0,0.0,0.0,0.0,0.0,0.0,0.0,0.0,0.0,0.0,0.0,0.0,0.0,0.0,0.0,0.0,0.0,0.0,0.0,0.0,0.0,0.0,0.0,0.0,0.0,0.0,0.0,0.0,0.0,0.0,0.0,0.0,0.0,0.0,0.0,0.0,0.0,0.0,0.0,0.0,0.0,0.0,0.0,0.0,0.0,0.0,0.0,0.0,0.0,0.0,0.0,0.0,0.0,0.0,0.0,0.0,0.0,0.0,0.0,0.0,0.0,0.0,0.0,0.0,0.0,0.0,0.0,0.0,0.0,0.0,0.0,0.0,0.0,0.0,0.0,0.0,0.0,0.0,0.0,0.0,0.0,0.0,0.0,0.0,0.0,0.0,0.0,0.0,0.0,0.0,0.0,0.0,0.0,0.0,0.0,0.0,0.0,0.0,0.0,0.0,0.0,0.0,0.0,0.0,0.0,0.0,0.0,0.0,0.0,0.0,0.0,0.0,0.0,0.0,0.0,0.0,0.0,0.0,0.0,0.0,0.4426507051696078,0.0,0.0,0.0,0.0,0.0,0.0,0.0
5,2025-03-07,정말 아름다운 책입니다 이 마지막 느낌을 따뜻하게 남겨줄 수 있는 책을 더 많이 찾아보고 싶습니다,1,0.0,0.0,0.0,0.0,0.0,0.0,0.0,0.0,0.0,0.0,0.0,0.0,0.0,0.0,0.0,0.0,0.0,0.0,0.0,0.0,0.0,0.0,0.0,0.0,0.0,0.0,0.0,0.0,0.0,0.0,0.0,0.0,0.0,0.0,0.0,0.0,0.0,0.0,0.0,0.0,0.0,0.0,0.0,0.0,0.0,0.0,0.0,0.0,0.0,0.0,0.0,0.0,0.0,0.0,0.0,0.0,0.0,0.0,0.0,0.0,0.0,0.0,0.0,0.0,0.0,0.3751417676237431,0.0,0.0,0.0,0.0,0.0,0.0,0.0,0.0,0.0,0.0,0.0,0.0,0.0,0.0,0.0,0.0,0.0,0.0,0.0,0.0,0.0,0.0,0.0,0.0,0.0,0.0,0.0,0.0,0.0,0.0,0.0,0.0,0.0,0.0,0.0,0.0,0.0,0.0,0.0,0.0,0.0,0.348095595707288,0.0,0.0,0.0,0.3721009864340989,0.0,0.0,0.0,0.0,0.0,0.0,0.0,0.0,0.0,0.0,0.0,0.0,0.0,0.0,0.0,0.0,0.0,0.0,0.0,0.0,0.0,0.0,0.0,0.0,0.0,0.0,0.0,0.0,0.0,0.0,0.0,0.0,0.0,0.0,0.0,0.0,0.0,0.0,0.0,0.0,0.0,0.0,0.0,0.0,0.0,0.0,0.0,0.42080646167418906,0.0,0.0,0.0,0.0,0.3529755270068344,0.0,0.0,0.0,0.0,0.0,0.0,0.0,0.0,0.0,0.0,0.0,0.0,0.0,0.0,0.0,0.0,0.0,0.0,0.0,0.0,0.0,0.0,0.0,0.0,0.0,0.0,0.0,0.0,0.0,0.0,0.0,0.0,0.0,0.0,0.0,0.0,0.0,0.0,0.0,0.0,0.0,0.0,0.0,0.0,0.0,0.0,0.0,0.0,0.0,0.0,0.0,0.0,0.0,0.0,0.0,0.0,0.0,0.0,0.0,0.0,0.22895153697257983,0.0,0.0,0.0,0.0,0.0,0.0,0.0,0.0,0.0,0.0,0.0,0.0,0.0,0.0,0.0,0.0,0.0,0.0,0.0,0.0,0.0,0.0,0.0,0.2437274261313938,0.0,0.0,0.0,0.0,0.0,0.0,0.0,0.0,0.0,0.0,0.0,0.0,0.0,0.0,0.0,0.0,0.0,0.0,0.26409431550008433,0.0,0.0,0.0,0.3411766308899107,0.0,0.0,0.0,0.0,0.0,0.0,0.0,0.0,0.0,0.0,0.0,0.0,0.0,0.0,0.0,0.0,0.0,0.0,0.0,0.0,0.0,0.0,0.0,0.0,0.0,0.0,0.0
4,2025-05-26,예쁘다 따뜻하다 나는 그녀를 사랑했다,1,0.0,0.0,0.0,0.0,0.0,0.0,0.0,0.0,0.0,0.0,0.0,0.0,0.0,0.0,0.0,0.0,0.0,0.0,0.0,0.0,0.0,0.0,0.0,0.0,0.0,0.0,0.0,0.0,0.0,0.0,0.0,0.0,0.0,0.0,0.0,0.0,0.0,0.0,0.0,0.0,0.0,0.0,0.0,0.0,0.0,0.0,0.0,0.0,0.0,0.0,0.0,0.0,0.0,0.0,1.0,0.0,0.0,0.0,0.0,0.0,0.0,0.0,0.0,0.0,0.0,0.0,0.0,0.0,0.0,0.0,0.0,0.0,0.0,0.0,0.0,0.0,0.0,0.0,0.0,0.0,0.0,0.0,0.0,0.0,0.0,0.0,0.0,0.0,0.0,0.0,0.0,0.0,0.0,0.0,0.0,0.0,0.0,0.0,0.0,0.0,0.0,0.0,0.0,0.0,0.0,0.0,0.0,0.0,0.0,0.0,0.0,0.0,0.0,0.0,0.0,0.0,0.0,0.0,0.0,0.0,0.0,0.0,0.0,0.0,0.0,0.0,0.0,0.0,0.0,0.0,0.0,0.0,0.0,0.0,0.0,0.0,0.0,0.0,0.0,0.0,0.0,0.0,0.0,0.0,0.0,0.0,0.0,0.0,0.0,0.0,0.0,0.0,0.0,0.0,0.0,0.0,0.0,0.0,0.0,0.0,0.0,0.0,0.0,0.0,0.0,0.0,0.0,0.0,0.0,0.0,0.0,0.0,0.0,0.0,0.0,0.0,0.0,0.0,0.0,0.0,0.0,0.0,0.0,0.0,0.0,0.0,0.0,0.0,0.0,0.0,0.0,0.0,0.0,0.0,0.0,0.0,0.0,0.0,0.0,0.0,0.0,0.0,0.0,0.0,0.0,0.0,0.0,0.0,0.0,0.0,0.0,0.0,0.0,0.0,0.0,0.0,0.0,0.0,0.0,0.0,0.0,0.0,0.0,0.0,0.0,0.0,0.0,0.0,0.0,0.0,0.0,0.0,0.0,0.0,0.0,0.0,0.0,0.0,0.0,0.0,0.0,0.0,0.0,0.0,0.0,0.0,0.0,0.0,0.0,0.0,0.0,0.0,0.0,0.0,0.0,0.0,0.0,0.0,0.0,0.0,0.0,0.0,0.0,0.0,0.0,0.0,0.0,0.0,0.0,0.0,0.0,0.0,0.0,0.0,0.0,0.0,0.0,0.0,0.0,0.0,0.0,0.0,0.0,0.0,0.0,0.0,0.0,0.0,0.0,0.0,0.0,0.0,0.0,0.0,0.0,0.0,0.0,0.0,0.0,0.0
4,2025-07-05,4 5 정말 재미있게 읽었습니다 어떤 부분에서는 눈물이 나고 많이 웃기도 했어요 제가 가장 좋아하는 챕터는 보고여야 해요,1,0.0,0.0,0.0,0.0,0.0,0.0,0.0,0.3188456923349672,0.0,0.0,0.0,0.0,0.0,0.0,0.0,0.0,0.0,0.0,0.0,0.0,0.0,0.0,0.0,0.0,0.0,0.0,0.0,0.0,0.0,0.0,0.0,0.0,0.0,0.0,0.0,0.0,0.0,0.0,0.0,0.0,0.0,0.0,0.0,0.0,0.0,0.0,0.0,0.0,0.0,0.0,0.0,0.0,0.0,0.0,0.0,0.0,0.0,0.0,0.0,0.0,0.0,0.0,0.0,0.0,0.0,0.0,0.0,0.0,0.0,0.0,0.0,0.0,0.0,0.0,0.0,0.0,0.0,0.0,0.0,0.0,0.0,0.0,0.0,0.0,0.0,0.0,0.0,0.0,0.0,0.0,0.0,0.0,0.0,0.0,0.0,0.0,0.0,0.0,0.0,0.0,0.0,0.0,0.0,0.0,0.0,0.0,0.0,0.0,0.0,0.0,0.0,0.36967154430140375,0.0,0.0,0.0,0.0,0.0,0.0,0.0,0.0,0.0,0.0,0.0,0.0,0.0,0.0,0.0,0.0,0.0,0.0,0.0,0.0,0.0,0.0,0.0,0.0,0.0,0.0,0.0,0.0,0.0,0.0,0.0,0.0,0.0,0.0,0.0,0.0,0.0,0.0,0.0,0.0,0.0,0.0,0.0,0.0,0.0,0.0,0.0,0.0,0.0,0.0,0.0,0.0,0.0,0.0,0.0,0.0,0.0,0.0,0.0,0.0,0.0,0.0,0.0,0.0,0.0,0.0,0.0,0.0,0.3264282879009172,0.0,0.0,0.0,0.0,0.0,0.0,0.0,0.0,0.0,0.0,0.0,0.0,0.0,0.0,0.0,0.0,0.0,0.0,0.0,0.0,0.0,0.0,0.0,0.0,0.0,0.0,0.0,0.0,0.0,0.0,0.0,0.0,0.0,0.0,0.0,0.0,0.0,0.0,0.0,0.3892693545187156,0.0,0.0,0.0,0.0,0.0,0.0,0.0,0.0,0.0,0.0,0.0,0.0,0.0,0.0,0.0,0.0,0.0,0.0,0.0,0.0,0.0,0.0,0.4134264942881046,0.0,0.0,0.0,0.0,0.0,0.24213613317726504,0.3611011241101622,0.0,0.3790104501209641,0.0,0.0,0.0,0.0,0.0,0.0,0.0,0.0,0.0,0.0,0.0,0.0,0.0,0.0,0.0,0.0,0.0,0.0,0.0,0.0,0.0,0.0,0.0,0.0,0.0,0.0,0.0,0.0,0.0,0.0,0.0,0.0,0.0,0.0,0.0,0.0,0.0,0.0,0.0,0.0,0.0,0.0,0.0,0.0,0.0,0.0,0.0
5,2025-09-21,이 책은 마음을 안아주는 책이다,1,0.0,0.0,0.0,0.0,0.0,0.0,0.0,0.0,0.0,0.0,0.0,0.0,0.0,0.0,0.0,0.0,0.0,0.0,0.0,0.0,0.0,0.0,0.0,0.0,0.0,0.0,0.0,0.0,0.0,0.0,0.0,0.0,0.0,0.0,0.0,0.0,0.0,0.0,0.0,0.0,0.0,0.0,0.0,0.0,0.0,0.0,0.0,0.0,0.0,0.0,0.0,0.0,0.0,0.0,0.0,0.0,0.0,0.0,0.0,0.0,0.0,0.0,0.0,0.0,0.0,0.0,0.0,0.0,0.0,0.0,0.0,0.0,0.0,0.0,0.0,0.0,0.0,0.0,0.0,0.0,0.0,0.0,0.0,0.0,0.0,0.0,0.0,0.0,0.0,0.0,0.0,0.0,0.0,0.0,0.0,0.0,0.0,0.0,0.0,0.0,0.0,0.0,0.0,0.0,0.0,0.5673866667552899,0.0,0.0,0.0,0.0,0.0,0.0,0.0,0.0,0.0,0.0,0.0,0.0,0.0,0.0,0.0,0.0,0.0,0.0,0.0,0.0,0.0,0.0,0.0,0.0,0.0,0.0,0.0,0.0,0.0,0.0,0.0,0.0,0.0,0.0,0.0,0.0,0.0,0.0,0.0,0.0,0.0,0.0,0.0,0.0,0.0,0.0,0.0,0.0,0.0,0.0,0.0,0.0,0.0,0.0,0.0,0.0,0.0,0.0,0.0,0.0,0.0,0.0,0.0,0.0,0.0,0.0,0.0,0.0,0.0,0.0,0.0,0.0,0.0,0.0,0.0,0.0,0.0,0.0,0.0,0.0,0.0,0.0,0.0,0.0,0.0,0.0,0.0,0.0,0.0,0.0,0.0,0.0,0.0,0.0,0.0,0.0,0.0,0.0,0.0,0.0,0.0,0.0,0.0,0.0,0.0,0.0,0.0,0.0,0.0,0.0,0.0,0.0,0.0,0.0,0.0,0.0,0.0,0.0,0.0,0.0,0.0,0.0,0.0,0.0,0.0,0.0,0.0,0.0,0.0,0.0,0.0,0.0,0.0,0.0,0.0,0.0,0.0,0.0,0.0,0.0,0.0,0.0,0.0,0.0,0.0,0.0,0.0,0.0,0.0,0.0,0.0,0.0,0.0,0.0,0.0,0.0,0.0,0.0,0.0,0.0,0.0,0.41544393828940607,0.0,0.0,0.0,0.7109702557258706,0.0,0.0,0.0,0.0,0.0,0.0,0.0,0.0,0.0,0.0,0.0,0.0,0.0,0.0,0.0,0.0,0.0,0.0,0.0,0.0,0.0,0.0,0.0,0.0,0.0,0.0,0.0,0.0
4,2026-01-05,마음까지 따뜻해지는,1,0.0,0.0,0.0,0.0,0.0,0.0,0.0,0.0,0.0,0.0,0.0,0.0,0.0,0.0,0.0,0.0,0.0,0.0,0.0,0.0,0.0,0.0,0.0,0.0,0.0,0.0,0.0,0.0,0.0,0.0,0.0,0.0,0.0,0.0,0.0,0.0,0.0,0.0,0.0,0.0,0.0,0.0,0.0,0.0,0.0,0.0,0.0,0.0,0.0,0.0,0.0,0.0,0.0,0.0,0.0,0.0,0.0,0.0,0.0,0.0,0.0,0.0,0.0,0.0,0.0,0.0,0.0,0.0,0.0,0.0,0.0,0.0,0.0,0.0,0.0,0.0,0.0,0.0,0.0,0.0,0.0,0.0,0.0,0.0,0.0,0.0,0.0,0.0,0.0,0.0,0.0,0.0,0.0,0.0,0.0,0.0,0.0,0.0,0.0,1.0,0.0,0.0,0.0,0.0,0.0,0.0,0.0,0.0,0.0,0.0,0.0,0.0,0.0,0.0,0.0,0.0,0.0,0.0,0.0,0.0,0.0,0.0,0.0,0.0,0.0,0.0,0.0,0.0,0.0,0.0,0.0,0.0,0.0,0.0,0.0,0.0,0.0,0.0,0.0,0.0,0.0,0.0,0.0,0.0,0.0,0.0,0.0,0.0,0.0,0.0,0.0,0.0,0.0,0.0,0.0,0.0,0.0,0.0,0.0,0.0,0.0,0.0,0.0,0.0,0.0,0.0,0.0,0.0,0.0,0.0,0.0,0.0,0.0,0.0,0.0,0.0,0.0,0.0,0.0,0.0,0.0,0.0,0.0,0.0,0.0,0.0,0.0,0.0,0.0,0.0,0.0,0.0,0.0,0.0,0.0,0.0,0.0,0.0,0.0,0.0,0.0,0.0,0.0,0.0,0.0,0.0,0.0,0.0,0.0,0.0,0.0,0.0,0.0,0.0,0.0,0.0,0.0,0.0,0.0,0.0,0.0,0.0,0.0,0.0,0.0,0.0,0.0,0.0,0.0,0.0,0.0,0.0,0.0,0.0,0.0,0.0,0.0,0.0,0.0,0.0,0.0,0.0,0.0,0.0,0.0,0.0,0.0,0.0,0.0,0.0,0.0,0.0,0.0,0.0,0.0,0.0,0.0,0.0,0.0,0.0,0.0,0.0,0.0,0.0,0.0,0.0,0.0,0.0,0.0,0.0,0.0,0.0,0.0,0.0,0.0,0.0,0.0,0.0,0.0,0.0,0.0,0.0,0.0,0.0,0.0,0.0,0.0,0.0,0.0,0.0,0.0,0.0,0.0,0.0,0.0,0.0,0.0,0.0,0.0,0.0
4,2023-05-16,Always 미니마켓이라고 합니다 이 이야기는 독고가 청파동 그린힐에서 미니마켓을 운영하는 염영숙 할머니의 잃어버린 주머니를 구해내면서 시작된다 염씨는 독고의 겉모습은 설득력이 없어 보여도 착하고 원칙이 넘치는 사람이라고 본다 그러나 염씨는 독고가 나쁜 사람이 아니라는 것을 느낄 수 있었다 그래서 독고에게 야간 아르바이트를 할 수 있는 기회를 주었다 독고는 술을 너무 많이 마셔 치매에 걸린 노숙자다 이것은 그에게 기적이었습니다 처음에는 독고의 존재가 그를 불안하게 만들었다 모두가 그의 크고 멍청하고 무섭게 생긴 곰 같은 몸을 두려워했습니다 그러나 시간이 지나면서 그는 모든 고객이 미니마켓에서 편안하게 쇼핑할 수 있도록 할 수 있었습니다 또한 그는 고객의 불만을 많이 듣고 고객의 관점을 바꿔 고객이 훨씬 더 나은 삶을 살 수 있도록 하고 침체된 상황에서 벗어날 수 있는 길을 찾을 수 있도록 했습니다 이 책은 8장으로 구성되어 있다 각 장마다 독고는 다양한 사람들을 만나고 불운을 겪는다 독고는 고객에게 따뜻한 감동을 선사합니다 1장부터 7장까지 미니마켓을 오가는 사람들의 시선이 책에 가득하다 그리고 8장은 훨씬 더 강렬해 보이는 독고만의 관점으로 가득 차 있다 저는 독고가 겪은 모든 변화에 정말 놀랐습니다 그는 또한 상처 심각한 상처를 입었지만 마침내 주변 사람들에 대한 자신의 견해를 받아들이고 바꿀 수 있게 되었습니다 만약 그가 잘 경청함으로써 다른 사람들이 해결책을 찾도록 도울 수 있다면 그는 또한 자신의 문제에 대한 해결책도 찾을 수 있어야 합니다 정말 멋지다 독고 출판사의 번역에 대해서는 의심의 여지가 없습니다 오타가 있는 단어를 몇 개 발견했지만 문제는 아닙니다 나는 그가 출판하는 책을 늘 좋아한다 앞으로 미니마켓에 가면 말썽꾸러기 미니마켓 이라는 책이 항상 생각날 것 같아요 왜 이 책은 따뜻한 미니마켓의 느낌을 줍니다 독고나 사장님처럼 누구에게나 현명하고 친절한 분들을 만나고 싶습니다 독고를 생각하면 눈물이 날 것 같다,1,0.0,0.0,0.0,0.0,0.0,0.0,0.09110354929733103,0.0,0.0,0.0,0.09628277901831024,0.0,0.0,0.08789149719844899,0.07591683651017168,0.0,0.0,0.0,0.0,0.0509059872935086,0.0,0.0,0.0,0.0,0.0,0.0,0.0,0.0,0.09628277901831024,0.0,0.15183367302034337,0.0,0.0,0.0,0.0,0.2666085179961216,0.0,0.0,0.09110354929733103,0.16075529585524143,0.0,0.07771865640227334,0.0575180716241303,0.08183884228618975,0.0690446636247464,0.0,0.0,0.0,0.0,0.0,0.0,0.07771865640227334,0.08789149719844899,0.0,0.04428307529020522,0.0,0.0,0.0,0.09110354929733103,0.0,0.0,0.062221161167092635,0.0,0.0,0.0,0.07835376739925617,0.0,0.05203950532544485,0.0,0.0,0.0690446636247464,0.0,0.0,0.0,0.0,0.0,0.0,0.10108163117309191,0.0,0.0,0.0,0.0,0.09110354929733103,0.23904612134662198,0.22275600254479827,0.08340449355406063,0.15670753479851235,0.0,0.0,0.0,0.0,0.0,0.0922881510437713,0.0,0.0,0.0,0.0,0.0,0.1621921324623018,0.0,0.0,0.0,0.0,0.2552720826170695,0.0,0.0,0.0,0.0,0.0,0.0,0.0,0.15543731280454667,0.0,0.0,0.0,0.10606213595948388,0.0,0.0,0.0,0.0,0.08691756818311215,0.09486875323603335,0.0,0.0,0.0,0.0,0.0,0.0,0.0,0.0,0.0,0.0810960662311509,0.06627759396463322,0.08037764792762071,0.0,0.0,0.0,0.0,0.07425200084826608,0.0,0.0,0.0694701099095455,0.0,0.0,0.0,0.0,0.0,0.0,0.0,0.0,0.0,0.0,0.0,0.0,0.0,0.0,0.0,0.0,0.0,0.08789149719844899,0.0,0.0,0.0,0.08789149719844899,0.0,0.0,0.0,0.0,0.0,0.0,0.0,0.0,0.0,0.0,0.0,0.0,0.0,0.0790078397087383,0.0,0.0,0.0,0.0,0.0,0.0,0.0,0.079682040448874,0.0,0.0,0.0,0.19558879740920887,0.0,0.0,0.0,0.0,0.0,0.09110354929733103,0.0,0.0,0.08789149719844899,0.0,0.0,0.0,0.0,0.0,0.0,0.06703317902046099,0.0,0.0,0.0,0.0,0.0,0.0,0.0,0.0,0.0,0.0,0.0,0.0,0.0,0.0,0.0,0.0,0.0,0.08789149719844899,0.0,0.14345948936012048,0.0,0.15543731280454667,0.0,0.09628277901831024,0.2733106478919931,0.0,0.08789149719844899,0.0,0.0,0.0,0.0,0.12204064785763961,0.0,0.0,0.0,0.0,0.0,0.0,0.079682040448874,0.0,0.0,0.0,0.0,0.1018119745870172,0.0,0.0,0.0,0.0,0.0,0.0,0.0,0.0,0.07591683651017168,0.0,0.09110354929733103,0.0,0.0,0.0,0.0,0.187080960372831,0.0810960662311509,0.10646976299615972,0.0551599058116975,0.0,0.07320848004792431,0.0,0.0,0.0810960662311509,0.0,0.0,0.0922881510437713,0.0,0.0,0.0,0.0,0.0,0.0,0.0,0.0,0.0,0.0,0.0,0.08037764792762071,0.0,0.0,0.0,0.0,0.1636776845723795,0.0810960662311509,0.0,0.0,0.19256555803662048,0.0,0.0
4,2024-04-27,ALWAYS 염할머니의 미니마켓 그에게는 파트타임 직원이 3명 있다 CPNS 시험을 준비하며 일하는 시현 오씨의 어머니는 일을 그만두었던 오씨의 일상을 지원하기 위해 일한다 어느 날 염할머니가 부산으로 가던 길이었다 기차에서 그는 지갑과 기타 중요한 물건이 들어 있는 가방이 없어진 것을 발견했습니다 그는 가방이 떨어진 것을 깨닫지 못했습니다 이후 그는 서울역에서 가방을 찾았다는 한 남성으로부터 전화를 받았다 그러자 염 할머니는 서둘러 뒤를 돌아 남자를 맞이했다 알고 보니 그 남자는 서울역 근처에 사는 노숙자였다 그 가방이 염 할머니의 것인지 확실하게 확신할 때까지 가방을 쉽게 넘겨주지 않았기 때문에 그는 원칙주의자였던 것 같다 염 할머니는 그 남자의 친절에 대한 답례로 그를 미니마켓에 데리고 가서 쌀 한 상자를 주었다 염 할머니는 배고프면 미니마켓에 가서 음식을 사오라고 하셨다 남자는 자신이 누구인지 기억하지 못하기 때문에 자신의 이름이 독고라기보다 별명이라고 염씨 할머니에게 말한다 그 남자는 기억을 잃었고 가족이 어디에 있는지도 몰랐습니다 그래서 그는 노숙자로 살고 있다 이 미니마켓의 이야기는 이직한 박성필을 대신해 독고가 아르바이트생이 되면서 시작됐다 독고는 야간근무를 하면서 세상을 다른 각도에서 보게 만드는 사람들을 만난다 천천히 그는 자신이 진정 누구인지 찾기 시작합니다 독고의 여행에서 그는 또한 다른 사람들이 자신의 삶의 문제를 다른 관점에서 볼 수 있도록 도와주었습니다 자연스러운 대화와 간단한 질문은 삶의 문제에 대한 해결책을 찾는 데 새로운 공간을 열어주는 것 같습니다 죄책감을 안고 살기로 했어요 제가 할 수 있는 것을 돕고 나눌 수 있는 것을 나누기로 하고 욕심을 부리지 않기로 했어요 독고,1,0.0,0.0,0.0,0.0,0.0,0.0,0.0,0.0,0.0,0.0,0.0,0.0,0.10999726934574579,0.0,0.0,0.0,0.0,0.0,0.0,0.2604879158199765,0.0,0.0,0.0,0.0,0.0,0.0,0.0,0.12317068074541203,0.0,0.0,0.0,0.0,0.0,0.0,0.0,0.5968576907585927,0.0,0.0,0.1165451007925467,0.0,0.0,0.09942234648073811,0.0,0.0,0.0,0.0,0.0,0.0,0.10885309748300243,0.0,0.0,0.0,0.0,0.0,0.0,0.0,0.0,0.0,0.0,0.0,0.0,0.0,0.0,0.0,0.0,0.0,0.0,0.1997161287389904,0.0,0.0,0.0,0.0,0.0,0.0,0.0,0.0,0.0,0.1293096590001697,0.0,0.0,0.0,0.0,0.1165451007925467,0.101934024602726,0.0949875936739487,0.0,0.1002348183957043,0.0,0.0,0.0,0.0,0.0,0.0,0.0,0.0,0.0,0.0,0.0,0.0,0.0,0.0,0.1650125493673399,0.0,0.10885309748300243,0.0,0.0,0.0,0.0,0.10999726934574579,0.0,0.0,0.0,0.0,0.0,0.0,0.0,0.0,0.0,0.0,0.10282388722989985,0.1111901437723746,0.0,0.0,0.0,0.0,0.0,0.0,0.0,0.0,0.0,0.0,0.10374293082635597,0.0,0.10282388722989985,0.0,0.0,0.0,0.0,0.0,0.0,0.0,0.0,0.19135937216667237,0.0,0.0,0.09863276416970952,0.0,0.0,0.0,0.0,0.0,0.0,0.0,0.0,0.0,0.0,0.0,0.0,0.0,0.0,0.0,0.0,0.0,0.0,0.0,0.0,0.0,0.0,0.0,0.0,0.0,0.0,0.0,0.0,0.0,0.10775380684436282,0.0,0.0,0.0,0.10885309748300243,0.0,0.0,0.0,0.0,0.0,0.0,0.0,0.0,0.09863276416970952,0.0,0.0,0.0,0.0,0.0,0.0,0.0,0.0,0.08207171840591691,0.0,0.0,0.0,0.0,0.0,0.0,0.0,0.08575284569745434,0.0,0.0,0.0,0.0,0.0,0.0,0.0,0.0,0.10567668500012793,0.0,0.0,0.0,0.0,0.0,0.0,0.0,0.0,0.0,0.0,0.18352194591843785,0.0,0.19884469296147622,0.0,0.0,0.1165451007925467,0.0,0.0,0.0,0.0,0.0,0.0,0.15612168477582014,0.2056477744597997,0.0,0.0,0.0,0.0,0.0,0.0,0.0,0.0,0.0,0.0,0.0,0.09711735087349062,0.0,0.0,0.0,0.0,0.0,0.0,0.0,0.0,0.0,0.0,0.0,0.10885309748300243,0.0,0.11373992974314773,0.0,0.0,0.0,0.0,0.0,0.0,0.0,0.0,0.0,0.12317068074541203,0.0,0.0,0.0,0.0,0.0,0.0,0.0,0.0,0.0,0.0,0.0,0.0,0.0,0.10282388722989985,0.0,0.0,0.0,0.0,0.0,0.0,0.0,0.0,0.0,0.0,0.0
3,2026-01-31,감동시키지도 숨막히게 하지도 않고 밤을 새울 수도 없는 이야기들이 있지만 우리는 그 따뜻함을 한 장 한 장 읽어가며 읽는다 액션도 예상치 못한 반전도 없는 독특한 24시간 매장 이 바로 이런 곳입니다 평범한 사람들이 길을 가다가 특별한 사람을 만나 한 마디의 말 한 몸짓으로 문제에 대한 길과 해결책을 알려주는 평범한 사람들의 이야기다 작은 24시간 상점의 주인이 우연히 만난 노숙자를 고용할 때 그녀의 동료 모두가 행복하지는 않습니다 Dokko는 키가 크고 힘이 세며 말을 이상하게 하고 자신감을 불러일으키지 않습니다 그럼에도 불구하고 그는 절대적으로 강제되지 않은 방식으로 다른 판매자뿐만 아니라 고객과 완전히 낯선 사람도 설득합니다 각 캐릭터는 어려운 가족 관계나 불만족스러운 직업 생활로 어려움을 겪었습니다 저는 등장인물의 가족의 기능과 부모가 자녀에게 부여하는 요구 사항 자녀의 성향이나 꿈에 관계없이 자녀에게 특정 교육 및 직업 경로를 설정하는 것에 대한 설명에 놀랐습니다 이러한 관계에는 많은 공격성이 있으며 아마도 문화적 차이 때문에 그렇게 인식할 수도 있습니다 각 장에서 저자는 Dokka가 개별 캐릭터의 행동과 선택에 미치는 영향을 보여 주면서 따뜻한 배려와 친절한 말로 사람들을 둘러싸는 놀라운 능력을 제공합니다 책의 끝에서 그는 우리에게 카드를 공개합니다 내 생각에는 가장 좋은 장 과거에 저지른 실수에도 불구하고 언제든지 고치려고 노력할 수 있다는 우리의 마음을 격려하는 교훈이 담긴 이야기입니다 항상 가능하지는 않더라도 모든 사람은 두 번째 기회를 얻을 자격이 있습니다 나는 보통 다양한 문학적 선택을 하고 범죄 이야기 공포 이야기 보도 기사에 손을 뻗는데 비록 내가 그것을 선택한 사람이 아니었음에도 불구하고 이 섬세한 이야기가 내 손에 떨어졌습니다 고맙습니다 Sylwia 그 책은 달콤하고 달콤하지만 놀랍게도 나는 즐겁게 읽었습니다 일상과 긴 겨울에 지친 내 머리에는 약간의 희망과 따뜻함 그리고 부드럽게 들려주는 이야기가 필요했을지도 모른다,0,0.220461901819513,0.0,0.0,0.0,0.0,0.0,0.0,0.08772421134133257,0.0,0.0,0.0,0.0,0.0,0.0,0.0,0.0,0.12415175112053464,0.0,0.0,0.0,0.0,0.0,0.0,0.0,0.0,0.0,0.0,0.0,0.0,0.0,0.0,0.0,0.09265161521637662,0.0,0.0,0.1744510876543119,0.0,0.0,0.0,0.0,0.0,0.0,0.07527208980437836,0.0,0.0,0.0,0.0,0.0,0.0,0.0,0.0,0.10170795923786326,0.11502083577133405,0.0,0.11590373341584628,0.0,0.0,0.0,0.0,0.12798045125299298,0.08823170528603728,0.0,0.0,0.0,0.11502083577133405,0.0,0.0,0.06810246254133766,0.0,0.0,0.09035657792627864,0.0,0.0,0.12415175112053464,0.0,0.0,0.0,0.13228234891035553,0.0,0.0,0.0,0.0,0.0,0.0,0.0,0.0,0.0,0.0,0.0,0.0,0.0,0.0,0.0,0.0,0.0,0.0,0.0,0.0,0.10612786916820256,0.0,0.0,0.08440300515357894,0.0,0.0,0.0,0.0951464627878562,0.0,0.0,0.0,0.0,0.07729688325280896,0.0,0.11775363208888276,0.0,0.0,0.06940008937501624,0.12241348199133067,0.0,0.0,0.0,0.11374628552589833,0.0,0.11252598819985445,0.12415175112053464,0.0,0.07527208980437836,0.0,0.3051238777135898,0.0,0.0,0.0,0.10612786916820256,0.08673540096276532,0.1051876977484475,0.0,0.11635468833231279,0.11252598819985445,0.0,0.09717125623628681,0.0,0.0,0.0,0.0,0.0,0.0,0.0,0.0,0.0,0.0,0.0,0.0,0.0,0.0,0.0,0.1972103759781526,0.0,0.0,0.0,0.0,0.0,0.0,0.0,0.09580563341239662,0.0,0.0,0.11502083577133405,0.0,0.0,0.0945021062475224,0.0,0.19161126682479324,0.0,0.1102309509097565,0.0,0.0,0.0,0.0,0.0,0.0,0.0,0.0,0.0,0.11922434724549062,0.0,0.220461901819513,0.0,0.0,0.0,0.0,0.0,0.10914883534197194,0.11635468833231279,0.0,0.0,0.09325527244633676,0.0,0.0,0.0,0.0,0.0,0.0,0.1207745982626521,0.1102309509097565,0.18296228014750604,0.1688060103071579,0.0,0.0,0.0,0.0,0.09387191254242049,0.0,0.0,0.0,0.0,0.0,0.0,0.0,0.0,0.0,0.0,0.10709991681063379,0.0,0.0,0.0,0.0,0.0,0.0,0.0,0.09148114007375302,0.0,0.0,0.1347023416873562,0.0,0.10253910900785283,0.0,0.09580563341239662,0.0,0.0,0.0,0.0,0.07593126042891876,0.0,0.0,0.0,0.1042773781370568,0.0,0.0,0.0,0.0,0.0,0.0,0.0,0.0,0.0,0.0,0.0776486994378139,0.0,0.0,0.0,0.0,0.0,0.0,0.0,0.0,0.0,0.0,0.0,0.06966681371090726,0.0,0.09787925910540492,0.0,0.0,0.0,0.0,0.0,0.0,0.1207745982626521,0.0,0.0,0.0,0.11252598819985445,0.0,0.0,0.0,0.0,0.0,0.0,0.0,0.210375395496895,0.0,0.0,0.0,0.0,0.0,0.10612786916820256,0.0,0.0,0.0,0.0,0.0
4,2026-01-13,김호연 작가의 염부인의 놀라운 가게 를 정말 재미있게 읽었습니다 평점 4 5 한국을 배경으로 한 읽기 쉬운 소설로 노숙자 우울증 부채 등 현대 사회의 문제를 다루고 있습니다 그러나 등장인물의 문제에 대한 해결책은 항상 낙관주의와 희망적인 해결책으로 가득 차 있습니다 그것은 위로와 치유이며 힘든 순간을 겪고 문제에서 조금 벗어나고 싶을 때 딱 맞습니다 김호연은 대한민국의 극작가 시나리오 작가 소설가이다 그의 책은 매우 역동적인 느낌을 줍니다 간단하고 직접적인 대화와 사건은 서울의 한 작은 24시간 상점을 중심으로 이루어집니다 개량된 노숙인 독고는 최고의 조언을 해줄 것 같지만 동시에 자신의 삶에 대한 엄청난 미스터리를 숨기고 있는 남자입니다 술로 인한 기억상실증을 앓고 있는 그는 덩치가 크고 조용하고 넓은 마음을 가진 사람으로 일단 개심되면 그 곳의 영혼이 되어 작은 가게를 찾는 손님들에게 간단한 조언을 듣고 안내한다 문제는 부채 외로움 창의적 장애 중독 또는 가족의 압력 등 매우 다양합니다 작품은 에피소드별로 구성되어 있으며 짧고 역동적인 챕터로 구성되어 있으며 때로는 약간 만화 같지만 그게 매력의 일부입니다 이 책은 유동적이고 읽기 쉬우며 이러한 등장인물의 결과를 알아보기 위해 계속해서 읽도록 동기를 부여합니다 개인적인 차원에서 문제가 발생하지만 감정적이고 희망적인 방식으로 호를 닫는 코로나19 팬데믹 덕분에 많은 문제가 하나로 합쳐집니다 K 힐링 현상의 일환인 소설로 힘든 시기를 겪고 있는 분들 인간미와 회복력을 느끼고 싶은 분들 지나친 멜로에 치우치지 않고 두 번째 기회를 생각하고 싶은 분들에게 추천합니다 이야기의 일부 섹션은 꽤 예측 가능하지만 이 매장에 대한 더 많은 이야기를 계속해서 읽고 싶습니다,1,0.116872812358961,0.0,0.12059996012989564,0.12978939030193518,0.0,0.0,0.12640809726525307,0.0,0.0,0.0,0.0,0.0,0.0,0.0,0.0,0.0,0.0,0.0,0.0,0.0,0.0,0.0,0.0,0.25957878060387035,0.0,0.0,0.0,0.0,0.0,0.0,0.0,0.10229364528778409,0.0,0.0,0.0,0.09248123628149917,0.0,0.0,0.0,0.11152568275937197,0.0,0.0,0.0,0.0,0.09580092787207481,0.0,0.0,0.0,0.0,0.0,0.0,0.10783627590359054,0.0,0.0,0.0,0.0,0.0,0.0,0.0,0.0,0.0,0.0,0.09580092787207481,0.0,0.12195130719210893,0.10871750581504899,0.0,0.0,0.0,0.0,0.0,0.0,0.0,0.0,0.0,0.0,0.0,0.21037934466236488,0.0,0.13569179201902656,0.0,0.0,0.0,0.0,0.10302621816340415,0.0,0.0,0.0,0.0,0.12484876556110737,0.0,0.0,0.0,0.0,0.0,0.0,0.0,0.0,0.0,0.0,0.10533621277836687,0.0,0.0,0.0,0.0,0.10087942270522275,0.0,0.0,0.0,0.0,0.16390866735303597,0.0,0.0,0.14229680676672452,0.0,0.0,0.0,0.0,0.26718877560727455,0.11152568275937197,0.12059996012989564,0.0,0.0,0.1316323971896572,0.0,0.07980753821833657,0.0,0.0,0.0,0.0,0.0,0.0,0.0,0.0,0.0,0.0,0.0,0.0,0.0,0.0,0.10157831103085754,0.0,0.0,0.0,0.0,0.0,0.0,0.0,0.0,0.0,0.0,0.0,0.0,0.0,0.0,0.0,0.0,0.0,0.0,0.12195130719210893,0.22305136551874394,0.0,0.0,0.0,0.0,0.0,0.0,0.0,0.10019624107239482,0.0,0.0,0.0,0.0,0.0,0.0,0.0,0.0,0.0,0.116872812358961,0.0,0.0,0.0,0.0,0.0,0.0,0.0,0.0,0.0,0.0,0.0,0.0,0.0,0.0,0.0,0.0,0.0,0.0,0.08901729624352497,0.0,0.0,0.0,0.12805175718783082,0.0,0.0,0.0,0.0,0.0801549740371429,0.0,0.11252250331675108,0.0,0.0,0.0,0.0,0.12195130719210893,0.0,0.0,0.0,0.11152568275937197,0.20458729057556818,0.0,0.11355312076838533,0.0,0.0,0.0,0.0,0.1990530690025368,0.0,0.0,0.0,0.0,0.0,0.14281870358922596,0.0,0.21743501163009799,0.0,0.0,0.0,0.08466698720131507,0.0,0.12336552977467027,0.1610128530879427,0.0,0.0,0.12059996012989564,0.0,0.0,0.0,0.0,0.0,0.070633131670646,0.0,0.10157831103085754,0.0,0.0,0.0,0.0,0.0,0.0,0.0,0.0,0.12640809726525307,0.116872812358961,0.0,0.0,0.12336552977467027,0.0,0.0,0.14772904305520052,0.0,0.0,0.0,0.0,0.0,0.0,0.0,0.0,0.0,0.0,0.0,0.0,0.0,0.0,0.0,0.0,0.0,0.0,0.0,0.0,0.0,0.0,0.0,0.0,0.0,0.0,0.11252250331675108,0.0,0.0,0.0,0.0,0.12336552977467027
4,2024-04-06,이 소설은 좋은 의미로 독사탕이다 처음에는 불쾌하거나 비사교적일 수 있지만 그들에게 헌정된 장이 진행됨에 따라 레이어를 제거하고 공감의 행사를 통해 주인공을 통해 저자의 매우 잘 안내됨 모든 사람이 자신이 하는 일을 하는 이유가 있다는 것을 발견하게 됩니다 그러나 솜사탕 이야기에 완전히 몰입하게 되면 그는 사회 비판의 날카로운 검을 꺼내어 사회 전반 특히 한국 사회의 여러 분야에 퍼뜨린다 그것은 개인주의 자유로운 소비주의 무엇보다 물리적인 것에 대한 숭배를 비판합니다 솔직한 방식으로 뜨거운 주제는 없지만 변화에 대한 희망과 함께 대안적 경로가 눈앞에 있습니다 쓰여진 방식은 매우 쉽고 재미있습니다 각 챕터에는 캐릭터가 기본으로 포함되어 있지만 이를 통해 나머지 이야기가 궤도를 도는 주요 축인 캐릭터에 대해 조금 더 알게 되며 교훈이 포함되고 마지막에 작은 교훈이 제공됩니다 그리고 그것은 이야기를 엮어 결국에는 줄거리 반전을 포함하여 당신을 해결합니다 코로나19 대유행의 새벽에 팽배한 공포와 혼란의 분위기는 눈에 띄지 않으며 소설의 배경이 되는 순간이다 이는 성공에 더해 분위기까지 만들어내면서 지금까지 존재하지 않았던 장르의 시작이라 할 수 있다 읽기 쉽고 좋은 책이며 결론의 깊이와 각 제안의 감정을 얼마나 탐구하고 싶은지는 당신에게 달려 있습니다 하지만 시간을 충분히 투자한다면 훨씬 더 즐길 수 있을 것입니다 표면에 머무르면 너무 미학적이지만 곧 잊어 버릴 것입니다 그것은 모두 당신이 어디에 있는지에 달려 있습니다 왜냐하면 소설의 주요 주제를 요약하는 한 가지가 있다면 그것은 바로 판단하지 말라는 것입니다,1,0.0,0.0,0.0,0.0,0.0,0.0,0.0,0.0,0.0,0.0,0.0,0.0,0.0,0.0,0.0,0.0,0.12075026935877016,0.0,0.0,0.06479384905978247,0.0,0.22253124410655872,0.0,0.0,0.0,0.0,0.0,0.0,0.0,0.0,0.0,0.37534787744976067,0.0,0.0,0.0,0.08483575798998311,0.0,0.0,0.0,0.10230578885691707,0.0,0.0,0.07320980201279566,0.0,0.0,0.0,0.0,0.0,0.0,0.0,0.0,0.0,0.0,0.0,0.0,0.0,0.0,0.0,0.0,0.0,0.0,0.07919595983357132,0.0,0.0,0.0,0.0,0.0,0.0,0.0,0.0,0.0,0.0,0.0,0.0,0.11595786538717122,0.0,0.11746564297553738,0.12865810685850484,0.08435904394958278,0.0,0.0,0.0,0.0,0.0,0.0,0.0,0.0,0.0,0.0,0.0,0.0,0.09519758517251917,0.0,0.0,0.09590362521986034,0.0,0.0,0.0,0.0,0.0,0.0,0.0,0.0,0.0,0.0,0.0,0.0,0.0,0.0,0.0,0.0,0.0,0.0,0.13053304591284104,0.10416561737119873,0.06749868133088195,0.0,0.0,0.0,0.0,0.0,0.0,0.10944302647654595,0.12075026935877016,0.0,0.0,0.0,0.0,0.0,0.0,0.0,0.0,0.0,0.0,0.0,0.0,0.0,0.0,0.09450898000681521,0.0,0.0,0.0,0.0,0.0,0.0,0.0,0.0,0.0,0.0,0.09972976555510388,0.0,0.23493128595107476,0.0,0.0,0.0,0.2290548891074696,0.1190596249363195,0.0,0.0,0.0,0.0,0.0,0.0,0.0,0.0,0.0,0.0,0.0,0.0,0.0,0.0,0.0,0.0,0.0,0.11595786538717122,0.0,0.0,0.0,0.0,0.0,0.0,0.0,0.0,0.09813578359432176,0.0,0.0,0.0,0.1145274445537348,0.0,0.0,0.0,0.1131668287436558,0.0,0.0,0.0,0.0,0.0,0.0,0.0,0.0,0.1131668287436558,0.0,0.0,0.0,0.0820905505963389,0.0,0.07352851510775893,0.1190596249363195,0.0,0.0,0.0,0.0,0.0,0.0,0.10514421224466436,0.0,0.0,0.0,0.09383696936244017,0.0,0.0,0.0,0.0,0.0,0.0,0.0,0.0,0.09892138743962901,0.08897476036748382,0.12255006105272623,0.0,0.19651769582630246,0.0,0.0,0.11746564297553738,0.1863615444199892,0.0,0.0,0.10230578885691707,0.0,0.07385091282877897,0.12255006105272623,0.0,0.0,0.0,0.0,0.0,0.0,0.0,0.0,0.0,0.0931807722099946,0.0,0.0,0.0,0.15104259565974676,0.0,0.0,0.0,0.0,0.0,0.0,0.0,0.0,0.0,0.0,0.0,0.0,0.0,0.0,0.0,0.0,0.0,0.1032202016715106,0.0,0.0,0.0,0.0,0.1061584000933132,0.1190596249363195,0.0,0.2795423166299838,0.10056227789300272,0.0,0.0,0.0,0.0,0.0,0.0,0.19627156718864353,0.08435904394958278,0.08682854071209758,0.09892138743962901,0.0,0.0,0.0,0.0,0.12255006105272623,0.0,0.0
4,2024-08-11,매우 중요하고 아름답고 우울한 책으로 그 책 전체를 반성하게 만듭니다 완결되지 않은 결말이기 때문에 일부 캐릭터 특히 주인공에 대해 명확히 해야 할 것이 많습니다 우리 모두는 앞으로 그와 무슨 일이 일어날지 알고 싶어합니다 모든 캐릭터가 서로 어떻게 연결되어 있는지 보는 것은 재밌습니다 한동안 마음속에 남을 책 문구 1 혼자 마시는 것은 로맨틱했다 2 행복은 길 뒤의 목표에서 찾는 것이 아니라 길 자체가 행복이다 3 그는 자신이 가족들에게 내뱉었던 폭력적인 말들이 생각날 때마다 자신이 뿌린 대로 거두고 있다고 스스로 되뇌이지 않을 수 없었다 4 고통에 젖은 뇌는 점점 더 무거워지고 그것을 없애지 못하면 광활하고 황량한 공허 속으로 뛰어든다 5 당신은 다른 사람의 입장에 서야 합니다 나는 그 길을 벗어나고 나서야 그것을 깨닫게 되었습니다 6 얼마나 신기한가 죽음이 풀려나면 생명이 드러난다 7 행복은 멀리 있지 않으며 주변 사람들과 마음을 나누면 된다는 것을 깨달았습니다 8 아니면 내가 성공하고 크게 살아서 세상에 나가겠다고 나 자신에게 다짐하게 만들었던 십대 시절의 가난과 무능력한 부모님을 비난해야 합니까 9 다들 자기가 다 아는 것처럼 말하고 자랑하며 살아요 그래서 나는 지구가 인류를 침묵시키기 위해 이 역병을 퍼트렸다고 믿습니다 10 이 세계에서 성인이 되는 것은 의신 이다 그러나 그녀처럼 남을 배려하는 사람은 성인이 되어야 합니다 11 이제 나는 마침내 이해했습니다 강은 가라앉는 곳이 아니라 건너가는 곳입니다 다리는 건너야 하는 것이지 뛰어내려야 하는 것이 아닙니다 12 나는 나를 필요로 하는 사람들을 돕고 내가 가진 것을 나누며 내 욕심을 버리지 않을 것입니다 4 5,1,0.0,0.0,0.0,0.0,0.0,0.0,0.0,0.0,0.0,0.0,0.0,0.0,0.0,0.0,0.0,0.0,0.0,0.0,0.2541998823151861,0.1337595186948691,0.24166274985080202,0.07656506633008797,0.1212472178732143,0.0,0.0,0.0,0.0,0.0,0.0,0.0,0.0,0.0,0.18602836586572385,0.0,0.0,0.08756687804103602,0.0,0.0,0.11969090035661879,0.1055993221252696,0.0,0.0,0.0,0.0,0.0,0.0,0.0,0.0,0.0,0.0,0.0,0.0,0.11547093954638916,0.0,0.23271458435702802,0.0982622838306862,0.0,0.0,0.0,0.0,0.17715395369606557,0.0,0.0,0.0,0.0,0.0,0.0,0.06836896360851252,0.0,0.0,0.0,0.0,0.0,0.0,0.0,0.0,0.0,0.0,0.0870748171315182,0.0,0.0,0.0,0.0,0.0,0.0,0.0,0.0,0.0,0.0,0.0,0.0,0.0982622838306862,0.1212472178732143,0.0,0.0,0.0,0.0,0.0,0.0,0.0,0.0,0.08473329410506203,0.0,0.0,0.0,0.09551879343383668,0.0,0.0,0.0,0.12289251494212124,0.0,0.0,0.0,0.0673676500487232,0.0,0.06967166836335674,0.0,0.11821442994323869,0.0,0.0,0.0,0.0,0.0,0.0,0.0,0.0,0.0,0.0,0.11547093954638916,0.0,0.0,0.10654317265848609,0.0,0.0,0.0,0.11681001178838515,0.0,0.10129507176066181,0.0,0.0,0.0,0.0,0.0,0.0,0.0,0.0,0.0,0.11296632904541441,0.0,0.0,0.0,0.0,0.0,0.0,0.0,0.0,0.0,0.0,0.0,0.0,0.0,0.0,0.19236108709833385,0.11547093954638916,0.0,0.0,0.0,0.0,0.0,0.0,0.0,0.0,0.11066231073078087,0.2336200235767703,0.0,0.11066231073078087,0.0,0.0,0.0,0.0,0.0,0.08756687804103602,0.0,0.10129507176066181,0.0,0.0,0.0,0.0,0.0,0.0,0.0,0.0,0.10379968226163656,0.0,0.0,0.0,0.0,0.08428700823130006,0.0,0.0,0.0,0.0,0.0,0.0,0.0,0.0,0.0,0.0,0.0,0.0,0.0,0.0,0.0,0.11547093954638916,0.0,0.10654317265848609,0.0,0.0,0.0,0.0,0.0,0.0,0.0,0.0,0.0,0.0,0.10957596058846171,0.0,0.0,0.0,0.0,0.0,0.0,0.0,0.0,0.0,0.0,0.0,0.2111986442505392,0.0,0.0,0.0,0.0,0.0,0.0,0.0,0.0,0.0,0.0,0.0,0.0,0.0,0.0,0.0,0.0,0.0,0.0,0.0,0.09973875424406628,0.0,0.0,0.0,0.0,0.0,0.11681001178838515,0.0,0.0,0.0,0.0,0.0,0.0,0.0,0.0,0.0,0.0,0.0,0.0,0.10957596058846171,0.10957596058846171,0.0,0.0,0.0,0.10379968226163656,0.0,0.0,0.0,0.0,0.0,0.0,0.3038852152819855,0.0,0.0,0.0,0.21503804830717702,0.0,0.2569625381462755,0.0,0.0,0.0,0.0
5,2025-04-26,지금까지 읽은 또는 읽으려고 시도한 한국 소설 중에서 이 소설이 최고의 경험이었다고 말하고 싶습니다 스토리가 너무 마음에 들었고 저한테는 꽤 편안한 수준이었습니다 말을 많이 찾아봐야 했어요 2024년 1월 1일에 시작해서 연말까지 끝내려고 했는데 그게 안 됐어요 매우 바쁜 한 해였습니다 결국 16개월도 채 걸리지 않게 되었습니다 이야기는 흥미로웠지만 천천히 읽다 보면 중요한 내용을 잊어버릴 정도로 복잡하지 않아서 이런 류의 작품에는 좋은 선택이 된 것 같습니다 이 책은 기본적으로 별도의 단편 소설로 구성된 8개의 챕터로 구성되어 있으며 각 챕터는 처음에는 어려웠지만 대부분의 경우 언어는 이해하기 매우 쉬웠습니다 저는 검색을 통해 몇 가지 흥미로운 관용어를 배웠습니다 옥수수 수염이라는 한국어 단어가 옥수수 수염 을 의미한다는 것을 발견하는 것은 재미있었습니다 처음에 이 책에 관심을 갖게 된 이유는 제목이 재미있기 때문이다 불편한 편의점 이라고 번역하면 모 만화 파사이드 Far Side 가 생각난다 곧 영어로 출판될 예정이며 제목은 The Second Chance Convenience Store로 정하고 있습니다 이는 다소 실망스럽기는 하지만 아마도 좋은 결정일 것입니다 편의점 주인과 노숙인을 만나 일련의 사건을 겪으며 편의점 야간 근무를 하게 되는 이야기를 그린다 코로나 기간 동안 그리고 대부분 겨울에 설정됩니다 장소와 등장인물 그리고 그들의 상호작용에 대한 설명은 매우 연상적이며 매우 한국적입니다 특히 지하철에서 독고가 누군가를 힘들게 하는 장면이 정말 좋았어요 나는 이 글을 다시 읽고 싶고 아마도 몇 년 후에 다시 읽고 싶습니다 그리고 속편이 있습니다 나도 읽어봐야겠다,1,0.0,0.13567216124055156,0.0,0.0,0.0,0.0,0.0,0.0,0.1283741034053813,0.0,0.0,0.0,0.12116168533275148,0.0,0.0,0.0,0.0,0.0,0.09088043140215463,0.07173167815275609,0.0,0.08211962407345245,0.0,0.0,0.10315814323710826,0.0,0.0,0.0,0.0,0.0,0.0,0.0,0.0,0.0,0.0,0.0,0.11326022494322294,0.0,0.0,0.0,0.0,0.0,0.24314631860025285,0.0,0.0,0.1300433269237253,0.0,0.0,0.0,0.0,0.0,0.0,0.0,0.0,0.062399326154240535,0.0,0.0,0.0,0.0,0.0,0.0,0.08767590109577925,0.0,0.0,0.0,0.0,0.0,0.0,0.1283741034053813,0.2155956458281776,0.0,0.0,0.0,0.0,0.0,0.0,0.0,0.07121711433134727,0.0,0.0,0.0,0.0,0.0,0.11228004374177765,0.0,0.0,0.0,0.0,0.0,0.0,0.12247563318600586,0.10539090730995472,0.1300433269237253,0.0,0.0,0.0,0.0,0.0,0.0,0.0,0.0,0.0,0.0,0.0,0.0839912949703317,0.0,0.0,0.0,0.0,0.0,0.0,0.10951343729705847,0.12679051964957774,0.28901985523594037,0.0,0.0,0.0,0.0,0.0,0.0,0.0,0.0,0.0,0.0,0.0,0.0,0.0,0.0,0.0,0.0,0.0,0.0,0.0,0.0,0.0,0.0,0.0,0.0,0.0,0.0,0.0,0.0,0.0,0.0,0.0,0.0,0.0,0.0,0.11040837284489839,0.0,0.0,0.0,0.1252842153198552,0.0,0.0,0.0,0.0,0.0,0.0,0.247695995091994,0.0,0.0,0.0,0.0,0.0,0.247695995091994,0.0,0.0,0.0,0.0,0.0,0.0,0.0,0.0,0.0,0.0,0.0,0.1113300267973478,0.0,0.0,0.0,0.0,0.0,0.0,0.0,0.0,0.0,0.0,0.0,0.0,0.0,0.0,0.0,0.0,0.0,0.0,0.0,0.0,0.0,0.0,0.1252842153198552,0.0,0.1186905176459065,0.0,0.0,0.09445652031710905,0.08140161230263444,0.0,0.0,0.0,0.0,0.0,0.0,0.0,0.0,0.0,0.0,0.22652044988644587,0.0,0.0,0.0,0.13180798518452141,0.0,0.0,0.0,0.0,0.0,0.0,0.0,0.0,0.0,0.14503994142332122,0.0,0.11040837284489839,0.0,0.0,0.0,0.0,0.0,0.0,0.0,0.0,0.0,0.0,0.11228004374177765,0.0,0.0,0.0,0.0,0.07173167815275609,0.0,0.0,0.0,0.0,0.0,0.1672155461736078,0.0,0.0,0.0,0.0,0.0,0.0,0.11990138321775483,0.0,0.0,0.0,0.11427254890092856,0.07501332533054156,0.0,0.0,0.0,0.0,0.0,0.11427254890092856,0.13567216124055156,0.0,0.0,0.0,0.0,0.0,0.0,0.10315814323710826,0.1113300267973478,0.2936712062887476,0.0,0.0,0.0,0.0,0.0,0.1086437145841023,0.0933918246511715,0.0961257438354531,0.0,0.0,0.0,0.0,0.0,0.0,0.13180798518452141,0.0
3,2025-08-03,이것은 나의 첫 한국 소설이었다 좋아요 독일어 번역본으로 읽었지만 그래도 한국 작가가 쓴 첫 번째 책이었고 정말 인상 깊었습니다 스타일은 독일이나 영국 작가의 스타일과 눈에 띄게 다릅니다 작은 일과 기분에 훨씬 더 중점을 두고 있으며 읽는 동안 왠지 안전함을 느낍니다 드라마나 긴장감은 거의 없지만 주인공들과 함께 일상을 살아갑니다 이 개념은 당신이 읽는 내용을 더욱 서정적으로 보이게 만들고 눈에 띄게 차분해지고 스위치를 끌 수 있습니다 흔치 않은 시작임에도 불구하고 정말 마음에 들었습니다 이 책은 몇 개의 긴 장으로 나누어져 있습니다 개인적으로 나는 몇 페이지를 읽고 나서 책을 내려놓을 때 페이지 중간에 멈추는 것보다 한 장을 완성하는 것을 좋아하기 때문에 이것을 별로 좋아하지 않습니다 하지만 그것은 확실히 여기에 들어맞고 물론 내 취향일 뿐입니다 각 장은 줄거리에 관련된 다른 사람의 관점에서 작성되었습니다 이렇게 하면 캐릭터에 더 가까워지고 캐릭터 행동의 배경을 더 잘 이해할 수 있습니다 줄거리는 잔잔하고 쉽게 흘러갑니다 당신이 빨리 좋아하게 되는 캐릭터 중 일부는 언뜻 보기에 차갑고 동정심이 없어 보이는 캐릭터도 있으며 배경이 더 명확해진 후에야 그들도 취약하다는 것을 깨닫고 그들을 이해하는 사람을 찾고 있습니다 전체적으로 차분한 분위기 복잡한 캐릭터 희망과 새로운 시작에 관한 흥미로운 이야기가 담긴 기분 좋은 소설입니다,0,0.0,0.0,0.0,0.0,0.0,0.0,0.0,0.0,0.0,0.0,0.0,0.0,0.0,0.0,0.0,0.13580680733036102,0.0,0.0,0.0,0.15366527751915018,0.0,0.0,0.0,0.0,0.0,0.0,0.0,0.1453200374334977,0.0,0.11924689275774014,0.0,0.11127201229650001,0.0,0.0,0.0,0.0,0.0,0.0,0.0,0.0,0.0,0.0,0.0,0.0,0.0,0.0,0.12842777278854414,0.0,0.0,0.0,0.0,0.0,0.0,0.0,0.06683664747170648,0.0,0.0,0.0,0.0,0.0,0.0,0.0,0.0,0.0,0.0,0.0,0.0,0.07854346269415632,0.0,0.0,0.0,0.0,0.0,0.14318584187217792,0.0,0.0,0.278581854431075,0.0,0.0,0.0,0.0,0.0,0.0,0.0,0.0,0.0,0.0,0.0,0.0,0.0,0.13118508201343476,0.1128854324674473,0.0,0.0,0.0,0.11636955235262379,0.0,0.0,0.0,0.0,0.0,0.09734309214635047,0.0,0.0,0.08996405760453358,0.0,0.0,0.0,0.0,0.0,0.0,0.0,0.0,0.0,0.0,0.0,0.0,0.0,0.0,0.0,0.0,0.0,0.0,0.0,0.0,0.08681228779168976,0.0,0.11730112251446019,0.0,0.0,0.0,0.0,0.0,0.0,0.0,0.0,0.12977769711240084,0.11636955235262379,0.0,0.0,0.0,0.0,0.0,0.0,0.0,0.11636955235262379,0.0,0.0,0.0,0.0,0.0,0.0,0.0,0.1392909272155375,0.0,0.0,0.0,0.0,0.0,0.0,0.0,0.0,0.0,0.0,0.0,0.0,0.0,0.0,0.0,0.0,0.11049389277588943,0.0,0.12713080052379233,0.0,0.0,0.0,0.0,0.0,0.0,0.0,0.0,0.0,0.0,0.0,0.0,0.0,0.0,0.0,0.0,0.0,0.0,0.0,0.0,0.0,0.0,0.0,0.0,0.0,0.1326550375175172,0.0,0.0,0.0,0.0,0.0,0.09734309214635047,0.0,0.0,0.0,0.0,0.0,0.0,0.0,0.0,0.0,0.0,0.0,0.0,0.12131435054899117,0.0,0.21371264449897426,0.0,0.0,0.0,0.0,0.0,0.0,0.0,0.0,0.0,0.0,0.0,0.31070795252710254,0.0,0.23651939687677928,0.0,0.0,0.0,0.0,0.0,0.13419338715941373,0.08757251791297571,0.0,0.12351973785760308,0.0,0.0,0.0,0.0,0.0,0.0,0.15366527751915018,0.0,0.0,0.0,0.0,0.0,0.08955326283306968,0.0,0.0,0.0,0.0,0.0,0.0,0.0,0.0,0.0,0.0,0.0,0.08034764940257481,0.08325309737746252,0.0,0.0,0.0,0.0,0.0,0.0,0.0,0.0,0.3776483473672814,0.0,0.14118107330130336,0.0,0.0,0.0,0.0,0.0,0.0,0.0,0.0,0.0,0.0,0.10003307480469617,0.20592281518569347,0.11730112251446019,0.0,0.0,0.0,0.12351973785760308,0.1453200374334977,0.14118107330130336,0.0
3,2026-01-29,이 책을 직접 읽기로 결정하기 전에 이 책의 주제와 주제 알코올 중독 노숙자 자살에 대한 언급 학대 등 를 알고 있는지 확인하십시오 제 생각에 당신이 이런 종류의 책에 익숙하다면 이 책이 얼마나 짧고 요점이 많은지 얼마나 많은 POV 스위치가 있었는지 때문에 나만큼 지루하지 않았을 것입니다 꽤 소수가 있었기 때문입니다 그리고 이것은 짧았고 요점까지 제가 실제로 어떤 캐릭터와도 큰 연관성을 느끼지 않았다는 것을 의미했습니다 그들 중 일부는 관련 챕터에만 등장했고 우리는 그로부터 다시는 소식을 듣지 못했습니다 나는 그것이 부분적으로 사람들이 왔다가 가고 때로는 가장 작은 상호 작용이 사람을 만들거나 망칠 수 있다는 점을 알고 있습니다 그러나 나는 더 많은 것을 알고 싶어했습니다 일부 등장인물에 대해 더 알고 싶어도 독고가 누구인지 왜 그랬는지 알게 되면서 이 이야기의 매력이 사라진 것 같은 느낌이 듭니다 우리가 알아야 할 이야기를 마무리해야 한다는 것을 알고 있지만 그것이 묘사되는 방식이 마음에 들지 않았습니다 모두 한 번에 끝납니다 무슨 일이 생겨서 술에 빠져 노숙자가 되었다는 암시도 있었고 어떤 상황이나 트라우마를 겪었다는 암시도 있었지만 이야기 전반에 걸쳐 그 조각들을 조금씩 되찾게 하는 게 더 나을 것 같은 느낌이 듭니다 말할 것도 없이 이야기 내내 그에 대해 가졌던 모든 동정심은 그의 과거에 대해 듣는 순간 끓어올랐습니다 사람들은 두 번째 기회를 받을 자격이 있나요 그것은 실제로 스스로 대답할 수 있는 질문일 뿐입니다 그런데 독고의 과거를 들어보니 그럴지는 모르겠네요 그것이 나의 솔직한 대답이다 그는 현재 사람들을 도왔고 과거에는 사람들에게 상처를 입혔습니다 인간은 복잡한 존재이고 독고도 그 중 하나이다 전체 리뷰 https mediashadowreads wordpress co,0,0.0,0.0,0.0,0.0,0.0,0.0,0.0,0.07553553870894786,0.0,0.0,0.0,0.0,0.0,0.0,0.1710919645068477,0.0,0.0,0.0,0.0,0.17208841486776244,0.0,0.0656698978761868,0.0,0.0,0.0,0.0,0.10018800887585694,0.0,0.0,0.0,0.0,0.08307504260513897,0.0,0.258613167141811,0.0,0.07510615759803173,0.0,0.0,0.0,0.09057259442399074,0.0,0.0,0.06481355336440751,0.0,0.0778021561573472,0.0,0.0,0.0,0.0,0.0,0.0,0.08757634152021103,0.0,0.0,0.0997997110270885,0.0,0.0,0.0,0.0,0.0,0.0,0.0,0.0778021561573472,0.10139257906988093,0.0,0.0,0.1737616732206658,0.0,0.0,0.0,0.0,0.0,0.0,0.0,0.0,0.0,0.10399380288105085,0.05695131557096609,0.22405235008726215,0.0,0.0,0.0,0.0,0.0897887574285669,0.0,0.0,0.08829200877630868,0.0,0.0,0.0,0.0,0.0,0.0,0.0,0.0,0.0,0.10690172369928486,0.0,0.0,0.0,0.08554598225342384,0.07267579115784893,0.09794202560465008,0.0,0.067166646528445,0.0,0.0,0.0,0.0,0.0,0.13311403152558415,0.0,0.0,0.0,0.09221912386874968,0.05975742679513897,0.0,0.10139257906988093,0.0,0.0,0.0,0.0,0.0,0.0,0.10139257906988093,0.06481355336440751,0.0,0.0,0.0,0.0939833593365749,0.11019845242033292,0.09138213552540496,0.0,0.09057259442399074,0.0,0.0,0.09689128015480887,0.0,0.0,0.0,0.0,0.0,0.0,0.0,0.10540497504702663,0.0,0.0,0.0,0.0,0.0,0.0,0.0,0.0,0.0,0.0,0.0,0.0,0.18983024485613031,0.0,0.0,0.0,0.0,0.0,0.0,0.0,0.0,0.0,0.0,0.0,0.0,0.0,0.09588343444047702,0.0,0.0,0.10265894852414183,0.4745756121403258,0.10265894852414183,0.0,0.0,0.0,0.15466375848372238,0.0,0.0,0.1737616732206658,0.0,0.0,0.09903948590584344,0.0,0.0,0.0,0.0,0.0,0.0,0.08427961279916298,0.08029809711569129,0.0,0.0,0.0,0.09903948590584344,0.0,0.0,0.0,0.09491512242806516,0.1575409363395181,0.0,0.0,0.06509571405355576,0.0,0.09138213552540496,0.0,0.0,0.0,0.0,0.09903948590584344,0.0,0.09138213552540496,0.0,0.0,0.0,0.0,0.0,0.0,0.0,0.0,0.0,0.05388520515797926,0.0939833593365749,0.0,0.07877046816975905,0.0,0.0,0.057993191327313766,0.0,0.0,0.0,0.08249410305895404,0.0,0.0,0.0,0.0,0.06538113678823607,0.0,0.0,0.0,0.0,0.0,0.0,0.10690172369928486,0.0,0.0,0.08554598225342384,0.0,0.0,0.0,0.0,0.0,0.0,0.0,0.0,0.0,0.0,0.0,0.0,0.0,0.0,0.0,0.09138213552540496,0.0,0.06215628232922708,0.08427961279916298,0.08249410305895404,0.0,0.0,0.0,0.0,0.0,0.0,0.0,0.0,0.0,0.0,0.0,0.0,0.0,0.0,0.0,0.0,0.0,0.0,0.0868808366103329,0.0,0.0,0.0,0.0,0.0,0.0,0.0,0.0,0.0,0.0
4,2024-01-30,고민스러운 미니마켓 by 김호연 4 5 5 기억상실 노숙인 독고가 올웨이즈 미니마켓의 주인 염씨 부인을 만나는 이야기입니다 독고의 철저함과 정직함을 본 염여사는 마침내 자신의 미니마켓에서 독고를 고용하게 되었다 이 번거로운 미니마켓을 통해 독고는 다양한 손님들을 만나며 자신이 누구인지 밝히게 된다 강렬한 줄거리가 없는 따뜻한 소설이 최근에 제가 가장 좋아하는 소설이 되었습니다 주인공에게 무슨 일이 일어나는지에 초점을 맞추고 내부 대화가 늘 흥미롭고 이번 트러블썸 미니마켓도 마찬가지다 이 소설에서 독자들은 각 장마다 다양한 인물들을 만나게 됩니다 저자가 올웨이즈 미니마켓에서 각 캐릭터가 독고를 만나는 이야기를 풀어내는 방식이 마음에 듭니다 또한 독고는 그들에게 어떻게 깨달음 의 원천이 되었는가 독고의 이상한 접근 방식은 종종 캐릭터마다 짜증을 내며 어색하게 웃게 만듭니다 아 그래요 착한 염씨님 잊지 마세요 선생님으로서는 사나운 것으로 알려졌음에도 불구하고 그녀는 매우 현명하고 현명합니다 염씨님의 연기는 정말 완벽해요 독고의 정체를 밝히는 부분이 너무 충격적일 거라고 생각했는데 그런데 아니네요 사실 아쉬운점도 많지만 독고가 잘되는 걸 보니 놀랍지도 않은데 또 하루 출판사님 그리고 번역가 형님 감사해요 번역도 뻣뻣하지 않고 단어 선택도 굿 글자 크기가 너무 커서 어지러워지지 않고 읽기에 정말 좋습니다 유일한 단점은 오타가 꽤 많다는 것입니다,1,0.0,0.0,0.0,0.0,0.0,0.0,0.0,0.10473250133847749,0.0,0.0,0.0,0.0,0.0,0.0,0.0,0.0,0.0,0.15043201635013492,0.0,0.0,0.0,0.09105346681535853,0.0,0.0,0.0,0.0,0.0,0.0,0.0,0.0,0.0,0.0,0.0,0.0,0.11952521217944763,0.0,0.0,0.0,0.0,0.0,0.0,0.0,0.08986611706901326,0.0,0.0,0.0,0.0,0.0,0.0,0.0,0.0,0.0,0.0,0.0,0.0,0.0,0.0,0.0,0.0,0.0,0.0,0.19442842903885116,0.0,0.0,0.0,0.0,0.0,0.0,0.0,0.0,0.2157504815126326,0.0,0.0,0.0,0.0,0.0,0.0,0.0,0.0,0.0,0.0,0.0,0.0,0.24899011295337856,0.2320223474960648,0.26062201913829564,0.3672592961694024,0.0,0.0,0.0,0.0,0.0,0.14419081780034784,0.12558187217398237,0.11772312141814557,0.0,0.0,0.0,0.1267043274571056,0.0,0.0,0.0,0.0,0.1329455260068927,0.09312875790224698,0.0,0.0,0.0,0.0,0.1461474542828301,0.0,0.0,0.0,0.08011562429391622,0.0,0.0,0.0,0.14058413568830563,0.0,0.0,0.0,0.0,0.0,0.0,0.14058413568830563,0.0,0.0,0.12142746927146687,0.0,0.0,0.0,0.0,0.0,0.0,0.0,0.0,0.0,0.0,0.0,0.0,0.0,0.0,0.0,0.0,0.0,0.0,0.0,0.0,0.0,0.0,0.0,0.0,0.27782791922941824,0.0,0.0,0.0,0.0,0.0,0.0,0.0,0.0,0.0,0.0,0.0,0.0,0.0,0.0,0.0,0.22564903845181114,0.0,0.0,0.0,0.0,0.0,0.0,0.0,0.0,0.0,0.0,0.0,0.0,0.10413715034817053,0.0,0.0,0.1316029296493456,0.0,0.0,0.0,0.12046312890731853,0.0,0.0,0.0,0.0,0.0,0.0,0.0,0.0,0.0,0.0,0.0,0.0,0.0,0.0,0.0,0.0,0.0,0.09025734211697051,0.0,0.0,0.11207214126714257,0.0,0.0,0.0,0.0,0.0,0.1267043274571056,0.0,0.0,0.0,0.0,0.0,0.0,0.0,0.0,0.0,0.0,0.0,0.0,0.0,0.0,0.0,0.0,0.0,0.0,0.0,0.0,0.0,0.09533802888266331,0.12558187217398237,0.0,0.0,0.0,0.0,0.0,0.0,0.0,0.0,0.0,0.0,0.15907082015986543,0.11861230956967753,0.0,0.12449505647668928,0.0,0.0,0.0,0.0,0.0,0.0,0.14419081780034784,0.0,0.0,0.0,0.0,0.0,0.0,0.0,0.0,0.0,0.0,0.0,0.0,0.0,0.0,0.0,0.14058413568830563,0.0,0.0,0.13031100956914782,0.0,0.0,0.11438077899105444,0.0,0.0,0.0,0.0,0.0,0.0,0.0,0.0,0.0,0.0,0.0,0.0,0.0,0.0,0.0,0.0,0.0,0.0
4,2024-04-07,이것은 매우 합창적인 이야기이며 각 장은 등장인물의 관점에서 이야기됩니다 제목만 보면 소설은 염부인과 그녀의 24시간 편의점을 중심으로 전개될 것 같다 그리고 가게가 모든 이야기가 모이는 축인 것은 사실이지만 그녀를 포함한 다른 모든 사람들이 맴돌고 있는 인물은 염씨 부인의 지갑을 찾아내고 그녀 덕분에 야간 근무를 맡게 된 노숙자 독고이다 그리고 알코올 중독으로 인해 과거를 전혀 기억하지 못하는 독고는 그의 길을 건너는 사람들의 삶에 영향을 미치게 된다 작가가 두 페이지 전에는 몰랐거나 거의 알지 못했던 캐릭터를 한 장 안에 소개하며 흥미를 유발하는 방식이 정말 마음에 들었습니다 사실상 끝까지 수수께끼인 독고에 대해 더 많이 알게 되는 것도 그들을 통해서이다 어느 시점에서는 꽤 매력적입니다 업무 압박 가족 관계 재정적 어려움 불확실한 미래 처리되고 거의 항상 우리 모두에게 유용할 수 있는 교훈이 도출되는 상황의 혼합으로 식별하는 것은 쉽습니다 이 모든 것이 모든 것에 스며들어 있는 한국의 풍습과 함께 이 곳의 강점입니다 정리하자면 진부하게 들릴지 모르지만 독고와 그 초라한 가게가 그 모든 것을 전달하는 두 번째 기회가 생생하게 펼쳐지는 소설이라고 말하고 싶다 번역에 대한 추가 점수는 소설의 흐름을 잘 만드는 데 많은 도움이 되었습니다,1,0.12287813081942,0.0,0.0,0.0,0.0,0.0,0.0,0.0,0.0,0.0,0.0,0.0,0.0,0.0,0.0,0.2625278306838758,0.1383961127953843,0.0,0.1881737102550151,0.07426249970740513,0.08944649355397898,0.0,0.0,0.0,0.0,0.0,0.12970446590863358,0.14045891709062663,0.0,0.0,0.0,0.0,0.0,0.0,0.0,0.0,0.0,0.0,0.0,0.0,0.0,0.0,0.1678166362840454,0.0,0.10072350198548162,0.13463148745882342,0.0,0.0,0.0,0.0,0.13645840601072134,0.0,0.12821757580989945,0.0,0.0,0.0,0.0,0.0,0.0,0.0,0.0,0.0,0.10072350198548162,0.0,0.0,0.0,0.0,0.07591609463779436,0.0,0.0,0.0,0.0,0.0,0.0,0.0,0.0,0.0,0.07372978115653785,0.09668685480997878,0.14266409299388322,0.0,0.12821757580989945,0.0,0.0,0.10832005201030165,0.0,0.0,0.0,0.0,0.0,0.0,0.10910928650799952,0.13463148745882342,0.11725624770404962,0.0,0.11247685862488505,0.0,0.0,0.0,0.0,0.0,0.0,0.0,0.0,0.08695465767406113,0.0,0.0,0.0,0.12543648571013466,0.0,0.08616542317636328,0.11337726670649843,0.0,0.07480424781498236,0.0,0.38681301352848524,0.0,0.0,0.0,0.0,0.0,0.0,0.0,0.0,0.1312639153419379,0.0839083181420227,0.0,0.0,0.0,0.0,0.0,0.0,0.09668685480997878,0.11725624770404962,0.0,0.0,0.0,0.0,0.0,0.0,0.10679774653603115,0.0,0.0,0.0,0.0,0.0,0.0,0.0,0.0,0.11430377717678297,0.0,0.13463148745882342,0.0,0.0,0.0,0.0,0.0,0.0,0.0,0.0,0.0,0.0,0.0,0.0,0.0,0.0,0.0,0.0,0.0,0.0,0.0,0.0,0.0,0.0,0.13290337075732042,0.0,0.13290337075732042,0.11525794872464983,0.0,0.12413171788849149,0.0,0.0,0.0,0.0,0.0,0.0,0.0,0.0,0.11247685862488505,0.0,0.12167186037357382,0.0,0.11525794872464983,0.0,0.0,0.0,0.0,0.0,0.12821757580989945,0.0,0.0,0.0,0.0,0.0,0.09408685512750754,0.0,0.0,0.0,0.0,0.0,0.0,0.0,0.12679679198737043,0.0,0.0,0.0,0.0,0.0,0.0,0.0,0.0,0.0,0.0,0.0,0.0,0.20928108564528253,0.0,0.0,0.0,0.0,0.0,0.0,0.0,0.0,0.0,0.0,0.0,0.0,0.0,0.0,0.0,0.0,0.11938786230175984,0.0,0.0,0.11525794872464983,0.0,0.0,0.0,0.07426249970740513,0.0,0.0,0.0,0.0,0.0,0.0,0.0,0.0,0.0,0.0,0.0,0.12287813081942,0.0,0.11337726670649843,0.0,0.0,0.0,0.0,0.0,0.0,0.0,0.0,0.0,0.0,0.0,0.0,0.0,0.0,0.0,0.0,0.0,0.0,0.0,0.0,0.0,0.0,0.13290337075732042,0.0,0.0,0.0,0.0,0.0,0.11337726670649843,0.0,0.11830428825668826,0.0,0.0,0.0,0.0,0.0
4,2025-07-22,인생은 항상 편안하고 편리하기로 되어 있지 않습니다 두 번째 기회 편의점은 알코올로 인한 기억 상실증을 앓고 있는 노숙자 독고를 중심으로 서울을 배경으로 하는 가슴 따뜻한 이야기입니다 우연한 만남 끝에 상시편의점의 친절하고 의욕 넘치는 주인 염여사에게 맡겨진다 그녀는 그에게 단순한 피난처 이상의 것을 제공하여 그에게 새로운 시작을 제공합니다 일련의 서로 연결된 장을 통해 이야기되는 이 책은 매장에서 마주치는 다양한 캐릭터를 소개합니다 그들 각자는 자신만의 감정적 짐을 가지고 있으며 독고는 자신의 어려움에도 불구하고 그들이 앞으로 나아갈 수 있도록 의미 있는 조언과 진정한 친절을 제공합니다 그는 조용히 그들의 삶에 영향을 미치면서 잊혀진 과거의 조각들을 하나로 엮기 시작합니다 속도가 딱 맞는 느낌이고 글은 결함이 있지만 관련성이 있는 캐릭터에 대해 깊은 관심을 갖도록 초대합니다 나는 독고 외에도 이익을 위해서가 아니라 사람들에게 목적과 소속감을 주기 위해 간신히 편의점을 운영하는 나이 많은 염여사도 좋아한다 특히 나에게 감동을 준 장 중 하나는 네 번째 이야기인 BOGO였습니다 눈물이 날 정도로 감동적이고 의미가 깊었습니다 이 책은 독자들에게 연민과 공감 인간관계의 중요성을 부드럽게 일깨워줍니다 독자들이 다른 사람의 입장에서 생각하고 깊이 듣고 대가를 요구하지 않을 때에도 친절을 베풀도록 유도합니다 느끼고 반성하게 되는 진심 어린 의미 있는 책을 찾는 모든 사람에게 위로가 되는 캐릭터 중심의 이야기를 추천합니다 결국 인생은 관계로 귀결되고 관계는 소통으로 귀결됩니다 4 25 리뷰 사본을 보내주신 Times Reads에 감사드립니다,1,0.0,0.0,0.0,0.0,0.0,0.0,0.0,0.0,0.0,0.11792027946853792,0.1400029956753365,0.13083784036358242,0.0,0.0,0.0,0.0,0.0,0.0,0.0,0.07402144798444661,0.0,0.0,0.0,0.0,0.10645108730812974,0.0,0.0,0.0,0.0,0.0,0.0,0.0,0.0,0.0,0.11123887168343387,0.09691762008894798,0.11687564079412771,0.1422010137068139,0.0,0.0,0.0,0.0,0.0,0.2380006725914931,0.0,0.0,0.0,0.0,0.0,0.11586417091517678,0.0,0.0,0.0,0.12502932622693086,0.06439119499413477,0.0,0.10101519291816076,0.0,0.0,0.0,0.0,0.0,0.10039655939949707,0.0,0.0,0.0,0.0,0.07566967544257709,0.0,0.0,0.10039655939949707,0.11687564079412771,0.0,0.0,0.0,0.0,0.0,0.0,0.09637301494421593,0.0,0.0,0.0,0.13247197420274345,0.0,0.10796845146802371,0.12127692064364046,0.0,0.0,0.0,0.0,0.0,0.2175102483135677,0.0,0.0,0.0,0.0,0.0,0.0,0.11792027946853792,0.0,0.0,0.0,0.0,0.0,0.0,0.0,0.0,0.0,0.0,0.0,0.08588573526122513,0.0,0.0,0.0,0.0,0.07711148823004327,0.0,0.0,0.0,0.0,0.0,0.0,0.0,0.0,0.0,0.16727191331516128,0.0,0.11300925074162237,0.0,0.12127692064364046,0.0,0.0,0.0,0.0,0.12780138907117783,0.0,0.0,0.11211176533188637,0.0,0.0,0.10645108730812974,0.0,0.0,0.0,0.0,0.11211176533188637,0.0,0.12502932622693086,0.0,0.0,0.0,0.0,0.0,0.0,0.0,0.0,0.0,0.0,0.0,0.0,0.0,0.0,0.10645108730812974,0.0,0.0,0.0,0.0,0.0,0.0,0.0,0.10645108730812974,0.0,0.0,0.1292834528117694,0.0,0.0,0.0,0.0,0.0,0.0,0.0,0.0,0.0,0.0,0.0,0.0,0.0,0.0,0.0,0.0,0.12127692064364046,0.0,0.0,0.0,0.0,0.13247197420274345,0.0,0.0932875126411041,0.0,0.0,0.0,0.0,0.0,0.0,0.0,0.0,0.08400005919390348,0.0,0.0,0.10430250082289341,0.2425538412872809,0.0,0.0,0.0,0.0,0.0,0.0,0.0,0.0,0.0,0.0,0.0,0.0,0.0,0.0,0.2781356953376039,0.0,0.0,0.0,0.0,0.13247197420274345,0.0,0.0,0.11393275381320526,0.0,0.10645108730812974,0.0,0.08872851650334637,0.0,0.0,0.0,0.0,0.0,0.0,0.0,0.0,0.0,0.0,0.0,0.0,0.0,0.0,0.0,0.0,0.0,0.0,0.0,0.0,0.0,0.13419448153868493,0.0,0.12247927560629567,0.0,0.0,0.1292834528117694,0.0,0.0,0.15481569934194295,0.08020699167125665,0.0,0.0,0.0,0.0,0.0,0.0,0.0,0.0,0.12127692064364046,0.0,0.13601547002000383,0.0,0.10645108730812974,0.11488382817613332,0.0,0.0,0.1400029956753365,0.13247197420274345,0.0,0.0,0.11211176533188637,0.0,0.0,0.0,0.0,0.11792027946853792,0.0,0.0,0.0,0.0,0.0
5,2025-08-07,당신은 이것을 읽어야합니다 이 책은 복잡하고 단순한 생각을 가장 소화하기 쉬운 방식으로 파고든다 나는 각 캐릭터와 공감할 수 있는 방법을 찾을 수 있고 깊은 설명 없이도 그들이 어떻게 느끼는지 정확히 이해할 수 있는 방법을 찾을 수 있다는 것을 정말 좋아합니다 술이라는 주제를 인물이 겪고 있는 각 투쟁의 비교와 함께 분석하는 것은 흥미롭습니다 모든 사람의 삶이 얼마나 복잡하지만 그들이 모두 가게에 어떻게 묶여 있는지 보는 것은 너무나 평범하면서도 읽어야 할 매우 중요합니다 모든 사람의 삶이 편의점을 중심으로 돌아가는 것과 그것이 모두 부인 덕분이라는 것은 아름답습니다 냠 김호연은 사람들이 항상 당신의 기대를 충족시키지 못할 수도 있다는 것을 완벽하게 보여주며 이 인용문은 그것을 완벽하게 포착합니다 경만은 조용한 시간 동안 평화로운 동지애의 순간 최전선에서 삶과 싸우는 개인들 사이의 이해를 공유하는 순간을 소중히 여겼습니다 호연 p 80 그는 우리 모두가 어려움을 겪고 있지만 편의점과 같은 작은 것에서 기쁨과 평온함 탈출구를 찾을 수 있다는 것을 실제로 보여줍니다 이 이야기는 또한 당신이 괴로워하고 실패하고 술에 취하게 될 때의 삶이 어떤 것인지에 대해서도 다루고 있습니다 그것의 위험성을 강조하기 위한 것이었나요 아니면 삶이 힘들더라도 사랑하는 사람들과 함께 있는 것이 문제에서 도망치는 것보다 낫다는 것을 강조하기 위한 것이었나요 이것은 또한 이러한 상황을 처리하는 남성 대 여성에 대해 결정해야 할 점이 있는지 궁금합니다 둘 다 술에 빠지지만 남자들은 여자들보다 알코올을 더 잘 다루기 때문에 중독에서 돌아오는 것이 거의 불가능합니다 믿을 수 없을 정도로 잘 쓰여진 완전한 원형 이야기입니다 모든 사람은 자신의 삶을 바꿀 수 있는 능력을 가지고 있습니다 궁극적으로 친절하고 정직하십시오,1,0.0,0.0,0.0,0.0,0.08908808208491882,0.0,0.0,0.06716688302658667,0.0,0.08125781999390813,0.0,0.0,0.0,0.0,0.07606825981012738,0.09015919677744884,0.0,0.0,0.19387190905089693,0.20403009637077396,0.12287343391180214,0.0,0.0,0.1874541110160976,0.0,0.0,0.0,0.0,0.0,0.0,0.0,0.0,0.07093959702012813,0.07665372107593758,0.0,0.06678507346589954,0.0,0.19597891773691906,0.0,0.0,0.0,0.0,0.0,0.0,0.0,0.0,0.0,0.0,0.0,0.0,0.0,0.0,0.0,0.08615660114016463,0.044371402065936066,0.0,0.0,0.0,0.0,0.0,0.0,0.0,0.0,0.0,0.0,0.0,0.0,0.0,0.0,0.0,0.0,0.08053796873722462,0.0,0.0,0.0,0.09247222847666044,0.09247222847666044,0.0,0.0664097908850081,0.0,0.0,0.0,0.0,0.0,0.0,0.0,0.0,0.0,0.0,0.0,0.08709093348129139,0.0,0.0,0.0,0.0,0.0,0.0,0.0,0.0,0.0,0.0,0.0646239696836323,0.0,0.17052083126238468,0.0,0.0,0.0,0.0,0.0,0.0,0.0,0.0,0.0,0.051379626159797236,0.16400415517187208,0.15941053035914024,0.0,0.0,0.0,0.0,0.0,0.09505797792370532,0.0,0.09505797792370532,0.0,0.0,0.0,0.0,0.08806680509002654,0.0,0.0,0.0,0.0,0.08053796873722462,0.0,0.08908808208491882,0.0,0.1545104487132479,0.0,0.0,0.0,0.06960867460447162,0.0,0.39846555186780647,0.0,0.0,0.0,0.0,0.0,0.0,0.0,0.0,0.0,0.0,0.07549800706337442,0.0,0.0,0.08439938384691513,0.0,0.0,0.0,0.0,0.0,0.0,0.0,0.0,0.0,0.0,0.0,0.0,0.0,0.0,0.0,0.0,0.0,0.0,0.0,0.0,0.0,0.0,0.06876420524752178,0.13357014693179908,0.0912852639301639,0.07725522435662395,0.0,0.0,0.0,0.0,0.0,0.0,0.0,0.0,0.07916542830648585,0.0,0.0,0.0,0.1874541110160976,0.0,0.08806680509002654,0.0,0.0,0.09247222847666044,0.0,0.0,0.0,0.06716688302658667,0.0,0.0,0.0,0.07187392936125488,0.0,0.0,0.0,0.0,0.0,0.0,0.0,0.0,0.0,0.0,0.0,0.0,0.0,0.0,0.07387107796488232,0.2395760547664486,0.16714170338623954,0.0,0.2101302345334675,0.0,0.0,0.10313613869172605,0.0,0.0,0.0,0.07335450127514065,0.0,0.06114203472761513,0.0,0.0,0.058137497155104134,0.0,0.0,0.0,0.0,0.0,0.0,0.0,0.09647482411394465,0.05100752409269349,0.0,0.0,0.0,0.08709093348129139,0.0,0.0,0.0,0.0,0.0,0.0,0.0,0.08439938384691513,0.0,0.0,0.0,0.2811811665241464,0.0,0.053341063496695006,0.0,0.0,0.0,0.0,0.0,0.0,0.0,0.0,0.0,0.0,0.0,0.0,0.0,0.0,0.0,0.0,0.0,0.0,0.0912852639301639,0.0,0.0,0.0,0.0,0.0,0.15574734720433303,0.0,0.08125781999390813,0.0,0.0,0.0,0.0,0.0
5,2025-12-15,이것은 한국 문학에 대한 나의 첫 번째 노출이며 확실히 실망하지 않았습니다 이 소설은 너무나 따뜻하고 부드러우며 일 년 중 가장 아름다운 명절이 오기 전에 꼭 읽고 싶은 종류의 소설입니다 줄거리는 매우 간단합니다 상점 주인인 좀종스케가 중요한 문서가 들어 있는 케이스에 들어 있던 돈을 잃어버리게 됩니다 그녀는 발견된 사건에 관해 이상한 전화를 받습니다 여성의 사건은 서울역에 사는 독이라는 이름의 노숙자에 의해 끈질기게 보호받고 그녀에게 돌려준다 이것이 캐릭터들이 서로를 알아가는 방법입니다 그 여자가 자신의 가게에서 닥을 고용할 것이라는 것은 쉽게 짐작할 수 있었다 비록 동작이 충분히 느리고 다소 평범하다고 말할 수 있지만 나는 이 작품에서 떼어낼 수 없었습니다 그 비결은 무엇입니까 나는 그들이 꽤 강하고 인식 가능한 캐릭터라고 생각합니다 작품은 다양한 위치에서 이야기되어 각 캐릭터의 세계를 더 자세히 알 수 있었습니다 창고는 모두가 천천히 자신을 발견하는 힐링 장소로 드러난다 주유소에 비유하면 매우 생생하다 이 주유소에서 주유만 한 게 아니라 차도 완전히 고쳤어요 그리고 고치면 떠나야 해요 p 229 Doc의 역할이 끝까지 남아 있기를 기대하는 사람은 아마도 나뿐만이 아닐 것입니다 Atomazga는 그런 노숙자의 과거를 의심하지도 않았기 때문에 다소 예상치 못한 일입니다 고통스럽긴 하지만 생생하지만 교훈적이어서 두 번째 기회를 준다 소설의 끝에서 주요 아이디어가 드러납니다 하지만 지금은 이미 알고 있는 것 같습니다 강에 뛰어들지 말고 건너야 한다는 것 다리를 건너 뛰지 않고 반대편으로 건너갑니다 p 250 모든 사람에게는 다시 시작하고 잿더미에서 일어날 수 있는 기회가 주어집니다 때로는 무작위로 사람들을 만나는 것이 도움이 될 수 있습니다,1,0.0,0.0,0.0,0.0,0.0,0.1407517729852954,0.0,0.10223456304261261,0.0,0.0,0.0,0.0,0.1311387706842797,0.0,0.0,0.0,0.0,0.0,0.0983640003075626,0.0,0.09351269003018978,0.08888178239244686,0.0,0.0,0.0,0.0,0.13560077130050693,0.0,0.0,0.0,0.0,0.0,0.0,0.0,0.11667445810589121,0.0,0.0,0.14914953707519268,0.0,0.0,0.13560077130050693,0.0,0.08772275171004142,0.0,0.0,0.0,0.0,0.0,0.0,0.0,0.1426617424146832,0.11853134512865775,0.0,0.0,0.13507522449727052,0.0,0.0,0.0,0.0,0.0,0.0,0.0,0.0,0.0,0.0,0.0,0.0,0.0,0.27789019378599966,0.11667445810589121,0.10530234608067039,0.0,0.0,0.0,0.0,0.0,0.0,0.07708150311252024,0.0,0.0,0.0,0.1340462878614443,0.0,0.0,0.0,0.0,0.0,0.0,0.0,0.0,0.0,0.0,0.0,0.0,0.11491534838168606,0.0,0.0,0.1407517729852954,0.0,0.0,0.11578332881729836,0.0983640003075626,0.0,0.0,0.0,0.0,0.0,0.0,0.0,0.0,0.0,0.0,0.0,0.15640962906259775,0.0,0.08087947105920679,0.1426617424146832,0.0,0.0,0.0,0.0,0.0,0.0,0.0,0.0,0.17544550342008283,0.0,0.0,0.0,0.0,0.0,0.12368234681344623,0.0,0.0,0.0,0.13560077130050693,0.0,0.0,0.0,0.0,0.0,0.0,0.0,0.0,0.0,0.0,0.12481517963646112,0.0,0.0,0.11949997433898178,0.0,0.1407517729852954,0.0,0.1407517729852954,0.0,0.0,0.0,0.0,0.0,0.0,0.12258666281909465,0.0,0.11165272299600829,0.0,0.11243900322480548,0.1340462878614443,0.0,0.0,0.11013358103876048,0.0,0.0,0.1297746887172985,0.0,0.0,0.0,0.12846411415637182,0.0,0.0,0.0,0.0,0.0,0.0,0.0,0.0,0.0,0.0,0.0,0.0,0.0,0.0,0.0,0.13560077130050693,0.0,0.0,0.0,0.0,0.0,0.0,0.1340462878614443,0.1407517729852954,0.0,0.0,0.0,0.0,0.0,0.0,0.0,0.0,0.0,0.0,0.0,0.0,0.0,0.0,0.0,0.0,0.0,0.12258666281909465,0.0,0.0,0.0,0.0,0.0,0.0,0.0,0.2187949075870546,0.0,0.0,0.0,0.0,0.0,0.07849164348505826,0.1340462878614443,0.0,0.0,0.11165272299600829,0.1297746887172985,0.0930641548669113,0.0,0.0,0.0,0.0,0.0,0.0,0.0,0.0,0.0,0.0,0.0,0.0,0.0,0.0,0.0,0.0,0.0,0.0,0.0,0.0,0.0,0.0,0.0,0.0,0.1297746887172985,0.0,0.0,0.0,0.0,0.0,0.0,0.0,0.0,0.0,0.0,0.0,0.14684411488914767,0.0,0.0,0.0,0.0,0.0,0.1311387706842797,0.0,0.0,0.0,0.0,0.0,0.0,0.0,0.0,0.0,0.20216438956063038,0.10404123913490823,0.0,0.0,0.0,0.0,0.12481517963646112,0.0,0.0,0.13560077130050693
5,2023-11-21,이것은 내가 가장 좋아하는 책 중 하나입니다 매우 편안하며 읽을 때 많이 생각할 필요가 없습니다 당신의 삶과 관련될 수 있는 많은 통찰력과 인용문이 담긴 줄거리 이야기 등장인물을 즐기십시오 간단한 스토리 설정 일상적인 미니마켓 생활의 맥락을 담은 간단한 스토리라인 읽은 것 같지 않은데 갑자기 벌써 몇 장을 읽은 것 같습니다 여러 인물의 이야기를 바라보는 관점이 서로 연관되어 있지만 이야기 전체의 재미를 더해주는 요소이기도 합니다 독고와 대화 를 하기 때문에 각 캐릭터가 문제에 부딪혔을 때 마침내 해결하기까지 소화할 수 있는 통찰력이 많다 마지막으로 독고가 누구인지도 답변되는데 과거에 그가 누구였는지는 전혀 의외다 책의 결말도 미뤄두었지만 개인적으로는 그것만으로도 충분하다 제가 좋아하는 명언 중 일부는 다음과 같습니다 직원을 존중하지 않는 상사는 직원을 고객을 존중하지 않게 만듭니다 이 세상은 선로를 계속 달리는 것만으로 목적지에 무사히 도착할 수 있는 세상이 아니다 인생은 관계이고 관계는 소통이다 행복은 멀리 있지 않고 주변 사람들과 생각을 나눌 때 찾을 수 있다는 것을 이제 깨달았다 행복은 어떤 길을 가는 것이 아니라 길 자체입니다 그리고 만나는 사람마다 어려움을 겪고 있기 때문에 친절해야 합니다,1,0.0,0.0,0.0,0.0,0.0,0.0,0.0,0.09989581379939586,0.0,0.0,0.0,0.0,0.2562775998308547,0.0,0.0,0.0,0.0,0.0,0.0,0.07586235804801272,0.09137346503102672,0.0,0.0,0.13939816860775792,0.0,0.1457375464863021,0.0,0.0,0.0,0.0,0.11313463384967079,0.0,0.0,0.0,0.0,0.0,0.0,0.0,0.0,0.0,0.0,0.0,0.08571597911700714,0.0,0.0,0.0,0.0,0.0,0.0,0.0,0.0,0.0,0.13097980383723717,0.0,0.0,0.0,0.0,0.0,0.0,0.0,0.10047372176607207,0.0,0.0,0.0,0.0,0.0,0.0,0.0,0.0,0.0,0.0,0.0,0.0,0.14137761996570228,0.0,0.13753189222526743,0.0,0.0,0.0,0.0,0.0,0.0,0.0,0.11874570760558725,0.0,0.0,0.0,0.0,0.0,0.0,0.0,0.0,0.0,0.0,0.0,0.0,0.0,0.0,0.0,0.0,0.0,0.19222759049094446,0.0,0.0,0.0,0.0,0.0,0.0,0.0,0.13939816860775792,0.08802170961277234,0.11581978569643751,0.0,0.07641577719052456,0.0,0.0,0.0,0.0,0.0,0.0,0.12952841166112955,0.0,0.0,0.0,0.0,0.0,0.0,0.0,0.13097980383723717,0.0,0.0,0.0,0.0,0.0,0.0,0.0,0.0,0.0,0.0,0.0,0.0,0.0,0.0,0.0,0.0,0.0,0.0,0.12813879991542734,0.0,0.0,0.0,0.0,0.0,0.0,0.0,0.0,0.0,0.0,0.0,0.0,0.0,0.0,0.10909852103496345,0.0,0.0,0.0,0.0,0.0,0.10761413143540285,0.12552532965118943,0.0,0.0,0.0,0.0,0.0,0.0,0.0,0.0,0.0,0.0,0.10227147567277785,0.0,0.13576654620978582,0.0,0.0,0.11874570760558725,0.0,0.1340917715359527,0.0,0.0,0.0,0.0,0.0,0.0,0.0,0.0,0.0,0.0,0.13097980383723717,0.0,0.0,0.0,0.0,0.2083480214921762,0.0,0.0,0.08608913686694086,0.0,0.0,0.0,0.12429307217499252,0.0,0.0,0.0,0.0,0.0,0.0,0.0,0.0,0.0,0.0,0.27879633721551583,0.1340917715359527,0.0,0.0,0.2137896881259452,0.0,0.0,0.1041740107460881,0.0,0.0,0.0,0.0,0.0,0.0,0.10909852103496345,0.0,0.0,0.0,0.0,0.0,0.0,0.0,0.0,0.0,0.11774098378696225,0.0,0.0,0.0,0.0,0.11313463384967079,0.0,0.2374914152111745,0.0,0.0,0.0,0.0,0.0,0.11313463384967079,0.0,0.0,0.0,0.0,0.0,0.0,0.13939816860775792,0.0,0.0,0.0,0.11145985917583767,0.0,0.0,0.0,0.0,0.0,0.0,0.0,0.0,0.12429307217499252,0.0,0.0,0.0,0.0,0.0,0.0,0.0,0.0,0.0,0.0,0.0,0.0,0.0,0.0,0.24391973855466156,0.0,0.2914750929726042,0.0,0.0,0.0,0.0
5,2023-12-31,귀찮은미니마켓 저자 김호연 장르 삶의조각 15 400pp 5 이제야 리뷰를 올릴 수 있어요 이 책은 술을 너무 많이 마셔 기억을 잃은 노숙자의 이야기를 담고 있습니다 사람들은 그를 독고 라고 부르는데 그는 매일 서울역 주변을 배회한다 그러던 어느 날 그는 미니마켓 주인인 염씨 할머니의 지갑을 갖게 됐다 여기에서 보면 독고의 존재가 누군가에게는 축복인 것 같고 염씨 부인의 존재는 독고에게 축복인 것 같습니다 인간은 서로 연결되어 있고 서로가 필요합니다 치매가 있어서 사람과 거의 소통하지 않아서 처음에는 말을 하는 능력이 많이 떨어졌는데 염씨를 만난 이후로 매일 음식을 주게 되었고 염씨에게는 야간 근무자가 필요해서 구하기 힘들어 이 독고를 고용하게 됐다 정말 말하는 방식도 느리고 더 이상 말을 더듬지도 않습니다 그는 천천히 주변 사람들과 다시 소통했고 일부 사람들의 관점을 좋은 방향으로 바꿔주기도 했습니다 사람들은 이 독고가 노숙자가 되기 전 누구였는지 궁금해합니다 왜냐하면 그는 자신이 누구인지도 몰랐기 때문입니다 잃어버린 정체성을 찾기 위한 독고의 여정은 정말 마음이 따뜻해지는 것 같아요 처음에는 의심스러웠습니다 그래서 줄거리가 너무 평면적입니다 이 독고가 사악한 것으로 판명될까요 아닌거 같은데 전개가 너무 느리고 천천히 즐기기엔 적당하고 잔잔한 이야기를 읽으면 지루해지지만 이 책은 정말 마음에 듭니다 부모가 아이를 대하는 태도 자존감이 낮은 사람 글쓰기 장애 단계에 있는 작가에 대한 교훈이 있으니 그게 언어 아닌가요 그냥 이야기를 즐기자 이 책에도 심리적인 문제와 상처 아픔이 가득합니다 치매에 걸려 노숙자가 되었나요 우리 모두는 아마도 후회 치명적인 후회 끔찍한 후회 참을 수 없을 만큼 당황스러운 후회를 가지고 있을 것입니다 독고와 마찬가지로 우리 모두에게도 삶을 선택할 수 있는 기회가 있다 끝나지 않고 수리를 선택하세요,1,0.0,0.0,0.0,0.0,0.0,0.0,0.0,0.0,0.0,0.09432287907419903,0.0,0.0,0.10000931198248969,0.10222664855616825,0.0,0.10465546596873714,0.0,0.11198655303928198,0.0,0.0,0.0,0.06778320292666544,0.0,0.0,0.0,0.0,0.0,0.0,0.11198655303928198,0.0,0.0,0.0,0.0,0.0,0.0,0.31009251338309596,0.0,0.0,0.10596258811258659,0.0,0.0,0.09039461185140667,0.0,0.0,0.0,0.0,0.0,0.0,0.09896903306044649,0.0,0.10879698376512198,0.0,0.0,0.0,0.0,0.0,0.0,0.0,0.0,0.0,0.0,0.21710839995216263,0.0,0.20931093193747427,0.0,0.0,0.0,0.0,0.0,0.08897850895058576,0.0,0.0,0.11198655303928198,0.0,0.0,0.0,0.0,0.05878405030514281,0.0,0.0,0.0,0.0,0.10596258811258659,0.18535644982388969,0.0,0.09700781215849645,0.18226661960007806,0.0,0.0,0.0,0.0,0.0,0.0,0.0,0.0,0.0,0.0,0.0,0.0,0.10596258811258659,0.0,0.0,0.10109387118471563,0.0,0.06932811803857124,0.0,0.08288214825124132,0.0,0.0,0.0,0.0,0.18078922370281333,0.20931093193747427,0.0,0.0,0.0,0.0,0.0,0.0,0.0,0.0,0.0,0.0,0.0,0.0,0.0,0.0,0.0,0.10222664855616825,0.0,0.22748943744956054,0.0,0.07708750586047067,0.0,0.0,0.0,0.0,0.0,0.0,0.0,0.0,0.08080072290550094,0.0,0.0,0.0,0.0,0.0,0.10000931198248969,0.0,0.0,0.0,0.0,0.0,0.0,0.0,0.0,0.0,0.0,0.0,0.0,0.0,0.0,0.0,0.0,0.0,0.10222664855616825,0.0,0.0,0.08399029217966093,0.0,0.08514882326208092,0.0,0.0,0.0,0.0,0.0,0.0,0.09189406166163014,0.0,0.09896903306044649,0.0,0.0,0.0,0.0,0.0,0.0,0.0,0.0,0.17935345017590318,0.0,0.0,0.0,0.18378812332326028,0.0,0.0,0.0,0.10879698376512198,0.0,0.0,0.0,0.0,0.0,0.0,0.0,0.0,0.0,0.20157162435370768,0.0,0.0,0.0,0.0,0.0,0.0,0.10222664855616825,0.0,0.0,0.0,0.0,0.0,0.0,0.0,0.0,0.0,0.10222664855616825,0.08574845786515921,0.11123854046049249,0.0,0.09039461185140667,0.0,0.0,0.0,0.05985945438069104,0.0,0.0,0.10734039905303452,0.0,0.0,0.0,0.09348728635166893,0.0,0.0,0.0,0.0,0.0,0.0,0.0,0.0,0.0,0.0,0.17762634515287687,0.0,0.0,0.0,0.0,0.0,0.06901155129887539,0.0,0.0,0.08829891414750363,0.0,0.0,0.0,0.0,0.09039461185140667,0.0,0.0,0.0,0.12383503968639888,0.0,0.0,0.0,0.0,0.0,0.18864575814839807,0.22397310607856397,0.0,0.0,0.0,0.0,0.0,0.0,0.0,0.0,0.0,0.0,0.0,0.0,0.0,0.0,0.08967672508795159,0.0,0.0,0.0,0.0,0.0,0.0,0.0,0.0,0.0,0.0
5,2023-02-07,말썽쟁이 미니마켓 은 우리를 차분하게 만드는 소설이자 우리의 마음을 치유해주는 책이기도 하다 이 책은 할머니와 미니마켓 주인이 발견한 노숙자의 이야기를 담고 있다 할머니가 잃어버린 주머니를 찾는 데 이 남자가 도움을 주었다는 점에서 이들의 만남은 독특하다고 할 수 있다 그 후 할머니는 이 노숙인을 자신의 미니마켓에서 밤에 아르바이트에 초대했습니다 이 할머니네 미니마켓은 분주하고 유명한 미니마켓이 아니라 지나가는 몇몇 사람들이 찾는 작은 미니마켓일 뿐입니다 하지만 이 미니마켓의 존재는 한 노숙인의 삶을 변화시켰고 이 사람 역시 많은 사람들의 삶을 변화시켰습니다 일부 사람들이 직면하는 문제에 대한 간단한 대화부터 시작하여 이 노숙자가 자신에게 일자리를 준 할머니에게 어떻게 갚으려고 노력하는지까지 독고는 이 사람의 별명이다 위기에 처한 것처럼 느껴졌던 그의 삶은 실제로 많은 사람들의 삶을 변화시킬 수 있었다 그리고 그는 과음으로 인해 치매를 앓게 되면서 서서히 자신이 누구인지 알아가기 시작한다 이 책은 참으로 마음이 따뜻해지는 책으로 읽는 사람도 편안하고 따뜻해지는 느낌을 줍니다 우리는 자신의 삶을 탐구하고 단순하게 생각하고 기본부터 생각하도록 유도됩니다,1,0.0,0.0,0.0,0.0,0.0,0.0,0.0,0.0,0.0,0.0,0.0,0.0,0.0,0.0,0.0,0.0,0.0,0.0,0.0,0.0,0.0,0.0,0.14133822620057937,0.0,0.0,0.0,0.0,0.0,0.0,0.0,0.0,0.0,0.0,0.0,0.0,0.10207695841057891,0.0,0.0,0.0,0.0,0.0,0.0,0.08808825538152473,0.0,0.10574109650012269,0.0,0.0,0.0,0.0,0.0,0.0,0.0,0.0,0.0,0.0,0.0,0.0,0.0,0.0,0.0,0.0,0.0,0.0,0.13780289669789744,0.0,0.1199978802814154,0.0,0.0,0.0,0.0,0.0,0.0,0.14745595232107306,0.0,0.0,0.0,0.0,0.07740266919363227,0.0,0.0,0.14325615366622632,0.0,0.0,0.0,0.11371607268153354,0.0,0.0,0.0,0.0,0.0,0.0,0.0,0.0,0.0,0.0,0.0,0.0,0.0,0.0,0.27904804490350354,0.0,0.0,0.0,0.0,0.0,0.11134652876633566,0.10913333582574128,0.0,0.13168517057740375,0.0,0.18091559859344525,0.0,0.0,0.0,0.0,0.0,0.0,0.0,0.0,0.0,0.13311324123117868,0.0,0.0,0.0,0.0,0.0,0.0,0.0,0.0,0.0,0.0,0.0,0.2030067232219345,0.24619485937856642,0.0,0.0,0.0,0.11807995281576843,0.0,0.0,0.0,0.42557065007912037,0.0,0.0,0.0,0.0,0.0,0.0,0.0,0.0,0.0,0.0,0.0,0.0,0.0,0.0,0.0,0.12899936988493363,0.0,0.0,0.0,0.0,0.11211793275505735,0.0,0.0,0.0,0.0,0.0,0.0,0.0,0.0,0.0,0.0,0.0,0.0,0.0,0.0,0.0,0.0,0.0,0.0,0.10207695841057891,0.0,0.0,0.0,0.0,0.0,0.0,0.0,0.0,0.0,0.0,0.0,0.0,0.10913333582574128,0.0,0.0,0.0,0.0,0.0,0.0,0.0,0.0,0.0,0.0,0.0,0.08847174064894361,0.0,0.0,0.0,0.0,0.0,0.13311324123117868,0.13460480215114662,0.0,0.0,0.13780289669789744,0.0,0.0,0.10842689719259281,0.0,0.0,0.0,0.13460480215114662,0.0,0.0,0.0,0.23805043040421792,0.0,0.0,0.0,0.0,0.0,0.0,0.0,0.0,0.0,0.1869038278206191,0.12309742968928321,0.0,0.08885965937024641,0.0,0.0,0.0,0.0,0.0,0.0,0.0,0.0,0.0,0.0,0.0,0.0,0.0,0.0,0.0,0.0,0.0,0.0,0.0,0.13952402245175177,0.0,0.0,0.0,0.2723315249328524,0.0,0.0,0.16305719938777483,0.0,0.0,0.0,0.0,0.0,0.0,0.0,0.0,0.0,0.0,0.0,0.0,0.0,0.0,0.0,0.0,0.0,0.0,0.0,0.0,0.0,0.0,0.10150336161096725,0.0,0.0,0.0,0.0,0.0,0.0,0.0,0.0,0.0
5,2025-06-26,글쎄 나는 이 책을 나만큼 좋아할 것이라고는 기대하지 않았다 마무리는 추운 밤에 따뜻한 차를 마시는 듯한 느낌이었습니다 이 이야기는 정말 아름답고 마음이 따뜻했습니다 독고는 서울역에 산다 알코올 중독으로 인해 그는 과거를 전혀 기억하지 못하게 되었습니다 잃어버린 지갑을 찾게 되면서 그의 인생은 완전히 바뀌게 된다 현재 동네 모퉁이 가게를 운영하고 있는 염씨 부인은 지갑을 잃어 속상해 무엇을 잃어버렸을까 걱정하고 있다 그녀는 낯선 사람으로부터 지갑을 돌려달라는 의문의 전화를 받습니다 염씨는 자신의 지갑을 도난으로부터 지켜준 사람이 바로 무주택 남자라는 사실을 깨닫는다 그녀는 매일 편의점에서 그를 식사하자고 초대하고 싶은 충동을 느낀다 독고의 등장으로 동네와 주변 손님들은 이 한 남자의 영향을 받게 된다 와 내가 이 책을 얼마나 좋아했는지 어떻게 제대로 설명해야 할지 모르겠습니다 각 장은 한 인물의 이야기와 독고가 그들의 삶에 어떤 영향을 미쳤는지를 따릅니다 어떤 사람들은 보이지 않는 싸움을 하고 있는 반면 다른 사람들은 공개적으로 싸우고 있습니다 독고는 지혜와 위로의 목소리입니다 마지막 장은 이 소설을 마무리하는 완벽한 방법이었습니다 내가 다르게 했으면 좋았을 유일한 일은 오디오북을 듣는 것이었습니다 왜냐하면 스페인어와 영어를 뒤섞는 것이 아니라 고유명사 발음을 듣고 싶었기 때문입니다 이 선물을 주신 bibliolifestyle과 출판사에게 감사드립니다,1,0.0,0.0,0.0,0.12075926965229224,0.0,0.0,0.0,0.0,0.0,0.0,0.0,0.11616238978452761,0.0,0.0,0.0,0.0,0.0,0.0,0.0,0.0,0.07915593879711821,0.0,0.0,0.0,0.0,0.0,0.1147823504001403,0.0,0.0,0.0,0.0,0.0,0.0,0.0,0.19752348610729223,0.08604683729474608,0.10376626291381995,0.0,0.0,0.0,0.0,0.10033354721712189,0.0,0.0,0.08913556073366645,0.0,0.0,0.0,0.0,0.0,0.0,0.0,0.0,0.0,0.05716874469048599,0.0,0.0,0.0,0.0,0.12625101068668837,0.17407880434726508,0.0,0.0,0.0,0.0,0.0,0.0,0.06718217229207604,0.0,0.0,0.0,0.0,0.0,0.0,0.0,0.0,0.0,0.0,0.0,0.0,0.0,0.0,0.0,0.10286824474103827,0.1917163002539339,0.0,0.10115346539576434,0.0,0.12247404899756618,0.0,0.0,0.0,0.11914253268099798,0.2075325258276399,0.0,0.0,0.0,0.0,0.10469372949797956,0.0,0.0,0.0,0.11220919577094751,0.0,0.0,0.0,0.09199508427219392,0.09386071835677565,0.0,0.0,0.0,0.0,0.0,0.0,0.0,0.0,0.0,0.0,0.0,0.0,0.0,0.0,0.11100538871101812,0.0,0.0,0.0,0.0,0.0,0.0,0.0,0.25250202137337674,0.0,0.0,0.0,0.0,0.0,0.0,0.0,0.09585815012696695,0.1147823504001403,0.09451098139889205,0.0,0.0,0.0,0.0,0.0,0.0,0.0,0.0,0.0,0.10767387239444993,0.0,0.0,0.0,0.0,0.0,0.0,0.0,0.0,0.0,0.10376626291381995,0.0,0.09451098139889205,0.0,0.0,0.0,0.0,0.0,0.0,0.10874136499019435,0.0,0.0,0.0,0.0,0.0,0.0,0.11761323069918357,0.0,0.0,0.0,0.17719355758909877,0.08604683729474608,0.0,0.09953672842447008,0.0,0.0,0.0,0.0,0.09953672842447008,0.12625101068668837,0.21534774478889987,0.1147823504001403,0.0,0.0,0.0,0.0,0.0,0.0,0.0,0.0,0.0,0.0,0.0,0.0,0.0,0.08653876615610759,0.0,0.0,0.0,0.0,0.10767387239444993,0.0,0.11220919577094751,0.0,0.0,0.0,0.0,0.0,0.0,0.0,0.0,0.0,0.0,0.11346652261330356,0.0,0.12346927679719735,0.0,0.10033354721712189,0.0,0.0,0.0,0.06644103303821818,0.0,0.0,0.0,0.0,0.0,0.07877626602841308,0.0,0.0,0.0,0.0,0.21130528310254795,0.0,0.0,0.10199786232675549,0.0,0.0,0.0,0.06571881857183072,0.0,0.0,0.0,0.0,0.0,0.0,0.0,0.0,0.09800742644265564,0.0,0.0,0.0,0.0,0.40133418886848754,0.0,0.0,0.0,0.0,0.14242111921245362,0.0,0.0,0.0,0.0,0.0,0.0,0.0,0.0,0.0,0.0,0.0,0.0,0.0,0.0,0.0,0.11220919577094751,0.0,0.0,0.0,0.10376626291381995,0.0,0.0,0.0,0.0,0.0,0.0,0.0,0.0,0.0,0.0,0.0
4,2024-12-09,서울의 한 작은 슈퍼마켓에 신입사원이 시작된다 바로 노숙자 독고다 동료들은 처음에는 별로 좋아하지 않고 그가 좀 이상하다고 생각했지만 그는 금세 고객과 동료들의 마음을 사로잡습니다 그는 말을 조금 더듬지만 그가 자주 하는 말은 주변 사람들에게 도움이 되는 매우 귀중한 조언이 됩니다 그런데 독고는 어떻게 그곳까지 오게 됐고 그는 무엇을 잊으려고 하는 걸까 나는 리뷰의 대가로 박 출판사로부터 이 소설을 받았고 이 책을 정말 좋아했습니다 이렇게 번역된 소설을 통해 다른 나라의 문화와 풍습을 더 많이 알 수 있다는 점이 너무 좋아요 예를 들어 한국에서는 1월 1일이면 모든 사람이 한 살이 되며 자신이 태어난 날을 기념하지 않습니다 알고 계셨나요 각 장은 서로 다른 캐릭터 매장의 고객 직원에 대한 이야기로 구성되어 있으며 가끔 이벤트를 다양한 관점에서 볼 수 있어 읽기에 매우 생동감이 넘칩니다 이 책은 힐링소설 에 속하는데 이는 주인공들의 개인적 성장과 인물들 간의 관계를 중심으로 이야기가 전개된다는 뜻이다 그것이 이 책에 고스란히 반영되어 있어 따뜻한 느낌을 주는 놀랍도록 편안한 이야기입니다 책은 반짝이는 표지도 너무 예뻐요 적극 추천합니다,1,0.0,0.0,0.0,0.0,0.0,0.0,0.0,0.0,0.0,0.0,0.0,0.0,0.0,0.0,0.0,0.0,0.0,0.0,0.0,0.0,0.0,0.0,0.0,0.0,0.0,0.0,0.0,0.1488020693469688,0.0,0.0,0.23465426499251277,0.0,0.0,0.11823014370850965,0.0,0.3090264395240945,0.0,0.0,0.0,0.0,0.0,0.0,0.0,0.0,0.0,0.0,0.0,0.0,0.0,0.0,0.0,0.0,0.0,0.0,0.06843812888883316,0.0,0.0,0.0,0.0,0.0,0.0,0.19232177619372434,0.1067064009730528,0.0,0.0,0.12109333412492314,0.0,0.1608509052017742,0.0,0.0,0.1067064009730528,0.0,0.0,0.0,0.0,0.0,0.0,0.07810927377087208,0.0,0.0,0.0,0.13583360175598352,0.0,0.0,0.11475418025972953,0.0,0.0,0.0,0.0,0.0,0.0,0.11559029468300736,0.0,0.0,0.11644757879354727,0.0,0.0,0.0,0.12533147250350182,0.0,0.0,0.0,0.0,0.0,0.0,0.11236300491251654,0.0,0.0,0.0,0.0,0.0,0.1201117896412716,0.13906089152647433,0.1584951258542155,0.0,0.08195788214177645,0.0,0.0,0.0,0.0,0.0,0.0,0.13288731703118847,0.0,0.0,0.0,0.0,0.0,0.0,0.12889907582871044,0.0,0.0,0.0,0.0,0.0,0.0,0.0,0.0,0.11475418025972953,0.0,0.0,0.0,0.0,0.0,0.0,0.0,0.0,0.13288731703118847,0.0,0.0,0.25779815165742087,0.0,0.0,0.0,0.0,0.0,0.0,0.0,0.0,0.0,0.0,0.0,0.0,0.0,0.0,0.0,0.0,0.0,0.11160205348052929,0.0,0.11314145100450172,0.0,0.0,0.0,0.0,0.13017699781651978,0.0,0.0,0.0,0.0,0.0,0.10300881317469816,0.0,0.0,0.0,0.0,0.0,0.0,0.0,0.0,0.0,0.0,0.0,0.0,0.0,0.0,0.0,0.0,0.0,0.0,0.13740881198945273,0.0,0.0,0.0,0.09967554236722702,0.0,0.0,0.0,0.0,0.11085782761750289,0.0,0.0,0.0,0.0,0.0,0.0,0.0,0.0,0.0,0.0,0.0,0.0,0.0,0.0,0.0,0.0,0.0,0.0,0.10803445015532068,0.0,0.0,0.0,0.0,0.12109333412492314,0.0,0.0,0.0,0.0,0.12422117914354697,0.0,0.08967085416103474,0.0,0.12647941001816515,0.0,0.0,0.0,0.0,0.0,0.1488020693469688,0.07867363539625342,0.0,0.11314145100450172,0.0,0.0,0.14456393096839013,0.0,0.0,0.11732713249625638,0.11732713249625638,0.0,0.0,0.13017699781651978,0.0,0.0,0.0,0.0,0.12533147250350182,0.16454573931333058,0.08524793544028854,0.0,0.0,0.0,0.0,0.12533147250350182,0.0,0.0,0.0,0.12889907582871044,0.0,0.0,0.0,0.11314145100450172,0.0,0.0,0.0,0.0,0.0,0.0,0.0,0.2383157960164319,0.0,0.0,0.0,0.0,0.0,0.0,0.0,0.0,0.0,0.0
4,2025-03-13,그녀가 가게에 들어서자 문 위의 벨이 짤랑거렸다 따뜻한 공기가 그녀를 강타했고 바깥의 추운 추위를 견뎌낸 후 기분 좋은 편안함을 느꼈습니다 조용했고 안에는 다른 손님도 없었습니다 그녀는 마실 따뜻한 것을 찾으려고 분주했고 이 짧은 휴식 후에 어떻게든 새로 뒤집힌 자신의 삶을 어떻게 해야 할지 알아낼 수 있기를 바랐습니다 세컨드 찬스 편의점 The Second Chance Convenience Store 은 현대 소설을 번역한 작품이다 편의점 주인과 그녀의 직원 일부 고객의 이야기가 나옵니다 그들 모두는 인생에서 일종의 어려움을 겪고 있으며 모두 두 번째 기회를 얻습니다 이 이야기는 정말 달콤한 작은 읽기였습니다 각 캐릭터의 이야기에는 가슴 아픈 아픔과 슬픔이 있었지만 두 번째 기회를 얻고 어두운 터널 끝에서 빛을 얻는 모습은 마음이 따뜻해졌습니다 이야기는 여러 사람의 이야기를 따르지만 그 중심에는 전생에 대한 기억이 없는 노숙자 독고가 있다 그의 캐릭터가 성장하고 각 캐릭터에 영향을 미치는 것을 보면서 미소가 지어졌습니다 확실히 이걸 집어들어서 기뻐요 기분 좋은 이야기 Eddie Winston is Looking for Love 또는 The Reading List와 같은 책 캐릭터의 일상생활 추적 두 번째 기회 이 책을 꼭 읽어보세요 CW 죽음 알코올 남용 중독 우울증 슬픔 신체적 폭력 자살 충동 치매,1,0.0,0.292485699475991,0.0,0.0,0.1350455429325611,0.0,0.0,0.0,0.0,0.0,0.0,0.0,0.0,0.0,0.11530924457664093,0.0,0.0,0.0,0.0,0.1546410838248266,0.0,0.0,0.0,0.14207760232720779,0.0,0.0,0.0,0.0,0.0,0.0,0.0,0.0,0.0,0.0,0.11619672506400804,0.0,0.0,0.0,0.0,0.0,0.0,0.0,0.0,0.0,0.10487117707481225,0.0,0.25848663143505546,0.0,0.0,0.12102817125755692,0.0,0.23609201782418665,0.0,0.0,0.0,0.0,0.0,0.0,0.0,0.0,0.0,0.0,0.10487117707481225,0.0,0.0,0.0,0.0,0.07904222993294954,0.0,0.0,0.0,0.0,0.0,0.0,0.0,0.0,0.0,0.07676588663953476,0.0,0.0,0.0,0.0,0.0,0.12102817125755692,0.0,0.0,0.0,0.0,0.0,0.0,0.0,0.0,0.0,0.0,0.0,0.0,0.0,0.0,0.24635183880451458,0.0,0.0,0.0,0.0,0.0,0.0,0.0,0.10823550885093182,0.0,0.0,0.0,0.0,0.0,0.0,0.0,0.12430411374930007,0.0,0.0,0.0,0.0,0.0,0.0,0.0,0.0,0.0,0.0,0.2620906913420302,0.0,0.0,0.0,0.0,0.0,0.0,0.0,0.0,0.0,0.0,0.0,0.11710852308698688,0.0,0.0,0.0,0.10551738273831548,0.0,0.0,0.0,0.0,0.0,0.0,0.0,0.0,0.12668216416957098,0.0,0.0,0.0,0.0,0.0,0.0,0.0,0.0,0.0,0.0,0.0,0.0,0.0,0.0,0.0,0.0,0.0,0.0,0.0,0.0,0.0,0.0,0.0,0.0,0.0,0.13837617491237916,0.0,0.0,0.0,0.0,0.10123718341356187,0.13837617491237916,0.0,0.12793810741055045,0.0,0.0,0.1366692086554114,0.0,0.0,0.12668216416957098,0.0,0.0,0.0,0.0,0.0,0.0,0.0,0.0,0.0,0.0,0.0,0.0,0.10617638538178951,0.09796124092181871,0.2036319106469736,0.08774389416040777,0.0,0.0,0.0,0.0,0.0,0.0,0.13349742445215315,0.0,0.0,0.0,0.0,0.0,0.0,0.0,0.0,0.0,0.0,0.0,0.0,0.0,0.11804600891209333,0.0,0.0,0.0,0.0,0.0,0.1190106719914696,0.0,0.0,0.0,0.09268309612863539,0.0,0.0,0.08812862152052489,0.0,0.0,0.0,0.0,0.0,0.0,0.0,0.0,0.0773205419124133,0.0,0.0,0.0,0.0,0.0,0.1802438891613573,0.0,0.0,0.0,0.0,0.0,0.0,0.0,0.0,0.0,0.0,0.0,0.0,0.08378177177092072,0.0,0.0,0.0,0.0,0.0,0.0,0.0,0.0,0.0,0.12668216416957098,0.14207760232720779,0.261203624680282,0.0,0.0,0.21103476547663097,0.0,0.0,0.0,0.0,0.0,0.0,0.0,0.0,0.0,0.0,0.0,0.0,0.12430411374930007,0.0,0.0,0.0
3,2025-03-20,염씨는 서울역 근처 동네에서 작은 24시간 가게를 운영하는 전직 교사이다 어느 날 그녀는 지갑 통장 기타 개인적이고 중요한 소지품을 보관해 두었던 케이스를 잃었습니다 자신의 사건을 주장하는 사람의 전화를 받은 염씨는 사건을 찾으러 서울역으로 곧장 달려가는데 그곳에서 사건을 발견한 사람이 바로 노숙자 독고임을 알게 된다 전직 교사는 그에게 부탁에 보답하고 감사의 마음을 전하기 위해 배가 고플 때마다 주저하지 말고 가게에 들러야 한다 가게에서는 항상 따뜻한 음식을 제공해 줄 것이기 때문이다 일련의 사건을 거쳐 독고는 염씨 부인의 야간 근무를 하게 된다 독고는 가게를 찾는 사람들의 문제를 무의식적으로 해결해 주고 이는 결국 남자에게 자신이 남긴 과거와 기억하지 못했던 역사를 기억하게 만들 것이다 매우 흥미롭고 빠르게 읽히는 짧은 소설입니다 쓰여진 방식이 꽤 마음에 들어서 꽤 흥미를 끌었지만 마지막 줄거리 반전이 조금 이상해 보였기 때문에 이야기에 대한 연결이 끝나지 않은 것 같습니다,0,0.13966557335200228,0.0,0.0,0.31020233441206685,0.1474245130247502,0.0,0.0,0.0,0.0,0.0,0.0,0.0,0.1425734471963291,0.0,0.0,0.0,0.0,0.0,0.0,0.0,0.0,0.0,0.0,0.0,0.12138830891378798,0.0,0.0,0.0,0.0,0.0,0.0,0.0,0.0,0.0,0.12684791541907203,0.0,0.0,0.0,0.0,0.0,0.0,0.0,0.0,0.13569846911286124,0.0,0.1530246575348926,0.0,0.0,0.0,0.0,0.0,0.0,0.0,0.0,0.0,0.0,0.0,0.0,0.0,0.0,0.0,0.0,0.11448420936266836,0.0,0.0,0.0,0.0,0.0,0.0,0.0,0.0,0.0,0.0,0.0,0.0,0.0,0.0,0.08380264323420246,0.0,0.0,0.0,0.0,0.0,0.0,0.24623717936872333,0.0,0.0,0.0,0.0,0.0,0.0,0.0,0.0,0.2665512724759364,0.0,0.0,0.0,0.0,0.13446685866057762,0.0,0.0,0.10694087286843172,0.0,0.0,0.09883428433268023,0.12055312204065102,0.0,0.12055312204065102,0.0,0.0,0.0,0.0,0.0,0.08502390206112748,0.0,0.0,0.0,0.0,0.0,0.1332756362379682,0.0,0.0,0.1425734471963291,0.0,0.14919701231134808,0.0,0.0,0.0,0.0,0.0,0.0,0.0,0.1098960809591295,0.0,0.0,0.0,0.0,0.12784329354555868,0.12311858968436167,0.0,0.0,0.0,0.0,0.0,0.0,0.0,0.0,0.0,0.0,0.0,0.0,0.0,0.0,0.1530246575348926,0.0,0.0,0.0,0.0,0.0,0.0,0.0,0.0,0.0,0.0,0.0,0.0,0.0,0.0,0.0,0.0,0.0,0.0,0.13966557335200228,0.0,0.1510604478881062,0.0,0.0,0.1310043323792145,0.0,0.14109042377559658,0.0,0.0,0.0,0.0,0.0,0.0,0.0,0.0,0.12784329354555868,0.3243093333510413,0.0,0.0,0.0,0.0,0.0,0.1510604478881062,0.0,0.10637762082691685,0.0,0.0,0.1474245130247502,0.0,0.0,0.0,0.0,0.0,0.0,0.15510116720603342,0.0,0.0,0.0,0.0,0.0,0.0,0.0,0.0,0.0,0.0,0.0,0.0,0.0,0.0,0.0,0.0,0.0,0.0,0.0,0.0,0.0,0.0,0.0,0.0,0.0,0.0,0.0,0.0,0.0,0.1011789061354922,0.1332756362379682,0.0,0.09620694492445406,0.0,0.0,0.0,0.0,0.0,0.0,0.0,0.0,0.0,0.0,0.12138830891378798,0.0,0.0,0.0,0.0,0.14919701231134808,0.0,0.0,0.0,0.0,0.0,0.14109042377559658,0.0,0.1474245130247502,0.0,0.0,0.0,0.0,0.0,0.0,0.0,0.0,0.0,0.0,0.0,0.0,0.0,0.0,0.0,0.0,0.0,0.0,0.0,0.0,0.0,0.0,0.0,0.0,0.0,0.0,0.0,0.0,0.0,0.13446685866057762,0.0,0.0,0.0,0.0,0.0
5,2025-04-29,이 책은 포옹이자 우리가 살고 있는 사회에 눈을 뜨게 해주는 책이다 이는 작가가 다양한 등장인물의 이야기를 통해 현재의 많은 문제를 부각시키는 동시에 독자에게 개선에 대한 강한 희망을 심어주기 때문에 가능합니다 줄거리는 주인공인 독코와 작품의 제목이 된 편의점이라는 두 가지 요소를 중심으로 전개됩니다 Dokko는 아마도 우리 중 누구도 한 번 이상 쳐다보지 않을 사람입니다 실제로 우리는 그를 두려워할 수도 있습니다 당당하고 위협적인 외모를 가진 노숙자이며 알코올 중독으로 인해 말하고 기억하는 데 문제가 있습니다 그러나 염여사는 그의 선한 마음에 보답하고 그가 다시 일어설 수 있도록 도와준다 시간이 지나면서 Dokko는 청소를 하고 다시 사람들과 교류하기 시작하며 자신의 일에 누구보다 열정을 갖게 됩니다 다시 살아나세요 그리고 자신의 과거와 정체성을 기억하는 것입니다 각 장은 편의점과 연결된 누군가의 이야기에 초점을 맞춥니다 고객 직원 직원의 친척 지나가는 사람 모든 사람은 각자의 생각과 문제를 가지고 있으며 Dokko는 거의 몸짓과 말을 사용하지 않고 이를 해결하기 위해 위로와 유용한 제안을 제공합니다 확실히 그는 이상한 사람이지만 조금씩 사람들은 그를 좋아하고 감사하게 된다 간단히 말해서 이 책은 편견을 강조하고 우리를 두 번째 기회 앞에 놓습니다 우리는 많은 화두에 대해 이야기하고 부활과 도덕적 윤리적 성장에 대해 이야기합니다 마지막에는 코로나19 시대의 한 단면이 있기 때문에 우리도 현대사로 투사되는 우리 자신을 발견하게 된다 결국 도코에게 무슨 일이 일어날지는 정확히 알 수 없지만 과거의 잘못을 기억하고 인식하며 그로부터 시작하여 자신을 구원하고자 하는 도코의 결말은 왠지 마음을 훈훈하게 만든다 다루는 주제에는 우울증 사회 기대의 압박 알코올 중독 기능 장애 빈곤 편견 폭력 목적 및 영감 상실 부패 의료 과실 등이 있습니다,1,0.0,0.0,0.0,0.0,0.0,0.0,0.0,0.0,0.11454813390577662,0.10196532545137343,0.0,0.0,0.0,0.0,0.0,0.11313510308960038,0.0,0.0,0.0,0.0,0.0,0.07327529030487899,0.0,0.0,0.0920479480793805,0.0,0.0,0.0,0.0,0.0,0.09545327291134263,0.0,0.0,0.0,0.0,0.08380438647941645,0.0,0.0,0.0,0.10106202940343836,0.0,0.19543754615947675,0.0723197704284826,0.0,0.0868126152643589,0.0,0.0,0.0,0.0,0.10018741431724355,0.0,0.0,0.0,0.0,0.0,0.0,0.0,0.0,0.0,0.0,0.0,0.0,0.0,0.0,0.0,0.0,0.0,0.0,0.0,0.2885637942472272,0.0868126152643589,0.0,0.0,0.0,0.0,0.0,0.0,0.06354698753415562,0.16666693596395177,0.0,0.0,0.0,0.0,0.0,0.0,0.0,0.0,0.0,0.0,0.11313510308960038,0.0,0.0,0.0,0.20212405880687673,0.0947376986205659,0.0,0.0,0.0,0.0,0.0,0.0,0.16218510664561916,0.0,0.0,0.07494538110073246,0.09141463142291657,0.0,0.0,0.0,0.0,0.14853029499269216,0.0,0.11313510308960038,0.0,0.0,0.06667808140256269,0.0,0.11313510308960038,0.12106018644580739,0.20212405880687673,0.0,0.0,0.0,0.0,0.0,0.0723197704284826,0.0,0.0,0.11050949241735053,0.0,0.12296080629624946,0.0,0.0,0.0,0.0,0.11179102865802251,0.0,0.0,0.0,0.0,0.0,0.0,0.0,0.0,0.0,0.0,0.0,0.0,0.0,0.0,0.0,0.0,0.0,0.0,0.0947376986205659,0.0,0.0,0.10590747625879286,0.0,0.0,0.0,0.0,0.0,0.0,0.0,0.11050949241735053,0.0,0.0,0.09079554781314648,0.0,0.0,0.0,0.0,0.11179102865802251,0.0,0.0,0.22909626781155323,0.0,0.0,0.0,0.0,0.0,0.0,0.0,0.0,0.0,0.0,0.0,0.0,0.0,0.0,0.0,0.19867942955824716,0.09404024209516643,0.17919523457079264,0.0,0.0,0.08066544304228175,0.0,0.0,0.11179102865802251,0.0,0.0,0.0,0.0,0.0,0.0726346088411895,0.11761218451582403,0.0,0.0,0.0,0.0,0.10928493253879491,0.0,0.0,0.10196532545137343,0.0,0.0,0.0,0.0,0.0,0.0,0.0,0.0,0.0,0.06012578333124956,0.0,0.0,0.0,0.0,0.11454813390577662,0.19412857645494744,0.0,0.09851732352139007,0.0,0.0,0.2139758617350465,0.15344658446972467,0.0,0.0,0.0,0.0,0.1028992474738504,0.0,0.0,0.0,0.0,0.0,0.0,0.0,0.0,0.0,0.0,0.0,0.0,0.0,0.0,0.0,0.0,0.0,0.0,0.10590747625879286,0.0,0.0,0.0,0.0,0.0,0.13386868857103565,0.0,0.0,0.0,0.11454813390577662,0.0,0.0,0.0,0.11313510308960038,0.0,0.0,0.0,0.0,0.0,0.0920479480793805,0.0,0.0,0.0,0.0,0.0,0.0,0.10106202940343836,0.09694272003522361,0.0,0.0,0.0,0.0,0.0,0.0,0.1028992474738504,0.0,0.0,0.0
3,2025-06-11,3 5 하루 24시간 일주일 내내 단 하나의 생각에 빠져 있다면 어떻게 될까요 그리고 그 생각이 괴로운 기억에 싸여 있다면 어떨까요 ARC에 대해 솔직한 리뷰를 제공해주신 Harper Perennial에게 감사드립니다 저는 이 작품의 시놉시스를 읽으면서 정말 흥미로웠습니다 독특하고 흥미롭지만 매우 간단하고 요점이 명확합니다 핵심은 두 번째 기회에 관한 것이며 캐릭터는 내부 투쟁을 드러내고 이를 극복하기 위해 노력합니다 편의점을 운영하는 염씨는 잃어버린 지갑을 지켜준 노숙인에게 친절하다 그녀는 그에게 먹이를 주고 일자리를 제공하는데 이는 그녀의 다른 직원들의 억울함을 훨씬 더 크게 만듭니다 그러나 그는 훨씬 더 많은 것으로 밝혀졌습니다 그는 다른 직원뿐만 아니라 매장을 찾는 고객에게도 귀를 기울이고 배려하며 도움을 주고 있습니다 나는 두 번째 기회에 초점을 맞추고 사람들이 보이는 것과는 다르다는 것을 좋아했습니다 특히 지금은 이런 이야기가 중요하다 우리는 다른 사람들이 어떤 일을 겪고 있는지 모르고 가능할 때 그들에게 은혜를 베풀어야 한다는 점을 상기시켜 주는 것입니다 이 책에 등장하는 인물들은 결함이 있고 자랑스럽지 않은 일을 저질렀지만 이 남자와 이야기를 나누면 그 일을 헤쳐 나가는 데 도움이 됩니다 그냥 뭔가 빠진 것 같은 느낌이에요 책이 매우 짧고 꼭 나쁜 것은 아니지만 다소 해결되지 않은 느낌이 드는 부분이 있습니다 결말 자체는 약간 갑작스러운 느낌이 들고 노숙자에 대한 통찰력을 제공하지만 서두르는 느낌이 듭니다 좀 더 캐릭터 개발과 세부 사항을 개선했다면 정말 도움이 됐을 거라 생각합니다,0,0.10021800037898075,0.0,0.0,0.0,0.0,0.0,0.0,0.0,0.0,0.0,0.0,0.1070573504801863,0.0,0.0,0.09032540929809636,0.0,0.0,0.11455668891078995,0.07673616468566465,0.06056764677482026,0.0,0.06933885435622963,0.0,0.11129391775494238,0.0,0.0,0.0,0.0,0.0,0.0940030668756068,0.0,0.0,0.0,0.0,0.09102060107183335,0.1586046298644967,0.0,0.0,0.0,0.09563285670508519,0.0,0.0,0.06843466614669456,0.09737137723055694,0.0,0.0,0.0,0.0,0.0,0.0,0.0,0.0,0.0,0.0,0.052687744701141244,0.0,0.0,0.0,0.0,0.0,0.0,0.0,0.0,0.0,0.0,0.0,0.2752045246406158,0.18574889975406755,0.10839447159640497,0.0,0.0,0.0,0.0,0.0,0.0,0.0,0.0,0.06013316760772448,0.07885669473788506,0.0,0.11129391775494238,0.20914558148662354,0.0,0.0,0.0,0.0,0.0,0.0,0.0,0.0,0.0,0.0,0.0,0.0,0.08964827651127578,0.0,0.0,0.0,0.0,0.0,0.0,0.0,0.0,0.0,0.0,0.0,0.0,0.0,0.0,0.11129391775494238,0.07027553523933537,0.0,0.0,0.12201898069052444,0.0,0.0,0.0,0.0,0.0,0.0,0.0,0.0,0.0,0.0,0.0,0.13686933229338913,0.0,0.0,0.0,0.0,0.0,0.0,0.0,0.19126571341017037,0.0,0.0,0.0,0.0,0.0,0.0,0.0,0.0,0.0,0.0,0.0,0.0,0.09737137723055694,0.0,0.0,0.0,0.0,0.0,0.0,0.0,0.0,0.0,0.0,0.0,0.0,0.0,0.0,0.0,0.0871030225756878,0.0,0.0,0.0,0.0,0.0,0.0,0.0,0.0,0.0,0.2004360007579615,0.0,0.0,0.0,0.0,0.0,0.10021800037898075,0.0,0.0816523869422577,0.07930231493224835,0.0,0.0,0.0,0.0,0.0,0.0,0.0,0.11635520519708553,0.0,0.0,0.0,0.0,0.0847843264730626,0.10839447159640497,0.0,0.07633199927857658,0.0,0.0,0.10578548132938057,0.0,0.10021800037898075,0.0,0.07673616468566465,0.0,0.0687325910645434,0.0,0.0,0.0,0.0,0.0,0.0,0.0,0.2948584286963308,0.0,0.1070573504801863,0.0,0.0,0.0,0.0,0.0,0.0,0.10457279074331177,0.08771641903107195,0.0,0.09923417997747558,0.0,0.0,0.2291133778215799,0.0,0.12246650526787949,0.0,0.0,0.0,0.0,0.0,0.0,0.0,0.0,0.0,0.0,0.0,0.0,0.09480522698397326,0.0,0.0,0.11287428928228185,0.0,0.12113529354964052,0.0,0.0,0.0,0.0,0.11129391775494238,0.0,0.2141147009603726,0.09032540929809636,0.0,0.0,0.0,0.0,0.0,0.09246920409668137,0.10578548132938057,0.0,0.09648762661248134,0.0,0.0,0.0,0.0871030225756878,0.0,0.0,0.0,0.0,0.1070573504801863,0.0,0.09923417997747558,0.0,0.0,0.0,0.0,0.0940030668756068,0.0,0.0,0.0,0.10839447159640497,0.0,0.0,0.0,0.0,0.0,0.0,0.0,0.0,0.0,0.0,0.2291133778215799,0.0,0.0
4,2025-09-30,두 번째 기회 편의점은 친절과 공동체의 조용한 힘을 조명하는 따뜻하고 진심 어린 소설입니다 김호연은 아픈 과거를 가진 남자 독고가 염씨 부인의 작은 동네 가게에서 일하면서 서서히 새로운 목적을 찾아가는 과정을 따라 단순하면서도 심오한 이야기를 만들어낸다 이 두 캐릭터의 관계는 부드럽고 감동적이며 상점이 지역사회의 안전한 안식처가 되는 방식은 이 책의 매력을 더해줍니다 가장 눈에 띄는 것은 작은 관대함이라도 진정한 변화를 촉발할 수 있다는 소설의 메시지입니다 이야기는 동정심 유머 지혜의 순간으로 가득 차 있으며 마지막 페이지 이후에도 희망의 느낌을 남깁니다 즉 천천히 움직이는 스트레칭으로 인해 속도가 고르지 않게 느껴질 수 있으며 일부 사이드 캐릭터를 더 깊이 탐색할 수 있었습니다 독고의 과거를 둘러싼 미스터리도 예상보다 조금 더 예측 가능하게 펼쳐진다 그럼에도 불구하고 이것은 감동적이고 희망적인 책에 대한 사소한 문제입니다 아늑한 캐릭터 중심 소설의 팬이라면 The Second Chance Convenience Store가 편안함과 감동을 선사할 것입니다 이는 두 번째 기회가 가능하며 커뮤니티가 인생을 바꿀 수 있다는 사실을 일깨워줍니다 솔직한 후기를 대가로 사본을 보내주신 팬싱님께 감사드립니다,1,0.0,0.14968412281613566,0.0,0.0,0.0,0.1434739532464357,0.14163233551260757,0.10421180925143995,0.0,0.0,0.14968412281613566,0.13988520225235782,0.0,0.0,0.0,0.0,0.0,0.0,0.10026638870640728,0.0,0.0,0.09060078193662285,0.0,0.0,0.0,0.0,0.2764466593793041,0.0,0.0,0.0,0.0,0.0,0.0,0.0,0.0,0.0,0.0,0.0,0.0,0.0,0.0,0.0,0.0,0.0,0.0,0.0,0.0,0.0,0.0,0.12387611211888,0.14542086204056318,0.0,0.0,0.0,0.0,0.0,0.0,0.0,0.0,0.0,0.0,0.0,0.0,0.0,0.0,0.12181113862809047,0.0,0.0,0.0,0.0,0.0,0.0,0.0,0.0,0.0,0.0,0.0,0.07857228182046481,0.0,0.0,0.0,0.0,0.0,0.12387611211888,0.0,0.0,0.12181113862809047,0.0,0.14748583553135272,0.0,0.0,0.11627547883988511,0.0,0.0,0.0,0.0,0.0,0.1434739532464357,0.0,0.0,0.0,0.0,0.0,0.0,0.0,0.0,0.0,0.11302905867590876,0.0,0.0,0.0,0.0,0.0,0.0,0.0,0.0,0.0,0.0,0.0,0.0,0.0,0.14748583553135272,0.0,0.0,0.0,0.17883867052687208,0.14542086204056318,0.12082377584687932,0.0,0.0,0.0,0.0,0.0,0.0,0.0,0.0,0.0,0.0,0.0,0.13822332968965206,0.0,0.0,0.0,0.0,0.0,0.11986422983396298,0.0,0.0,0.0,0.0,0.0,0.2869479064928714,0.0,0.1434739532464357,0.0,0.0,0.0,0.0,0.0,0.0,0.0,0.13988520225235782,0.0,0.0,0.0,0.0,0.0,0.0,0.0,0.0,0.0,0.0,0.0,0.0,0.0,0.0,0.0,0.0,0.0,0.0,0.0,0.0,0.0,0.0,0.0,0.0,0.0,0.0,0.11986422983396298,0.0,0.0,0.0,0.0,0.0,0.0,0.0,0.0,0.0,0.13663878208838148,0.0,0.13822332968965206,0.0,0.0,0.0,0.0,0.10421180925143995,0.08980861528206506,0.0,0.0,0.0,0.0,0.0,0.13512468255955346,0.13663878208838148,0.0,0.0,0.0,0.0,0.0,0.0,0.0,0.0,0.0,0.0,0.0,0.0,0.0,0.0,0.2173496911217804,0.0,0.0,0.0,0.13663878208838148,0.24362227725618094,0.0,0.0,0.0,0.0,0.0,0.0,0.18040479149481042,0.0,0.0,0.0,0.0,0.0,0.0,0.0,0.0,0.0,0.0,0.11381211915987793,0.0,0.0,0.0,0.0,0.0,0.0,0.0,0.0,0.0,0.0,0.0,0.0,0.0,0.0,0.12607439940366294,0.0,0.0,0.11627547883988511,0.0,0.0,0.0,0.0,0.14968412281613566,0.0,0.0,0.12966315039774085,0.0,0.0,0.13367503268265785,0.0,0.0,0.0,0.0,0.14968412281613566,0.0,0.0,0.0,0.0,0.0,0.0,0.0,0.0,0.0,0.0,0.0,0.0,0.0,0.0
4,2024-02-26,뉘앙스와 디테일이 가득한 매우 감동적인 이야기입니다 책 초반에는 아주 재치 있는 꼬마 아가씨인 사장 염여사님의 시끄러운 생각 으로 책 초반부터 아주 재미있게 읽었습니다 내러티브 전반에 걸쳐 우리는 많은 개인 및 가족 갈등을 겪었고 팬데믹 기간 동안 이야기의 맥락화는 만족스러운 현실감을 제공했습니다 그러나 등장인물과의 연관성은 다소 복잡한 문제였으며 염부인과 독고 자신을 제외하면 다른 인물들은 줄거리에서 덜 매력적인 진화를 보였습니다 독고의 관점에서 서술된 결말은 이야기의 하이라이트인 감동적이었지만 이 부분에서는 좀 더 발전이 부족한 느낌이 들었습니다 결말에서 필연적으로 발생하는 몇 가지 질문에 대답하기에도 독고가 실현한 해피 엔딩 도 놓쳤습니다 자신이 파괴되고 희망이 없을 때에도 다른 사람들의 삶에 긍정적인 변화를 가져온 독고는 그럴 자격이 있었습니다 이야기 전반에 걸쳐 펼쳐지는 상황이기 때문에 중요한 결과 몇 가지를 정말 놓쳤습니다 책의 어떤 부분에서는 이야기가 조금 질질 끌린다는 느낌이 들었지만 결말에 영향을 미칠 만한 것은 전혀 없었고 감동적이었습니다,1,0.0,0.0,0.0,0.0,0.0,0.0,0.0,0.0,0.17009093955667234,0.0,0.0,0.0,0.0,0.0,0.0,0.0,0.0,0.0,0.12041321072128486,0.0,0.0,0.0,0.0,0.0,0.0,0.0,0.0,0.1797605962957979,0.0,0.0,0.0,0.0,0.0,0.0,0.0,0.0,0.0,0.0,0.0,0.15006560952686115,0.0,0.0,0.0,0.0,0.0,0.0,0.0,0.0,0.0,0.0,0.0,0.0,0.0,0.0,0.0,0.0,0.0,0.0,0.0,0.0,0.0,0.0,0.0,0.0,0.0,0.0,0.28789780805218496,0.19431621321319212,0.17009093955667234,0.0,0.0,0.0,0.0,0.0,0.0,0.0,0.0,0.0,0.0,0.0,0.0,0.0,0.17009093955667234,0.14876690568342985,0.13862898521138523,0.0,0.1462870109620952,0.0,0.0,0.0,0.16227568464975034,0.0,0.0,0.0,0.0,0.14394890402609248,0.0,0.0,0.0,0.0,0.0,0.12041321072128486,0.0,0.0,0.0,0.0,0.0,0.0,0.0,0.0,0.11027529024924027,0.0,0.0,0.09573515495640417,0.0,0.0,0.0,0.0,0.0,0.0,0.0,0.0,0.0,0.0,0.0,0.0,0.17464070592424016,0.0,0.0,0.0,0.0,0.0,0.12374071390136672,0.0,0.0,0.0,0.0,0.0,0.0,0.0,0.136680724855493,0.0,0.0,0.0,0.0,0.0,0.0,0.0,0.0,0.0,0.0,0.0,0.0,0.0,0.0,0.0,0.0,0.0,0.0,0.0,0.0,0.0,0.0,0.0,0.0,0.0,0.0,0.2950163367300544,0.0,0.0,0.0,0.0,0.0,0.0,0.0,0.0,0.0,0.0,0.0,0.0,0.128127671158039,0.0,0.0,0.0,0.0,0.0,0.0,0.0,0.0,0.0,0.1557167506784963,0.0,0.0,0.0,0.13304226255355586,0.0,0.0,0.0,0.0,0.0,0.0,0.0,0.0,0.13051120367906838,0.12041321072128486,0.0,0.0,0.0,0.30281380266730584,0.13392198968760535,0.0,0.0,0.0,0.0,0.0,0.0,0.0,0.0,0.0,0.0,0.15279366922641005,0.0,0.0,0.0,0.0,0.08927994398237342,0.0,0.0,0.0,0.0,0.0,0.0,0.1640940166747684,0.0,0.0,0.0,0.15886489864121336,0.0,0.15006560952686115,0.0,0.0,0.0,0.0,0.16227568464975034,0.0,0.1475081683650272,0.0,0.0,0.0,0.09504182081374259,0.0,0.136680724855493,0.0,0.0,0.0,0.0,0.0,0.0,0.0,0.0,0.0,0.0,0.15886489864121336,0.0,0.0,0.0,0.0,0.0,0.0,0.1396390546812491,0.0,0.0,0.0,0.0,0.0,0.0,0.0,0.0,0.0,0.0,0.0,0.0,0.0,0.0,0.0,0.0,0.0,0.0,0.0,0.0,0.0,0.0,0.0,0.0,0.0,0.0,0.0,0.0,0.0,0.0
4,2025-05-12,두번째 찬스 편의점 은 요즘 유행하는 번역 소설 속 수많은 포근한 소설에서 찾아볼 수 있는 검증된 공식을 따른 작품이다 주인공은 어려움에 직면하지만 친절한 낯선 사람의 도움으로 인생을 바꾸는 동시에 자신도 모르게 상호 작용하는 사람들의 인생을 바꾸는 데 도움을 줍니다 각 장은 마지막까지 완전하고 얽힌 이야기를 전달하는 다양한 POV에서 전달됩니다 책이 이런 원형을 따른다는 사실은 결코 나쁜 것이 아닙니다 저는 이런 유형의 스토리텔링을 좋아하고 이 책을 즐겨 읽었기 때문입니다 나는 한국의 치유 소설 이 자기 관리와 삶에 대한 조언을 매우 엄격하게 다루는 경우가 많다는 것을 알았지만 이 이야기는 대부분의 이야기보다 더 미묘하다는 것을 알았습니다 단 책 전체에서 배웠어야 할 교훈이 있고 놓쳤을 경우를 대비해 매우 명시적으로 언급된 마지막 페이지를 제외하고는 말이죠 하지만 저에게 더 불쾌한 점은 이야기의 마지막 몇 페이지 중 얼마나 많은 부분이 코로나19에 초점을 맞추고 있는지였습니다 이 책은 팬데믹이 유행할 무렵에 쓰여졌지만 너무 얽매인 듯한 느낌이 들어서 이야기에서 빠져나왔습니다 나는 192페이지에서 책을 끝내면 훨씬 더 강력한 결말을 만들 수 있었을 것이라고 생각합니다 모든 줄거리는 이 시점에서 깔끔하게 함께 묶여 있으며 실제 완전한 원의 순간으로 끝날 것입니다 결말이 약간 거슬림에도 불구하고 나는 이 책을 즐겼고 쉽고 마음이 따뜻해지지만 다른 힐링 소설과는 조금 다른 것을 원하는 아늑한 소설 팬에게 추천하고 싶습니다 이 ARC를 읽을 기회를 주신 Pan Macmillan과 NetGalley에게 감사드립니다,1,0.0,0.0,0.0,0.0,0.0,0.0,0.0,0.0,0.0,0.0,0.0,0.1287355317968038,0.0,0.0,0.0,0.0,0.0,0.0,0.0,0.21849620364032438,0.08772359018116173,0.0833793686252529,0.0,0.0,0.0,0.0,0.0,0.0,0.0,0.0,0.0,0.0,0.0,0.0,0.0,0.0,0.0,0.0,0.0,0.0,0.0,0.0,0.0,0.0,0.0,0.0,0.0,0.0,0.0,0.0,0.0,0.11119341279062028,0.0,0.0,0.1900696627420546,0.0,0.0,0.0,0.0,0.13991612113682275,0.0,0.08902088093434755,0.0,0.0,0.0,0.0,0.11031034821861901,0.1489076230839887,0.0,0.0,0.09878338276562616,0.0,0.0,0.0,0.0,0.0,0.0,0.07230961046471507,0.0,0.0,0.13382996705661906,0.0,0.0,0.0,0.0,0.0,0.0,0.0,0.0,0.1287355317968038,0.0,0.0,0.0,0.0,0.0,0.0,0.0,0.0,0.0,0.0,0.0,0.0,0.12435445342386248,0.0,0.0,0.0,0.10195241436097,0.20803996052255763,0.0,0.0,0.08450571923144348,0.0,0.0,0.14672676185280523,0.0,0.07587245721384353,0.0,0.0,0.0,0.0,0.0,0.0,0.0,0.0,0.0,0.0,0.0,0.11119341279062028,0.0,0.0,0.0,0.0,0.09482448881171106,0.0,0.0,0.0,0.0,0.11031034821861901,0.0,0.0,0.10474062623533241,0.0,0.0,0.0,0.13382996705661906,0.0,0.11708823330055129,0.0,0.33630623091436607,0.0,0.0,0.0,0.0,0.0,0.0,0.1287355317968038,0.0,0.0,0.0,0.12574787034644253,0.0,0.1287355317968038,0.0,0.12574787034644253,0.0,0.0,0.0,0.0,0.0,0.0,0.0,0.0,0.0,0.0,0.0,0.0,0.0,0.0,0.12051127285078989,0.0,0.0,0.0,0.0,0.11031034821861901,0.0,0.0,0.0,0.0,0.0,0.0,0.0,0.0,0.0,0.0,0.0,0.0,0.0,0.0,0.0,0.0,0.0,0.0,0.24102254570157977,0.0,0.0,0.09590551729187691,0.08265034229577584,0.0,0.11602553087719203,0.0,0.0,0.0,0.0,0.0,0.0,0.0,0.0,0.0,0.0,0.0,0.0,0.0,0.1287355317968038,0.0,0.10547823013204725,0.06841664947896547,0.0,0.0,0.0,0.0,0.0,0.0,0.0,0.11210207697145536,0.0,0.0,0.0,0.0,0.0,0.0,0.0,0.0,0.11708823330055129,0.0,0.11400245997267885,0.0,0.1287355317968038,0.0,0.0,0.0,0.0,0.10474062623533241,0.0,0.0,0.0,0.0,0.0,0.0,0.0,0.0,0.13034340829665242,0.0,0.0,0.0,0.0,0.0,0.0,0.07616405670521345,0.23675466588093538,0.0,0.10474062623533241,0.0,0.0,0.0,0.0,0.1287355317968038,0.13203823830378272,0.0,0.0,0.0,0.0,0.0,0.0,0.09939207605184358,0.0,0.0,0.0,0.0,0.0,0.0,0.09482448881171106,0.0,0.11119341279062028,0.0,0.0,0.0,0.0,0.13775342096235574,0.0,0.12720612021721095
5,2025-07-28,나는 소설을 좋아했고 한국 또는 일반적으로 아시아 소설 은 매우 부드럽고 그것이 나에게 매우 멋지다고 생각합니다 설명은 많지만 동시에 정보도 거의 없습니다 일부 사항은 귀하의 언어로 되어 있기 때문에 잘 이해하지 못하지만 전반적으로 귀하가 읽고 있는 내용을 알고 있는 것과 같습니다 등장인물들은 나에게 많은 다정함을 전해준다 특히 염 여사님은 자비로운 영혼과도 같다 그는 회사에 대해 생각하지 않고 경제적으로 말하면 필요하다고 생각하는 사람들에게 일을 제안합니다 그는 나에게 매우 좋은 사람인 것 같습니다 그리고 나는 또한 Dogko를 많이 좋아합니다 소설은 사랑스럽고 어떤 면에서는 매우 중요한 것들 친절 이타주의 선함 타인에 대한 배려에 대해 이야기합니다 모르겠어요 나는 깨닫지 못한 채 많은 것을 가르쳐 주는 소설 중 하나라고 생각합니다 작가는 우리에게 마음을 감동시키는 매우 아름다운 장면을 제공한다고 생각합니다 결말이 좀 가혹하긴 하지만 아름다운 이야기라고 생각했어요 독고의 이야기는 매우 어렵지만 마지막 페이지를 쓰는 낙관적인 태도로 우리에게 계속해서 꿈을 추구하고 선을 행하려고 노력할 수 있는 신선한 공기를 줍니다 비록 실수를 했더라도 소설이 정말 좋았습니다 24시간 매장이 주는 힘,1,0.10920364186097031,0.0,0.0,0.0,0.0,0.0,0.0,0.0,0.0,0.0,0.0,0.0,0.22295458061481804,0.0,0.0,0.11665621461426275,0.0,0.0,0.0,0.06599819974203415,0.0,0.0,0.0,0.0,0.0,0.0,0.0,0.0,0.0,0.0,0.0,0.0,0.0,0.09918159496129263,0.0,0.17282527222372032,0.0,0.0,0.0,0.0,0.0,0.0,0.07457058357279019,0.0,0.0,0.0,0.0,0.0,0.0,0.0,0.0,0.0,0.0,0.0,0.17223533440243388,0.0,0.2701982085216863,0.0,0.0,0.0,0.0,0.0,0.0,0.0,0.0,0.0,0.0,0.0,0.0,0.0,0.0,0.0,0.0,0.0,0.0,0.0,0.0,0.0655247647584967,0.1718541223718526,0.0,0.0,0.0,0.0,0.0,0.0,0.0,0.10158348489621401,0.0,0.0,0.11665621461426275,0.0,0.0,0.0,0.0,0.0,0.0,0.0,0.0,0.0,0.0,0.0,0.08361640238708369,0.0,0.11031772353213122,0.0,0.09425973522744549,0.0,0.09425973522744549,0.0,0.0,0.15315301348746446,0.10076008111473818,0.0,0.3988779565700671,0.0,0.0,0.1212726365508693,0.0,0.0,0.0,0.0,0.0,0.0,0.0,0.0,0.0,0.0,0.0,0.0,0.10813161118409384,0.0,0.0,0.0,0.0,0.0,0.0,0.0,0.0,0.0,0.0,0.0,0.0,0.0,0.0,0.0,0.0,0.31830536329954634,0.0,0.20316696979242801,0.10158348489621401,0.10813161118409384,0.0,0.11527030846253976,0.0,0.0,0.0,0.0,0.0,0.0,0.0,0.0,0.0,0.0,0.0,0.1911623136157689,0.0,0.11811322328484196,0.0,0.09362138383629225,0.0,0.0,0.0,0.0,0.0,0.0,0.10920364186097031,0.0,0.0,0.0,0.0,0.08897341781931854,0.0,0.0,0.0,0.0,0.10330555404173898,0.0,0.0,0.0,0.0,0.0,0.0,0.0,0.0,0.0,0.0,0.0,0.0,0.0,0.0,0.0,0.0,0.0,0.0,0.0,0.08690665624120139,0.0,0.0,0.0,0.0,0.0,0.0,0.0,0.1139488868821008,0.10709857219686972,0.0,0.0,0.10420738983287456,0.0,0.0,0.0,0.0,0.0,0.0,0.0,0.18599124655199054,0.0,0.0,0.0,0.0,0.0,0.0,0.0,0.0,0.0,0.0,0.0,0.0,0.0,0.0,0.0,0.0,0.0,0.0,0.0,0.0,0.0,0.0,0.0,0.06599819974203415,0.0,0.0,0.0,0.11268621494297978,0.0,0.07692504414045327,0.0,0.19684814326037328,0.0,0.0,0.11811322328484196,0.0,0.11031772353213122,0.0,0.0,0.0,0.0,0.0,0.0,0.0,0.0,0.0,0.0,0.0,0.0,0.0,0.0,0.0,0.0,0.0,0.0,0.0,0.10243147149311553,0.0,0.0,0.0,0.0,0.0,0.0,0.0,0.0859270611859263,0.08844245952943854,0.0,0.0,0.0,0.0,0.0,0.0,0.0,0.0
5,2024-04-08,정말 훌륭하고 현실적이며 정직한 책입니다 정말 아름답게 완성되었습니다 24시간 매장에 관련된 모든 사람으로부터 다양한 관점을 얻고 자신과 동료 인간 세상에 대해 생각하도록 끊임없이 격려하는 방법입니다 나에게 휴식과 완벽함을 준 오오오오 신비로운 독고의 관점을 얻은 것은 마지막에야였다 하하 설교하지 않고도 단순히 거대한 인간적이고 철학적입니다 매우 간단하지만 강력하게 작성되었습니다 읽기가 매우 쉽고 확실히 모든 연령대에 인기가 있습니다 3 정말 훌륭하고 현실적이며 정직한 책입니다 24시간 매장에 참여하는 모든 사람의 다양한 관점을 얻는 것은 믿을 수 없을 만큼 훌륭하며 매번 자신과 다른 사람 세상에 대해 생각하게 만듭니다 마지막에 신비한 독고의 관점을 얻는 것은 나에게 휴식을 주고 나를 온전하게 만들었습니다 3 어떤 식으로든 가식이나 설교가 없는 거대하고 인간적이고 철학적인 이야기 그러니 매우 간단하면서도 강력하게 작성하세요 매우 읽기 쉽고 모든 연령층이 읽을 수 있는 최고의 책입니다 3,1,0.2259122133896508,0.0,0.0,0.0,0.0,0.0,0.0,0.0,0.0,0.0,0.0,0.0,0.0,0.0,0.0,0.0,0.0,0.0,0.259468908962693,0.0,0.0,0.0,0.0,0.0,0.0,0.0,0.0,0.0,0.5164691981991315,0.0,0.0,0.0,0.0,0.0,0.0,0.0,0.0,0.0,0.0,0.0,0.0,0.0,0.0,0.0,0.0,0.0,0.0,0.0,0.0,0.0,0.0,0.0,0.0,0.0,0.0,0.10029905342803326,0.18632185490286537,0.0,0.0,0.0,0.0,0.0,0.0,0.0,0.0,0.0,0.0,0.06978610781737182,0.0,0.0,0.1851807894712932,0.0,0.0,0.0,0.0,0.0,0.0,0.0,0.17775938834800395,0.0,0.0,0.0,0.0,0.0,0.0,0.0,0.21014821049608132,0.0,0.0,0.0,0.0,0.0,0.0,0.0,0.0,0.0,0.0,0.0,0.0,0.0,0.0,0.0,0.0,0.0,0.0,0.0,0.0,0.0,0.0,0.12543981720721945,0.0,0.0,0.0,0.2750561565697225,0.0,0.28446325956101004,0.0,0.0,0.0,0.0,0.0,0.0,0.0,0.0,0.0,0.0,0.0,0.0,0.0,0.0,0.0,0.0,0.0,0.0,0.0,0.0,0.0,0.1033947046460393,0.0,0.0,0.0,0.0,0.0,0.0,0.0,0.0,0.0,0.0,0.0,0.0,0.0,0.0,0.0,0.0,0.0,0.24132953077442412,0.0,0.0,0.0,0.0,0.0,0.0,0.0,0.0,0.0,0.0,0.0,0.0,0.0,0.0,0.0,0.0,0.0,0.0,0.0,0.0,0.0,0.0,0.0,0.0,0.09203072997324786,0.0,0.0,0.0,0.1129561066948254,0.0,0.0,0.0,0.0,0.0,0.0,0.0,0.0,0.0,0.0,0.0,0.0,0.0,0.0,0.0,0.0,0.0,0.0,0.09374275857599006,0.0,0.0,0.0,0.0,0.0,0.0,0.0,0.0,0.0,0.0,0.0,0.0,0.0,0.0,0.09886552465119686,0.0,0.0,0.0,0.12066476538721206,0.0,0.0,0.06412743119738647,0.0,0.0,0.0,0.0,0.0,0.06901624250767995,0.0,0.0,0.0,0.0,0.0,0.0,0.0,0.0,0.0,0.0,0.0,0.0,0.0,0.0,0.0,0.0,0.0,0.20479810649223437,0.0,0.0,0.0,0.0,0.0,0.0,0.12066476538721206,0.0,0.0,0.0,0.0,0.0,0.0,0.0,0.0,0.0,0.0,0.0,0.0,0.0,0.0,0.0,0.2866822544131139,0.0,0.0,0.0,0.0,0.0,0.0,0.0,0.0,0.0,0.0,0.0,0.0,0.0,0.0,0.0,0.0,0.0,0.0,0.0,0.0,0.0,0.0,0.0,0.10974766642603753,0.0,0.0,0.0
3,2025-06-25,인생은 항상 편안하고 편리하기로 되어 있지 않습니다 김호연의 The Second Chance Convenience Store의 고급 독자용 사본에 액세스할 수 있도록 허락해주신 Net Galley Harper Perennial에게 특별히 감사드립니다 ARC를 받는 것은 절대적인 특권이며 그 대가로 솔직한 리뷰를 공유할 수 있어서 정말 영광입니다 출판일 2025년 6월 17일 리뷰 5 06 17 25 이 책은 50 도 읽기도 전에 눈물을 흘렸습니다 나는 행복한 순간과 긍정적인 캐릭터 성장에 대해 읽는 것을 좋아합니다 부인 염 편의점 주인 은 정말 다정한 여자라서 사랑하고 존경하기 쉽습니다 하지만 여러 캐릭터 관점 중에서 저는 마지막 캐릭터 관점이 가장 마음에 들었습니다 작은 방법이라도 캐릭터들의 상호작용으로 인해 발생하는 모든 반성과 기회를 읽는 것은 정말 마음이 따뜻해졌습니다 하나의 작은 사건 훔친 지갑을 돌려주는 것 이 결국 훨씬 더 큰 영향을 미칠 수 있는 나비효과처럼 느껴졌습니다 이 책은 겉모습이 전부가 아니며 때로는 정확하지도 않다는 사실을 일깨워주는 역할을 했습니다 희망을 갖는다는 메시지도 마음에 들었고 몇 년이 지나도 자신을 위해서라도 변화하기에 너무 늦지 않았다는 점을 좋아했습니다,0,0.0,0.15947238379290166,0.0,0.0,0.0,0.0,0.0,0.11102650921174924,0.0,0.0,0.0,0.1490326845682723,0.0,0.0,0.0,0.0,0.0,0.0,0.2136461732946439,0.0843151727214183,0.0,0.0,0.0,0.0,0.12125461007806357,0.0,0.0,0.0,0.0,0.0,0.0,0.0,0.0,0.0,0.0,0.0,0.0,0.0,0.0,0.0,0.0,0.0,0.0,0.0,0.0,0.0,0.0,0.0,0.0,0.0,0.0,0.1287247784912295,0.0,0.0,0.07334569743636699,0.0,0.0,0.0,0.0,0.0,0.0,0.10305640317872002,0.0,0.0,0.0,0.0,0.0,0.0,0.0,0.0,0.0,0.0,0.0,0.0,0.0,0.0,0.0,0.0,0.10977503982916906,0.0,0.0,0.0,0.0,0.0,0.0,0.0,0.0,0.0,0.0,0.0,0.0,0.0,0.0,0.0,0.0,0.12770248509658066,0.0,0.0,0.0,0.0,0.1257404388586533,0.0,0.0,0.0,0.19745085365041087,0.0,0.11802679336746619,0.12042034309180492,0.0,0.0,0.0,0.0,0.0,0.0,0.0,0.08783492657814318,0.0,0.0,0.0,0.0,0.0,0.0,0.0,0.0,0.0,0.0,0.0,0.0,0.0,0.0,0.0,0.0,0.0,0.0,0.0,0.0,0.0,0.0,0.0,0.14726213753797537,0.0,0.0,0.0,0.0,0.0,0.0,0.0,0.0,0.0,0.0,0.0,0.0,0.0,0.0,0.0,0.0,0.0,0.0,0.0,0.0,0.0,0.0,0.0,0.0,0.0,0.0,0.0,0.0,0.0,0.0,0.12125461007806357,0.0,0.0,0.0,0.0,0.0,0.0,0.0,0.0,0.0,0.0,0.0,0.0,0.0,0.0,0.0,0.0,0.1490326845682723,0.0,0.0,0.13814218432121003,0.0,0.0,0.0,0.0,0.0,0.0,0.0,0.0,0.0,0.0,0.0,0.0,0.0,0.0,0.0,0.0,0.0,0.0,0.0,0.13814218432121003,0.0,0.1439608612564766,0.0,0.0,0.0,0.0,0.0,0.0,0.23452557174390262,0.0,0.0,0.0,0.0,0.0,0.07920359514349606,0.0,0.0,0.0,0.0,0.15089406773018676,0.0,0.0,0.0,0.0,0.0,0.1409350247461558,0.0,0.0,0.0,0.19220196241306028,0.0,0.0,0.0,0.13197671551885537,0.0,0.0,0.1571303443903888,0.0,0.25294551816425487,0.0,0.0,0.0,0.1439608612564766,0.1549303365415279,0.0,0.0,0.0,0.0,0.15285611396811408,0.0,0.0,0.0,0.1287247784912295,0.0,0.0,0.0,0.17634500250178634,0.0,0.0,0.0,0.0,0.0,0.0,0.0,0.0,0.0,0.4144265529636301,0.0,0.0,0.0,0.0,0.0,0.11506277802309042,0.0,0.0,0.0,0.0,0.0,0.0,0.10977503982916906,0.0,0.0,0.0,0.13431875492136822,0.0,0.0,0.15947238379290166,0.0,0.0
4,2024-02-21,따뜻하고 신나는 염부인의 놀라운 가게 는 희망적인 읽기이다 이 소설은 한국에서 백만 부 이상 팔린 베스트셀러 소설이었으며 진정한 국제적 성공을 거두었습니다 이 책은 알코올 중독으로 치매에 걸린 노숙자 독고의 이야기를 담고 있다 독고는 편의점 주인인 염씨 부인의 지갑을 구해 주면서 두 번째 기회 를 얻게 된다 독고는 매장에서 야간 근무를 하게 되면서 염씨뿐만 아니라 직원 고객 등 많은 사람들과 재회하게 된다 이 만남은 그로 하여금 자신의 과거를 천천히 기억하게 만들기도 했다 책의 절반은 자신의 삶의 문제를 안고 있는 다양한 인물의 관점에서 이야기됩니다 마지막 장에서 독고 자신의 관점에서 이야기가 쓰여졌고 우리는 그에 대해 더 많은 것을 알게 될 것입니다 독고가 겪은 모든 변화 때문에 정말 마음에 들었습니다 그는 또한 주변 사람들에 대한 자신의 견해를 마침내 받아들이고 바꿀 수 있을 때까지 상처 심각한 상처를 입었습니다 당신이 다른 사람들의 말을 잘 들어줌으로써 탈출구를 찾도록 도울 수 있다면 당신도 자신의 문제에 대한 해결책을 찾을 수 있을 것입니다 결론적으로 주변 사람들에게 감사하는 법을 의심할 여지 없이 가르쳐 줄 감정으로 가득 찬 감동적인 책입니다,1,0.0,0.0,0.11208811458828427,0.0,0.0,0.0,0.11748631820353596,0.0,0.0,0.0,0.0,0.0,0.0,0.0,0.0,0.0,0.0,0.0,0.0,0.06564790359716009,0.0,0.15030963455584231,0.0,0.0,0.0,0.0,0.11465849261255143,0.248330812586625,0.0,0.0,0.0,0.0,0.0,0.0,0.0,0.08595398703632923,0.0,0.0,0.0,0.0,0.0,0.0,0.0,0.0,0.0,0.11901396996683364,0.0,0.0,0.0,0.10275724306558591,0.0,0.0,0.0,0.0,0.0,0.0,0.0,0.0,0.0,0.0,0.0,0.0,0.08903937753729978,0.0,0.11334408469138181,0.0,0.0,0.06710967826144762,0.0,0.0,0.08903937753729978,0.0,0.1241654062933125,0.0,0.0,0.0,0.11901396996683364,0.13035396289310372,0.08547098937803702,0.0,0.0,0.0,0.11748631820353596,0.10275724306558591,0.19150942561936338,0.0,0.10104431408123567,0.0,0.0,0.0,0.0,0.0,0.0,0.20730858443410569,0.0,0.09942932167662503,0.0,0.11901396996683364,0.0,0.0,0.0,0.08317259477537729,0.0,0.10973219432958274,0.0768677462622714,0.0,0.0,0.0937594364011732,0.0,0.0,0.15234012903894617,0.0,0.11603704284268863,0.0,0.0,0.06838838854683167,0.0,0.0,0.0,0.10365429221705284,0.11208811458828427,0.12234189135579454,0.0,0.0,0.0,0.07417478811096458,0.0,0.0,0.11334408469138181,0.10755768512724892,0.0,0.0,0.08547098937803702,0.0,0.0,0.0,0.0,0.0,0.0,0.0,0.0,0.0,0.09645239455248002,0.0,0.0,0.0,0.0,0.0,0.0,0.10104431408123567,0.0,0.0,0.0,0.0,0.0,0.0,0.0,0.0,0.0,0.0,0.0,0.0,0.09440899776623328,0.0,0.0,0.0,0.0,0.0,0.0,0.0,0.0,0.0,0.0,0.0,0.11748631820353596,0.0,0.11748631820353596,0.10188779985179706,0.0,0.0,0.0,0.0,0.0,0.0,0.0,0.0,0.11334408469138181,0.0,0.09942932167662503,0.0,0.0,0.0,0.0,0.0,0.09189581545980871,0.0,0.0,0.0,0.0,0.0,0.0,0.0,0.0,0.0,0.08317259477537729,0.0,0.07449770219674448,0.0,0.0,0.0,0.0,0.0,0.0,0.0,0.0,0.0,0.0,0.0,0.0,0.0,0.0,0.0,0.0,0.0,0.0,0.06166802261923022,0.0,0.10022528064882166,0.0,0.1241654062933125,0.0,0.0,0.0,0.0,0.23802793993366728,0.0,0.0,0.3934563059989468,0.0,0.0,0.0,0.0,0.0,0.0,0.0,0.0,0.0,0.0,0.0,0.06564790359716009,0.0,0.0,0.0,0.0,0.0,0.0,0.0,0.0,0.19580333982665465,0.0,0.0,0.0,0.0,0.10022528064882166,0.0,0.12062896237144427,0.0,0.06865122462790993,0.0,0.09645239455248002,0.0,0.0,0.09189581545980871,0.0,0.1241654062933125,0.0,0.0,0.0,0.0,0.0,0.0,0.0,0.0,0.08958802924165092,0.0,0.0,0.0,0.0,0.0,0.0,0.0,0.0,0.0,0.0,0.0,0.0,0.0,0.0,0.0,0.0
4,2024-07-05,이 책은 8장 400페이지로 구성되어 있습니다 각 장은 고유한 중심 성격을 갖고 있지만 여전히 장들 사이에서 상호 연결되어 있습니다 이 이야기는 역에서 가방을 분실 한 엄마가 독고라는 노숙자에게 발견되면서 시작된다 인생을 바꾸는 만남이 있다 는 독고의 인생에 딱 맞는 표현이다 각 장은 모든 사람이 자신의 삶에서 어려움을 겪는다는 이야기를 담고 있습니다 문제는 우리뿐만이 아닙니다 하지만 너무나 훈훈한 전달을 통해 우리의 하소연을 들어주는 친구가 있는 것 같은 기분이 들었고 우리는 혼자가 아니라는 생각이 들었습니다 제가 가장 좋아하는 장은 Always 장입니다 이 장에서는 독고의 삶을 이야기하는 데 중점을 두고 있다 제가 정말 좋아하는 문장이 있습니다 그의 에너지가 부럽습니다 자신이 하고 싶은 일을 결코 지치지 않습니다 그래서 그를 지탱해주는 힘이 무엇인지 물었습니다 그는 인생은 끊임없는 문제 해결의 연속이라고 대답했습니다 이 책은 독서 습관을 다시 시작하고 싶은 나에게 정말 딱 맞는 책이다,1,0.0,0.0,0.0,0.0,0.0,0.0,0.0,0.1025006814386427,0.0,0.0,0.0,0.0,0.0,0.0,0.11608471489295501,0.0,0.0,0.0,0.0,0.0,0.0,0.0,0.0,0.0,0.0,0.0,0.0,0.0,0.0,0.0,0.0,0.0,0.0,0.0,0.0,0.10191801720908884,0.0,0.0,0.13930677346519782,0.0,0.0,0.1188398843399202,0.0,0.0,0.10557644997081479,0.0,0.0,0.13930677346519782,0.0,0.0,0.0,0.0,0.0,0.0,0.0,0.0,0.10622700145509001,0.0,0.0,0.0,0.0,0.0,0.0,0.0,0.0,0.0,0.0,0.0,0.0,0.11697816380702361,0.0,0.0,0.14722635274646087,0.0,0.0,0.0,0.0,0.0,0.0,0.0,0.0,0.0,0.0,0.0,0.0,0.0,0.2396220698188046,0.0,0.0,0.0,0.0,0.0,0.0,0.0,0.0,0.11789609379543065,0.0,0.0,0.0,0.0,0.0,0.0,0.0,0.0,0.0,0.0,0.0,0.0,0.0,0.0,0.0,0.0,0.0,0.0,0.0,0.08109000176887557,0.0,0.0,0.0,0.0,0.0,0.0,0.0,0.0,0.0,0.0,0.0,0.0,0.0,0.0,0.0,0.0,0.0,0.0,0.0,0.0,0.0,0.0,0.11353900853794849,0.0,0.0,0.10622700145509001,0.0,0.0,0.14303309348164506,0.0,0.0,0.0,0.0,0.0,0.0,0.0,0.0,0.0,0.0,0.0,0.0,0.0,0.0,0.0,0.24581151618966654,0.0,0.0,0.13439521274611962,0.0,0.0,0.0,0.0,0.0,0.0,0.11194335703083765,0.0,0.0,0.0,0.0,0.0,0.0,0.0,0.0,0.0,0.0,0.0,0.13930677346519782,0.0,0.0,0.0,0.0,0.0,0.0,0.0,0.0,0.0,0.0,0.0,0.10896340733464151,0.0,0.0,0.0,0.0,0.0,0.0,0.0,0.0,0.0,0.0,0.1025006814386427,0.08833398375477654,0.0,0.0,0.0,0.12753411891336114,0.0,0.0,0.0,0.12631571741544506,0.0,0.0,0.0,0.0,0.0,0.0,0.0,0.0,0.0,0.0,0.07312147821485859,0.0,0.2376797686798404,0.0,0.0,0.0,0.3147838345473842,0.0,0.0,0.0,0.11194335703083765,0.0,0.09330640252645044,0.12290575809483327,0.0,0.0,0.0,0.37542022734399483,0.0,0.0,0.0,0.0,0.0,0.0,0.15568106609709867,0.23216942978591001,0.0,0.24368420426362492,0.0,0.0,0.0,0.0,0.0,0.0,0.0,0.0,0.0,0.0,0.0,0.0,0.0,0.0,0.1628033075439558,0.0,0.0,0.0,0.13930677346519782,0.0,0.0,0.0,0.0,0.0,0.0,0.0,0.0,0.0,0.11194335703083765,0.0,0.0,0.0,0.0,0.0,0.0,0.12290575809483327,0.0,0.10134531354114881,0.0,0.0,0.0,0.0,0.0,0.0,0.0,0.0,0.0
3,2025-02-02,염씨 부인이 훔친 가방을 찾아 돌려주는 대가로 동네 가게에 출근하는 노숙자 독고의 이야기를 읽었다 당신은 지역 상점의 동료들과 그를 상대하는 다양한 고객들 그리고 그가 그들의 삶에 미친 영향에 대해 읽었고 마지막에는 독고 자신과 그가 어떻게 노숙자가 되었는지에 대해서도 더 많이 읽었습니다 읽기에 좋은 책이라고 생각했는데 읽기 쉽고 스토리가 명확해서 따라가기 쉽습니다 각 장은 다른 사람에 관한 이야기인데 정말 즐거웠습니다 챕터가 공개적으로 끝나는 경우가 많았던 점은 아쉽지만 제 생각에는 좀 더 길고 깊이가 더 있었으면 좋았을 것 같습니다 마지막 장은 독고 자신에 대한 이야기인데 마침내 그가 어떻게 노숙자가 되었는지 그리고 그가 이전에 누구였는지 알게 되어 즐거웠습니다 제가 아쉬웠던 점은 이게 된 것 같은 느낌이었는데 갑자기 너무 빨리 일어난 일이더라고요 또한 이번 장에서는 모든 장의 내용을 하나로 연결하려는 시도가 이루어졌다는 느낌을 받았는데 이는 깊이가 상실된 것을 의미하며 안타깝다고 생각했습니다 표지에서 알 수 있듯이 전체적으로 좋은 이야기이고 정말 기분이 좋지만 때로는 깊이가 부족하다는 느낌이 듭니다,0,0.0,0.0,0.0,0.0,0.13146561915486576,0.0,0.0,0.0,0.0,0.0,0.0,0.0,0.1271396874654233,0.0,0.11225251054837207,0.0,0.0,0.0,0.0,0.07527085081942576,0.0,0.0,0.0,0.0,0.0,0.0,0.0,0.0,0.0,0.11682294426376617,0.4490100421934883,0.0,0.0,0.0,0.0,0.0,0.11884837654740386,0.0,0.0,0.0,0.0,0.11491672596806107,0.1700952842218242,0.0,0.0,0.0,0.0,0.13470795937502716,0.0,0.0,0.0,0.0,0.0,0.0,0.0,0.0,0.0,0.0,0.0,0.0,0.0,0.09200174653359287,0.10209114589235034,0.26609248621054743,0.0,0.11585581678329349,0.1140040919649672,0.07694689859335595,0.0,0.0,0.10209114589235034,0.0,0.0,0.0,0.0,0.0,0.0,0.07473089890925497,0.09799968831207673,0.0,0.0,0.0,0.26941591875005433,0.0,0.0,0.0,0.11585581678329349,0.0,0.14027528296587943,0.0,0.0,0.0,0.0,0.0,0.0,0.0,0.0,0.0,0.0,0.0,0.11225251054837207,0.0,0.0,0.12581720324466797,0.0,0.0,0.0,0.1075030909375672,0.0,0.0,0.0,0.11491672596806107,0.0,0.0,0.0,0.07841304763785602,0.0,0.0,0.0,0.0,0.0,0.0,0.0,0.0,0.0,0.0,0.0,0.0,0.0,0.0,0.0,0.0,0.0,0.0,0.0,0.0,0.0,0.0,0.0,0.0,0.1082478677534047,0.0,0.0,0.0,0.0,0.0,0.0,0.0,0.0,0.0,0.0,0.0,0.0,0.0,0.0,0.13304624310527371,0.0,0.0,0.0,0.0,0.0,0.0,0.0,0.0,0.0,0.0,0.0,0.0,0.0,0.0,0.0,0.0,0.0,0.0,0.13470795937502716,0.0,0.0,0.0,0.0,0.0,0.0,0.1971069716177891,0.0,0.0,0.0,0.0,0.0,0.0,0.1140040919649672,0.0,0.0,0.0,0.0,0.0,0.0,0.0,0.0,0.0,0.0,0.0,0.13146561915486576,0.0,0.0,0.0,0.0,0.0,0.08541789030843844,0.0,0.0,0.0,0.0,0.0,0.0,0.0,0.0,0.0,0.0,0.0,0.10901017032821068,0.0,0.12100893463554963,0.0,0.0,0.0,0.0,0.0,0.0,0.0,0.0,0.0,0.0,0.0,0.0,0.0,0.0,0.0,0.0,0.0,0.0,0.0,0.0,0.0,0.24201786927109925,0.0,0.0,0.0,0.26609248621054743,0.0,0.0,0.15054170163885153,0.11225251054837207,0.0,0.0,0.0,0.0,0.17546580192810995,0.0,0.0,0.0,0.0,0.0,0.0,0.0,0.0,0.0,0.0,0.0,0.0,0.0,0.0,0.0,0.0,0.0,0.0,0.0,0.0,0.0,0.0,0.0,0.0,0.0,0.0,0.0,0.0,0.0,0.0,0.0,0.0,0.0,0.0,0.0,0.0,0.0,0.0,0.0,0.0,0.0,0.0,0.0,0.0
4,2025-06-03,그래서 제가 그녀에게 물었습니다 그녀는 인생의 모든 것이 문제 해결에 관한 것이라고 대답했습니다 그리고 만약 그녀가 정말로 문제를 해결해야 한다면 그녀는 그것이 적어도 좋은 문제였으면 좋겠다고 말했습니다 우리는 강에 빠지도록 창조된 것이 아니라 강을 건너도록 창조되었습니다 처음에는 정확한 교훈도 없이 일상생활을 이야기하는 무의미한 책인 줄 알았습니다 읽기 시작했을 때도 그런 것 같았고 읽기 힘들고 비슷한 한국 이름이 너무 많아서 조금 지루하기도 했습니다 하지만 책 중반부로 갈수록 나는 그 책이 마음에 들기 시작했다 처음에 생각했던 것만큼 명확하지 않기 때문이다 주인공은 자신이 과거에 실수를 저질렀다는 사실을 깨닫고 오랫동안 노숙 생활을 한 후 자신을 발전시키기로 결심합니다 나는 과거에 당신에게 상처를 주었지만 지금은 그것을 인정하고 변화하기로 결정한 사람을 용서하는 것이 가능한지 궁금했고 지금도 여전히 궁금합니다 내 리뷰를 작성함으로써 나는 내 의심에 대한 답을 찾은 것 같습니다 용서는 가능하지만 이전 채권을 재건하는 것은 아닙니다 그러나 분명히 모든 것은 상황에 따라 다릅니다 솔직히 이 리뷰를 다시 읽으면 더 이상 의미가 없습니다 왜냐하면 모든 것이 단절되어 있고 제가 쓰고 싶은 것을 완전히 표현하지 못하기 때문입니다 하지만 그대로 두겠습니다,1,0.0,0.0,0.0,0.0,0.0,0.0,0.0,0.0,0.0,0.0,0.0,0.0,0.13533105921576483,0.0,0.0,0.0,0.0,0.0,0.20301706781086984,0.0801204106486026,0.38600854120765715,0.0,0.0,0.0,0.0,0.0,0.0,0.0,0.0,0.12434962758752519,0.0,0.0,0.11142884791213004,0.12040434660554909,0.24080869321109818,0.0,0.0,0.0,0.1433869406983912,0.12650555467668873,0.13993570257534915,0.0,0.09052710227719529,0.0,0.0,0.0,0.0,0.0,0.0,0.0,0.0,0.0,0.0,0.0,0.2090900323714962,0.0,0.0,0.0,0.0,0.0,0.0,0.09792924661292338,0.0,0.0,0.0,0.0,0.0,0.0,0.0,0.12040434660554909,0.0,0.0,0.0,0.0,0.0,0.0,0.0,0.07954567064895567,0.0,0.0,0.0,0.0,0.0,0.0,0.0,0.0,0.0,0.0,0.0,0.0,0.0,0.0,0.0,0.0,0.0,0.0,0.0,0.0,0.0,0.0,0.0,0.0,0.13679866800848545,0.0,0.0938137405568606,0.0,0.0,0.0,0.0,0.0,0.0,0.0,0.0,0.0,0.0,0.2503951599547519,0.0,0.0,0.0,0.12650555467668873,0.0,0.0,0.0,0.0,0.0,0.0,0.0,0.0,0.0,0.0,0.0,0.0,0.0,0.0,0.0,0.0,0.13533105921576483,0.0,0.0,0.13993570257534915,0.0,0.0,0.0,0.0,0.0,0.0,0.0,0.0,0.0,0.0,0.0,0.0,0.0,0.0,0.0,0.0,0.0,0.0,0.0,0.0,0.12650555467668873,0.0,0.11522207497088813,0.1383315248844649,0.0,0.0,0.0,0.0,0.0,0.0,0.0,0.0,0.0,0.0,0.0,0.0,0.0,0.0,0.0,0.0,0.0,0.0,0.0,0.0,0.0,0.12541074520906972,0.1383315248844649,0.0,0.0,0.0,0.0,0.13993570257534915,0.0,0.0,0.11215484528963067,0.0,0.0,0.0,0.0,0.0,0.0,0.0,0.0,0.0,0.0,0.0,0.0,0.0,0.0,0.0,0.0,0.14722240119992264,0.0,0.0,0.0,0.0,0.0,0.0,0.23206698254342872,0.0,0.0,0.0,0.0,0.0,0.11603349127171436,0.0,0.0,0.0,0.0,0.0,0.0,0.0,0.0,0.0,0.0,0.0,0.13392336981555586,0.0,0.12650555467668873,0.0,0.0,0.0,0.0,0.0,0.0,0.0,0.0,0.0,0.0,0.0,0.23896945878951278,0.11522207497088813,0.0,0.0,0.0,0.09338536732494573,0.0,0.0,0.0,0.0,0.0,0.0,0.0,0.0,0.0,0.0,0.0,0.0,0.0,0.0,0.11522207497088813,0.0,0.0,0.12763626586719048,0.0,0.0,0.0,0.0,0.0,0.0,0.0,0.0,0.0,0.0,0.0,0.0,0.0,0.0,0.0,0.0,0.20862724907507688,0.10736726462188544,0.0,0.0,0.0,0.0,0.0,0.0,0.0,0.0
4,2025-07-14,루카스는 나에게 이 책을 추천했고 다행히도 나는 이 책이 매우 섬세하고 읽기 좋은 아시아 풍습과 어떤 미스터리가 혼합되어 있다는 점에서 마음에 들었다 왜냐하면 이야기의 주인공이 실제로 누구인지 알아내기 위해 소설을 읽는 동안 소설을 쓰게 되기 때문이다 또한 가게에서 일어나는 작은 이야기들은 성찰로 가득 차 있고 우리를 선에 더 가까이 다가가게 하고 대화와 평온을 통해 우리가 어떻게 훨씬 더 나아갈 수 있는지 보여 준다 요즘은 분명히 한국 사회를 좀 더 구체적으로 반영하는 책이라는 점도 마음에 들었지만 글로벌화된 세상에서 사실은 많은 부분을 쉽게 공감하게 되었고 팬데믹과 코로나의 존재도 이야기의 배경이 되는 곳을 분명 방문한 것처럼 이야기를 더 잘 이해하고 파고들게 해준 것도 좋았습니다 편의점처럼 한국 여행에서 이런 멋진 가게에 들어갔더라면 좋았을 텐데요,1,0.0,0.0,0.0,0.0,0.17360689280353497,0.18020161485965175,0.17788856442728526,0.0,0.0,0.0,0.0,0.0,0.0,0.0,0.0,0.0,0.0,0.0,0.0,0.0,0.0,0.0,0.18020161485965175,0.0,0.0,0.0,0.0,0.0,0.0,0.0,0.0,0.0,0.0,0.0,0.0,0.0,0.0,0.0,0.0,0.0,0.0,0.0,0.0,0.0,0.0,0.0,0.0,0.0,0.0,0.0,0.0,0.0,0.0,0.0,0.08646702299260225,0.0,0.1356471643281719,0.0,0.0,0.0,0.0,0.0,0.0,0.0,0.0,0.0,0.0,0.0,0.0,0.0,0.0,0.0,0.0,0.0,0.0,0.0,0.0,0.0,0.0,0.0,0.0,0.0,0.0,0.0,0.0,0.0,0.0,0.0,0.0,0.0,0.16971502808461347,0.14604064766750335,0.0,0.0,0.0,0.0,0.0,0.0,0.0,0.0,0.0,0.0,0.0,0.16614787848682344,0.23277421988264743,0.0,0.0,0.0,0.0,0.0,0.11533073499016977,0.0,0.0,0.10012402380048102,0.0,0.0,0.0,0.0,0.0,0.0,0.0,0.0,0.0,0.0,0.0,0.0,0.0,0.0,0.0,0.0,0.0,0.0,0.0,0.0,0.0,0.0,0.0,0.0,0.0,0.0,0.0,0.0,0.0,0.0,0.0,0.0,0.0,0.0,0.0,0.0,0.3257108145522332,0.0,0.0,0.0,0.0,0.0,0.0,0.16446997669373103,0.0,0.0,0.0,0.0,0.0,0.0,0.0,0.0,0.17788856442728526,0.0,0.0,0.0,0.0,0.0,0.0,0.0,0.0,0.0,0.0,0.0,0.0,0.0,0.13400153791331523,0.13014478276700228,0.0,0.0,0.0,0.0,0.0,0.0,0.0,0.0,0.0,0.0,0.0,0.14604064766750335,0.0,0.0,0.0,0.12527013206069185,0.0,0.0,0.0,0.0,0.16446997669373103,0.0,0.0,0.0,0.11279857518346711,0.0,0.31669595562029557,0.0,0.0,0.0,0.0,0.0,0.0,0.0,0.0,0.0,0.14395335507735535,0.1382407469908277,0.0,0.0,0.0,0.0,0.14395335507735535,0.0,0.1628554072761166,0.0,0.13649434076064382,0.0,0.0,0.0,0.0,0.0,0.0,0.0,0.0,0.0,0.0,0.0,0.11329315886328388,0.0,0.0,0.0,0.0,0.0,0.0,0.0,0.0,0.0,0.0,0.0,0.0,0.0,0.0,0.11585566196640178,0.0,0.0,0.0,0.0,0.0,0.0,0.0,0.0,0.0,0.0,0.0,0.0,0.10770509529505894,0.0,0.14294669658946352,0.0,0.0,0.0,0.0,0.0,0.0,0.0,0.0,0.0,0.0,0.14294669658946352,0.0,0.0,0.0,0.0,0.0,0.0,0.1569451960123039,0.0,0.0,0.26640373909987397,0.0,0.0,0.0,0.0,0.0,0.1880015155363274,0.0,0.0
4,2025-12-21,이 책은 사카린에 가깝지만 인간의 약점에 기반을 둔 예상치 못한 보석입니다 한 나이든 여성은 서울에서 부산으로 가는 기차를 타다가 지갑을 잃어버린 것을 깨닫는다 당황하기 시작하던 찰나 서울역에서 그것을 발견한 누군가로부터 전화가 온다 그녀는 그것을 가져오기 위해 돌아섰다 그렇게 성수는 노숙인 독고를 만나고 자신이 운영하는 편의점에서 그에게 일자리를 제안하게 된다 지갑을 돌려준 그의 선행은 노동자와 이웃 그리고 두 사람의 가족의 삶에 영향을 미치는 선의의 계단식 효과를 가져옵니다 지역 편의점이 특정 사회 계층의 주요 영양 공급원이라는 생각은 매우 동아시아적입니다 편의점은 연결의 연결고리 역할도 합니다 이 작은 책은 가족의 기대 직업 안정 알코올 중독 성형 수술 무조건적인 우정 등 시의적절한 여러 가지 문제를 다루고 있습니다 그래서 비록 그것이 다소 달콤하더라도 그 이야기는 인생이 원하는 대로 흘러가지 않을 때 어떻게 상황이 바뀔 수 있는지에 대한 지침이기도 합니다 책에 인용된 것처럼 밥 딜런의 할머니는 친절해지세요 여러분이 만나게 될 모든 사람은 힘든 싸움을 하고 있으니까요 라고 했습니다,1,0.0,0.0,0.0,0.0,0.0,0.0,0.0,0.0,0.1632523404797759,0.0,0.0,0.0,0.0,0.0,0.0,0.0,0.0,0.0,0.0,0.09122061252494447,0.0,0.0,0.16537507893655817,0.0,0.0,0.0,0.0,0.0,0.0,0.0,0.0,0.0,0.2537332916096497,0.13708564595600298,0.13708564595600298,0.0,0.0,0.0,0.1632523404797759,0.0,0.0,0.0,0.10306908880000952,0.1466505163456583,0.12372408123850026,0.0,0.0,0.0,0.0,0.0,0.0,0.0,0.0,0.0,0.0,0.0,0.0,0.0,0.0,0.0,0.0,0.0,0.0,0.0,0.0,0.0,0.0,0.0,0.1632523404797759,0.0,0.0,0.0,0.0,0.0,0.0,0.0,0.0,0.0905662457489138,0.0,0.0,0.0,0.0,0.0,0.0,0.0,0.14945607371226396,0.0,0.0,0.0,0.0,0.0,0.0,0.0,0.14403213977556756,0.0,0.0,0.0,0.0,0.0,0.0,0.0,0.0,0.0,0.0,0.0,0.0,0.0,0.0,0.0,0.0,0.0,0.0,0.0,0.09188607078991178,0.0,0.09502863535623636,0.1676191810068349,0.0,0.0,0.14403213977556756,0.0,0.0,0.0,0.0,0.0,0.0,0.0,0.0,0.0,0.0,0.0,0.0,0.0,0.0,0.0,0.15932295403498956,0.0,0.13816135975854438,0.0,0.0,0.13118540169917123,0.0,0.0,0.0,0.0,0.0,0.0,0.0,0.0,0.0,0.0,0.0,0.0,0.0,0.0,0.0,0.0,0.0,0.0,0.0,0.0,0.0,0.0,0.0,0.0,0.0,0.0,0.0,0.0,0.0,0.0,0.0,0.0,0.15932295403498956,0.0,0.0,0.1632523404797759,0.0,0.0,0.0,0.0,0.11943679716764449,0.0,0.0,0.0,0.0,0.0,0.1612385094373552,0.0,0.0,0.14945607371226396,0.0,0.0,0.0,0.0,0.1632523404797759,0.0,0.11496322046872258,0.0,0.0,0.0,0.0,0.0,0.0,0.0,0.12011961607746785,0.0,0.0,0.0,0.0,0.0,0.0,0.0,0.0,0.0,0.0,0.1612385094373552,0.0,0.0,0.0,0.0,0.0,0.0,0.15749652715603712,0.0,0.0,0.0,0.0,0.0,0.0,0.0,0.0922230779896307,0.0,0.0,0.0,0.0,0.0,0.0,0.14403213977556756,0.0,0.10397168252115743,0.0,0.0,0.0,0.0,0.0,0.0,0.0,0.0,0.0,0.0,0.0,0.0,0.0,0.0,0.0,0.0,0.0,0.0,0.0,0.0,0.0,0.0,0.2785347586229847,0.0,0.0,0.14531950421306097,0.19078771500683253,0.0,0.0,0.0,0.0,0.0,0.0,0.0,0.0,0.0,0.0,0.0,0.0,0.0,0.0,0.0,0.0,0.15575130216270572,0.17253322339107477,0.0,0.0,0.14403213977556756,0.0,0.0,0.0,0.0,0.2933010326913166,0.0,0.0,0.0,0.0,0.0,0.0
4,2026-02-14,이 책은 몇몇 무거운 책들이 나를 약간의 독서 슬럼프에 빠뜨린 후에 꼭 필요했던 책이었습니다 이 책은 연민과 공감 캐릭터 독고 외롭다는 뜻 로 가득 찬 사랑스러운 인생의 한 단면 이었습니다 저는 유모 맥피 같은 캐릭터라고밖에 설명할 수 없습니다 즉 그가 필요하지만 원하지 않으면 그는 남을 것이고 당신이 그를 원하지만 더 이상 필요하지 않으면 그는 가야만 합니다 나는 이런 장르의 책을 좋아하지만 독고가 단순히 2차원적이지 않고 어떤 내용을 담고 있다는 점이 기뻤다 내가 즐겨본 다른 책들에서 독고의 역할을 다하고 있는 몇몇 인물들은 초자연적이거나 단순한 사물이지만 이 소설에서 우리가 영원히 살아 숨 쉬는 힘을 갖고 있다는 것은 정말 상쾌하다 이 책에는 우리 시대와 관련된 요소가 너무 많고 각 인물은 비록 작은 규모라도 우리가 공감할 수 있는 곤경에 처해 있습니다 늘 그렇듯이 다양한 관점이 교차하는 책이라면 무엇이든 이 책을 정말 재미있게 읽었습니다 이 소설의 속편이 나온다는 사실에 정말 기뻤고 출판되면 꼭 읽어볼 것입니다,1,0.0,0.0,0.0,0.0,0.0,0.0,0.16023477254769342,0.0,0.0,0.0,0.0,0.0,0.0,0.0,0.1335240737004322,0.0,0.0,0.0,0.1134356920007129,0.0,0.0,0.10250057399474043,0.0,0.0,0.0,0.0,0.0,0.0,0.0,0.0,0.1335240737004322,0.0,0.0,0.0,0.0,0.2344582377408961,0.0,0.0,0.0,0.0,0.0,0.13669315111629174,0.0,0.0,0.0,0.0,0.0,0.0,0.0,0.0,0.0,0.0,0.0,0.0,0.07788597207865634,0.13154746645496523,0.0,0.0,0.0,0.0,0.11858137666203941,0.10943584178837852,0.0,0.0,0.0,0.0,0.0,0.09152813873478167,0.0,0.0,0.12143715647604689,0.1413698394073237,0.16934410695578403,0.0,0.0,0.0,0.16231827415508926,0.0,0.0,0.0,0.0,0.0,0.16023477254769342,0.14014639084797412,0.0,0.0,0.13781019723501048,0.0,0.0,0.0,0.0,0.0,0.0,0.0,0.0,0.0,0.0,0.0,0.0,0.0,0.0,0.0,0.0,0.0,0.0,0.0,0.0,0.0,0.0,0.0,0.0,0.0,0.0,0.0,0.0,0.0,0.0,0.0,0.0,0.0,0.0,0.0,0.0,0.0,0.0,0.0,0.0,0.0,0.0,0.0,0.0,0.0,0.0,0.0,0.0,0.0,0.0,0.0,0.0,0.0,0.0,0.0,0.0,0.0,0.0,0.0,0.0,0.0,0.0,0.0,0.0,0.16231827415508926,0.0,0.0,0.0,0.0,0.0,0.0,0.0,0.0,0.0,0.0,0.0,0.0,0.0,0.0,0.0,0.0,0.12700865091481922,0.0,0.0,0.0,0.0,0.0,0.0,0.0,0.0,0.0,0.0,0.0,0.12070312680137503,0.0,0.0,0.0,0.0,0.14014639084797412,0.0,0.0,0.0,0.0,0.0,0.0,0.1389605928952011,0.26309493290993047,0.0,0.0,0.0,0.0,0.0,0.0,0.0,0.0,0.1481478553233081,0.0,0.0,0.0,0.0,0.0,0.0,0.0,0.0,0.16452089608227166,0.0,0.0,0.0,0.0,0.0,0.0,0.0,0.0,0.14393981771770925,0.0,0.0,0.0,0.0,0.16821297541624672,0.0,0.0,0.24589708412391276,0.0,0.0,0.09051842002318686,0.0,0.0,0.0,0.0,0.0,0.0,0.0,0.0,0.10204986250866349,0.16934410695578403,0.0,0.15287238395911343,0.14014639084797412,0.0,0.0,0.0,0.16934410695578403,0.2686034526054437,0.0,0.0,0.0,0.0,0.0,0.0,0.0,0.0,0.0,0.0,0.0,0.0,0.0,0.0,0.0,0.0,0.0,0.1872611812435311,0.1940327249522094,0.0,0.0,0.0,0.0,0.0,0.0,0.0,0.0,0.1466935169613857,0.0,0.0,0.0,0.0,0.0,0.0,0.0,0.0,0.0,0.0,0.0,0.0,0.0,0.0,0.0,0.14393981771770925,0.0,0.0,0.0,0.0,0.0,0.0
5,2024-04-05,정말 아름다운 책이에요 나에게 필요한지 몰랐던 좋은 감정의 이야기 노숙자는 노인 여성이 훔친 지갑을 되찾도록 도와줍니다 그 대가로 여자는 그에게 자신이 운영하는 편의점에서 일자리를 제안한다 친절한 행동은 중소기업을 자주 방문하는 사람들에게 긍정적인 결과를 배가시키고 연쇄적으로 불러일으킵니다 마음이 따뜻해지는 소설 등장인물들은 사심 없이 자신에게 다가오는 도움의 손길을 받아들임으로써 버림받은 느낌 외로움 분노 억울함을 극복합니다 그러나 클로닝되지 않는 긍정의 과잉 반면에 편의점은 사람이 오고가는 곳이라는 걸 잘 알고 계셨어요 직원이든 고객이든 예외 없이 모두가 잠시 멈춰서 월급이나 판매하는 제품을 통해 재충전할 수 있는 곳이죠 마치 사람들을 위한 주유소처럼요 그 주유소에서는 주유도 했고 차도 수리했어요 수리하고 나면 다시 출발해야 할 시간이 됐어요 이제 다시 길을 나서야 할 시간이 됐어요 꼭 이 말을 하고 싶었던 것 같아요 나,1,0.0,0.0,0.0,0.0,0.0,0.0,0.0,0.0,0.0,0.0,0.0,0.0,0.0,0.17861968743583756,0.0,0.0,0.0,0.0,0.0,0.0,0.0,0.0,0.0,0.0,0.0,0.0,0.0,0.0,0.0,0.0,0.0,0.0,0.0,0.0,0.0,0.0,0.0,0.0,0.0,0.1633494798392485,0.0,0.0,0.0,0.16631902852063352,0.0,0.0,0.0,0.0,0.0,0.0,0.0,0.0,0.17861968743583756,0.0,0.0,0.0,0.14118236363818903,0.0,0.0,0.0,0.0,0.0,0.0,0.0,0.0,0.0,0.0,0.0,0.0,0.31094266870204496,0.0,0.0,0.0,0.0,0.0,0.0,0.0,0.0,0.0,0.0,0.0,0.0,0.0,0.0,0.0,0.0,0.0,0.0,0.0,0.0,0.0,0.0,0.0,0.0,0.0,0.0,0.0,0.0,0.0,0.18514746043115368,0.0,0.0,0.0,0.0,0.0,0.0,0.14481921909543216,0.0,0.0,0.0,0.0,0.0,0.18286353787209053,0.0,0.0,0.0,0.0,0.0,0.0,0.0,0.0,0.0,0.0,0.0,0.0,0.0,0.0,0.0,0.0,0.16950086236138817,0.0,0.1648095033559148,0.0,0.0,0.0,0.0,0.0,0.0,0.1509004807718406,0.0,0.0,0.0,0.0,0.0,0.0,0.0,0.0,0.0,0.15923639815436474,0.0,0.0,0.0,0.0,0.0,0.0,0.0,0.0,0.0,0.0,0.0,0.0,0.0,0.0,0.0,0.14982749565113912,0.0,0.0,0.0,0.0,0.1711813156739636,0.0,0.0,0.0,0.0,0.0,0.1711813156739636,0.0,0.0,0.0,0.0,0.0,0.0,0.0,0.0,0.0,0.0,0.3572393748716751,0.0,0.0,0.0,0.0,0.0,0.0,0.0,0.0,0.18514746043115368,0.19009997401421605,0.0,0.0,0.0,0.0,0.0,0.0,0.1420641098342657,0.0,0.0,0.0,0.0,0.0,0.0,0.0,0.0,0.0,0.0,0.0,0.0,0.18286353787209053,0.0,0.0,0.0,0.0,0.0,0.0,0.0,0.0,0.09718304184135869,0.0,0.0,0.0,0.0,0.0,0.0,0.0,0.0,0.0,0.0,0.0,0.0,0.1633494798392485,0.0,0.0,0.0,0.0,0.0,0.0,0.0,0.0,0.0,0.0,0.10345496241176426,0.0,0.0,0.0,0.0,0.0,0.12058325198536114,0.0,0.0,0.0,0.0,0.0,0.0,0.0,0.15794567798934134,0.0,0.0,0.0,0.0,0.0,0.0,0.0,0.0,0.0,0.0,0.0,0.0,0.18755489687756388,0.0,0.0,0.0,0.0,0.14877975959708364,0.0,0.0,0.17664039590196629,0.1956730792157661,0.0,0.0,0.1633494798392485,0.0,0.0,0.0,0.0,0.0,0.0,0.0,0.0,0.0,0.0,0.0
4,2024-05-12,좋은 친구와 가족뿐만 아니라 길을 건너는 모든 사람을 위해 관심을 기울이고 서로를 위해 존재하는 마음이 따뜻해지는 이야기입니다 당신을 행복하게 하고 심지어 새로운 통찰력을 제공하는 책을 찾고 있다면 이 책을 꼭 추천합니다 나는 일본 소설과 문학을 자주 읽었지만 이 책은 한국 작가를 처음 소개한 책이었다 글쓰기 스타일은 덜 몽환적이고 더 직설적이어서 때로는 재미있고 멋지고 원시적이지만 접근하기가 더 쉽습니다 피곤한 와중에도 정말 재미있게 읽었습니다 그래서 이것은 확실히 더 많은 것을 원하게 만듭니다 각 장은 서로 다른 관점을 가지고 있어 읽기 쉽고 다양한 감정을 경험할 수 있습니다 전체적으로 나는 이 책을 정말 좋아했고 출판사로부터 책을 받게 되어 기쁘다 다음 달에는 새로운 힐링 소설 추억의 레스토랑 이 개봉된다 매우 궁금합니다,1,0.0,0.0,0.0,0.0,0.0,0.0,0.0,0.0,0.0,0.14317532183531467,0.0,0.0,0.0,0.0,0.0,0.0,0.0,0.0,0.0,0.08987465672278018,0.0,0.0,0.0,0.0,0.0,0.0,0.0,0.0,0.16998750388030276,0.0,0.0,0.0,0.0,0.0,0.0,0.0,0.0,0.0,0.16084355995524732,0.0,0.0,0.0,0.0,0.0,0.0,0.0,0.0,0.0,0.0,0.0,0.0,0.0,0.15517267338353122,0.0,0.15636377573385102,0.0,0.0,0.0,0.0,0.0,0.0,0.0,0.0,0.0,0.0,0.0,0.0,0.09187588583993637,0.0,0.0,0.12189853830033079,0.0,0.0,0.0,0.16084355995524732,0.0,0.0,0.0,0.0,0.0,0.0,0.0,0.0,0.0,0.0,0.0,0.0,0.0,0.0,0.0,0.0,0.0,0.0,0.0,0.0,0.0,0.0,0.0,0.0,0.16084355995524732,0.13403137791025924,0.0,0.0,0.0,0.0,0.0,0.1258091182833682,0.0,0.0,0.16514596795788195,0.10427992405131134,0.0,0.0,0.09053029618267658,0.0,0.09362649235818857,0.0,0.0,0.0,0.0,0.0,0.0,0.0,0.0,0.0,0.0,0.0,0.0,0.0,0.0,0.0,0.0,0.0,0.0,0.0,0.0,0.15180691652083084,0.0,0.0,0.0,0.0,0.0,0.0,0.0,0.0,0.27224559092400746,0.0,0.15180691652083084,0.1383337859128939,0.0,0.0,0.0,0.0,0.0,0.0,0.1588594428941418,0.0,0.0,0.16749103757965794,0.0,0.0,0.0,0.12924976733223503,0.0,0.0,0.0,0.0,0.0,0.0,0.0,0.0,0.0,0.0,0.0,0.0,0.0,0.0,0.0,0.0,0.0,0.0,0.0,0.0,0.0,0.0,0.0,0.0,0.0,0.0,0.0,0.0,0.0,0.0,0.0,0.0,0.0,0.0,0.22653388722962925,0.15517267338353122,0.0,0.0,0.0,0.0,0.0,0.0,0.0,0.0,0.0,0.0,0.1266410170570392,0.0,0.0,0.0,0.0,0.0,0.0,0.0,0.0,0.1301599693757052,0.0,0.14448669494715746,0.0,0.0,0.0,0.0,0.0,0.0,0.0,0.0,0.16998750388030276,0.0,0.09086233085718133,0.0,0.0,0.0,0.0,0.0,0.0,0.0,0.0,0.0,0.0,0.14448669494715746,0.15345319910202726,0.0,0.0,0.0,0.0,0.0,0.17974931344556036,0.0,0.0,0.0,0.0,0.0,0.10475455334434954,0.0,0.0,0.0,0.0,0.0,0.0,0.0,0.0,0.0,0.0,0.0,0.09398632566994555,0.3895398449776744,0.0,0.0,0.0,0.0,0.0,0.0,0.0,0.0,0.0,0.0,0.0,0.0,0.0,0.0,0.0,0.0,0.0,0.0,0.0,0.1419069523989091,0.0,0.0,0.12043867440317664,0.0,0.0,0.0,0.0,0.14448669494715746,0.0,0.0,0.15697215142069326
4,2024-06-21,독고는 집이 없지만 마음은 옳다 그가 도난당한 가방을 가지고 있던 염씨 서울의 한 동네 편의점 주인 를 다시 만나자 그녀는 그에게 감사 인사를 전한다 그녀는 그를 자신의 가게로 데려가 매일 그를 위한 식사가 준비될 것이라고 말했습니다 가게 야간 근무를 하던 남자가 사임하자 독고가 그 자리를 맡는다 독고는 말을 더듬고 기억을 잃어서 처음에는 동료들과 손님들이 그를 좀 이상하게 여겼다 하지만 예상치 못한 만남의 힘을 과소평가하지 마세요 이 새로운 장르는 힐링픽션 아니면 기존 장르의 새로운 이름인가요 이라고 하는데 참 적절한 이름이네요 이 책은 참으로 마음을 따뜻하게 해주고 인류에 대한 믿음을 회복시켜 줍니다 이 이야기는 낯선 사람과의 우연한 만남과 솔직한 대화에 열려 있을 때 어떤 일이 일어날 수 있는지 보여줍니다 편견에 얽매이지 않을 때 당신의 삶이 어떻게 더 아름다워질 수 있는지 독고와 염씨가 어떻게 서로 알게 되는지에 대한 소개를 마친 후 이어지는 각 장에서는 서로 다른 인물의 관점에서 이야기가 전개됩니다 염씨 자신을 생각하지만 동료 고객 가족에 대해서도 이야기합니다 즉 기어를 전환하는 데 시간이 걸릴 때도 있지만 부드러운 글쓰기 스타일이 이를 신속하게 안내해 줄 것입니다 각 캐릭터에는 자신의 짐과 어려움을 겪는 문제 감정 가족 관계 미래에 대한 비전 또는 자신과 일반적인 삶 가 있습니다 적절한 순간의 친절한 말 재치 있는 말 달콤한 몸짓을 통해 변화를 허용하는 용기를 찾을 수 있습니다 독고의 기억이 점점 회복되면서 이야기가 전개되는데 개인적으로 더 읽고 싶었고 배가 고프기도 했습니다 사실은 칭찬이기도 한 비판 포인트 이야기가 더 길 수도 있었을 텐데,1,0.0,0.0,0.11123736917111265,0.0,0.0,0.0,0.0,0.0,0.0,0.10378699319652934,0.0,0.0,0.0,0.0,0.0,0.0,0.0,0.0,0.0,0.0,0.0,0.0745843944760709,0.0,0.0,0.0,0.0,0.0,0.12322299459548626,0.0,0.0,0.09715859918439103,0.0,0.0,0.0,0.19581276555027993,0.0,0.0,0.0,0.0,0.0,0.0,0.2983937213529502,0.0,0.10473760025989944,0.0,0.11811065751572683,0.0,0.0,0.10889933027628876,0.0,0.0,0.0,0.0,0.0,0.0,0.0,0.0,0.0,0.0,0.12515757008586795,0.0,0.0,0.0,0.0,0.0,0.0,0.0,0.06660031782266693,0.0,0.09790638277513997,0.0,0.0,0.0,0.0,0.0,0.11811065751572683,0.0,0.19404687035533336,0.0,0.0,0.0,0.0,0.0,0.10197731868252045,0.19005587484112707,0.0,0.10027739077762211,0.0,0.12141332008147737,0.0,0.0,0.0,0.0,0.0,0.0,0.0,0.0,0.0,0.0,0.0,0.0,0.0,0.0,0.0,0.0,0.09304780509996091,0.0,0.0,0.0,0.0,0.0,0.0,0.11515632517888306,0.0,0.0,0.0,0.11971339217657902,0.0,0.0,0.0,0.0,0.0,0.0,0.0,0.0,0.0,0.11971339217657902,0.0,0.0,0.0,0.0,0.0,0.0,0.0,0.0,0.0,0.0,0.0,0.0,0.0,0.0,0.0,0.0,0.12723557413875905,0.0,0.19734931223353985,0.0,0.2200879761982473,0.0,0.0,0.0,0.0,0.0,0.0,0.0964302407574484,0.0,0.0,0.0,0.0,0.0,0.0,0.0,0.0,0.0,0.0,0.0,0.0,0.0,0.0,0.0,0.0,0.0,0.0,0.11378823810351422,0.11659460058334796,0.0,0.0,0.10111447451656409,0.0,0.0,0.08782945570930077,0.17060319772188506,0.11659460058334796,0.0,0.0,0.0,0.0,0.0,0.19734931223353985,0.0,0.0,0.0,0.0,0.0,0.0,0.0,0.11971339217657902,0.0,0.0,0.0,0.0,0.0,0.0,0.0,0.24762395185069064,0.08578926720203729,0.0,0.0,0.0,0.0,0.0,0.0,0.0,0.0,0.0,0.10378699319652934,0.0,0.10286755925791854,0.0,0.0,0.0,0.0,0.0,0.0,0.0,0.06119996418304318,0.21348265106674624,0.0,0.0,0.0,0.0,0.13173119492397123,0.0,0.0,0.11811065751572683,0.09369243631380446,0.10889933027628876,0.1561879937899562,0.0,0.0,0.0,0.12322299459548626,0.0,0.0,0.0,0.0,0.0,0.0,0.0,0.0,0.0,0.0,0.0,0.0,0.0,0.0,0.0,0.0,0.0,0.11811065751572683,0.11659460058334796,0.0,0.0,0.0,0.0,0.11971339217657902,0.0,0.06813016389859049,0.0,0.0,0.0,0.0,0.0,0.10378699319652934,0.0,0.0,0.11811065751572683,0.0,0.0,0.0,0.0,0.09369243631380446,0.0,0.08890805879526839,0.0,0.0,0.0,0.0,0.0,0.0,0.08482226714034412,0.0,0.0,0.0,0.0,0.0,0.0,0.0,0.0,0.0
3,2025-05-04,별 3 5 5개 70세의 은퇴한 역사 교사 염 여사는 가방을 잃어버렸고 과거에 대한 기억이 없는 노숙자로부터 가방을 돌려받았습니다 편의점 주인인 그녀는 결국 그를 고용하게 된다 유려한 산문으로 호연은 거의 운명적인 방식으로 삶이 교차하는 인물들을 통해 두 번째 기회와 두 번째 가족을 조사합니다 이 책의 핵심은 관계를 고치려고 애쓰는 상처받고 어려움을 겪는 사람들을 통해 구현된 친절과 공동체에 관한 것입니다 약간 다른 줄거리 방향을 기대하고 있었기 때문에 이야기에 구원의 호가 있어야 하는지 잘 모르겠습니다 친절한 행동이 누군가를 어떻게 변화시킬 수 있습니까 THE SECOND CHANCE CONVENIENCE STORE tr Janet Hong 는 멜랑콜리한 터치로 소중한 사람 관계에 매달리도록 일깨워줍니다 출판사인 Harper Perennial으로부터 ARC를 받았습니다 모든 의견은 저의 의견입니다,0,0.0,0.22840240999633818,0.0,0.0,0.0,0.0,0.0,0.0,0.0,0.0,0.0,0.0,0.0,0.0,0.0,0.21345027592879448,0.0,0.0,0.0,0.0,0.0,0.13824737422081917,0.0,0.0,0.1736654617326209,0.0,0.0,0.0,0.0,0.18742272690995404,0.0,0.0,0.0,0.0,0.18147630524055677,0.0,0.0,0.0,0.0,0.0,0.0,0.1843645208929918,0.0,0.0,0.0,0.0,0.0,0.0,0.0,0.0,0.0,0.0,0.0,0.0,0.0,0.0,0.0,0.0,0.0,0.0,0.0,0.0,0.0,0.0,0.0,0.0,0.0,0.12344833159716453,0.0,0.0,0.0,0.0,0.0,0.0,0.0,0.0,0.0,0.1198931335473015,0.0,0.0,0.0,0.0,0.0,0.0,0.0,0.0,0.0,0.0,0.0,0.0,0.0,0.0,0.0,0.19067219168045094,0.0,0.0,0.0,0.0,0.0,0.0,0.0,0.1529960852982622,0.0,0.0,0.0,0.0,0.0,0.0,0.0,0.0,0.0,0.0,0.0,0.0,0.0,0.1258005206616363,0.0,0.0,0.0,0.0,0.0,0.0,0.0,0.2250480521375192,0.0,0.27288921884556366,0.0,0.0,0.0,0.0,0.0,0.19237642657670967,0.0,0.0,0.0,0.0,0.0,0.0,0.0,0.0,0.0,0.0,0.0,0.23584000588494744,0.0,0.0,0.0,0.0,0.0,0.0,0.0,0.0,0.0,0.0,0.0,0.0,0.0,0.0,0.0,0.0,0.0,0.0,0.0,0.0,0.0,0.0,0.0,0.0,0.0,0.0,0.0,0.0,0.0,0.0,0.0,0.0,0.0,0.0,0.19981402246531896,0.0,0.0,0.1581124596130684,0.21611621964893088,0.0,0.19981402246531896,0.0,0.0,0.0,0.0,0.0,0.0,0.0,0.0,0.0,0.0,0.0,0.0,0.0,0.0,0.0,0.0,0.0,0.0,0.0,0.0,0.0,0.0,0.22189711726880082,0.0,0.0,0.0,0.0,0.0,0.0,0.0,0.0,0.0,0.0,0.0,0.0,0.0,0.0,0.0,0.0,0.0,0.0,0.0,0.0,0.0,0.0,0.0,0.0,0.0,0.0,0.0,0.0,0.0,0.0,0.0,0.0,0.0,0.0,0.0,0.0,0.0,0.0,0.0,0.0,0.0,0.0,0.0,0.0,0.0,0.0,0.0,0.0,0.0,0.0,0.0,0.0,0.0,0.0,0.0,0.0,0.0,0.0,0.0,0.0,0.0,0.17742429250916597,0.0,0.0,0.0,0.0,0.0,0.0,0.21892633685297808,0.0,0.0,0.0,0.0,0.3473309234652418,0.0,0.16479728449708755,0.0,0.0,0.0,0.0,0.0,0.0,0.0,0.0,0.0,0.0,0.0,0.0,0.0,0.0,0.0,0.0
3,2025-07-01,이 책은 당신의 마음을 사로잡을 뿐입니다 이 차가운 것조차 당신은 캐릭터와 사랑에 빠지지 않을 수 없으며 그때와 그들의 행복을 응원합니다 장례식장에 가던 한국 할머니가 졸다가 깨어보니 지갑이 없어진 것을 알게 된다 어느 날 누군가 지갑을 찾았다는 연락을 받고 지갑을 찾으러 가던 중 노숙자임을 알게 되고 자신의 가게에서 그에게 밥을 먹여 그의 정직함에 대한 감사를 표하기로 결심한다 곧 두 사람의 삶은 서로 얽혀 영원히 바뀌게 됩니다 다음에 일어날 일과 관련된 귀여운 제목이 포함된 챕터에서 이야기가 전개되고 POV가 번갈아 진행되므로 풀어야 할 내용이 많이 있습니다 이것이 영어로 번역되었다는 것을 알 수 있지만 나에게는 그것이 더욱 사랑스러워졌습니다 두 번째 기회 친절함 낯선 사람이 친구가 되는 희망 가득한 이야기입니다 리뷰를 대신해 이 eArc를 제공해 주신 Harper Perennial과 NetGalley에게 감사드립니다,0,0.0,0.0,0.0,0.0,0.0,0.18550382150093073,0.0,0.0,0.0,0.0,0.0,0.1808637665728196,0.0,0.0,0.0,0.0,0.0,0.0,0.0,0.20464718543867738,0.0,0.0,0.0,0.0,0.0,0.0,0.0,0.0,0.0,0.0,0.0,0.0,0.0,0.15377112054179384,0.0,0.0,0.1615631116800485,0.0,0.0,0.0,0.0,0.0,0.0,0.1645001857724918,0.13878324369682124,0.0,0.0,0.0,0.0,0.16016490569030079,0.0,0.0,0.0,0.0,0.0,0.0,0.0,0.19069096159447577,0.0,0.1965716560134095,0.0,0.0,0.0,0.0,0.0,0.0,0.0,0.0,0.0,0.0,0.0,0.0,0.0,0.0,0.0,0.18550382150093073,0.0,0.10158957923679031,0.0,0.0,0.0,0.0,0.0,0.0,0.0,0.0,0.0,0.0,0.0,0.0,0.0,0.1503377106686446,0.0,0.1615631116800485,0.1514527016021362,0.0,0.0,0.0,0.0,0.0,0.0,0.0,0.0,0.0,0.0,0.14614027041563304,0.0,0.0,0.0,0.0,0.0,0.15621840508757834,0.0,0.0,0.0,0.0,0.0,0.0,0.0,0.0,0.0,0.0,0.0,0.0,0.0,0.11561421451145805,0.0,0.0,0.0,0.0,0.0,0.0,0.0,0.0,0.0,0.0,0.0,0.15497776559675575,0.14925025320867932,0.0,0.0,0.0,0.0,0.0,0.0,0.0,0.0,0.17283436359561574,0.0,0.0,0.0,0.0,0.0,0.0,0.0,0.0,0.0,0.0,0.0,0.0,0.0,0.0,0.0,0.0,0.0,0.0,0.0,0.0,0.0,0.0,0.0,0.0,0.0,0.17871505801454948,0.36624542491782763,0.0,0.0,0.0,0.0,0.17103657155116342,0.0,0.0,0.0,0.0,0.0,0.0,0.0,0.0,0.0,0.0,0.0,0.0,0.0,0.0,0.0,0.0,0.0,0.0,0.0,0.18550382150093073,0.0,0.0,0.0,0.0,0.12963884978612578,0.0,0.0,0.0,0.0,0.1441826241504052,0.0,0.0,0.0,0.0,0.0,0.0,0.0,0.0,0.0,0.0,0.0,0.0,0.0,0.0,0.0,0.0,0.0,0.0,0.0,0.0,0.0,0.10344807396414184,0.0,0.0,0.0,0.1471527239582851,0.0,0.1226539176481284,0.0,0.0,0.0,0.0,0.0,0.0,0.0,0.0,0.0,0.0,0.0,0.0,0.0,0.0,0.0,0.0,0.0,0.0,0.0,0.0,0.0,0.0,0.0,0.0,0.0,0.3124368101751567,0.0,0.0,0.0,0.10700478710814422,0.0,0.0,0.0,0.0,0.0,0.0,0.0,0.0,0.0,0.0,0.0,0.0,0.0,0.0,0.0,0.0,0.0,0.0,0.0,0.0,0.0,0.0,0.0,0.13712116759789572,0.0,0.0,0.0,0.0,0.0,0.0,0.0,0.0
4,2025-09-16,이 책은 가슴 아픈 메시지와 함께 삶의 한 단면이 되는 아름다운 전통을 따르고 있습니다 당신을 따뜻한 포옹으로 감싸고 괜찮을 거라고 말해 줄 책이 필요하다면 이 책은 당신을 위한 것입니다 이 이야기는 양심 상점의 여러 사람들이 모두 두 번째 기회를 얻고 다시 다른 사람들에게도 두 번째 기회를 주는 이야기입니다 이는 모든 사람이 각자의 어려움을 겪고 있으며 사랑하는 사람과 진심으로 대화하는 것이 중요하다는 점을 상기시켜 줍니다 누군가에게 두 번째 기회를 주면 그 사람의 삶이 바뀔 수 있고 심지어 당신의 삶도 바뀔 수도 있습니다 나는 등장인물들이 모두 서로를 돕는 방식을 좋아합니다 때로는 작게 때로는 크게 각 캐릭터는 읽기에 매우 흥미롭고 모두가 얼마나 복잡한지를 좋아합니다 그들 중 누구도 진짜 각도가 아니며 그들 중 일부는 꽤 나쁜 일을 했지만 악마도 아닙니다 이 책에서는 우리 모두가 변화를 이루고 주변 사람들을 도울 수 있다고 지적합니다,1,0.0,0.0,0.0,0.0,0.0,0.0,0.0,0.0,0.0,0.0,0.0,0.0,0.0,0.0,0.0,0.0,0.0,0.0,0.0,0.0,0.0893206014501008,0.08489729317686512,0.0,0.13626634665610635,0.0,0.0,0.0,0.0,0.0,0.0,0.0,0.0,0.0,0.0,0.0,0.0,0.0,0.0,0.0,0.0,0.0,0.0,0.0,0.0,0.0,0.0,0.0,0.0,0.0,0.0,0.0,0.33965307919694654,0.0,0.0,0.06450996270778067,0.0,0.0,0.0,0.0,0.0,0.0,0.0,0.0,0.0,0.0,0.0,0.0,0.07580924599015679,0.0,0.11144404859402848,0.0,0.0,0.0,0.0,0.2654326299247428,0.13444199941372514,0.0,0.0,0.0,0.0,0.0,0.0,0.0,0.0,0.0,0.0,0.0,0.1402612271882235,0.0,0.0,0.0,0.10895571986625241,0.0,0.0,0.0,0.0,0.0,0.0,0.11813778004429583,0.0,0.22118573563688745,0.0,0.0,0.0,0.0,0.0,0.0,0.0,0.0,0.0,0.0,0.0,0.0,0.07469896404406776,0.23843965801073333,0.07725371815998555,0.0,0.0,0.0,0.0,0.0,0.0,0.0,0.0,0.0,0.25137066234761773,0.13626634665610635,0.0,0.0,0.0,0.0,0.11813778004429583,0.0,0.11709121456379114,0.0,0.0,0.0,0.11231855226979748,0.10816759618226474,0.0,0.0,0.0,0.10895571986625241,0.1448286322636916,0.0,0.0,0.0,0.0,0.0,0.0,0.0,0.0,0.0,0.0,0.10976379815387968,0.0,0.0,0.0,0.13820132620156597,0.0,0.0,0.0,0.0,0.1280371150703946,0.10739846529115046,0.0,0.0,0.0,0.0,0.0,0.0,0.0,0.0,0.0,0.0,0.0,0.0,0.0,0.0,0.0,0.0,0.0,0.1327163149623714,0.11231855226979748,0.0,0.0,0.0,0.1310791670101801,0.0,0.0,0.0,0.0,0.11509572810451034,0.0,0.0,0.0,0.13626634665610635,0.0,0.0,0.0,0.12952191243507816,0.0,0.0,0.0,0.0,0.09765148085255947,0.0,0.0,0.0,0.10449488379623958,0.0,0.0,0.0,0.0,0.12033985225703472,0.0,0.0,0.0,0.0,0.0,0.0,0.0,0.0,0.0,0.10739846529115046,0.0,0.0,0.0,0.0,0.0,0.0,0.14994586943502264,0.0,0.11414289951217868,0.0,0.0,0.0,0.0,0.0,0.0,0.0,0.0,0.0,0.0,0.0,0.0,0.0,0.13820132620156597,0.0,0.0,0.0,0.0,0.0,0.25323666188033456,0.0,0.0,0.0,0.11059286781844373,0.11059286781844373,0.0,0.1327163149623714,0.0,0.0,0.0,0.0,0.0,0.0,0.15510125246219503,0.0,0.0,0.10664743328766714,0.0,0.0,0.0,0.0,0.0,0.0,0.0,0.0,0.0,0.0,0.0,0.0,0.0,0.0,0.0,0.0,0.0,0.0,0.0,0.0,0.0,0.11321769306564884,0.0,0.0,0.0,0.0,0.0,0.0,0.0
4,2025-10-03,4 5 단편임에도 불구하고 마음이 따뜻해지는 소설 중 하나입니다 내가 그토록 좋아할 줄은 몰랐다 등장인물들이 도움을 통해 문제에 대한 해결책을 찾는 동시에 자신의 목적을 찾는 과정을 읽는 것이 매우 좋았습니다 술을 끊고 가정 상황을 개선하는 남자 그녀의 성장에 도움이 되는 다른 직업을 찾는 동료 아들과의 관계를 개선하는 또 다른 동료 인생의 작품을 집필한 여배우이자 작가 염부인의 도움으로 자신이 누구인지 다시 알게 된 독고는 자신의 실수로부터 교훈을 얻고 문제를 해결하기 위해 투쟁한다 이 이야기를 팬데믹과 연결시키는 것이 아주 디테일하다고 생각했는데 독고의 이야기와 많은 의미가 있고 더 나아가 마치 실제로 있었던 일처럼 이야기에 현실감을 더해줍니다 저는 염씨 부인이 자신이 하는 일을 아는 사랑스럽고 강인한 여성이라는 것을 알았습니다 위로가 되면서 마음이 편안해지는 독서입니다,1,0.0,0.0,0.0,0.0,0.0,0.0,0.0,0.0,0.0,0.0,0.0,0.0,0.0,0.0,0.0,0.0,0.0,0.0,0.0,0.08685739099718867,0.20923316868017486,0.0,0.0,0.0,0.0,0.0,0.0,0.0,0.0,0.0,0.0,0.0,0.0,0.0,0.0,0.0,0.0,0.0,0.0,0.0,0.0,0.0,0.0,0.0,0.0,0.0,0.0,0.0,0.0,0.0,0.0,0.0,0.0,0.0,0.0,0.0,0.0,0.0,0.0,0.0,0.11503577743859855,0.0,0.0,0.0,0.0,0.0,0.0,0.1775828699791793,0.0,0.13052862967398687,0.0,0.0,0.0,0.0,0.0,0.0,0.0,0.0862343235856897,0.0,0.0,0.15960169900589102,0.14996322718344504,0.0,0.0,0.12669109102661164,0.0,0.1336896536719916,0.0,0.0,0.1535262247244243,0.0,0.12761417939052483,0.0,0.0,0.0,0.0,0.0,0.0,0.0,0.15544373114553037,0.0,0.0,0.0,0.0,0.0,0.0,0.24317092662631173,0.0,0.0,0.0,0.1007790456927122,0.0,0.0,0.08749101937473075,0.0,0.0,0.0,0.0,0.0,0.1371428620612172,0.1483014789729471,0.0,0.0,0.0,0.0,0.0,0.0,0.1326060073835208,0.0,0.0,0.0,0.0,0.0,0.0,0.0,0.0,0.0,0.0,0.0,0.0,0.0,0.0,0.0,0.0,0.0,0.0,0.0,0.0,0.1336896536719916,0.0,0.0,0.0,0.0,0.0,0.0,0.0,0.0,0.14371821438326576,0.0,0.0,0.0,0.0,0.0,0.0,0.0,0.0,0.0,0.13480565234612726,0.0,0.0,0.0,0.0,0.0,0.0,0.15544373114553037,0.0,0.0,0.0,0.0,0.0,0.0,0.0,0.0,0.0,0.0,0.0,0.0,0.0,0.13155289043876592,0.0,0.0,0.0,0.0,0.0,0.0,0.0,0.0,0.10946435366038909,0.0,0.0,0.0,0.0,0.0,0.0,0.0,0.0,0.09856637750081447,0.15960169900589102,0.0,0.0,0.0,0.15960169900589102,0.0,0.0,0.140947822772498,0.0,0.0,0.0,0.0,0.12079841994218427,0.0,0.0,0.0,0.0,0.1257902479351802,0.0,0.0,0.0,0.0,0.0,0.0,0.0,0.0,0.0,0.0,0.0,0.0,0.20822957832845965,0.2742857241224344,0.0,0.0,0.0,0.0,0.0,0.13595599477950204,0.0,0.0,0.0,0.0,0.0,0.0,0.0,0.0,0.0,0.0,0.0,0.0,0.0,0.0,0.0,0.0,0.0,0.0,0.0,0.4551068798072389,0.0,0.0,0.0,0.0,0.0,0.0,0.0,0.0,0.0,0.0,0.0,0.0,0.0,0.0,0.0,0.0,0.12491060313141776,0.0,0.0,0.0,0.0,0.0,0.0,0.0,0.13155289043876592,0.0,0.0,0.0,0.0,0.0,0.0,0.0,0.0,0.0,0.0
3,2025-12-26,단순하고 획기적인 문학적 품질은 없지만 전혀 나쁘지 않습니다 불타오르는 벽난로처럼 비가 내리는 동안 머리를 기댈 수 있는 푹신하고 깨끗한 베개처럼 읽으면 기분이 좋아지는 그런 책 중 하나입니다 주인공은 노숙자인데 좋은 일을 한 후 일자리를 제안하는 여자로부터 넉넉한 보상을 받습니다 여기에서 그 사람은 고귀한 마음을 가지고 있음을 증명하고 그의 말과 몸짓은 주변 많은 사람들의 삶을 돕고 향상시킵니다 그리고 이는 술과 불안으로 막혀 있던 그의 기억을 얼음바위처럼 인간의 온기로 녹여버리게 한다 그리하여 그는 모든 빛과 그림자와 함께 자신의 정체성을 회복하고 이를 직면하고 더 나은 사람이 될 수 있게 된다 아마도 메시지가 너무 단순하고 예측 가능하지만 사랑과 선의 힘 그리고 작은 몸짓이 어떻게 모든 사람에게 긍정적인 영향을 미치는 모든 종류의 좋은 행동을 촉발할 수 있는지 그것이 아름다운 것을 막지는 못합니다 기분 좋은 매뉴얼북 3 5,0,0.0,0.0,0.0,0.0,0.0,0.0,0.0,0.0,0.0,0.1501026433426438,0.0,0.0,0.0,0.0,0.0,0.0,0.0,0.0,0.0,0.09422310612382753,0.0,0.0,0.0,0.0,0.0,0.0,0.0,0.0,0.0,0.0,0.0,0.0,0.0,0.1415977706073157,0.0,0.12336801631911518,0.0,0.0,0.0,0.0,0.16456701167069537,0.0,0.21292314145410662,0.0,0.255592829601324,0.0,0.1574963955431475,0.16862573245474397,0.1574963955431475,0.0,0.0,0.0,0.0,0.0,0.0,0.0,0.0,0.0,0.16862573245474397,0.0,0.0,0.11516663134323178,0.0,0.0,0.0,0.0,0.0,0.0,0.0,0.0,0.0,0.0,0.0,0.0,0.0,0.0,0.0,0.0,0.0,0.0,0.0,0.0,0.0,0.0,0.0,0.0,0.0,0.0,0.0,0.0,0.16087780016372877,0.0,0.0,0.14877290576846544,0.0,0.0,0.0,0.0,0.0,0.0,0.0,0.0,0.0,0.0,0.0,0.13457101966802443,0.0,0.0,0.0,0.0,0.10932535053545225,0.0,0.0,0.0,0.0,0.2944694059642947,0.0,0.0,0.0,0.0,0.0,0.0,0.0,0.0,0.0,0.0,0.0,0.0,0.0,0.0,0.0,0.0,0.12267477956483752,0.0,0.16268046860899552,0.16456701167069537,0.0,0.0,0.13743479947642334,0.0,0.0,0.12858388347721444,0.0,0.0,0.0,0.0,0.0,0.0,0.0,0.0,0.0,0.0,0.0,0.0,0.0,0.0,0.0,0.0,0.0,0.0,0.0,0.0,0.0,0.0,0.13645756272972429,0.16268046860899552,0.0,0.0,0.0,0.0,0.13550332193634304,0.0,0.0,0.0,0.0,0.0,0.0,0.0,0.0,0.0,0.0,0.12336801631911518,0.0,0.0,0.0,0.0,0.0,0.0,0.0,0.0,0.1543753665367071,0.0,0.0,0.0,0.0,0.0,0.0,0.0,0.0,0.0,0.16456701167069537,0.0,0.0,0.0,0.0,0.0,0.0,0.0,0.0,0.0,0.0,0.0,0.0,0.0,0.1529005362761284,0.0,0.16654561688904793,0.0,0.0,0.0,0.0,0.0,0.0,0.0,0.0,0.08851086358147907,0.1543753665367071,0.0,0.0,0.0,0.0,0.0,0.0,0.0,0.0,0.0,0.0,0.11294397305577229,0.0,0.0,0.10739387299537194,0.0,0.0,0.0,0.0,0.1462374950625914,0.0,0.0,0.0,0.0,0.0,0.0,0.0,0.0,0.0,0.3294688321479957,0.0,0.0,0.14051628351377282,0.0,0.0,0.0,0.0,0.0,0.0,0.0,0.0,0.0,0.0,0.0,0.0,0.0,0.0,0.0,0.0,0.0,0.0,0.0,0.0,0.0,0.0,0.0,0.0,0.0,0.0,0.0,0.0,0.0,0.0,0.0,0.0,0.0,0.14385131493022799,0.0,0.0,0.0,0.0,0.0,0.0,0.0
5,2026-05-30,세컨드찬스 편의점은 비 오는 날 따뜻한 차 한잔처럼 위로와 힐링 그리고 고요하고 깊은 감동을 선사합니다 편의점을 중심으로 한 단순한 이야기로 시작해 외로움 인간관계 용서 그리고 삶을 변화시킬 수 있는 작은 친절의 행동에 대한 아름다운 탐구로 천천히 전개됩니다 나는 저자가 모든 사람은 우리가 볼 수 없는 싸움을 하고 있으며 때로는 사람에게 필요한 것은 다시 시작할 수 있는 진정한 기회 한 번뿐이라는 점을 상기시켜 주는 방식을 좋아했습니다 캐릭터는 믿을 수 없을 정도로 현실적이고 결함이 있으며 깊은 공감을 느꼈고 그들의 여정을 더욱 의미있게 만들었습니다 이 책은 극적인 반전에 의존하지 않습니다 대신 그것은 당신의 마음 속으로 부드럽게 작용합니다 희망과 구원 그리고 예상치 못한 곳에서 가족을 찾는 것에 대한 부드럽고 희망적인 이야기입니다 조금 더 가벼워지고 훨씬 더 희망적인 느낌을 주는 힐링 소설을 즐기고 있다면 이 책은 꼭 읽어야 할 필독서입니다 때로는 두 번째 기회만으로도 자신에게 돌아갈 길을 찾을 수 있습니다,1,0.0,0.0,0.0,0.0,0.0,0.0,0.0,0.0,0.0,0.0,0.14186584602485813,0.0,0.0,0.0,0.0,0.0,0.13978237932448873,0.0,0.09502929097673402,0.0,0.0,0.0,0.0,0.0,0.0,0.0,0.0,0.0,0.0,0.0,0.0,0.10862712700962072,0.0,0.0,0.0,0.0,0.11843076343456603,0.0,0.0,0.0,0.0,0.0,0.25424639720226166,0.0,0.0,0.0,0.0,0.0,0.0,0.11740583515061137,0.0,0.0,0.12950188741517527,0.25338588017408004,0.06524797066184336,0.0,0.0,0.0,0.0,0.0,0.0,0.0,0.0,0.0,0.0,0.11544871901980032,0.0,0.0,0.0,0.1127189926622479,0.0,0.11843076343456603,0.0,0.0,0.0,0.13598004502346864,0.0,0.14893661431621422,0.0,0.0,0.0,0.0,0.0,0.0,0.0,0.0,0.0,0.0,0.0,0.0,0.0,0.0,0.0,0.0,0.0,0.0,0.0,0.0,0.11948930185098076,0.0,0.22371614838824283,0.0,0.0,0.0,0.0,0.0,0.0,0.0,0.0,0.0,0.0,0.0,0.0,0.0,0.0,0.07813751743826523,0.13782526319367766,0.0,0.0,0.0,0.0,0.0,0.0,0.0,0.0,0.08474879906742055,0.0,0.0,0.0,0.0,0.0,0.0,0.0,0.0,0.12950188741517527,0.1310036711834981,0.0,0.0,0.0,0.0,0.0,0.10235927978235161,0.0,0.0,0.0,0.0,0.0,0.0,0.0,0.0,0.12289060578601994,0.0,0.0,0.0,0.0,0.0,0.0,0.0,0.0,0.0,0.0,0.0,0.0,0.0,0.10862712700962072,0.0,0.0,0.0,0.0,0.0,0.10786750303725288,0.0,0.0,0.0,0.0,0.0,0.0,0.0,0.0,0.0,0.0,0.0,0.0,0.0,0.12410895903036638,0.0,0.0,0.0,0.0,0.0,0.0,0.0,0.0,0.11020219691455213,0.0,0.0,0.0,0.0,0.0,0.0,0.0,0.0,0.0,0.0,0.0,0.0,0.0,0.0,0.0,0.10569032791313998,0.0,0.0,0.0,0.0,0.0,0.0,0.0,0.0,0.0,0.0,0.0,0.0,0.0,0.0,0.0,0.14091825513606646,0.0,0.0,0.0,0.14186584602485813,0.0,0.07583064133891465,0.0,0.23089743803960064,0.0,0.0,0.0,0.0,0.0,0.0,0.08549095886337553,0.0,0.0,0.0,0.0,0.0,0.0,0.13978237932448873,0.0,0.0,0.0,0.10786750303725288,0.0,0.0,0.13782526319367766,0.0,0.0,0.22371614838824283,0.0,0.0,0.0,0.12410895903036638,0.0,0.0,0.1310036711834981,0.13782526319367766,0.0,0.15687564440411406,0.0,0.0,0.0,0.0,0.0,0.0,0.14186584602485813,0.0,0.0,0.0,0.0,0.0,0.0,0.0,0.0,0.0,0.0,0.14186584602485813,0.1342346183679988,0.13782526319367766,0.11843076343456603,0.0,0.0,0.0,0.0,0.0,0.0,0.0,0.0,0.14186584602485813,0.0,0.2620073423669962
3,2022-08-03,느낌이 좋고 읽기 쉽고 상세한 설명이 생각보다 어렵지 않습니다 아래 메시지는 스포일러가 될 수 있습니다 이 책은 새로운 코로나19가 발생하는 동안의 사건에 관한 것입니다 이 글을 읽고 나니 이 편의점이 왜 잘 팔리지 않는지 헷갈리네요 그 당시 미국에는 물건을 쌓아두는 사람들이 많았기 때문입니다 편의점과 슈퍼마켓이 불티나게 팔리고 있다 이 책은 Tokko 씨에 대해 이야기합니다 기차역에 사는 노숙자 우연히 친절한 주인이 운영하는 편의점 점원이 됐다 마치 Dokko 씨에게 약간의 슈퍼히어로 능력이 있는 것 같습니다 Dokko 씨 주변 사람들은 Dokko와 이야기를 나눈 후 그를 괴롭히는 문제를 풀 수 있습니다 이 책의 가장 좋은 점은 해설이다 작가는 우리를 책 속으로 데려가듯 세심하게 묘사한다 그는 논리가 매우 뛰어난 작가이다 모든 것에는 올 곳이 있습니다 읽기는 재미있지만 이야기를 표면적으로만 경험할 수 있고 진심이 느껴지지 않는다는 점이 아쉽습니다 일단 끝나면 끝입니다 누군가 나에게 한국 정부가 한국 시리즈를 소프트파워로 만들려고 한다고 말한 적이 있다 모든 시리즈에는 반드시 식사 장면이 있어야 한다 한식 홍보를 위해 이 메시지가 사실이라면 책을 다 읽고 나니 옥수수수염차와 국수가 너무 먹고 싶었다는 걸 인정해야겠습니다 배가 정말 꼬르륵 소리가 나네요 일반적으로 우리는 주로 일본어 번역을 읽습니다 이 책을 읽으면 한국 문화와 일본 문화의 차이를 조금 느낄 수 있습니다 그리고 책에는 이 두 나라의 갈등도 이야기되어 있습니다 한국 사람들은 아마 일본 사람을 별로 좋아하지 않겠죠 많은 이야기를 찾았습니다 전체적으로 별 3개입니다,0,0.0,0.0,0.0,0.0,0.0,0.0,0.0,0.09572066101172001,0.0,0.0,0.0,0.0,0.12278322947329967,0.0,0.0,0.0,0.0,0.0,0.0,0.0,0.0,0.0832186562870984,0.0,0.0,0.0,0.0,0.0,0.0,0.0,0.11281999082454439,0.0,0.0,0.0,0.0,0.0,0.09517653774914282,0.0,0.0,0.0,0.0,0.0,0.11097908934764392,0.08213347354898203,0.0,0.0,0.0,0.0,0.0,0.0,0.0,0.0,0.0,0.0,0.0,0.0,0.0,0.09920049948800423,0.0,0.0,0.0,0.0,0.08884929467559531,0.09859297944791304,0.0,0.0,0.0,0.11009772686783223,0.0,0.0,0.0,0.0,0.0,0.0,0.0,0.0,0.0,0.0,0.0,0.09464171619586494,0.0,0.0,0.0,0.0,0.0,0.0,0.0,0.0,0.0,0.0,0.0,0.0,0.0,0.0,0.0,0.0,0.0,0.0,0.0,0.0,0.0,0.0,0.0,0.12411476229523932,0.0,0.0,0.0,0.0,0.0,0.0,0.0,0.0843428358713385,0.0,0.0,0.07322197423697813,0.0,0.1514524286436997,0.0,0.0,0.0,0.1147760214065147,0.0,0.0,0.0,0.0,0.0,0.0,0.0,0.0,0.0,0.0,0.2792928703080344,0.0,0.0,0.1147760214065147,0.0,0.0,0.12278322947329967,0.0,0.0,0.0,0.0,0.0,0.0,0.0,0.0,0.11009772686783223,0.0,0.0,0.0,0.0,0.0,0.0,0.0,0.0,0.0,0.12848739621290878,0.0,0.0,0.0,0.0,0.0,0.0,0.0,0.0,0.0,0.0,0.0,0.0,0.0,0.0,0.10453874043049137,0.0,0.0,0.0,0.0,0.0,0.0,0.0,0.0,0.0,0.0,0.0,0.0,0.0,0.0,0.0,0.0,0.0,0.0,0.0,0.0,0.0,0.0,0.0,0.10175590278787222,0.13009217355770242,0.0,0.09161164358205466,0.0,0.0,0.0,0.0,0.0,0.0,0.0,0.0,0.2474731054310261,0.0,0.0,0.0,0.0,0.0,0.0,0.0,0.0,0.0,0.0,0.2295520428130294,0.10527492260803482,0.0,0.0,0.0,0.0,0.0,0.10527492260803482,0.06828477753165103,0.0,0.22195817869528783,0.0,0.0,0.0,0.36745263904313946,0.0,0.0,0.0,0.0,0.0,0.0,0.0,0.0,0.0,0.0,0.0,0.0,0.0,0.0,0.12848739621290878,0.0,0.13748790354795623,0.07269168528769192,0.0,0.10453874043049137,0.0,0.0,0.0,0.0847267216568973,0.0,0.0,0.10840616361718748,0.0,0.0,0.0,0.0,0.0,0.0,0.0,0.0,0.1520345035201568,0.15753221681544505,0.10680138627239386,0.0,0.0,0.0,0.0,0.0,0.0,0.13178373680834712,0.0,0.0,0.0,0.0,0.0,0.0,0.09920049948800423,0.0,0.0,0.0,0.0,0.0,0.0,0.0,0.3896488970494591,0.0,0.0,0.0,0.0,0.0,0.0,0.0,0.0
4,2023-08-14,노망이 오기 시작한 중년 엄마가 중요한 물건이 담긴 주머니를 잃어버렸다 갑자기 엄마는 주머니를 찾았다고 주장하는 누군가로부터 전화를 받았습니다 그들은 모임 장소를 정했습니다 주머니를 돌려준 사람은 노숙인으로 밝혀졌다 어머니는 미니마켓을 운영했고 야간 근무 경비원이 일을 그만두자 노숙자를 고용했습니다 노숙인은 자신의 이름이 독고라고 주장했고 그의 존재는 미니마켓에 모인 사람들을 짜증나게 하고 기쁘게 했다 나는 읽기 전에는 아무 기대도 하지 않는 것에 익숙해졌고 이 간단한 책은 내 마음을 감동시켰다 각 장은 POV를 바꾸지만 신비한 독고와 미니마켓과 관련이 있습니다 나는 웃으며 젖은 눈으로 이 책을 다 읽었다 과 동시에 배고프게 만듭니다 정말 재미있는 엔터테인먼트입니다,1,0.0,0.0,0.0,0.0,0.0,0.0,0.0,0.0,0.0,0.0,0.0,0.0,0.0,0.0,0.0,0.0,0.2651037794884475,0.0,0.0,0.0,0.0,0.0,0.0,0.0,0.0,0.0,0.0,0.0,0.0,0.0,0.0,0.0,0.0,0.0,0.0,0.0,0.0,0.0,0.0,0.0,0.0,0.0,0.0,0.0,0.19294025330857323,0.0,0.0,0.0,0.0,0.0,0.0,0.0,0.0,0.0,0.24749161818532062,0.0,0.0,0.0,0.0,0.0,0.0,0.0,0.0,0.0,0.0,0.0,0.0,0.0,0.0,0.0,0.0,0.0,0.0,0.2651037794884475,0.0,0.0,0.0,0.0,0.0,0.0,0.0,0.0,0.0,0.0,0.0,0.0,0.0,0.0,0.0,0.25144174474790537,0.0,0.0,0.0,0.0,0.0,0.0,0.0,0.0,0.0,0.0,0.0,0.0,0.0,0.0,0.0,0.2031681926542365,0.0,0.0,0.0,0.26139201777940263,0.0,0.0,0.0,0.0,0.0,0.0,0.0,0.0,0.0,0.0,0.0,0.0,0.0,0.0,0.0,0.0,0.0,0.0,0.0,0.0,0.0,0.22661701483558436,0.0,0.0,0.0,0.24845455146378967,0.0,0.0,0.0,0.0,0.0,0.0,0.0,0.0,0.0,0.0,0.0,0.0,0.0,0.0,0.0,0.0,0.0,0.0,0.0,0.0,0.0,0.0,0.0,0.0,0.0,0.0,0.0,0.0,0.0,0.0,0.0,0.0,0.0,0.23537840939843618,0.0,0.0,0.0,0.0,0.0,0.0,0.0,0.22078161883177844,0.0,0.0,0.0,0.0,0.0,0.0,0.0,0.0,0.0,0.0,0.0,0.0,0.0,0.0,0.0,0.0,0.0,0.0,0.0,0.0,0.0,0.0,0.0,0.0,0.0,0.0,0.0,0.0,0.0,0.0,0.0,0.0,0.0,0.0,0.0,0.0,0.23084112528624773,0.0,0.0,0.0,0.2060163953739267,0.0,0.0,0.0,0.0,0.0,0.0,0.0,0.0,0.0,0.0,0.0,0.0,0.14381633591536166,0.0,0.0,0.0,0.0,0.0,0.17051682400517928,0.0,0.0,0.0,0.0,0.2286926480950876,0.0,0.0,0.0,0.0,0.0,0.0,0.142253051397477,0.0,0.0,0.0,0.0,0.0,0.0,0.0,0.0,0.0,0.0,0.0,0.0,0.23777971000736328,0.0,0.0,0.0,0.0,0.14876097560434934,0.15414031499418498,0.0,0.0,0.0,0.0,0.0,0.0,0.0,0.0,0.0,0.0,0.0,0.0,0.0,0.0,0.0,0.0,0.0,0.0,0.0,0.22460944752787793,0.0,0.0,0.0,0.0,0.0,0.0,0.0,0.0,0.0,0.0,0.0
4,2024-04-25,이 ARC를 제공한 NetGalley와 hanserblau Verlag에게 감사드립니다 나는 책을 무료로 받았지만 모든 의견은 내 의견입니다 이 책은 마음이 따뜻해진다는 한 단어로 완벽하게 요약됩니다 별다른 일이 일어나지는 않지만 등장인물들의 상황은 모두 나름대로 현실감 있고 감동적이다 이 책은 당신에게 희망을 주고 생각하게 해준다 각 챕터가 서로 다른 인물에 초점을 맞추고 있음에도 불구하고 서로 다른 챕터가 연결되는 방식이 정말 마음에 들었습니다 때때로 나는 약간의 흥분을 놓쳤지만 이 책은 서스펜스를 목표로 하지 않고 책이 독자에게 주고자 하는 것을 많은 사랑과 헌신으로 이루어냅니다 나는 이 책을 마음을 담아 단순하고 현실적인 이야기에 열려 있는 모든 사람에게 추천하고 싶습니다,1,0.0,0.0,0.0,0.0,0.0,0.0,0.0,0.0,0.0,0.0,0.0,0.18535646955468438,0.0,0.0,0.0,0.0,0.0,0.0,0.0,0.10486533736414128,0.0,0.0,0.0,0.0,0.0,0.0,0.0,0.0,0.0,0.0,0.0,0.0,0.0,0.0,0.0,0.0,0.0,0.0,0.0,0.0,0.0,0.0,0.0,0.0,0.0,0.0,0.0,0.0,0.0,0.0,0.0,0.0,0.0,0.0,0.27366680483306527,0.0,0.0,0.0,0.0,0.0,0.0,0.0,0.0,0.0,0.0,0.0,0.0,0.21440072464370735,0.0,0.0,0.0,0.0,0.0,0.0,0.0,0.0,0.0,0.0,0.0,0.0,0.0,0.0,0.0,0.0,0.0,0.0,0.0,0.0,0.0,0.0,0.0,0.0,0.0,0.0,0.0,0.1588274535846422,0.0,0.0,0.0,0.0,0.0,0.0,0.0,0.0,0.12278780741694555,0.14977043272568585,0.1467935023436543,0.0,0.0,0.0,0.12167333723096216,0.0,0.0,0.0,0.16858641315314202,0.2184859239606768,0.0,0.0,0.0,0.0,0.0,0.0,0.0,0.0,0.18535646955468438,0.0,0.0,0.16009891088295303,0.0,0.0,0.0,0.0,0.0,0.0,0.1810547637945553,0.0,0.0,0.0,0.0,0.0,0.0,0.0,0.0,0.0,0.0,0.0,0.0,0.3542552282401532,0.0,0.0,0.0,0.0,0.0,0.0,0.0,0.0,0.0,0.0,0.0,0.1810547637945553,0.0,0.0,0.0,0.0,0.0,0.0,0.0,0.0,0.14875614848381555,0.0,0.0,0.0,0.0,0.0,0.0,0.0,0.0,0.0,0.0,0.0,0.0,0.0,0.0,0.0,0.0,0.0,0.0,0.0,0.0,0.0,0.0,0.0,0.0,0.0,0.0,0.0,0.0,0.0,0.0,0.0,0.0,0.0,0.0,0.0,0.0,0.0,0.0,0.19269155817361142,0.0,0.0,0.0,0.0,0.0,0.0,0.0,0.16705630901924998,0.0,0.0,0.0,0.0,0.0,0.0,0.0,0.0,0.15187005544834525,0.09850791331019482,0.0,0.0,0.0,0.0,0.0,0.0,0.0,0.0,0.0,0.0,0.0,0.0,0.0,0.0,0.0,0.0,0.0,0.0,0.0,0.0,0.0,0.0,0.0,0.10486533736414128,0.0,0.0,0.0,0.0,0.0,0.0,0.18535646955468438,0.0,0.0,0.0,0.0,0.0,0.0,0.0,0.0,0.0,0.0,0.32898844151568546,0.22725665248635785,0.0,0.1508080358775508,0.0,0.0,0.0,0.0,0.18535646955468438,0.0,0.0,0.0,0.0,0.0,0.0,0.0,0.0,0.0,0.0,0.0,0.0,0.0,0.1588274535846422,0.0,0.0,0.0,0.0,0.0,0.0,0.0,0.0,0.0,0.0
4,2024-05-19,요즘 성적이 꽤 후한 편인데 충동적으로 읽거나 급하게 책을 읽지 않기 때문이다 한 권의 책을 최대 4개월 동안 읽을 수 있고 정말 괜찮다고 느낍니다 또한 각 항목에 개별적으로 접근하여 평가에서 최대한의 결과를 얻을 수 있습니다 정말 독특하다고요 아 물론이죠 하지만 오 부인의 가게에는 그 이상의 뭔가가 있었습니다 그 가게에는 희망이 있었습니다 서서히 싹이 트고 방문하는 모든 사람에게 그 씨앗을 담그는 것이었습니다 내일에 대한 희망이었습니다 왜냐면 원래 그런 거 아니거든 내 큰 드라마는 웃고 잊어버리는 이유입니다 모든 사람에게는 무언가가 있기 때문입니다 하지만 여기 여기의 각 이야기는 각 측면을 이해할 수 있는 장과 공간이 있는 개별적이었습니다 왜냐하면 모든 인간의 작은 드라마는 그의 큰 드라마이고 존경받을 자격이 있기 때문입니다 아 그리고 물론 독특한 키밥 가게에 갔다면 어려운 날에 나는 초대받지 않은 사람이 아니라 분명히 손님이 될 것입니다,1,0.0,0.0,0.0,0.0,0.184587550518042,0.0,0.0,0.0,0.0,0.0,0.0,0.0,0.0,0.0,0.0,0.0,0.0,0.0,0.0,0.0,0.0,0.12099098213195832,0.0,0.0,0.0,0.0,0.0,0.0,0.0,0.0,0.0,0.0,0.0,0.0,0.0,0.0,0.0,0.0,0.0,0.0,0.184587550518042,0.0,0.11941324306315645,0.0,0.1433435956183342,0.0,0.0,0.0,0.0,0.0,0.0,0.0,0.0,0.0,0.09193607302708821,0.0,0.0,0.0,0.0,0.0,0.0,0.0,0.0,0.0,0.0,0.0,0.0,0.0,0.0,0.0,0.0,0.0,0.0,0.0,0.0,0.0,0.0,0.10492776488901688,0.0,0.0,0.0,0.0,0.0,0.0,0.0,0.0,0.0,0.0,0.0,0.0,0.18044952486818322,0.0,0.0,0.0,0.0,0.0,0.0,0.0,0.0,0.0,0.0,0.0,0.36089904973636644,0.17665675261153885,0.0,0.0,0.0,0.0,0.0,0.0,0.0,0.0,0.0,0.0,0.0,0.3302933303438674,0.0,0.0,0.0,0.0,0.0,0.0,0.0,0.0,0.0,0.0,0.0,0.0,0.0,0.0,0.0,0.0,0.0,0.0,0.18247149846623215,0.0,0.0,0.0,0.15415454612528945,0.0,0.0,0.0,0.0,0.0,0.0,0.0,0.0,0.0,0.0,0.0,0.0,0.0,0.0,0.0,0.0,0.0,0.0,0.0,0.0,0.0,0.0,0.0,0.15198809305316674,0.0,0.0,0.0,0.0,0.0,0.0,0.0,0.0,0.0,0.17487272331987208,0.0,0.0,0.0,0.0,0.0,0.0,0.0,0.0,0.0,0.0,0.0,0.0,0.0,0.0,0.0,0.0,0.0,0.0,0.0,0.0,0.0,0.0,0.0,0.0,0.0,0.0,0.0,0.0,0.0,0.0,0.0,0.0,0.13916755332089806,0.0,0.0,0.0,0.0,0.0,0.0,0.0,0.0,0.0,0.0,0.0,0.0,0.0,0.0,0.0,0.0,0.18680686462595528,0.0,0.1530584228165041,0.19855745494649601,0.0,0.0,0.0,0.0,0.0,0.1068473288764263,0.3649429969324643,0.0,0.0,0.0,0.0,0.0,0.0,0.0,0.12045896535162888,0.0,0.0,0.0,0.0,0.0,0.0,0.0,0.0,0.21137179541671086,0.0,0.0,0.0,0.0,0.0,0.0,0.0,0.0,0.0,0.0,0.0,0.0,0.0,0.0,0.0,0.0,0.0,0.0,0.22903491212559043,0.0,0.0,0.0,0.0,0.0,0.0,0.0,0.0,0.0,0.0,0.0,0.0,0.0,0.0,0.0,0.0,0.0,0.0,0.0,0.0,0.0,0.27519776704125926,0.0,0.0,0.0,0.0,0.0,0.0,0.0,0.0,0.0
4,2025-06-24,4 5 일반 의견 이야기는 매우 흥미롭고 등장인물은 독자에게 매우 잘 표현되었으며 결국 그것이 돕는 모든 사람들이 서로 연결되어 있다는 점이 마음에 듭니다 그것이 코로나 갈등을 어떻게 제시하는지 또한 흥미롭습니다 나는 당신에 대해 모르지만 아직 이것에 대한 이야기를 읽은 적이 없습니다 반면에 결국엔 해결되지 않은 일이 많다는 느낌이 들어서 꽤 불편했어요 주인공의 각성 이 다소 갑작스럽다고 생각하는 것도 사실이지만 저는 주인공을 좋아해요 제가 가장 마음에 들었던 점은 어리석게 보일 수도 있지만 사실입니다 작가가 가게를 주인공 중 하나로 네 가게를 활용한다는 점입니다 사실 제목에 이미 언급되어 있었지만 읽기 전까지는 전혀 몰랐습니다 Victor Hugo가 Notre Dame Kisses의 성모님께서 사용한 것과 동일한 자료이기 때문에 훌륭하다고 생각합니다,1,0.0,0.0,0.0,0.3681000903610219,0.0,0.0,0.0,0.13189433711182552,0.0,0.0,0.0,0.0,0.0,0.0,0.0,0.0,0.0,0.0,0.0,0.0,0.0,0.0,0.0,0.0,0.14404484597005285,0.0,0.0,0.0,0.0,0.0,0.0,0.0,0.0,0.3010469229147834,0.0,0.0,0.0,0.0,0.0,0.0,0.0,0.0,0.0,0.0,0.0,0.0,0.0,0.0,0.0,0.0,0.0,0.0,0.0,0.0,0.08713128253833652,0.0,0.0,0.0,0.0,0.0,0.0,0.0,0.0,0.0,0.0,0.0,0.1517046220666359,0.0,0.17925514526825972,0.0,0.0,0.0,0.0,0.0,0.0,0.0,0.0,0.0994439987225397,0.13040764960086046,0.0,0.0,0.0,0.0,0.0,0.0,0.0,0.0,0.18944578639226053,0.0,0.0,0.0,0.0,0.0,0.0,0.0,0.0,0.0,0.0,0.0,0.0,0.0,0.1269008663031679,0.0,0.16742426467971702,0.23456244494471676,0.0,0.0,0.0,0.0,0.0,0.0,0.0,0.0,0.20178639913117455,0.0,0.10434381391020173,0.0,0.0,0.0,0.0,0.0,0.0,0.0,0.0,0.0,0.0,0.0,0.0,0.0,0.0,0.0,0.0,0.0,0.15815088508312142,0.0,0.0,0.0,0.0,0.0,0.0,0.0,0.0,0.0,0.0,0.0,0.0,0.16102592792207396,0.16918408720398598,0.0,0.0,0.0,0.0,0.0,0.0,0.14825400772202144,0.0,0.0,0.0,0.0,0.0,0.0,0.0,0.0,0.0,0.0,0.0,0.0,0.0,0.0,0.0,0.0,0.0,0.16573347285937154,0.0,0.0,0.0,0.0,0.0,0.0,0.0,0.0,0.1311445849029899,0.0,0.0,0.0,0.15678220932225198,0.0,0.0,0.0,0.0,0.0,0.0,0.0,0.0,0.0,0.0,0.0,0.0,0.0,0.0,0.0,0.0,0.0,0.0,0.0,0.13189433711182552,0.11366511976563982,0.0,0.0,0.0,0.0,0.0,0.0,0.0,0.0,0.15956444337317646,0.0,0.0,0.14505923783983682,0.0,0.0,0.18405004518051096,0.0,0.0,0.0,0.0,0.0,0.0,0.13754292166063295,0.0,0.0,0.0,0.0,0.0,0.0,0.14404484597005285,0.0,0.0,0.0,0.0,0.0,0.0,0.0,0.0,0.15678220932225198,0.15545565341367187,0.17704390851052654,0.0,0.18944578639226053,0.0,0.14937380224917562,0.0,0.0,0.0,0.0,0.0,0.0,0.0,0.0,0.0,0.0,0.0,0.0,0.0,0.0,0.0,0.0,0.0,0.0,0.0,0.0,0.0,0.0,0.0,0.0,0.0,0.0,0.0,0.0,0.0,0.0,0.0,0.0,0.0,0.0,0.0,0.0,0.0,0.0,0.0,0.0,0.0,0.0,0.0,0.0,0.0,0.0,0.0,0.0,0.0
5,2026-02-07,염씨는 서울역에서 지갑이 들어 있던 가방을 잃어버리고 돌아와 보니 그것을 찾아준 독고는 노숙자이며 서울에 오기 전 자신이 누구였는지 전혀 기억하지 못한다 그녀는 편의점 야간 근무를 위해 독고를 고용했고 단 한 번도 후회하지 않습니다 독고에게 두 번째 기회를 주면 다른 사람에게도 두 번째 기회를 주는 파급효과가 발생합니다 이 책은 비록 단순하고 작은 행동으로 시작하더라도 친절이 세상을 바꿀 수 있다는 것을 믿게 해줄 것입니다 나는 확실히 믿는다 독고는 정말 매력적이고 신비로운 캐릭터였어요 너무 잘 처리됐음에도 불구하고 마지막에 그의 과거를 알게 돼서 실망할 뻔했다 나는 코로나19 소설에 깊은 관심을 가지고 있고 이것이 확실히 그 법안에 부합하지만 이렇게 불확실한 글로벌 상황에서 우리의 친절을 우리와 함께 가져간다는 메시지에도 감탄했습니다,1,0.0,0.0,0.0,0.0,0.0,0.0,0.0,0.0,0.0,0.15747120006600254,0.0,0.0,0.0,0.0,0.0,0.0,0.0,0.0,0.0,0.09884852967842545,0.0,0.11316344893143862,0.0,0.0,0.0,0.0,0.1726456259661217,0.0,0.0,0.0,0.0,0.0,0.137475303617494,0.0,0.14854882211038226,0.0,0.0,0.0,0.0,0.0,0.0,0.0,0.0,0.0,0.1340699560956742,0.17920383283835303,0.0,0.0,0.0,0.0,0.0,0.30182598638754243,0.0,0.1669646487706263,0.17197650472183196,0.0,0.0,0.0,0.0,0.0,0.0,0.12082017505700635,0.0,0.0,0.0,0.0,0.0,0.10104957903976784,0.0,0.0,0.0,0.0,0.0,0.0,0.0,0.0,0.0,0.0,0.0,0.0,0.0,0.0,0.0,0.0,0.28836298045704506,0.16195367175294748,0.0,0.0,0.0,0.0,0.0,0.0,0.0,0.0,0.0,0.0,0.0,0.0,0.0,0.0,0.0,0.0,0.0,0.0,0.0,0.0,0.0,0.0,0.0,0.0,0.0,0.0,0.0,0.0,0.0,0.0,0.0,0.0,0.0,0.0,0.0,0.1842148098560319,0.0,0.0,0.0,0.22337556394701946,0.0,0.15091299319377122,0.0,0.0,0.0,0.0,0.0,0.0,0.0,0.0,0.0,0.0,0.0,0.0,0.0,0.0,0.0,0.0,0.0,0.0,0.0,0.0,0.0,0.0,0.0,0.0,0.0,0.0,0.0,0.0,0.0,0.0,0.0,0.0,0.0,0.0,0.0,0.0,0.0,0.0,0.0,0.0,0.0,0.0,0.14215519622487413,0.0,0.0,0.0,0.17690358983913618,0.0,0.0,0.1534163111943688,0.0,0.0,0.0,0.0,0.0,0.0,0.0,0.0,0.0,0.0,0.0,0.1898957870515273,0.0,0.0,0.0,0.0,0.0,0.0,0.0,0.12457650739105042,0.0,0.17920383283835303,0.0,0.0,0.0,0.0,0.0,0.0,0.0,0.0,0.0,0.0,0.0,0.0,0.0,0.0,0.0,0.0,0.0,0.0,0.0,0.0,0.0,0.0,0.0,0.0,0.14315628081298937,0.0,0.0,0.0,0.13573856729365205,0.0,0.0,0.0,0.0,0.0,0.0,0.0,0.0,0.0,0.15607618551518795,0.0,0.1126658510717418,0.0,0.0,0.0,0.0,0.1534163111943688,0.0,0.0,0.0,0.09884852967842545,0.0,0.0,0.0,0.0,0.0,0.0,0.0,0.14741424468600384,0.0,0.0,0.0,0.0,0.0,0.0,0.0,0.0,0.0,0.10337074366813095,0.0,0.0,0.0,0.0,0.0,0.0,0.0,0.0,0.0,0.0,0.0,0.0,0.0,0.0,0.0,0.1348960817037891,0.0,0.0,0.0,0.0,0.0,0.0,0.0,0.0,0.15091299319377122,0.0,0.0,0.0,0.31782702431177395,0.0,0.0,0.0
4,2026-03-01,작은 친절이 큰 도움이 된다는 것을 일깨워 주는 아름다운 김호연의 두 번째 기회 편의점은 문학계를 휩쓸고 있는 힐링 소설 장르에 영혼을 위로하는 작품입니다 그것은 비오는 오후에 따뜻한 수프 한 그릇과 간단하고 편안하며 놀라울 정도로 영양이 풍부한 문학적 표현입니다 아늑하고 향수를 불러일으키며 당장 옥수수수수차 한 병 사러 가고 싶은 충동을 불러일으킵니다 거창한 몸짓에 의존하지 않습니다 대신 그것은 얼마나 단순하고 진정한 인간 관계가 우리 삶의 균열을 고칠 수 있는지 보여줍니다 약간 감상적이고 속도가 완만하므로 높은 옥탄가의 플롯을 기대하지 마십시오 하지만 긴장을 푸는 데 도움이 되는 책 속의 포옹 을 찾고 있다면 이것이 바로 그것입니다 두 번째 기회가 가능하다는 사실을 상기시켜 주고 싶은 분들을 위한 확실한 별 4개입니다,1,0.0,0.0,0.0,0.0,0.0,0.0,0.0,0.0,0.0,0.0,0.0,0.0,0.0,0.0,0.0,0.0,0.0,0.0,0.0,0.10115450763169764,0.0,0.0,0.0,0.0,0.0,0.0,0.0,0.0,0.0,0.0,0.0,0.2929917753381327,0.0,0.0,0.0,0.0,0.0,0.0,0.0,0.0,0.0,0.0,0.0,0.0,0.0,0.0,0.0,0.0,0.0,0.15833496209831258,0.18587285543317625,0.0,0.0,0.0,0.0,0.0,0.0,0.0,0.0,0.0,0.0,0.0,0.0,0.0,0.0,0.0,0.0,0.0,0.0,0.0,0.0,0.0,0.0,0.0,0.0,0.0,0.0,0.0,0.0,0.0,0.0,0.34929569572479546,0.0,0.0,0.0,0.0,0.0,0.0,0.0,0.0,0.0,0.14862004643323326,0.0,0.0,0.0,0.0,0.0,0.0,0.16114475107185805,0.0,0.0,0.0,0.0,0.0,0.0,0.0,0.0,0.0,0.0,0.0,0.0,0.0,0.0,0.0,0.0,0.0,0.0,0.0,0.0,0.0,0.0,0.0,0.17085966673693737,0.0,0.0,0.22858655825758023,0.0,0.0,0.0,0.0,0.0,0.0,0.0,0.0,0.0,0.0,0.0,0.0,0.0,0.17667317203587016,0.0,0.0,0.14862004643323326,0.0,0.0,0.0,0.0,0.0,0.15569557106637247,0.0,0.0,0.0,0.0,0.0,0.0,0.0,0.0,0.0,0.0,0.0,0.3194343861296333,0.0,0.0,0.0,0.14649588766906635,0.0,0.0,0.0,0.0,0.0,0.14547144938012152,0.0,0.0,0.0,0.0,0.0,0.0,0.0,0.16737487790896877,0.0,0.0,0.0,0.0,0.15320708700875837,0.0,0.0,0.0,0.0,0.0,0.0,0.0,0.0,0.1569952681342187,0.0,0.0,0.0,0.18587285543317625,0.0,0.0,0.18338437137556216,0.0,0.0,0.0,0.0,0.0,0.0,0.0,0.0,0.0,0.0,0.0,0.0,0.0,0.0,0.0,0.0,0.0,0.0,0.0,0.0,0.0,0.0,0.0,0.0,0.0,0.09502205132013508,0.1657317916473832,0.0,0.0,0.19132203543866186,0.0,0.0,0.0,0.0,0.0,0.0,0.0,0.0,0.0,0.0,0.11529416501331771,0.0,0.0,0.0,0.0,0.0,0.0,0.0,0.0,0.0,0.0,0.0,0.0,0.0,0.0,0.0,0.17879733080003707,0.15085318302277093,0.0,0.0,0.0,0.0,0.0,0.0,0.0,0.0,0.0,0.0,0.0,0.0,0.0,0.0,0.0,0.0,0.0,0.0,0.0,0.0,0.0,0.0,0.0,0.0,0.0,0.0,0.0,0.19132203543866186,0.0,0.0,0.0,0.0,0.13169919180333747,0.0,0.0,0.0,0.0,0.0,0.0,0.0,0.0,0.17667317203587016
2,2026-03-06,커피가 식기 전에 재미있게 읽었던 터라 비슷한 여유로운 스토리와 테마와 풍부한 캐릭터의 모습이 보여서 저도 재밌게 볼까 생각했는데 아쉽게도 이 책은 전혀 재미있게 읽지 못했습니다 속도가 너무 느리다는 것을 알았습니다 캐릭터는 매우 단순했지만 캐릭터의 설명과 상호작용이 너무 몰입되어 읽기 힘들게 느껴졌습니다 전제도 받아들이기 어려웠습니다 상당히 뻔뻔한 태도로 돌아다니면서 잠시 교류하는 사람들의 삶을 어떻게든 변화시키는 노숙자 그 모든 것이 조금은 믿기지 않는 느낌이었습니다 결말에 관해서는 어느 정도 이해가 가긴 했지만 좀 엉뚱했고 답을 전부 다 끝내는 것보다 책 전체에 걸쳐 일부를 배포하는 것이 더 좋았을 것 같습니다 나는 이 책을 여러 번 거의 DNF할 뻔했고 계속 가지고 다닐 가치가 있는지 알아보기 위해 일부만 훑어보았습니다 그러나 전반적으로 나는 그것이 정말 지루하다는 것을 알았습니다 그 자체로 나쁜 책은 아니지만 나에게 꼭 맞는 책은 아니다,0,0.0,0.0,0.0,0.0,0.0,0.0,0.0,0.0,0.0,0.1612137501060745,0.0,0.0,0.1709328255082469,0.0,0.0,0.17887388832402482,0.0,0.0,0.0,0.20239564003133598,0.24377822430896615,0.0,0.0,0.0,0.0,0.19440895825452384,0.0,0.0,0.0,0.0,0.0,0.0,0.0,0.15207931784489645,0.0,0.0,0.0,0.0,0.0,0.1597855808465839,0.0,0.0,0.0,0.0,0.0,0.0,0.0,0.0,0.0,0.0,0.0,0.0,0.0,0.0,0.17606379607649464,0.0,0.1381020986502178,0.0,0.0,0.0,0.0,0.24738331201195435,0.13725633887136907,0.0,0.0,0.0,0.0,0.0,0.0,0.0,0.0,0.0,0.0,0.0,0.0,0.0,0.0,0.0,0.0,0.0,0.0,0.0,0.0,0.0,0.0,0.0,0.0,0.0,0.0,0.0,0.0,0.0,0.0,0.0,0.0,0.0,0.0,0.0,0.0,0.0,0.0,0.0,0.0,0.0,0.0,0.0,0.0,0.0,0.0,0.0,0.0,0.0,0.0,0.10193606243546849,0.0,0.10542234338193295,0.0,0.0,0.0,0.0,0.0,0.0,0.0,0.0,0.0,0.0,0.0,0.0,0.0,0.0,0.0,0.0,0.13175558282433614,0.0,0.0,0.0,0.0,0.0,0.0,0.0,0.0,0.1381020986502178,0.0,0.0,0.0,0.0,0.0,0.0,0.0,0.0,0.0,0.0,0.0,0.0,0.0,0.0,0.0,0.0,0.0,0.0,0.0,0.0,0.0,0.0,0.0,0.0,0.0,0.0,0.0,0.16744654456178246,0.0,0.0,0.0,0.0,0.0,0.0,0.0,0.0,0.0,0.16915481292185242,0.0,0.0,0.0,0.0,0.0,0.0,0.0,0.17887388832402482,0.0,0.0,0.0,0.0,0.0,0.0,0.0,0.0,0.0,0.12753726346919667,0.0,0.0,0.0,0.0,0.0,0.0,0.0,0.0,0.0,0.0,0.0,0.0,0.0,0.0,0.0,0.0,0.0,0.0,0.0,0.0,0.14655861434616016,0.0,0.0,0.0,0.0,0.0,0.0,0.0,0.1658027547627597,0.0,0.0,0.0,0.0,0.0,0.0,0.0,0.0,0.0,0.0,0.0,0.0,0.0,0.0,0.0,0.0,0.34557304116232157,0.0,0.15706249044090734,0.0,0.0,0.0,0.10119782001566799,0.0,0.0,0.0,0.0,0.0,0.0,0.0,0.0,0.0,0.0,0.0,0.0,0.0,0.0,0.0,0.0,0.0,0.31748253453980657,0.10965433571161035,0.0,0.0,0.0,0.0,0.0,0.0,0.0,0.0,0.0,0.0,0.0,0.3418656510164938,0.0,0.0,0.0,0.0,0.0,0.0,0.0,0.0,0.0,0.0,0.0,0.0,0.0,0.0,0.0,0.0,0.0,0.0,0.0
5,2024-05-16,이 책을 읽기 전에 나는 주로 여성의 관점을 강조하는 한국 페미니즘 문학의 렌즈를 통해 한국의 가족과 관계에 대한 관점을 접했을 뿐이었다 이 책은 한국 남성과 가족 및 관계 내에서의 역할에 초점을 맞춰 나에게 신선한 관점을 제시했습니다 한국 가정의 모든 남자가 독코씨 세일즈맨씨 사립탐정씨와 같다고 주장하기는 어렵지만 이 책에 등장하는 인물들은 일반적인 원형을 대표하는 것 같습니다 이 책은 사람들의 마음 속에 있는 아름다움을 드러내며 나에게 깊은 감동을 주었다 이 책이 독자들에게 영감을 주어 다른 사람들 특히 가족 내에서 다른 사람의 말을 듣고 공감적으로 소통할 수 있기를 바랍니다,1,0.0,0.0,0.0,0.0,0.0,0.0,0.0,0.0,0.0,0.0,0.18918794057152913,0.0,0.16895381863665304,0.0,0.0,0.0,0.0,0.0,0.0,0.0,0.0,0.0,0.0,0.0,0.0,0.0,0.0,0.0,0.5675638217145874,0.0,0.0,0.0,0.0,0.0,0.0,0.0,0.0,0.0,0.0,0.0,0.0,0.0,0.0,0.0,0.0,0.0,0.0,0.0,0.0,0.0,0.0,0.0,0.0,0.16895381863665304,0.08701269221502915,0.0,0.27300639136236987,0.0,0.0,0.0,0.0,0.0,0.0,0.0,0.0,0.0,0.0,0.20450691060775777,0.0,0.0,0.0,0.0,0.0,0.0,0.0,0.0,0.0,0.09930865013571849,0.0,0.0,0.0,0.0,0.0,0.0,0.0,0.0,0.0,0.0,0.0,0.0,0.0,0.0,0.0,0.0,0.0,0.0,0.0,0.0,0.0,0.0,0.0,0.0,0.0,0.0,0.0,0.0,0.0,0.0,0.0,0.0,0.0,0.0,0.17680294230713542,0.0,0.0,0.10420179641354328,0.0,0.0,0.0,0.0,0.0,0.0,0.0,0.0,0.0,0.0,0.0,0.0,0.0,0.0,0.0,0.0,0.13023015783352515,0.0,0.0,0.0,0.0,0.1514981439837477,0.0,0.0,0.0,0.0,0.0,0.0,0.0,0.0,0.0,0.0,0.0,0.0,0.0,0.0,0.0,0.0,0.0,0.0,0.0,0.0,0.0,0.0,0.0,0.0,0.0,0.0,0.0,0.0,0.0,0.0,0.0,0.0,0.0,0.0,0.0,0.0,0.0,0.0,0.0,0.0,0.0,0.0,0.0,0.0,0.0,0.0,0.0,0.0,0.0,0.0,0.0,0.0,0.0,0.0,0.0,0.0,0.0,0.0,0.0,0.0,0.0,0.0,0.0,0.0,0.0,0.0,0.0,0.0,0.0,0.0,0.0,0.0,0.0,0.0,0.0,0.0,0.0,0.0,0.0,0.0,0.1448618044793606,0.0,0.0,0.0,0.0,0.0,0.0,0.09396213121463456,0.0,0.0,0.0,0.0,0.0,0.0,0.0,0.0,0.0,0.0,0.0,0.0,0.0,0.0,0.0,0.0,0.0,0.0,0.0,0.0,0.0,0.0,0.0,0.0,0.0,0.0,0.0,0.0,0.0,0.0,0.0,0.0,0.0,0.0,0.0,0.0,0.0,0.0,0.0,0.0,0.15934726765423005,0.20920454726957632,0.1083847920576744,0.0,0.1438487932510213,0.0,0.0,0.0,0.0,0.17680294230713542,0.0,0.0,0.0,0.0,0.0,0.1438487932510213,0.1552440699770322,0.0,0.0,0.0,0.0,0.0,0.0,0.0,0.0,0.4021274079925271,0.0,0.0,0.0,0.0,0.0,0.0,0.0,0.0
3,2024-06-21,3 5 5 존재의 불편함 살아 있다는 것의 의미를 포용하고 민감한 심금을 울리는 주제를 다루는 따뜻한 이야기라서 도전하기도 쉽습니다 독고의 과거를 규명하는 과정에서 우리는 바닥을 치고 일어서려고 애쓰는 사람들 술에 도피하는 사람들 가족과 의사소통의 문제를 겪고 있는 사람들 정신 건강과 존엄성을 침해하는 직업으로 고통받는 사람들 등 인간적인 문제들을 만난다 내러티브는 다소 일관성이 없고 뚜렷한 제한이 없다는 점에서 어려움을 겪습니다 완전히 생략할 수 있는 장면도 있고 정의된 분리 없이 이어지는 장면도 있어 읽을 때 혼란을 야기할 수 있습니다 개인의 발전 용서 두 번째 기회를 철학으로 삼은 단순한 책이지만 그 책과 등장 인물들이 겪는 갈등을 더 깊이 파고들면 처음에 본 것보다 더 깊다는 것을 알 수 있습니다 물론 어떤 측면에서는 충분히 현실적이지 않을 수도 있습니다 이제 나는 강이 가라앉는 곳이 아니라 건너가는 곳이라는 것을 깨달았습니다,0,0.0,0.0,0.0,0.0,0.0,0.0,0.0,0.0,0.0,0.0,0.0,0.0,0.0,0.0,0.0,0.0,0.0,0.0,0.0,0.24245776792799897,0.0,0.0,0.0,0.22275980923567676,0.0,0.0,0.21173442463157952,0.0,0.0,0.0,0.0,0.0,0.0,0.0,0.0,0.0,0.0,0.0,0.0,0.0,0.0,0.0,0.0,0.0,0.0,0.0,0.0,0.0,0.0,0.0,0.0,0.18508129357174022,0.0,0.0,0.10545690362457434,0.0,0.0,0.0,0.0,0.0,0.0,0.0,0.0,0.0,0.0,0.0,0.0,0.0,0.21695643663280847,0.0,0.0,0.19141348733175986,0.0,0.0,0.0,0.0,0.0,0.0,0.0,0.0,0.0,0.0,0.0,0.0,0.0,0.0,0.1865937639401778,0.0,0.0,0.0,0.0,0.0,0.0,0.0,0.0,0.0,0.0,0.0,0.19312434795516986,0.0,0.0,0.0,0.0,0.0,0.0,0.0,0.0,0.0,0.0,0.0,0.0,0.0,0.0,0.0,0.0,0.0,0.0,0.0,0.0,0.19141348733175986,0.0,0.0,0.0,0.0,0.0,0.13697507899319075,0.0,0.0,0.0,0.0,0.0,0.0,0.0,0.0,0.0,0.0,0.0,0.0,0.0,0.0,0.0,0.0,0.0,0.0,0.0,0.0,0.0,0.0,0.0,0.0,0.0,0.0,0.0,0.0,0.17943507944370263,0.0,0.0,0.0,0.0,0.0,0.0,0.0,0.1743406385920798,0.0,0.0,0.0,0.0,0.0,0.0,0.0,0.0,0.0,0.0,0.21173442463157952,0.0,0.0,0.0,0.0,0.0,0.0,0.16343094488725776,0.0,0.21695643663280847,0.0,0.0,0.0,0.20930716958418868,0.0,0.0,0.0,0.0,0.21173442463157952,0.0,0.0,0.16969966348835844,0.0,0.0,0.0,0.0,0.0,0.0,0.0,0.0,0.0,0.0,0.0,0.0,0.0,0.0,0.0,0.0,0.0,0.0,0.0,0.0,0.0,0.0,0.0,0.0,0.0,0.0,0.0,0.21428012825241954,0.0,0.17556837933608055,0.22775885134950033,0.0,0.0,0.16647121689533054,0.0,0.0,0.3676833725716518,0.0,0.0,0.0,0.0,0.0,0.0,0.0,0.0,0.0,0.0,0.0,0.0,0.0,0.0,0.0,0.0,0.0,0.0,0.0,0.0,0.0,0.0,0.0,0.0,0.0,0.0,0.0,0.0,0.0,0.0,0.0,0.0,0.0,0.0,0.0,0.0,0.0,0.0,0.0,0.0,0.0,0.0,0.0,0.0,0.0,0.0,0.0,0.0,0.0,0.0,0.0,0.0,0.0,0.0,0.0,0.0,0.0,0.0,0.0,0.0,0.0,0.0,0.0,0.0,0.0,0.0,0.0,0.0
4,2024-11-05,이 소설은 제가 이미 느끼고 있는 것 즉 한국 편의점이 얼마나 그리워졌는지에 향수를 더해주었습니다 그리고 여기에는 내가 기억하는 그대로 설명되어 있습니다 시간을 보내고 영혼을 따뜻하게 할 수 있는 무언가를 즐길 수 있는 편안한 또는 때로는 불편하고 장소입니다 타인뿐만 아니라 자신을 향한 소통과 진심의 중요성 두 번째 기회에 대해 이야기하는 아름다운 이야기입니다 캐릭터들이 마음에 와닿고 공감하기가 전혀 어렵지 않습니다 제가 가장 좋아했던 것은 점점 더 잔인해지는 세상에서 편견을 뛰어넘고 기회를 주려는 인간의 선함과 의지가 강하게 존재한다는 것입니다 희망이 있다고 믿게 만들었습니다 아직도 염씨처럼 인간에 대한 믿음을 갖고 있는 분들이 계셨으면 좋겠습니다 확실히 예술 작품은 아니지만 함께 지내는 데 도움이 되고 적은 일도 아니고 마음을 따뜻하게 해주는 책입니다,1,0.0,0.0,0.0,0.0,0.0,0.0,0.0,0.15030412683003627,0.0,0.0,0.0,0.0,0.0,0.0,0.0,0.0,0.0,0.0,0.14461366819336088,0.0,0.0,0.13067301601343667,0.0,0.0,0.0,0.0,0.0,0.0,0.0,0.0,0.0,0.0,0.0,0.0,0.0,0.0,0.0,0.0,0.0,0.0,0.0,0.0,0.1289690218894968,0.0,0.0,0.0,0.0,0.0,0.0,0.0,0.0,0.1742634760822204,0.0,0.0,0.0,0.0,0.0,0.0,0.0,0.0,0.15117365227875848,0.0,0.0,0.0,0.0,0.0,0.0,0.0,0.0,0.0,0.0,0.0,0.0,0.0,0.0,0.0,0.0,0.11332437558563271,0.1486099277226457,0.0,0.0,0.19707337374175762,0.0,0.0,0.0,0.0,0.0,0.0,0.0,0.0,0.0,0.0,0.0,0.0,0.0,0.0,0.0,0.0,0.0,0.0,0.17022337281478228,0.0,0.0,0.0,0.13365131607069244,0.1630211978156272,0.0,0.0,0.0,0.0,0.0,0.0,0.0,0.0,0.0,0.0,0.0,0.0,0.0,0.0,0.0,0.0,0.0,0.0,0.0,0.1289690218894968,0.0,0.0,0.0,0.0,0.0,0.0,0.0,0.0,0.0,0.0,0.0,0.0,0.0,0.0,0.0,0.0,0.0,0.0,0.0,0.0,0.0,0.0,0.0,0.17568754406223552,0.0,0.0,0.0,0.0,0.0,0.0,0.2097397199883659,0.0,0.0,0.0,0.0,0.0,0.16415060170126664,0.0,0.16530658222014286,0.0,0.0,0.0,0.0,0.0,0.16415060170126664,0.0,0.0,0.0,0.0,0.0,0.0,0.0,0.0,0.0,0.0,0.0,0.0,0.17287952807612972,0.0,0.0,0.0,0.0,0.0,0.0,0.0,0.0,0.0,0.0,0.0,0.0,0.0,0.0,0.0,0.0,0.0,0.0,0.0,0.0,0.0,0.0,0.0,0.0,0.0,0.16083742028360895,0.0,0.0,0.0,0.0,0.0,0.0,0.0,0.0,0.0,0.0,0.0,0.0,0.0,0.0,0.0,0.4288931461274146,0.0,0.0,0.0,0.0,0.0,0.11539754840600039,0.0,0.0,0.0,0.0,0.19079331580028477,0.0,0.0,0.0,0.0,0.0,0.0,0.0,0.0,0.17715412775701161,0.0,0.0,0.0,0.0,0.34044674562956456,0.0,0.0,0.0,0.0,0.0,0.0,0.0,0.0,0.0,0.0,0.0,0.0,0.0,0.0,0.0,0.0,0.0,0.0,0.0,0.0,0.0,0.15978088697549375,0.0,0.0,0.0,0.0,0.0,0.0,0.0,0.0,0.0,0.0,0.0,0.0,0.0,0.0,0.0,0.0,0.0,0.0,0.15296028209138374,0.1742634760822204,0.0,0.0,0.0,0.18350190025826119,0.0,0.0,0.0
3,2024-11-08,교사 염여사는 퇴직 후 24시간 매장을 열기로 결심한다 그녀는 서울역에서 지갑을 잃어버리고 말을 더듬는 노숙자에게서 지갑을 되찾자 그에게 매일 그 집에서 따뜻한 식사를 대접하기로 결심한다 단순한 자선 행위처럼 보였던 것이 그 이상으로 변합니다 그리고 그 순간부터 염여사의 가게는 우울함과 이해력 부족 외로움에 빠진 사람들의 오아시스이자 안식처가 된다 독고를 돕는 일은 일련의 호의가 된다 그것은 부드럽고 차분한 읽기이지만 나에게는 그대로 남아 있습니다 많은 추천과 좋은 리뷰를 받은 후에도 나는 이 책에서 많은 사람들이 주장하는 특별한 점을 발견하지 못했다는 사실에 다소 실망했습니다 어쩌면 지금이 그 책을 읽기에 적절한 시기가 아니었을 수도 있고 어쩌면 이 독자에게 적합한 책이 아닐 수도 있습니다,0,0.1782731431697303,0.0,0.0,0.0,0.0,0.0,0.0,0.0,0.0,0.0,0.0,0.0,0.0,0.0,0.0,0.0,0.0,0.0,0.0,0.0,0.12977010184841384,0.0,0.0,0.0,0.0,0.0,0.0,0.0,0.0,0.0,0.0,0.1560346611300187,0.0,0.0,0.16191231699806624,0.0,0.0,0.0,0.0,0.0,0.0,0.0,0.12173524705748529,0.17320941754987987,0.0,0.0,0.0,0.0,0.0,0.0,0.0,0.0,0.0,0.0,0.09372378034761464,0.0,0.0,0.20078682728958316,0.0,0.0,0.0,0.0,0.0,0.0,0.0,0.0,0.0,0.0,0.19281788781096112,0.0,0.0,0.17011684418612372,0.0,0.0,0.0,0.0,0.0,0.0,0.0,0.0,0.0,0.0,0.0,0.0,0.0,0.17652307078126128,0.0,0.20377956979799017,0.0,0.0,0.0,0.0,0.0,0.34023368837224743,0.0,0.0,0.0,0.0,0.17163735464833774,0.0,0.0,0.0,0.0,0.0,0.0,0.0,0.0,0.0,0.0,0.0,0.2500197670613088,0.0,0.19043934520099587,0.0,0.0,0.0,0.0,0.0,0.0,0.0,0.0,0.0,0.0,0.0,0.0,0.0,0.0,0.0,0.0,0.0,0.0,0.0,0.1402745093469972,0.17011684418612372,0.0,0.0,0.0,0.0,0.0,0.0,0.0,0.0,0.0,0.0,0.0,0.0,0.0,0.0,0.0,0.0,0.0,0.0,0.0,0.0,0.3189423052341444,0.0,0.0,0.0,0.0,0.0,0.0,0.0,0.0,0.0,0.0,0.0,0.0,0.0,0.0,0.0,0.0,0.0,0.0,0.0,0.0,0.0,0.0,0.0,0.0,0.0,0.0,0.0,0.0,0.0,0.0,0.0,0.0,0.0,0.0,0.0,0.0,0.0,0.0,0.0,0.0,0.0,0.0,0.0,0.0,0.0,0.0,0.0,0.0,0.0,0.0,0.0,0.0,0.0,0.0,0.0,0.0,0.0,0.0,0.0,0.0,0.0,0.0,0.0,0.0,0.0,0.0,0.0,0.0,0.0,0.1560346611300187,0.0,0.0,0.0,0.0,0.0,0.0,0.21784997450115012,0.0,0.0,0.0,0.0,0.0,0.0,0.0,0.0,0.0,0.0,0.0,0.0,0.0,0.0,0.0,0.20078682728958316,0.0,0.0,0.0,0.0,0.0,0.0,0.0,0.12557886507895075,0.0,0.0,0.0,0.0,0.0,0.0,0.0,0.328978339188179,0.0,0.0,0.0,0.0,0.11674426092611805,0.0,0.1549435186835821,0.0,0.0,0.0,0.0,0.0,0.0,0.0,0.0,0.0,0.0,0.0,0.0,0.0,0.0,0.0,0.0,0.0,0.0,0.0,0.0,0.0,0.0,0.0,0.0,0.0,0.0,0.0,0.0,0.0
5,2025-01-11,이 책은 의심할 여지 없이 내가 가장 좋아하는 책 중 하나이자 위로가 되는 새로운 책이 되었습니다 두 번째 기회와 살아가는 방법에 대한 귀중한 교훈으로 가득 찬 감동적인 서사를 찾는 모든 사람에게 추천하고 싶은 이야기입니다 나에게 있어 이 책의 가장 큰 교훈은 간단하면서도 강력하다는 것입니다 친절은 친절을 낳는다는 것입니다 이는 아주 작은 행동이라도 다른 사람의 삶에 얼마나 큰 영향을 미칠 수 있는지를 보여줍니다 우리의 행동이 아무리 작더라도 우리 주변 세상에 행복과 의미를 가져올 수 있다는 점을 일깨워주며 우리가 좀 더 주의 깊고 관대해지도록 영감을 주는 이야기입니다 마음을 따뜻하게 해줄 뿐만 아니라 우리 자신과 타인을 위해 어떻게 더 나은 사람이 될 수 있는지 생각해 보게 만드는 잊을 수 없는 책입니다,1,0.0,0.0,0.0,0.0,0.0,0.0,0.16404062303817693,0.24139925470649504,0.0,0.0,0.0,0.0,0.0,0.0,0.0,0.0,0.0,0.0,0.0,0.0,0.0,0.20987027662629543,0.0,0.0,0.0,0.0,0.0,0.0,0.0,0.0,0.0,0.0,0.0,0.0,0.0,0.0,0.0,0.0,0.0,0.0,0.0,0.0,0.0,0.0,0.0,0.0,0.0,0.0,0.0,0.0,0.0,0.0,0.0,0.0,0.0,0.0,0.1250875536681898,0.0,0.16404062303817693,0.0,0.12139788760629841,0.0,0.0,0.0,0.0,0.0,0.0,0.09370208890900573,0.0,0.0,0.0,0.0,0.0,0.0,0.0,0.0,0.0,0.09100355520306261,0.0,0.0,0.0,0.0,0.0,0.0,0.0,0.0,0.0,0.0,0.0,0.0,0.0,0.13467194425569026,0.16617361137987116,0.0,0.0,0.0,0.0,0.0,0.0,0.0,0.0,0.0,0.0,0.0,0.0,0.13091189338584514,0.0,0.0,0.15482435961073235,0.0,0.0,0.0,0.0,0.0,0.0,0.09548749196790772,0.0,0.0,0.0,0.0,0.0,0.0,0.0,0.0,0.0,0.10356676965881104,0.0,0.0,0.0,0.0,0.0,0.0,0.0,0.0,0.15825701711287923,0.0,0.0,0.1388284876528371,0.133697804036463,0.0,0.13181884538379085,0.0,0.0,0.0,0.0,0.1388284876528371,0.0,0.0,0.0,0.0,0.0,0.0,0.0,0.0,0.0,0.0,0.0,0.0,0.0,0.0,0.14472761540121912,0.0,0.13181884538379085,0.0,0.0,0.0,0.0,0.14226114515498392,0.0,0.0,0.0,0.0,0.0,0.0,0.0,0.0,0.0,0.0,0.0,0.0,0.0,0.12001351137438628,0.0,0.1388284876528371,0.1516666208127306,0.0,0.15825701711287923,0.0,0.0,0.0,0.1501777394219759,0.0,0.28452229030996784,0.13467194425569026,0.0,0.0,0.0,0.11551833349979321,0.0,0.0,0.1600922631024713,0.0,0.0,0.0,0.0,0.0,0.0,0.0,0.0,0.25831648274889313,0.0,0.0,0.0,0.0,0.0,0.0,0.0,0.0,0.0,0.0,0.0,0.0,0.0,0.0,0.0,0.0,0.1501777394219759,0.0,0.125868780669787,0.0,0.0,0.0,0.0,0.0,0.0,0.0,0.0,0.0,0.0,0.0,0.10447372165675677,0.0,0.0,0.0,0.0,0.0,0.0,0.17082023156862766,0.0,0.0,0.0,0.0,0.14347510784159356,0.0,0.0,0.0,0.0,0.1366954993111428,0.1366954993111428,0.0,0.0,0.0,0.0,0.0,0.1600922631024713,0.0,0.0,0.095854477631909,0.0,0.13467194425569026,0.13181884538379085,0.0,0.1283098070748348,0.0,0.0,0.0,0.0,0.0,0.0,0.0,0.0,0.0,0.0,0.0,0.0,0.0,0.0,0.0,0.0,0.0,0.0,0.0,0.0,0.0,0.0,0.0,0.0,0.0,0.0,0.0
