date,rating,review
2026-07-25,10,"이 책은 서울 후암동의 작은 골목 모퉁이에 있는 낡은 편의점을 배경으로 펼쳐지는 이야기다. 제목처럼 처음에는 '불편해 보이는' 편의점에서 일하는 특별한 아르바이트생과 동네 주민들이 엮어가는 따뜻한 소통 과정을 담고 있다. 나는 이 책을 읽으며 우리 주변의 이웃들을 돌아보게 되었고, 사람의 마음을 열 수 있는 건 결국 진심 어린 따뜻한 말과 행동이라는 것을 깨달았다. 이 이야기의 중심에는 **'독고'**라는 기억을 잃은 노숙인이 있다. 그는 우연히 연유라는 옛날 편의점 사장 할머니의 지갑을 찾아준 인연으로, 그곳에서 야간 알바를 시작하게 된다. 처음에는 말도 어눌하고 행동도 어딘가 어설프고 무서워 보여서 손님들과 주변 사람들은 그를 의심하고 불편해했다. 하지만 독고는 점차 편의점에서 일하며 자신만의 방식으로 사람들을 돕기 시작한다. 특히 청하와 오징어로 지친 마음을 위로하고, 취업 준비생과 늙은 어머니 사이의 갈등을 풀어주는 모습이 기억에 남는다. 그는 남의 이야기에 무심히 귀를 기울여 주면서도, 그 사람에게 꼭 필요한 뼈 있는 조언이나 따뜻한 위로를 건네곤 했다. 이 책을 읽고 가장 크게 느낀 점은 **""겉모습만 보고 사람을 판단하면 안 된다""**는 것이다. 우리는 흔히 노숙인이나 낯선 사람을 보면 경계하거나 피하게 되는데, 독고 역시 처음에는 그런 편견의 시선을 받았다. 하지만 그에게도 감춰진 아픈 과거가 있었고, 누구보다 마음이 따뜻한 사람이었다. 또한, 작은 편의점이라는 공간이 단순히 물건을 사고파는 곳을 넘어 사람과 사람이 만나 위로를 나누는 공간 으로 변하는 과정이 참 신기하고 감동적이었다. 요즘은 스마트폰만 보느라 옆에 있는 사람과 대화할 일이 점점 줄어들고 있는데, 이 책 속 인물들처럼 서로에게 관심을 갖고 따뜻한 말한마디를 건네는 것이 얼마나 중요한지 생각해보게 되었다. 《불편한 편의점》은 제목은 불편하지만, 책을 다 읽고 나면 마음 한쪽이 아주 훈훈해지는 마법 같은 책이다. 우리 주변에도 어쩌면 외롭거나 힘든 사람이 있을지 모른다. 나도 앞으로 주변 사람들에게 먼저 다가가 따뜻한 말 한마디를 건넬 수 있는 멋진 사람이 되고 싶다."
2026-07-25,10,"불편하더라도 배려와 공감이 있다면 그 불편함은 기쁨이 될 수 있다. 70대 여성 염 여사가 서울역에서 잃어버린 지갑을 노숙인 '독고'가 찾아주며 인연이 시작된다. 편의점을 중심으로 취준생, 작가 등 다양한 등장인물의 에피소드는 지금 이 시대를 힘들게 살아가는 우리 모두의모습과 비슷해서 깊은 공감을 불러일으킨다. 편의점이라는 차가운 자본주의 상징과도 같은 공간이 사람 사이의 소통과 배려를 통해 얼마나 따뜻한 공간으로 변할 수 있는지 보여주는 것 같아 읽는 내내마음이 훈훈했다. 오늘 퇴근길엔 우리 동네 편의점에도 꼭 들러봐야겠다."
2026-07-11,8,이 소설은 빠르고 편리한 것만 찾는 현대 사회에서 조금은 느리고 서툴더라도 타인의 이야기에 귀를 기울이는 다정함이 얼마나 소중한지 보여줍니다. 책에 나오는 인물들은 우리 주변에서 흔히 볼 수 있는 평범한 이웃들입니다. 그들의 현실적인 고민과 아픔을 독고가 투박하게 위로하는 과정은 책을 읽는 독자의 마음까지 따뜻하게 만들어 줍니다. 삭막한 일상에 지쳐 위로가 필요한 사람들에게 추천하고 싶은 책입니다. 책을 읽고 나면 우리 동네 골목길 어딘가에도 이처럼 따뜻한 편의점이 있을 것만 같은 기분 좋은 여운이 남습니다.
2026-07-08,10,"아는 지인분께 선물드리려고 책을 한 권 샀습니다. 책은 원래 한 번 읽었었는데, 이번 기회에 다시 한번 더 읽어 보자 하고 재독했습니다. 책도 읽고, 연극까지 이미 보았던 사람인데, 다시 읽으니 또 감동이 밀려오더라구요. 왜 베스트 스테디인지 알겠습니다."
2026-06-22,10,‘불편한 편의점’은 평범한 편의점을 배경으로 다양한 사람들의 상처와 위로를 따뜻하게 그린 작품이네요~작은 친절과 인간적인 관계가 삶을 변화시킬 수 있다는 메시지가 인상 깊었어요.이 도서는 지친 마음을 따뜻하게 감싸주는 카페라떼 한 잔을 마시는 듯한 편안함과 위로를 느끼게 하네요.
2026-06-18,10,편의점을 배경으로 하는 인간적인 따뜻한 스토리들로 편안하게 읽기 좋았습니다. 독고는 본래 따뜻하고 바른 사람이어서 기억을 읽어도 주변 사람들에게 긍정의 영향을 줄 수 있는 있지 않았을까 생각되네요. 독고 나오는 뮤지컬로도 한번 보고 싶네요.
2026-06-14,10,"불편한 편의점 불편한 편의점은 어리숙하고 어딘가 부족해 보이는 주인공이 편의점에서 일하게 되면서 벌어지는 이야기를 담고 있다. 처음에는 평범한 편의점 이야기라고 생각했지만, 다양한 손님들과의 만남을 통해 서로를 이해하고 위로하는 모습이 인상 깊었다. 특히 주인공이 손님들의 고민을 들어주고 작은 도움을 주면서 조금씩 성장하는 과정이 재미있었다. 편의점을 방문하는 사람들은 각자 다른 사연과 어려움을 가지고 있었는데, 서로 관심을 갖고 도움을 주는 모습을 보며 사람 사이의 정을 느낄 수 있었다. 이 책은 바쁜 일상 속에서도 따뜻한 관심과 배려가 얼마나 큰 힘이 되는지 알려 주었고, 나 역시 주변 사람들에게 더 관심을 가져야겠다는 생각이 들었다."
2026-06-02,10,"""행복은 뭔가 얻으려고 가는 길 위에 있는 것이 아니라, 길 자체가 행복이다."" 김호연작가님의 책들을 좋아합니다. 그 중, 불편한 편의점을 가장 좋아하는데 그 이유는 단지 힐링 소설이라서가 아닌것 같습니다. 각지각각 매력 넘치는 캐릭터들, 누구나 공감할 수 있는 말들, 그 위로들이 누군가에게는 내일을 살아갈 용기를 주기도 하니까요. 불편한 편의점을 읽으면서 깨달은 건데, 어쩌면 삶의 의미는 제가 생각했던 거 보다 더 거창하지 않아도 된다는 거. 이미 그 자체로 의미있는 삶이구나를 더욱 더 깨닫게 해주는 저에게는 숲 같은 책입니다. 끝으로 혹시 지금 가고 계시는 그 길이 한치 앞도 모르는 어두운 터널 일지라도, 두려워마시고 한번 시작해보세요. 당신의 시작을 응원합니다🍀"
2026-05-28,10,오래전부터 읽어야지 하면서 대여하고 제대로 읽지 않았던 불편한 편의점. 편의점이 왜 불편하지?라는 생각과 함께 호기심이 갔던 책이에요. 역시 베스트셀러답게 내용도 술술 읽히고 읽으면 읽을수록 빠져드는 책이었어요. 나의 자식보다(?) 노숙인과 편의점 직원들을 진심으로 챙기는 사장님. 그런데 내가 나이들어서 정년퇴직을 하고 저렇게 생활하고 있을때 자녀들이 철없이 군다면... 난 어떤 반응을 하려나.. 일단 읽고있는 중이라 내용은 추가로 수정해볼게요😊
2026-05-14,10,너무  무겁지도 너무 가볍지도   않은 우리네   인생살이를 작가의  정교한  필력과 풍부한  내용으로 잘 어우러져 감칠맛이  넝치는 건강한  수프를  마신 느낌입니다^^ 궁금해서  다음 편의  이야기도 기대가 되고 있습니다. 최근에  읽은 ㅡ망원동 브라더스ㅡ에  이어 이 작품도  만족감을 가지고 여러 차례ㆍ 다시 읽게   될 것 같습니다. ^^
2026-05-02,10,"아이 학교에서 (중학교2학년) 필요하다고 하여 구매했는데요 이미 성인이 저는 도서관에서 대여해서 보고 싶은 책으로 찜한 상태라 타이밍 굿이였어요! 시리즈 책으로 1, 2, 3 까지 구매해서 보고 싶은데 대기가 있더라구요 1 보고 이후부터 대여해 보면 되겠어요 거기다 리미티드 책이라 예뻐서 더 마음에 드네요"
2026-04-24,10,기억을 잃은 한 남자의 따뜻한 소통으로 여럿의 마음을 열고 치유해준다. 현대사회의 불통 문제들이 글자로 콕콕 박혀있는 것 같았다. 결국 진정한 소통은 나의 이야기만을 주절대는 것이 아닌 상대의 말을 듣는 것부터 시작하는 것. 그는 사람을 살리는 의사였지만 다시 태어나 사람의 영혼들을 살려낸 제대로 된 의사로 다시 거듭났다.
2026-04-10,10,"잔잔하게 읽히는데 묘하게 오래 남는 이야기, 책을 읽다 보니 나도 모르게 위로받는 기분이라 다 읽고도 계속 생각났다 책 제목과 다르게 더 여운이 남는다고 해야할까 자꾸 읽어지고 궁금해지는 이야기이다. 한번쯤 꼭 읽어보길 바라는 그런 책이다."
2026-03-19,10,"김호연의 불편한 편의점은 서울의 한 작은 편의점을 중심으로 다양한 인물들의 삶이 교차하며 서로에게 변화를 만들어가는 과정을 담은 작품 이다. 익숙하고 평범한 공간인 편의점을 배경으로 하지만, 그 안에서 펼쳐지는 이야기는 결코 가볍지 않다. 이 소설에서 특히 인상적인 점은 등장인물 각각이 저마다의 사연을 깊이 있게 지니고 있다는 것 이다. 자신의 정체조차 알지 못한 채 서울역에서 노숙 생활을 하던 독고는 우연한 계기로 편의점 야간 아르바이트를 시작하게 되고, 그곳에서 사람들과 관계를 맺으며 점차 삶의 방향을 찾아간다. 역사 교사로 은퇴한 뒤 편의점을 운영하며 제2의 인생을 살아가는 염여사는 단순한 사장이 아니라 사람을 품을 줄 아는 인물로 그려진다. 퇴근 후 편의점 앞 파라솔에 앉아 ‘참참참’으로 하루를 마무리하는 경만 씨는 평범한 직장인의 현실을 보여준다. 그런 그에게 편의점 아르바이트생인 독고는 옥수수수염차로 술을 대신하는 방법을 건네고, 이를 계기로 경만 씨는 점차 술을 끊어가며 가족과 함께 보내는 시간을 늘려 간다. 단절되어 있던 일상은 서서히 회복되고, 이는 결국 소통의 기회로 이어진다. 한편 글이 써지지 않아 방황하던 작가 인경 씨는 절필을 각오한 채 마지막으로 글을 써보겠다는 마음으로 희수 씨의 집에 머물게 된다. 이 과정에서 인경 씨는 편의점을 오가는 손님이자 독고와 주변 인물들을 관찰하는 존재로서 이야기를 또 다른 시선에서 바라보게 한다. 또한 편의점 아르바이트로 생계를 책임지는 오선숙 여사의 아들은 세상과 단절된 채 게임에만 몰두하고 있지만, 독고의 조언을 계기로 변화의 실마리를 얻게 된다. 그동안 자신의 말만 앞세우던 어머니 오선숙 여사가 아들의 이야기에 귀 기울이기 시작하면서 관계는 조금씩 풀리기 시작하고, 편의점의 삼각김밥과 함께 전해진 손편지는 닫혀 있던 마음의 문을 여는 계기가 된다. 이 장면은 소통과 이해가 얼마나 중요한지를 인상적으로 보여준다. 이와 함께 공무원 시험을 준비하던 시현 씨 역시 편의점에서의 경험을 통해 새로운 전환점을 맞이한다. 그는 독고의 권유로 편의점 포스기를 다루는 영상을 촬영하게 되고, 이를 계기로 유튜브에서 주목을 받으며 다른 편의점 사장에게 스카우트되어 점장으로 성장하게 된다. 이처럼 다양한 인물들의 변화가 이어지면서, 이 편의점은 단순한 가게를 넘어 현실 사회를 축소해 놓은 공간처럼 느껴진다. 흥미로운 점은 제목과 달리 이 ‘불편한’ 편의점이 오히려 사람들을 이어주는 역할을 한다는 것 이다. 어색하고 때로는 불편하게 시작된 관계들이 대화를 통해 조금씩 풀리고, 각자의 삶도 예상하지 못한 방향으로 변화해 간다. 그 중심에는 독고가 있으며, 그는 타인과의 관계 속에서 자신의 과거를 되찾고 스스로를 회복해 나간다. 이 책은 무엇보다도 읽는 내내 부담 없이 술술 읽힌다는 점에서 큰 매력을 느꼈다. 어느 순간 이야기 속으로 깊이 빠져들어 인물들의 삶을 따라가고 있는 나 자신을 발견하게 되었고, 그들의 변화가 자연스럽게 마음에 와닿았다. 특히 편의점이라는 익숙한 공간에서 이렇게 다양한 인생 이야기가 펼쳐진다는 점이 오래 기억에 남는다. 개인적으로는 이 작품을 읽으며 편의점의 ‘1+1 상품’이 떠올랐다. 하나를 사면 하나를 더 얻는 것처럼, 이 책 역시 단순한 이야기 이상의 무언가를 함께 건네준다. 인물들의 이야기를 따라가다 보면 타인을 이해하는 시선과 스스로를 돌아보는 시간이 자연스럽게 따라온다. 그래서 이 책은 읽는 동안뿐 아니라, 읽고 난 뒤에도 마음속에 잔잔한 여운을 남긴다. 결국 『불편한 편의점』은 거창한 사건 없이도 사람과 사람 사이의 온기와 회복을 충분히 그려낼 수 있음을 보여주는 작품이다. 바쁜 일상 속에서 잠시 멈춰 서서 주변을 돌아보고 싶은 사람들에게, 그리고 따뜻한 위로가 필요한 사람들에게 이 책을 권하고 싶다."
2026-03-10,6,표지가 풍기는 분위기에서 보이듯 작품은 충분히 따스하다. 어쩌다 만나는 인연들에게 축복을 선사하고 사랑을 기꺼이 주는. 그치만 이 소재를 편의점에 섞어낸 것은 흥미로웠다. 아쉽다면 그 흥미는 크지 않아서 가볍게 흘러가기만 했다. 그럼에도 따스함은 남았기에. (사실 조금 울기도 했다.)
2026-03-01,10,"불편한 편의점 2를 도서관에서 빌려서 먼저 읽고, 너무 재미있어서 소장하고 싶은 욕심이 생겨서 1권을 구매했습니다 오랜만에 재미있고, 글을 맛있게 잘 쓰는 젊은 작가님의 센스와 일상적인 생활 이야기  같이 매력적이고 재미있어서 책을 계속 읽게 되네요"
2026-02-22,10,"책 소개들과 책 제목이 눈길을 끌었고, 베스트셀러이기도 해서 주문했습니다. 편의점을 중심으로 벌어지는 특별한 이야기입니다. 힘겨운 시대를 살아가는 우리에게 위로와 웃음을 건넵니다. 이 책을 읽고 평소 무심히 지나쳤던 편의점이 특별하게 다가왔습니다."
2026-01-21,10,"김호연 작가의 '불편한 편의점 Always'는 일반적인 편의점과는 조금 다릅니다. 바쁜 일상 속에서 진열된 다양한 물건 들을 누군가와 말 한마디 나눌 필요 없이 편리하게 구매하는 여느 편의점과는 다릅니다. 진열된 상품의 구색도 완벽하지 않고 점원이 친절하지도 않으며 트렌디하지도 않습니다. 하지만 수익이 목적이 아닌 선한 의도로 편의점을 운영하는 사장님만큼 이상한 노숙자 출신의 알바생 '독고'를 통해 편의점은 조금씩 변모해 갑니다. 이상하게 장사가 잘되어 갑니다. 손님들의 거친 말투와 딱딱한 태도에도 '독고'는 그 슬픔을 읽어내고 불편한 조언들을 건네며 무심하게 옥수수수염차로 손님들을 위로합니다. 그 불편함 들은 아픔과 상처로 남지 않고 손님들의 삶을 치유하는 다정함으로 변모합니다. 공무원 시험으로 지친 청년, 아들과의 불화로 후회하며 살아가는 어머니, 가장의 무게를 온몸으로 버텨내는 회사원 등 '독고'를 마주하는 사람들은 특정한 어느 대상이 아닌 이 책을 읽고 있는 독자, 즉 바로 나 자신입니다. 불편한 편의점에서 '독고'를 만나서 대화하며 자신의 상처를 마주하는 일련의 과정들은 이 책의 제목이 왜 '불편한 편의점'인지 일깨워 줍니다. 불편한 편의점이 다정한 편의점으로 변모하듯 나 자신의 불편한 감정들을 용기를 가지고 솔직히 마주하여 비로소 내 마음의 평안을 얻습니다. '독고'를 만났던 많은 손님들처럼 말이죠. 당신에게도 이런 'Always 편의점'같은 마음의 안식처가 있나요? '독고'처럼 당신의 곁에도 진솔하고 따뜻한 위로를 건네는 누군가가 있나요? 당신과 내가 여전히 그런 따뜻함이 남아 있어 온기를 전하는 그 누군가가 되기를 간절히 바랍니다."
2026-01-04,10,"시인, 에세이스트, 자연주의자, 생태 연구가 헨리 데이비드 소로가 숲에서 실천한 위대한 실험. 마하트마 간디, 로버트 프로스트, 마르셀 프루스트 등 전 세계 수많은 사상가와 문인에게 지대한 영향을 끼친 불멸의 고전 『월든』이 민음사 세계문학전집 395번으로 출간되었다. 소로가 이 년 이 개월 이 일 동안 월든 호숫가에서 보고 느끼고 깨달은 것을 열여덟 편의 에세이로 쓴 『월든』은 1854년 8월 9일 ‘월든 또는 숲속의 생활’이라는 제목으로 출간되었다."
2026-01-04,10,사람의 일생은 알 수 없는 미로이다. 지금은 잘 생활하고 있지만 인생에 어떤 풍파를 만날 지 알 수 없다. 풍파를 잘 넘어가는 사람도 풍파에 휩쓸려 힘든시기를 만날 수 있다. 언제든 누구나 갈 수 있는 편의점. 다양한 사람들이 오가는 곳이다. 내가 누군가에게 제이에스 진상은 아니길 바란다. 뉴스에 나오는 민폐 진상들 보면 왜 저럴까? 어떻게 저렇게 행동할 수 있을까. 사고회로가 궁금할 정도다. 독고씨의 편의점에서 나도 이야기를 나누고 싶다. 염사장님의 인자함에 안기고 싶다. 시현이는 앞으로 일어공부 더 열심히 해보자고. 선숙씨에게는 이제 숨쉬라고 다 괜찮아질거라고 그동안 수고가 많았다고. 코로나  같은 시기는 다시 오지말라고 이제 좀더 활기찬 인생을 살고 싶다. 마음껏 이야기하고 돌아다니는 삶이 얼마나 소중한지 우리는 이제 알고 있다. 지금 이 순간을 더 소중히 하자.
2025-12-30,10,"#연말리뷰 불편한 편의점은 덩치 큰 노숙인 출신 알바생 독고를 중심으로 편의점이라는 일상적인 공간이 어떻게 서로의 상처를 치유하는 기적의 장소로 변모하는지를 따뜻하고 유머러스하게 그려낸 수작입니다. 이야기는 알코올성 치매로 기억을 잃은 독고가 편의점 사장 염 여사의 지갑을 찾아준 인연으로 야간 알바를 시작하며 급물살을 탑니다. 말은 어눌하고 행동은 굼떠서 불편함 그 자체였던 이 사내는 의외의 진심과 툭 던지는 위로로 편의점을 찾는 이웃들의 마음을 하나둘 열기 시작합니다. 취업난에 허덕이는 20대 알바생, 생계가 고달픈 50대 아주머니, 혼술로 하루를 버티는 회사원까지 저마다의 사연을 안고 편의점에 들어선 이들은 독고가 건네는 옥수수수염차 한 잔과 투박한 말 한마디에 꽁꽁 얼어붙었던 마음을 녹입니다. 이 소설의 백미는 현실에 발을 붙인 생생한 캐릭터들입니다. 얄미운 아들부터 뒤를 캐는 사설탐정까지 제각기 다른 시선으로 독고를 바라보며 발생하는 오해와 반전은 유쾌한 폭소를 자아내고 어느 순간 코 끝을 찡하게 만드는 묵직한 감동을 선사합니다."
2025-12-27,10,"지하철에서 지갑을 잃어버린 염여사는 전화 한통을 받게 된다. 그는 자신이 지갑을 주웠고 서울역에 있다고 말했다. 지갑을 찾아 곧장 서울역으로 찾아간 염여사는 그곳에서 독고라는 노숙자를 만나게 된다. 자신의 지갑을 찾아준 독고에게 자신의 운영하는 편의점으로 데리고 가서 도시락을 건네 준다. 그렇게 매일같이 편의점에 도시락을 먹으러 온 독고를 위해 염여사는 편의점 야간 아르바이트를 제안한다. 그렇게 염여사의 편의점에서 일하게 된 독고는 함께 일하는 시현과 오여사는 독고의 행동에 차츰 마음을 열고 독고와 이야기를 들어주게 된다. 한편 독고는 자신의 잃어버린 기억을 되살리기 위해 노력한다. 한편 흥신소 곽은 독고를 조사하기 시작하고, 곽은 오히려 독고에 대해 의심이 아닌 연민으로 독고를 돕기 시작한다. 기억을 되찾은 독고는 가족들을 찾아 서울역에서 염 여사와의 인사를 끝으로 대구로 내려간다. #연말리뷰"
2025-12-17,10,처음 이책을 고를 땐 불편한 이란 말을 보고 불편한 일상을 담은 책인가? 싶었다. 하지만 편의점이란 말을 보고 불편한 과 편의점이란 단어의 조합이 낯설기도 하고 어울리는 것 같기도 했다. 그리고 그책을 펼치자 그곳은  염영숙 여사라는 사람이 기차를 탔을때 자신의 파우치에 지갑이 없어졌다는 것을 알았고 그때 서울역 공중 잔화로 추정 되는 곳에서 전화가 걸려왔고 염영숙 여사는 전화를 받고 서울역으로가 독고라는 사내를 만났다. 염여사는 지갑을 돌려 받고 몇일 간에 고민 끝의 그를 자신의 편의점의 고용 하기로 한다. 그렇게 고용된 독고가 손님들과 친해지고 선의 를 배풀고 편의점에서 일하면서 자신의 옛낦기억을 떠올리고 자신이 의사였단사실과 결혼을 했었고 수술 실패로 인해 딸과 부인이 그를 버리고 도망 갔단 사실을 천천히 떠올리게 되며 편의점을 그만 두면서 2권을 암시 하는듯 했다. 나의 느낌은 시현이 다른 편의점으로 간게 아쉽기도 하고 내심 기대도 된다. 그리고 유튜브는 어떻게 될지도 궁금 하다. 그리고 독고는 가족을 다시 찾았을지가 궁금하다 그럼 끝~~~ #연말리뷰
2025-12-10,10,#연말리뷰 올해가 가기전에 도서관에서 읽어보고 좋았던 책들을 소장하고 두고두고 또 읽으려고 구매하고 있어요 마침 특별 에디션으로 디자인도 바뀌고 예뻐서 만족합니다 다시 읽어도 막힘없이 쭉쭉 잘 읽히고 재미있네요 청소년 아이들이 읽어도 유용하고 재미있겠어요
2025-11-27,10,유명 베스트셀러 불편한 편의점을 읽어 보았다. 편의점을 운영하는 염여사는 어느날 서울역에서 지갑을 잃어버렸다. 노숙자 독고씨의 도움으로 지갑을 되찾고 노숙자 답지 않은 그의 정직한 모습에 편의점 야간 직원으로 채용하게 된다. 야간에 편의점에 들르는 고객들과 독고씨의 이야기가 펼쳐진다. 저마다의 사연과 결핍이 있지만 독고씨의 무심한듯한 챙김과 배려에 감동을 받는다. 독고씨는 알코올성 치매로 기억을 잃은 상태였는데 결국 자신의 과거를 기억해낸다. #쓰고빙고
2025-10-13,10,주인공 염여사는 서울역에서 지갑을 잃어버렸는데 노숙자인 독고씨의 도움으로 되찾습니다. 독고씨는 알코올성 치매를 앓아 과거의 기억이 없는 상태였는데 염여사의 배려로 편의점에서 야간 알바를 하게 됩니다. 독고씨는 편의점에 들르는 손님과 주변인들의 상황을 관심 있게 지켜보고 따뜻한 말 한마디를 건넵니다. 말 한마디에 감동 받고 깨달음을 얻는 그들을 보며 내 가족에게 관심을 주고 잘 챙겨야겠다 다짐해봅니다. #인생책독서모임
2025-09-13,10,책을 읽으며 삭막하고 각박한 요즘 세상에 사람 냄새가 풍기는거 같은 느낌이 들더라구요. 마음이 따뜻해지는 책이었습니다. 편의점이라는 주변에 쉽게 접할 수 있는 소재로 각각의 주인공이 처해있는 상황들이 연결되며 아주 흥미롭게 읽었습니다.
2025-09-13,10,"김호연이라는 작가를 알게 해준 첫 작품인데, 그의 문체와 스토리에 반해 다른 작품들도 읽어보게 되었다. 동네 편의점에서, 우리 사는  곳 바로 옆에서 일어날 수 있는 있을 법한 사람들의 세상 사는 이야기. 유쾌하면서도 여러가지 생각할꺼리를 주는 좋은 작품이다."
2025-08-29,10,사람들을 만나며 대하는 방법과 다양한 인물들의 감정과 사건이 일어나면서 지루할 틈이 없이 끝까지 재밌게 읽었다. 표지에 그림이 마음에 들어서 읽었던 책인데 책 내용도 표지만큼이나 마음에 들었다. 다음에 시간이 된다면 2권도 읽어 보고 싶다.
2025-08-25,10,따뜻한 사람들의 따뜻한 이야기가 담긴 소설이었다. 술술 후루룩 쉽게 읽히는 가독성 좋은 필체의 책인데 읽으면서 잔잔하지만 흡입력 있는 내용으로 집중이 잘 되어 금방 읽은 것 같다. 따뜻한 인생의 이야기가 있는 책을 읽고싶을 때 강력 추천하는 책이다!
2025-08-18,10,"위압적인 표정과 체구에 불친절한 말투 그리고 간소한 물건들 때문에 편의점을 찾는 사람들은 모두 불평을 터뜨린다. '내가 다시 이곳을 오나 봐라'. 그런데 사람들이 다시 오고 물건을 자꾸 사게 만든다. 심지어 편의점을 모르던 할머니들도 참새 방앗간처럼 드나들기까지 한다. 불편한 편의점만이 갖고 있는 매력은 뭘까? 서울역에서 편의점 사장 염선숙의 파우치를 찾아 준 인연으로 독고씨는 노숙자에서 야간 알바로 일하게 된다. 생면 부지의 노숙자를 직원으로 채용한 염사장의 행동은 도무지 이해가지 않았다. 사람에 대한 온전한 믿음 아니고선 할 수 없는 행동이었다. 믿을 사람이 없다는 요즘 같은 시대에 그녀는 무슨 생각으로 그런 행동을 했을까? 그가 알고 보니 능력 있고 배려심 있었던 탓에 사람들을 계속 오게끔 만들었기에 망정이지, 아니라면 소설이 스릴러로 갔을 것이다. 나는 불편한 편의점의 매력 중 가장 우선은 염사장의 사랑이라고 생각한다. '나 혼자 산다'라는 방송이 시청률 1위에 있듯, 지금 우리는 혼자 잘 사는 세상에 살고 있다. 교사였던 덕분에 연금으로 아무 일 안 하고도 잘 살 수 있었지만, 다른 이들이 일을 가지고 인간 답게 살기를 원하는 인간에 대한 사랑 때문에 편의점을 만들고, 노숙자를 알바로 채용할 수 있었을 것이다. 독고씨는 자신을 있는 그대로 봐 주는 사장 때문에 자신의 과거를 기억하고, 죄를 받기 위해 지방으로 봉사 활동을 떠나게 된다. 염 사장은 그렇게 독고씨를 비롯해 희망을 찾아 편의점을 관두는 직원들,한 겨울에도 치우지 않은 테이블 덕분에 슬픔을 녹이는 사람들을 마음 편하게 해 준다. 소설을 읽는 내내 부와 명예를 버리고 순례자가 되어 실천적 사랑을 실천했던 톨스토이가 떠올랐다. 나는 감히 꿈꿀 수 없는 삶이기에 톨스토이가 실천한 인류애는 항상 숙연함을 느끼게 해 준다. 톨스토이까지 거창하게 가지 않더라도 소설 속 독고씨가 건내 주는 옥수수수염차 같은 작은 마음은 세상 모든 근심을 없애주는 특효약 같다. 그렇기에 누구나 가슴 속 품고 있는 사랑을 일깨워주는 불편한 편의점은 가운데에 '마음을 없애주는' 부분이 생략된 것 같다."
2025-08-15,8,"사람 간에 불편하지만 편한 그 감정을 나도 느껴본 적이 있다. 때로는 편한 것보다 그 감정이 더 진짜(?) 또는 존중받는 느낌을 갖게할 때도 있다고 생각한다. 등장 인물들도 이 감정을 느꼈겠지 싶다. 등장 인물들이 예민해 보이지만, 일단 선한 사람들이었기에 결국 담담한 친절함에 마음을 열었다는 생각도 든다. 세상은 그렇게 녹록치 않다. 친절함은 항상 일방적일 수 있다. 💬 p247. ""정 작가가 마스크 위로 초롱초롱한 눈동자를 빛내며 말했다. 자신의 비극을 웃으며 말하는 그녀의 모습에서 알찬 기운이 느껴졌다. 그건 꿈을 품고 사는 사람이 가진 힘이 아닐까? 새벽의 편의점에서 우리는 이야기했다. 그녀는 내 과거를 캐내기 위해 자신의 과거도 많이 털어놓았다. 나는 자기가 하고자 하는 일에 절대 지치지 않는 그녀의 에너지가 부러웠다. 그래서 물었다. 대체 당신을 지탱하는 힘은 무엇이냐고? 그녀가 말했다. 인생은 원래 문제 해결의 연속이니까요. 그리고 어차피 풀어야 할 문제라면, 그나마 괜찮은 문제를 고르려고 노력할 따름이고요."""
2025-07-20,10,김호연 작가님의 불편한 편의점 리뷰. 주변에 흔히 널려있는 편의점을 배경으로 하는 글이라 익숙한 느낌이 들었고 등장인물들도 하나같이 주변에서 흔하게 볼수있는 이웃이라는 느낌이 들어서 친근함이 들었다. 읽으면서 웃기도 많이웃고 위로받는 느낌이였다.
2025-07-15,10,장사가 잘 안된다는 것은 사실 알바생인 시현에게는 편하게 일 할 수 있다는 뜻이다. 책의 내용중에 한 줄을 적어보았다. 편의점 사장과 알바생의 편의점을 생각하는 시각과 마음을 중심으로 편의점을 중심으로 오가는 손님들의 해프닝과 이어지는 내용이 잔잔하면서도 감성적이다.
2025-07-13,10,처음엔 주위 사람들을 불편하게 만들었던 한 남자가 불러오는 여러 파장들에 대한 이야기가 가슴을 따뜻하게 만들어요 쉽게만 생각했던 사소한 문제들에 대해서 다시 한번 돌아보게 만들어 다시금 생각해보게 되는 따뜻한 이야기들이 참 좋았어요 마음이 잔잔해지는 그런 소설입니다
2025-07-05,10,요즘 60을 넘기면서 사람에 대해 자꾸 생각하게되고 인생에 대해 여러가지 생각을 하게되는데요 나이가 들수록 사람이 얼마나 중요하고 소중한 존재인지를 깨닫게되는 순간들이 많아지는것 같습니다 좋은 책을 만나면서 조금 더 생각이 많아지는것 같네요 감사합니다
2025-07-05,10,"편리함과 개인주의 주변 이웃과의 단절과 대비되는 모습을 보여주는 불편한 편의점에서 우리는 잊혀졌건 사람과의 관계 .정. 따스한 마음을 느끼게 된다. 문장이나 내용이 가볍게 읽기 좋아서 하루만에 , 아니 몇시간만에 술술 읽히는 책이다."
2025-05-29,10,"책표지가 너무 예쁘고, 뻔하지 않은 독특한 스토리 전개가 재미있었다. 스포가 될것 같아 공개할수 없지만 좋은 글들이 많았고 따뜻한 소설로 기억될것 같다. 독고의 타인을 편안하게 해주고 상황 판단을 잘 하는 모습이 매력적이었다. 스토리가 흥미로웠고 몰입감 넘쳤다. 불편한 편의점2 책도 꼭 읽어봐야겠다. P.140> ""밥 딜런의 외할머니가 어린 밥 딜런에게 이렇게 말했다고 해요. 행복은 뭔가 얻으려고 가는 길 위에 있는 것이 아니라 길 자체가 행복이라고. 그리고 네가 만나는 사람이 모두 힘든 싸움을 하고 있기 때문에 친절해야 한다고."""
2025-05-26,10,"재밌습ㄴ다;*/@*:.//@.*_:,(!_:.(?_,(._!,:.?*.(!:*(:.!_.(_!.!_(.:!_.(:?_?_(?*,(:?_(:,?_(,:!_;,(!_(;,!_,(!/-"
2025-05-21,10,몇년전에 너무 재밌게읽었는데 다시 생각나서 보고싶어 샀어요 기대됩니당 몇년전에 너무 재밌게읽었는데 다시 생각나서 보고싶어 샀어요 기대됩니당몇년전에 너무 재밌게읽었는데 다시 생각나서 보고싶어 샀어요 기대됩니당 ㅋㅋㅋㅋㅋㅋㅋ
2025-05-10,10,전 2권까지 읽었지만 주변에 안 읽은 지인이 있어서 구매해 선물했어요! 너무 좋아해서 뿌듯했던 작품입니다. 아무래도 작가님이 너무 멋진 캐릭터를 만들어 낸 덕분이겠지요. ㅎㅎ 기회가 되면 2권도 선물해보아야겠습니다 감사합니다^^
2025-05-08,8,책을 참 맛깔스럽게 써서 금새 완독하게되는 책이다.행복은 뭔가 얻으려고 가는 길 위에 있는게 아니라 길 자체가 행복이라는 말이 아른거린다.손님이 편하려면 직원이 불편해야된다는 말 하나의 행성과도 같은 작가들이 서로 조심스레 공전하며 눈길을 나누는 일상 등 주옥같은 표현도 책의 재미를 더했다
2025-05-04,10,"이 책이 좋은 평가를 받는 이유를 책을 읽고 나니 알 것 같았다. 그리고 주인공의 정체 또한 굉장히 충격적이였고, 놀라웠다. 이 책을 수없이 읽다보면 앞 부분 보다는 뒷 부분이 더 흥미진진한 스토리가 많은 것 같다. 불편한 편의점 2권 또한 재미있다. 두 권 다 읽어 보기를 바란다."
2025-04-28,10,정확한 내용을 모르고 구매했어요ㅋㅋㅋ 생각했던 것보다 훨씬 재밌습니다. 내용도 신선하고 감동과 재미가 같이 있어서 더욱 좋았던 것 같아요. 앉은 자리에서 하루만에 다 읽었습니다. 불편한 편의점2도 있다고 해서 구매하려고 합니다🤭
2025-04-22,10,"마치 오래 알고 지낸 사람들처럼 느껴졌어요. 전 특히 인경 씨 캐릭터가 좋았어요. 극작가라는 직업도 흥미로웠고, 그의 시선이 이 소설 전체를 묘하게 감싸고 있는 느낌이 들었거든요. 나중에 시간이 더 흐르면 다시 이 책을 펼쳐보면서 또 다른 감정을 만날 수 있을 것 같다는 생각이 들었어요. #책의날리뷰"
2025-04-22,8,"생각보다 꽤 깊이가 있었어요. 그냥 따뜻하기만 한 이야기가 아니라, 현실 속에서 살아가는 우리들 이야기를 잔잔하게 풀어내더라고요. 독고 씨 캐릭터는 정말 흥미로웠어요. 너무 비현실적이라고 느껴질 수도 있는데, 완벽한 사람이 아니라 복잡한 과거를 지닌 인물로 설정되었다는 점이 진짜 괜찮았어요. #책의날리뷰"
2025-04-22,10,누군가를 위하는 마음이란 걸 곱씹게 해준 책이었어요. 가볍게 시작했지만 마음은 꽤 오래 머무는 이야기였습니다. 다 읽고 나선 작은 것 하나도 더 깊게 보이더라고요. 일하시는 편의점 직원분에게 괜히 감사한 마음이 들었고요. 꼭 소장하고 싶다고 느낀 몇 안 되는 책 중 하나예요. #책의날리뷰
2025-04-22,10,등장하는 인물들 모두 너무 현실적이라서 꼭 내 주변 누군가 같았어요. 어쩌면 그게 이 소설의 제일 큰 힘이 아닐까 싶어요. 저는 특히 시현 씨 이야기가 기억에 많이 남았어요. 처음엔 가볍게 보였는데 점점 자신의 삶을 꿰뚫고 나가는 모습이 인상 깊었어요. #책의날리뷰
2025-04-11,6,"불편한 편의점 인기있는 소설책이라서 구매하여 읽었습니다. 기억을 잃어버린 ""독고""라는 노숙자가 편의점에서 근무하며 일어나는 일을 다룬 스토리로 독고와 여러 등장인물들간의 대화를 중심으로 삶에 대한 문제 해결과 따뜻함을 작품에서 보여줍니다. 그러나 작품에서 보여주는 인물간의 사건은 평범했습니다. 감동을 받기에도 각 인물들을 내면심리가 부족하여 아쉬웠습니다. 또한 작품의 후반부 작품의 전개가 빠르게 진행되는데 이 부분도 더 아쉬웠습니다. 가볍게 ""글을 읽는다""로 편하게 보시면 좋을 것 같습니다."
2025-03-30,10,"삶이란 언제든 누구에게든 찾아오는 손님들이있다. 그 손님이 사람일 수도 있지만 행운이나 시련, 불행 등의 다양한 모습으로 찾아온다. 나에게만 주어지는 특별한 일이라고  여겨질 수 있지만 실상은 누구에게나 찾아오는 일상인 것들이다. 그 가지각색의 손님들로부터 얻는 것, 잃는 것, 배우는 것들이 있는 이들에게는 풍요로운 인생을 가져다주는 손님이 될 수 있 수 있음을 깨달을 수 있는 열린 마음이길 바라며 책을 선물한다. #책들의부엌 #10대아이에게추천하는책 #청소년추천도서"
2025-03-29,10,너무 재밌습니다... 평소에 책을 읽지 않는 스타일인데 너무 재밌어서 일주일 만에 다 봤습니다 소설책 좋아하시는 분들이라면 진짜 좋아하실 거 같아요 불편한 편의점2 버전도 있다고 들었는데 그것도 봐야할 거 같습니다 ㅎㅎ 추천합니다~~
2025-03-26,10,"한길 건너 편의점이 있습니다 . 구멍가게라 불리던 아주머니 할머니가 지키던 가게들이 모두 대기업이 운영하는 편의점의 간판을 걸고 모습을 바꾸었습니다 . 노름판에서는 돈 많은 놈이 이깁니다 . 구멍가게가 견딜 재간이 없습니다 . 자본주의가 꽃을 피우는 대한민국에는 편의점이 말 그대로 편의를 제공하며 즐비합니다 . 서로 가까이 붙어 경쟁하는 편의점이 우리를 편하게 해 줄 것입니다 . 편해야 할 편의점이 “ 불편 ” 하다니 읽기가 불편합니다 . 그래서 ‘ 편한 편의점 ’ 부터 먼저 얘기해야 하겠습니다 . 그래야 자연스럽게 책이 얘기하는 “ 불편한 편의점 ” 을 이해하실 수 있을 것입니다 . 편의점에는 손님들이 찾는 상품을 모두 갖춰야 합니다 . 도시락을 예로 들면 박찬호 도시락도 있어야 하고 산해진미 도시락도 진열되어 손님들이 자유롭게 선택하도록 해야 합니다 . 담배도 다양한 에쎄를 모두 갖추듯이 도시락도 그래야 합니다 . 어쩔 수 없이 자연스럽게 생기는 유통기한을 넘긴 도시락은 모두 버려야 합니다 . 점원이나 간혹 찾아오는 노숙자들에게 유통기한을 넘긴 도시락을 제공하는 것을 넘어 편의점 앞 간이 테이블에서 먹을 수 있게 하면 편의점을 찾아오는 다른 손님들이 불편합니다 . 그러니 반드시 유통기한을 넘긴 도시락은 즉시 버려야 합니다 . 그러면 유통기한이 남은 도시락을 제공하면 안 될까요 ? 매를 버는 말이 됩니다 . 진상손님이라도 편하게 모셔야 합니다 . 사장이라도 절대로 진상이라고 차별을 하거나 다투면 안 됩니다 . 점원은 죽어도 , 절대로 , 네버 안 됩니다 . 시급을 받는 조건으로 감정의 소모는 견뎌야 할 일상입니다 . 그래야 편한 편의점이 됩니다 . 점원이 은근히 진상손님을 압박하여 진상을 부리지 못하게 하면 아무리 진상이라도 손님이 불편해집니다 . 삼각김밥은 허기를 채우는 역할만 해야 합니다 . 매일 방구석에 틀어박혀 대화를 거부하고 , 게임만 하며 밥만 축내는 30 이 넘은 아들에게 한 끼를 때우는 용도로만 삼각김밥을 제공하여야 합니다 . 삼각김밥에 “ 게임할 때는 삼각김밥이 먹기에 편하지 ?” “ 엄마가 너의 얘기를 들어주지 못한 게 미안하다 ” “ 이제는 네 얘기를 듣고 싶다 ” 는 편지를 끼워 아들에게 주는 삼각김밥은 아들을 불편하게도 당황하게도 합니다 . 심지어 아들과 엄마가 평소와 달리 얼굴을 마주하게 될지도 모릅니다 . 편의점은 수익 창출을 목적으로 운영해야 합니다 . 편의점 직원의 급여 충당이 목적이 되면 안 됩니다 . 직원이 아이와 아내 딸린 가장이래도 안 되고 , 공무원 시험을 준비하는 가난한 고학생이래도 안 됩니다 . 사장이 돈을 못 버는데 , 점원들이 급여를 받는 편의점은 사장의 가족들을 불편하게 합니다 . 일하던 직원이 그만 둘 때는 쉽게 동의를 하시면 안 됩니다 . 당초의 계약기간을 지키라고 푸시를 하셔야 합니다 . 더 좋은 직장을 얻어 할 수 없이 나간다고 통보할 때는 같이 기뻐하는 게 아닙니다 . 사장이 불편하다고 말을 해야 합니다 . 길 건너 한집씩 있는 편의점은 편리합니다 . 새벽에 담배가 떨어져도 살 수 있고 , 외로운 겨울밤 잠 못 이루면 와인이나 소주를 구할 수도 있습니다 . 사람들에게 편의를 제공하는 편의점을 연금생활자인 71 살의 할머니가 열었습니다 . 직원들의 급여만 나온다면 자신은 연금이 있어 생활이 된다며 편의점을 팔기를 거부하고 , 도움을 준 노숙자에게 도시락을 제공하고 편의점에서 일을 할 수 있도록 친절을 베풉니다 . 다른 직원들이 불편해해도 할머니는 아랑곳하지 않습니다 . 아르바이트 직원이 스카우트되어 나간다고 하니 같이 기뻐합니다 . 파는 물건은 다양하지 않고 판촉활동도 활발하지 않습니다 . 편의점을 기준으로 보면 불편한 편의점이라 곧 문을 닫을 것 같지만 불편이 장점이 되어 운영이 됩니다 . 자본주의의 대표적 브랜드인 편의점이 돈의 속성으로 운영되지 않고 인정으로 운영되는 편의점을 보았습니다 . 현실적이지 않아 불편하게 느낄지도 모르지만 사람들의 이야기가 날실과 씨실로 엮이는 옷감처럼 푸근하고 따뜻한 질감으로 만져집니다 . 이런 편의점을 새벽 시간에 들러 마른 목을 적실 음료수 한 병을 사고 싶습니다 . 기왕이면 옥수수수염차로 사렵니다 . 불편한 편의점에서 편한 사람들을 만났습니다 . 그래서 마음이 따뜻해졌습니다 ."
2025-03-17,10,2013년 세계문학상 우수상 수상작 『망원동 브라더스』로 데뷔한 후 일상적 현실을 위트 있게 그린 경쾌한 작품과 인간의 내밀한 욕망을 기발한 상상력으로 풀어낸 스릴러 장르를 오가며 독자적인 작품 세계를 쌓아올린 작가 김호연. 그의 다섯 번째 장편소설 『불편한 편의점』이 나무옆의자에서 출간되었다. 『불편한 편의점』은 청파동 골목 모퉁이에 자리 잡은 작은 편의점을 무대로 힘겨운 시대를 살아가는 우리 이웃들의 삶의 속내와 희로애락을 따뜻하고 유머러스하게 담아낸 작품이다. 『망원동 브라더스』에서 망원동이라는 공간의 체험적 지리지를 잘 활용해 유쾌한 재미와 공감을 이끌어냈듯 이번에는 서울의 오래된 동네 청파동에 대한 공감각을 생생하게 포착해 또 하나의 흥미진진한 ‘동네 이야기’를 탄생시켰다.
2025-03-07,10,추천책을 보고 사게 되었어요. 표지도 예쁘기도 하구요. 아들이 먼저 읽었는 데 너무 좋아하네요. 동네 골목의 작은 편의점을 배경으로 삶의 희노애락을 따뜻하고 유머러스하게 그린 소설책입니다. 아들이 자기가 다 읽으면 엄마도 꼭 읽어보라고 하네요.
2025-02-28,10,책표지부터 아이가 좋아하네요.. 시리즈로 나와서 모두 구매하여 읽고있는데 아이가 재미있다고 하네요. 어렸을때는 소설책에 관심이 없더니 크니까 소설책에 관심을 보이면서 여러장르의 책을 읽고싶어하네요. 적립금 이용하여 저렴하게 구매했습니다.
2025-02-27,8,유명한 책 불편한 편의점을 읽어보았어요. 결국 삶은 관계고 관계는 소통이었다는 띠지의 문구에 공감합니다. 편의점을 배경으로 펼쳐지는 독고씨의 삶과 심성 등을 잘 읽었습니다. 몇몇 문장은 옮겨적었어요. 그리고 이번 벚꽃 에디션 표지 예뻐요!
2025-02-16,10,하나 하나 등장하는 분명 불편할 수도 있는 상황이지만 너무나도 익숙한 편의점 배경으로 별 기대없이 읽어 나가다 뭔가 울컥하기도 긴장하기도 그러다 '아 이런 것이 힐링이구나'스런 긍정적인 느낌을 가지게 하는 이야기였다 #사락독서챌린지
2025-02-15,8,"편의점 알바라는 일상생활에서 쉽게 접할 수 있는 소재로 이야기하다 보니 책을 이해하는 데 어려움이 없었던 것 같다. 그리고 편의점 알바생, 편의점 사장님, 편의점 손님 등 각자의 시점에서 각자의 사연을 가지고 풀어나가다 보니 지루하지 않았다. 또한 가족과의 관계나 소통에 대해서도 많이 다루는데 이를 보며 가족들 또는 타인과의 관계가 중요하다는 것을 다시 생각해 보게 되었다. 그리고 이 책을 읽고 나니 이 책에서 많이 나왔던 옥수수수염차와 참참참 세트(참깨라면, 참치김밥, 참이슬)의 맛이 궁금하기도 했다. 사락 독서 챌린지를 통해 계속 미루었던 책을 읽게 되었다. 보통 책을 읽으면 제대로 안 읽고 흘려보게 되는데 이 챌린지로 인상 깊은 구절을 다시 한번 찾아보게 되고 필사까지 하다 보니 더욱 제대로 읽을 수 있었다. #사락독서챌린지 #불편한편의점"
2025-02-08,6,친절한 편의점이 동네에도 있지 그 사장님과 난 볼때마다 서로의 안부를 묻고 그 이후엔 농담 따먹기를 하곤 했지 ㅋ 지금은 이사를 와서 가끔 보지만 그래고 남자끼리의 농담은 아주 재미있다 이 책을 보면서 그런 이야기도 있었으면 어땠을까 생각 해본다^^
2025-02-01,10,이야기 나열이 참 쉽고 친절하네요. 어려운 내용없이 흥미롭고 뒤가 궁금해지게 하는 소설입니다. 여자주인공의 의식을 따라서 이어지는 이야기에 쉽게 빠져들게 됩니다. 첫 시작부터 흥미롭고 우리 주변에 있을법한 소소한 내용이라서 재밌게 읽었습니다.
2025-01-26,10,"편의점이란 매일 볼 수 있는 공간을 특별한 이야기로 가득 채운 책! 연극도 있고 웹툰도 있지만 책일 제일 재미있는 것 같다. 책을 읽는 동안 푹 빠져서 금방 2권까지 읽었다는! 평범한 사람들의 소소한 이야기, 그 속에서 느끼는 행복들 너무 좋다."
2025-01-24,8,너무 유명하고 예쁜 그림이 그려진 책이라 생각없이 읽었다가 끝까지 술술 읽혔어요.평범하고 일상적이면서 흔히 겪을수 있는 일들이나 감정들을 불편감 없이 표현해주어요 나도 충분히 겪을 수 있는 일들이라 공감도 되고 나도 그런 상황에 맞닥뜨리면 그럴수 있겠단 생각이 들어요.다른 분들은 어떻게 이 책을 읽으셨는지 궁금해요
2024-12-21,2,편의점이 배경인만큼 다양한 인간군상들이 등장한다. 그것도 상당히 불편한 손님들이다. 외롭고 방황하는 이들은 독고의 친절을 받고 나서야 누군가의 관심을 원하고 있었다는 것을 깨닫게 된다. 사소한 친절이지만 받는 이에게는 절대 사소하지 않은. 독고 또한 그런 친절을 받았기에 손님들에게 베푸는 것이 어렵지 않았을 것 같다. 오지랖과 친절은 구분하기 어렵다는 생각이 든다. 어디까지가 친절이고 어디서부터 오지랖으로 변하는 건지 도무지 모르겠다.
2024-12-20,10,"불편한 편의점은 단순히 재미있는 이야기를 넘어서, 인물들의 감정과 성장, 그리고 삶에 대한 의미를 깊이 있게 탐구한 작품입니다. 서서히 풀어지는 이야기를 따라가며, 독자로서 큰 감동을 느낄 수 있었습니다. 다만, 이야기 전개가 약간 느리게 느껴질 수 있으므로, 빠른 진행을 선호하는 독자에게는 다소 부담이 될 수 있겠습니다. 그럼에도 불구하고, 이 책은 인생의 의미를 생각해보고 싶은 독자, 감동적인 이야기를 좋아하는 사람에게 강력히 추천할 수 있는 작품입니다."
2024-12-18,8,이 리뷰는  나무 옆의자출판사에서 나오고김호연 작가님이 쓰신 불편한 편의점을 보고 적는 리뷰입니다.  해당 리뷰에는 스포일러가 다수 포함될 수 있으니 불편한 분들은 바로 뒤로 가기 부탁드립니다. 작가님 너무재밌어요 다음작품기대합니다.
2024-12-09,8,"사람들이 많이 읽는 책들은 이유가 궁금하여 그냥 집어들 때가 있다. 이 소설도 그렇다. <불편한 편의점> 이 모순적인 제목의 소설은 어떤 내용일까 궁금했다. 소설에는 골치 아픈 사람들이 많이 등장한다. 그중 으뜸은 아마 ‘독고’일 것이다. 하지만 그는 미스터리 속에 쌓여 있다. 무언가 특별한 사연이 있을 것만 같다. 숨겨진 과거가 소설 끝 언젠간 밝혀질 것이라는 기대감에 이끌려 에피소드 하나하나에 몰입하게 된다. 소설이 전개될수록 ‘독고’는 조금씩 변한다. 처음에는 어눌하고 더듬거리던 그의 말투가 점차 또렷해지고, 냄새가 나던 그의 몸은 건장하고 평범한 남성의 모습으로 돌아간다. 소설의 끝에 이르러서는 잃어버린 기억까지 되찾는다. 하지만 독고의 변하지 않는 부분도 있다. 바로 ‘성실함’과 ‘따뜻한 마음씨’다. 맞아가면서도 가방을 되찾아주기 위해 놓지 않는 모습에서 볼 수 있는 그의 책임감은 소설 내내 이어진다. 그의 변하지 않는 모습이 주변 사람들을 감화시키고 결국엔 그를 갱생하게 만든다. 이 소설에서 편의점은 ‘치유의 장’이다. 각자의 서사를 가진 여러 인물들이 ‘독고’의 주변으로 교차하며 유기적으로 연결된다. 독고는 그들의 삶에 살며시 개입하며 함께 소통하고 치유해 나간다. 뉴런과 뉴런이 다시 연결되어 독고의 기억이 되살아나듯 사람들의 관계와 따뜻한 마음이 이어지면서 연대가 만들어진다. 이 책을 읽고 나면 마치 올웨이즈 편의점의 단골이 된 것만 같다."
2024-11-11,8,"청파동에 있는 always편의점은 동네에 있는 작은, 그래서 빠진 물건들이 많아서 불편한 편의점이다. 교사로 정년 퇴직한 그 곳의 사장님이 어느 날 서울역에서 파우치를 잃어버렸다가 다시 찾으면서 도움을 받은 노숙자 독고씨를 편의점에 데리고 오면서 이야기가 시작된다~ 읽는 내내 마음이 따뜻해지는 책이다~ 사람들의 이야기가 궁금해서 읽다보니 어느새 마지막 장! 얼른 2권으로~~~"
2024-10-11,10,불편한 편의점이었지만 사실 불편하지 않고 손님이 불편해할 수 있는 부분을 세심하게 신경을 써주며 또 위로도 받는 그리고 웃기도 하는 편의점이었다. 이 책을 읽으며 위로도 받고 교훈도 받았던것 같다. 위로도 받고 교훈도 받으며 이 책을 읽었음 좋겠다.
2024-10-09,10,표지 그림이 마음에 들고 내용도 재미있게 잘 읽힙니다. 받고 바로 읽기 시작해서 일주일 안에 다 읽었습니다. 가볍게 읽히고 재미도 있고 담백해서 마음에 잘 와 닿습니다. 예스24 배송은 역시 아주 빠르고 하루 만에 도착해서 바로 읽기 시작했어요.
2024-10-04,10,대단한 인물이 등장하거나 엄청난 사건이 일어나지도 않는다. 약간 엉뚱하긴 하지만 왠지 우리 주변에 있을 법한 등장인물과 일상에서 공감하는 스토리로 독자의 마음을 따뜻하게 어루만져 주는 힐링소설이다. 대단하지도 특별하지도 않고 마치 매일 먹는 백반같지만 암마가 차려주는 따뜻한 밥같아서 그래서 정감있는 추천도서이다.
2024-09-22,10,"인생은 하나의 긴 여정이라고 할 수 있겠다. 우리는 그 여정에서 앞으로 나아가기도 하고 때로는 쉬어가기도 한다. 모두가 각기 다른 여정의 끝을 향해 나아간다는 것만이 공통된 진실이다. 그러나 인생을 살아가면서 누구나 한번쯤은 자신이 있는 곳을 알지 못하고 방황할 때가 있다. 이 책의 독고씨가 그러한 사람이다. 독고씨는 과거의 기억을 잃고 서울역에서 사는 노숙자이다. 독고씨가 여느때나 다름없이 노숙자 생활을 하던 어느 날, 독고씨는 우연한 사고로 인해 청파동 always 편의점의 소유자인 염여사와 조우한다. 염여사는 독고씨가 노숙자임에도 불구하고 자신에게 선행을 해준 독고씨에게 보답을 하고자 편의점의 야간 알바를 시켜줌과 동시에 독고씨의 기억상실증의 원인이 된 술을 끊을 것을 제안한다. 독고씨는 이에 흔쾌히 수락하였고, 이후로 편의점에는 변화의 바람이 일기 시작한다. 다른 알바생들도 독고씨와 고민을 나누는 사이가 되고, 손님들도 제각기 다른 고민이 해소되어 편의를 제공받는다. 그리고 가게의 매출도 보란듯이 오르게된다. 그러던 어느 날, 독고씨는 뜻밖의 사고로 자신의 과거를 알게된다. 이를 계기로 독고씨는 대구에 있는 가족을 만나러 편의점 일을 그만두며 책은 끝이 난다. 이책에서는 '소통'을 중요한 소재로 쓴다. 소통은 관계이고, 관계는 삶이 된다. 소통의 유무로 한사람의 인생이 180도 바뀐다. 그러므로 우리는 남에게 친절해야하고 소통에 어려움을 겪는 이에게 소통의 길을 열어주려고 최선의 노력을 다해야한다. 누군가의 작은 선행이 삶을 포기한 누군가에게 다시 삶을 살아갈 희망이 되어준다. 그 희망으로 다시 삶을 살아가게된 누군가는 또다른 누군가에게 삶의 희망이 되어준다. 독고씨도 염여사의 작은 선행에서 시작하여 지금은 수많은 이들의 희망이 되어준다. 독고씨에게 다시 살아갈 원동력을 얻은 이들읃 또다른 사람들의 희망이 되어줄 것이다. 우리는 도움을 받은 만큼 또는 그 이상 베풀어야 마땅하다. 그리고 나 스스로에게도 질문을 던져야 한다. '나는 지금 나에게 친절한가?' 나를 먼저 도와야 남들도 도울수 있다. 그러므로 나에게 친절하고 남에게 친절하자. '인간은 사회적 동물이다' 라는 말처럼 인간은 결코 혼자서 살아가지 못한다. 누군가와 관계를 맺고 서로 상호작용을 하고 의지하기도 하며 살아간다. 하지만 인생이라는 여정에서의 목적지가 정해져 있는걸까? 반드시 그렇지만은 않다. 사람들은 평범하게 산다는 것이 가장 힘들다고 말하는데 이 책을 읽고나서는 적극 찬성하게 되었다. 평범하게 살자. 그러나 가끔은 삶의 방향을 조금씩 틀어보자. 나 스스로 되돌릴수 있을 정도로만 말이다. 청파동 골목에 자리잡은 편의점에서 1년반동안 야간 알바를 한 독고씨, 그가 있었기에 불편했던 편의점이 조금이나마 편해졌을지도 모른다. 오늘부로 독고씨를 비롯한 많은 사람들은 각자 조금씩 다른 방향으로 자신의 인생을 개척해나가는 여정을 계속 해나갈 것이다. 인생에 정해진 방향은 없다. 가장 중요한 것은 행복하게 여정을 보내는 것이다. 본문 내용중에 이런 말이 나온다. '편의점이란 사람들이 수시로 오가는 곳이고 손님이나 직원이나 예외없이 머물다 가는 공간이라는 걸, 물건이든 돈이든 충전을 하고 떠나는 인간들의 주유소라는 걸.' 처음에 이야기했듯이 인상이라는 여정에서 쉬어갈때도 있다.작가는 잠시 쉬어가는 곳을 편의점이라고 생각했다. 힘겨운 삶을 살아가고 힘겨운 오늘을 살아가는 우리들이 머물다 가는 곳, 그곳이 바로 편의점이 아닐까."
2024-09-20,10,"우린 힘들게 이뤄낸 것이 단번에 무너질 때, 나라는 사람의 인생을 허망하게 무너뜨리려 한다. 이 책의 서울역 노숙자 ‘독고’는 알코올성 치매로 과거의 기억이 없는 노숙자이다. ‘독고’와 청파동 골목의 작은 편의점 ALWAYS 사장님 ‘염영숙’ 여사의 운명 같은 첫 만남으로 이야기는 시작된다. 염영숙 여사가 편의점 아르바이트를 제의하고 ‘독고’가 수락하면서 독고의 인생은 완전히 바뀌게 된다. 하지만 처음의 ‘독고’는 오랫동안 술을 마신 탓에 말을 더듬고 행동도 늦었다. 그래서 술 대신 옥수수 수염차를 마시기로 한다. 이 옥수수 수염차는 나중에 다른 사람에게도 영향을 미치게 된다. 편의점 단골손님이 처음 독고를 보고 편의점 사장님으로 착각하고 편견이 가득한 시선으로 바라보게 된다. 하지만 가게 밖 단골손님을 위해 열풍기를 내어주고, 본인의 딸 아이들의 이야기를 하는 독고의 모습에 마음을 열고 더 좋은 아빠가 되기 위해 노력하게 된다. 이 외에도 다양한 사연을 지닌 인물들이 등장하고, 각자 자기들만의 특색과 사정이 있었다. 이들은 그냥 편의점이 아닌 독고로 인해 ‘불편한 편의점’이 된 ‘ALWAYS‘ 편의점에 연관되어 있으며, 독고와도 모두 연관되어 있다. 등장인물들은 독고로 인해 여러 가지 감정을 느끼게 되고, 이들로 인해 독고의 옛 기억도 되살아난다. 독고의 예전 직업은 의사였고, 불법으로 수술을 진행하다 환자가 죽음에 이르러 가족과 이별하고 술로 인한 기억 상실증으로 서울역을 떠돌았던 것이었다. 기억을 되찾은 독고는 병원비리에 관한 자료를 모으고, 고인이 된 환자를 찾아가 용서를 빌고 가족들마저 기만했던 자신의 지난 과오를 용서받기 위해 고인의 가족이 있는 대구행을 결심한다. 코로나19가 엄습한 때에 의료봉사 한 번 한 적 없던 독고가 대구에 의료지원을 나선 것이다. 독고는 기차를 타고 저 멀리 보이는 한강을 보며 뛰어내릴 계획을 했던 날이 떠올랐다. 하지만, 지금의 독고는 안다. “강은 빠지는 곳이 아니라 건너가는 곳임을, 다리는 건너는 곳이지 뛰어내리는 곳이 아님을...” 독고의 눈에서는 눈물이 멈추지 않았다. 부끄럽지만 살기로 했다. 죄송스러움을 지니고 있기로 했다. 독고는 사죄하기 위해 고인의 가족을 찾을 것이다. 만나길 원하지 않는다면 사죄의 마음을 다지며 돌아설 것이다. 이 책을 읽으면서, 나에게는 그냥 흔하디 흔한 편의점이지만, 그 공간이 다른 사람에게는 큰 의미가 될 수도 있을 것이라는 생각이 들었다. 필요한 것을 사려고 간 편의점에서 따뜻함을 느끼고 삶의 변화가 되는 계기가 된다면 잊지 못할 장소가 되고, 독고가 주는 작은 관심들이 조금씩 변화를 일으킨다. 가만히 이야기를 들으며 천천히 진심을 전하는 독고의 모습에 처음 가졌던 편견이 없어지고 항상 진심으로 살아야 한다고 하는 것 같았다. 사람은 서로를 아끼고 어울리며 살아가고 그 속에서 만족하며 하루를 보낸다. 지금이 행복이라는 것을 알고 나의 삶을 사는 것이 진정 행복한 삶이지 않을까?"
2024-09-15,10,불편한 편의점이 내 마음으로 들어왔다 딱딱한 공간 비싼 공간 아이들만의 공간이라 여겼던 편의점이 누구나 자신만의 이야기를 채우고 따뜻하게 만들 수 있는 공간이 되었다 책 덕분에 내 삶에  그런 공간을 발견하게 되었다 친구와 시원한 맥주4캔에 1만원짜리와 2+1의 따뜻한 컵라면을 사들고 때로는 시원하게 때로는 무더위 속에서 우리의 속엣말을 속달거릴 수있는 그곳이 되었다
2024-09-14,10,"인연은 사소한 일로 시작해서 한 사람의 생각을 바꾸고, 삶도 바꿀 수 있으면 그 파생된 효과가 주변을 변화시켜 조금은 편안한 일상을 맞이 할 수 있게 되는 과정을 보면서 따듯한 말 한마디, 작지만 무심한 둣 친절한  행동이 감동을 불러 온다. 그래서 더 재미있고 즐겁게 읽게 된 것 같다."
2024-09-10,10,"퇴근하고 집에 도착하니 8시… 기다리던 책이와서 밥 먹으면서 가볍게 펼쳤던게 시간 가는 줄 모르고 2/3을 읽었어요. 다양한 등장인물의 입장에서 흘러가는 이야기들이 흥미롭게 술술 읽혔던 것 같습니다. 독고라는 한 인물에 대해 다들 다른 시선으로 접근하고, 다른 첫인상을 준 것도 현실과 맞닿아 있었습니다. 사실 2편을 묶음 구매 하려다가 평을 보고 1편만 샀는데, 앞으로 독고가 또 어떤 사람을 만나 어떤 영향을 주는지 궁금해져서 궁금하더라구요. 남은 다른 책들 읽고 나면 2편도 구매 해보려고 합니다."
2024-09-05,10,솔직히 김호연작가님 작품을 잘 몰랐어요. 기존에 망원동 브라더스가 스테디셀러인 것은 알았지만 읽어 보지는 않았습니다. 그런데 얼마전 시립도서관에서 나의 돈키호테라는 신작을 접하고는 책이 참 쉽고 재미있게 읽혀져서 작가님에게 처음으로 관심이 생겼어요. 그래서 베스트셀러인 불편한 편의점을 구매하게 되었고 아직 읽지 않아 기대가 큽니다. 제가 작가 위주로 책을 선정하는 편이라 곧 다 읽어보지 않을까 싶네요. 계속해서 좋은 작품 꾸준히 출간하시고 영화나 드라마로도 만나뵐 수 있길 기대합니다^^
2024-09-01,10,"우리 모두는 한번의 실수도 없이 살아갈 수 없다. 그 실수를 더 이상 용서 받을수 없다고 생각하는 절망적인 하루하루를 보내면 세상을 탓하고 나 자신을 원망스러워 한다. 이런 하루 중 기어코 모든 것을 다 포기하려고 했을 때 봄이 찾아와 마음속의 얼음을 녹여주는게 아닐까? 이 책의 독고 씨에게 이런 봄이 찾아왔다. 모든 것을 버리고 알코올성 치매로 기억을 잃은 채로 서울역 에서 노숙을 하던 서울역 노숙자인 독고 씨는 어느 날 편의점 점장인 영숙의 지갑을 찾아주었고 영숙은 보답을 하기 위해 자신이 일하는 편의점에 데려가 도시락을 사준다. 그 도시락의 시작으로 둘은 인연을 맺게 되었고 독고 씨는 야간 알바를 시작하게 된다. 비록 처음에는 말투도 어눌하고 성격도 느긋해서 사람들이 답답해 했지만 또 다른 알바생 시현과 점장 영숙의 도움으로 점점 세상의 이치를 알게 되고 일도 잘하게 된다. 그러면서 점점 기억이 되돌아 오기 시작했고, 자신이 과거에 어땠는지 왜 노숙을 하게 되었는지를 깨닫고 새로운 삶을 살아가기 위해 알바를 그만두고 세상을 향해 한 발을 내민다. 나는 처음에는 영숙과 시현이 이해되지 않았다. 말도 더듬더듬 얘기하고 행동도 느린 독고씨를 답답해하면서도 도와주고 반복해서 가르쳐 주는게 힘들어 보이기도 했다. 하지만 이런 답답함과 짜증남 속에서 시현과 점장이 열심히 잘 가르쳐준 이유를 곧 알 수 있었다. 비록 힘들고 두세 번을 말해줘야 알 수 있었지만, 독고 씨는 그럴 때마다 자신에게 짜증 한번 내지 않고 언제나 더 열심히 노력하며 알아갔기 때문이다. 이 책의 한 장 한 장을 읽을 때마다 느리지만 상대방의 마음을 잘 헤아려주는 노숙자 덕분에 사람들의 차가운 마음이 녹아내리는 것을 느낄 수 있다. 종이 한 장이 담고 있는 이야기들이 모여 우리의 삶에 대해서 다시 한번 생각해 보게 한다. 이 책을 읽고 나니 독고 씨가 도움을 받아서 사회생활을 잘 할 수 있었던 것처럼 나도 많은 사람들 에게 도움을 받았다는 것을 다시 한번 생각해 보았다. 내가 어릴 땐 사소한 일이지만 꼭 누군가의 도움을 받아야만 해낼 수 있었다. 만들기도 남들이 혼자서 만들 때 나는 제때 끝내지 못하는 일이 잦아서 친구나 부모님 등 여러 사람의 도움을 받아야만 했다. 그럴 때마다 작은 것도 혼자 못하는 내가 조금은 답답하고 내가 해야 할 일을 남에게 떠맞기는 것 같아서 미안하고 한번쯤은 나 혼자 멋진 작품을 만들거나 아니면 내가 다른 사람을 도와주고 싶었다. 그때마다 용기를 내어 보았지만 언제나 내 용기의 한마디는 목을 넘어서 입 밖으로 나오기도 전에 솜사탕처럼 없어졌다. 독고 씨가 나중에 자신의 아픈 과거를 기억해냈을 때가 아마 그때의 내 심정이었을 것 같다. 친구가 없는 건 아니었지만, 그 친구들에게도 우물쭈물 말하는 내 과거를 떠올리면 후회가 되고 속상하기도 하다. 하지만 나는 나의 곁에 있는 모든 사람들 덕분에 그 용기 없는 허물을 벗고 사회에 도전장을 내밀고 지금처럼 앞으로 걸어나 갈 수 있었다. 만약에 내게 영숙과 시현 같은 사람들이 없었다면 어떻게 되었을까..? 과연 내가 그 허물을 벗을 수 있었을까?? 이제 나는 그런 질문에 대답할수 있다. ‘아니요’ 나의 마음속에는 또 다른 독고 씨가 살고 있다. 예전에 가족들한테 짜증을 내던 독고씨가 아닌 사람들의 속마음을 걱정해주고 따뜻한 말을 전하는 독고씨 말이다. 수많은 도시 불빛 아래에서 야간 알바를 하며 많은 사람들을 만나면서 손님들한테 어눌하게 말하는 독고씨 때문에 손님들이 처음에는 불편함을 느꼈지만, 그 불편함이 손님들의 마음을 이끄는 것에 도움을 준게 놀라웠다. 나한테도 그 놀라움이 내 마음속에 독고씨가 생기게 한 것 같다. 하루 동안 가족들이랑 대화할 시간 없이 회사에서 아침 일찍 일어나 저녁 늦게까지 일하는 사람들, 시험과의 경쟁으로 늘 학원 때문에 쉴 틈이 없는 학생들... 모두 가족들과 보내는 시간도 점차 줄어들면서 자신의 앞날을 위해, 또는 자신의 이익을 위해 일을 한다. 오로지 음식이나 물건을 살 때만 잠깐 들리는 휴게실 같은 편의점이 어떤 사람들에게는 집같이 포근한 곳이 될 수도 있다. 24시간 언제나 우리들을 반겨준다고 기대하는 만큼 독고씨 같은 사람을 만나면 왠지 모르게 반항심이 들고 불편함을 느낄 수 있다. 매서운 겨울바람에 참깨라면, 참치김밥, 참이슬을 매일매일 먹는 경만씨는 처음에는 독고씨의 조언에 짜증이 나서 오지 않았지만 불편하면서도 자꾸 끌리는 불편한 편의점을 다시 방문하여 술 대신 옥수수수염차를 먹게 된다. 불편한 편의점의 옥수수 수염차가 경만씨의 마음을 녹인 걸 보고 정말 독고씨는 마법을 부리는 것 같았다. 그저 한병의 차 이지만 그 속에는 수많은 의미가 담겨 있다. 사람들의 갈증을 축여주고 따뜻하게 해주지만 그 과정에 오기까지 편의점의 물건들은 많은 시험들을 통과한다. 하지만 아무리 말을 할 수 없어도 이 물건들은 다 실수를 한다. 만약 그것들이 이상이 있는데도 실수를 하지 않고 우리에게 온다면 어떻게 될까?? 따가운 밤 송이에 찔린 것처럼 아플 수 있다. 없어지면 좋겠고, 후회를 만드는 실수는 우리한테 꼭 필요한 존재다. ‘강은 빠지는 곳이 아니라 건너가는 곳임을. 다리는 건너는 곳이지 뛰어내리는 곳이 아님을.’ 그렇다. 세상의 모든 것들은 우리에게 무모한 선택을 요구하지 않는다. 하지만 우리는 한 번의 끔찍한 실수가 우리가 저승의 길로 가는 길을 선택하게 한다. 모든 사람 들은 어둠을 한번씩은 겪게 된다. 그 어둠을 이겨내지 못하고 삶의 결정을 내려 아침을 맞이하지 못하게 되는 것이다. 그래서 그런 사람들에게 말하고 싶다. 언젠가 어둠은 없어지고 종달새의 울음 소리의 시작으로 아침이 시작 될 것이라고 말이다. 칠흙 같은 하늘이 반짝이와 하얀 알사탕으로 장식되는 날 새로운 문이 열리고 아침이 시작되면 단 두 글자의 단어로 우리의 미래가 바뀔 것이다. 이제 나도 선택의 길에 들어섰다. 이 미래를 계속 이어 나갈 것인가? 내 마음 속에서 마지막 질문에 대한 답인 한 단어가 울려 퍼지는 것 같다. “네”"
2024-09-01,10,"다른 사람들은 거창한 생각으로 혹은 스스로 책을 읽지만, 나는 이 책을 소개받아 읽게 되었다. 좀 더 구체적으로 말하면 이모와 이모부가 이 책을 읽고 뮤직 드라마를 보러 가자고 티켓을 예매하는 바람에 반 강제적으로. 편의점이란 필요한 것이 있을 때 언제든 살 수 있게  24시간 운영하는 곳이라는 나의 생각과는 다르게 책 이름은 불편한 편의점. 게다가 별이 빛나는 밤 시간이 책 표지라니. 기묘하다고 느끼며 책을 읽기 시작했다. 등장인물 중 주인공인 노숙인 독고씨가 한 여성의 파우치를 주워준 일로 그 여성이 운영하는 편의점에서 야간 알바를 하면서 이야기가 펼쳐진다. ""강은 빠지는 곳이 아니라 건너가는 곳임을, 다리는 건너는 곳이지 뛰어내리는 곳이 아님을."" 독고라는 인물은 이 글의 마지막처럼 다른 사람을 이어주는 다리 같다고 느꼈다. JS는 진상, 참참참은 참지김밥, 참깨라면, 참이슬 등의 용어들도 등장하고 재미있었다. 술을 마시는 사람이 많이 나와서 어른들이 술을 많이 좋아하나? 어른들은 술을 마시는 이유가 힘들어서인가? 여기 소설 속 손님들도 독고씨처럼 술을 끊고 다 옥수수 차을 마시네 하는 생각도 들었다. 노숙자였던 독고는 성형외과 의사였으며 의료사고로 직장과 가족을 잃고 알콜성 치매를 앓던 인물이였으나 의외로 일을 잘 해내며 주변이 묘한 매력으로 편의점에서 필요한 사람으로 성장해 간다. 왠지 독고가 지키는 편의점의 야간이 자신의 어두웠던 과거를 정면으로 맞서는 시간 같았다. 결국 편의점에서 다른 사람들의 다리가 되어주던 독고는 눈물을 훔치며 또다른 강을 건넌다. 독고를 보며 잘못하고 좌절 하더라도 포기하지 말고 처음부터 다시 시작하면 된다는 것을 배웠다. 책은 짧지 않았지만 재미도 감동도 있었고 내가 소설이라는 장르의 책을 좋아하는 길이 될 것 같다."
2024-08-21,8,"노숙자가 점원으로 있는 작은 편의점.  동네 사람들은 큰 덩치에 더듬거리며 말하는 그가 이상했지만, 차츰 적응해갔다. 보이지 않게 배려하는 그의 마음이 조금씩 느껴졌기 때문이다. 팍팍한 삶 가운데 한 줄기 빛과 같은 작은 나눔과 호의로 불편한 편의점을 점점 따뜻하고 편안한 장소로 만들어 가는 이야기"
2024-08-21,10,"#사락독서챌린지 #불편한 편의점 코로나 기간에 읽었던 불편한 편의점 책을 다시 꺼내 들었어요. 책을 다시 읽어보며 그때의 즐거움과 감동이 고스란히 느껴져서 마음이 따뜻해졌습니다. 역시 좋은 책이구나 싶었구요. 행복한 이벤트 마련해 주신 예스24, 감사합니다! 필사하며 작가님의 마음을 조금이라도 느낀 것 같아요."
2024-08-19,10,"'불편한 편의점'은 읽었던 책들 중에서 특별히 감명이 깊었던 책이다 . 저마다의 손님들이 전해주는 스토리는 모두 각각의 특색이 있었지만 삶이 무너졌으나 그들의 삶이 언젠간 기회를준다는 공통점이 있었다. 특히 1편의 주인공으로 나왔던 독고씨는 처음엔 이상한 노숙자 아저씨같았지만 편의점에서 일하며 손님들에게 도움을 주고, 망가진 삶에 손을 내밀어주는 모습을 보고는 언젠가부터 진심으로 닮고싶은 사람이 되었다. 그리고 그 밖에 다른 장면에서는 마치 우리가족을 얘기하는것 같아서 눈물이 나왔다. 손님들이 보내는 특별하고 소소한 일상에서도 마치 마음의 한 구석이 붉어지는듯한 의미심장한 기분을 느꼈다. 그리고 내가 가장 마음에 들었던 인물은 독고씨인데, 아까 말했던데로 이 인물은 뭐라고 설명할수 없는 특이한 캐릭터였지만, 독고씨가 내밀어주는 그 손 하나로 손님들은 무너졌던 삶을 다시 세울 수 있었던점에서 독고씨에게 감동을 받았다. 노숙생활을하며 점차 남을 도우는법을 알아낸 독고씨가 마지막에는 결국 가족에게 사과하고 화목한 가정을 되찾을 수 있을지 정말 궁금했었다.다음은 독고씨를 도와 아무런 편견 없이 모자라고 부족한 노숙인을 자신의 편의점에서 근무하게 해준 염여사의 마음씨가 따뜻한 생기를 주었다. 이 밖에 오여사도 독고씨에게 쌀쌀맞게 굴며 예의없는 말투로 대하길래 비호감이 서는 캐릭터였는데 그녀의 사연을 들어보니 그렇게 힘든 상황에서 편의점을 나왔다는 것만으로도 게으른 나에게는 대단한 일이라고 생각되었다. 마지막으로 처음에 나왔던 시현씨가 특이한 생각과 마음을 지녀서 더욱 기대가 되었는데 갑자기 나가버려서 아쉬웠지만 남은 캐릭터들이 그 아쉬움을 채워주어서 나에게 남은 지루함이나 아쉬움은 단 1%도 없었다. 이 작품은 아주 마음에 드는 작품이였고 이렇게 나의 독후감은 막을 내린다."
2024-08-18,10,#사락독서챌린지 #불편한편의점 소설을 선택해서 처음엔 난감했는데 훌륭한 문구들이 많네요. 책을 읽어 내려가고 필사를 다시 해보면서 문장들이 더 가슴안으로 들어오는게 느껴지네요. 써보는게 무슨의미가 있겠어 했는데 짧은 시간이지만 책의 글귀들이 더 잘보이는 것 같아서 좋았습니다.
2024-08-15,10,"이 책은 기차역에서 지갑이 든 파우치를 잃어 버린 염여사의 이야기로시작한다.  모르는 번호로 전화가 왔고, 파우치를 보관하고 있다는 연락을 받아 서울역으로 갔다. 파우치를 뺏으려는 다른 사람들을 막아내고 돌려 줄 때도 꼼꼼히 주민번호를 확인하는 남자는 책임감이 있어보였다. 사례를 받지 않는 노숙자를 자신이 운영하는 편의점으로 데려가 식사를 대접한다. 염여사는 교직을 은퇴하고 운영하고 있는 편의점이 있다. 자신은 연금으로 생활을 할 수 있지만, 편의점을 그만두지 못하는 이유는 직원들의 생계를 책임져야 하는 일이기 때문이다.  그래서 더 책임감을 가지고 그들을 가족처럼 대하며 운영했다. 중소기업에 취직하며 그만두게 된 야간 직원을 축하해 주고, 알콜성 치매로 자신의 이름도 제대로 기억하지 못하고 독고라고 불러 달라는 직원을 두게 된다. 그가 직원으로 일하게 되면서 편의점과 직원들 그리고 손님들에게 조금씩 변화가 온다.  제일 먼저 공무원 시험을준미하며 일을 하던 시현은 신규직원 교육을 차분히 잘 해줘서 자신이 잘 배우게 되었다는 독고의 말을 듣고 편의점 업무를 알려 주는 유튜브 채널을 만들게 된다.  유튜브가 잘 되면서 다른 편의점 정규직으로 스카웃이 되어 취업을 나가게 된다. 명문대를 졸업하고 대기업을 잘 다니던 아들이 갑자기 영화를 하겠다며 주식을 하겠다고 백수가 된 아들이 속상하고 힘든 오여사님은 아들이 왜 그런 선택을 하게 되었는지, 들어주기만 해도 된다며 삼각김밥과 함께 편지를 전하면 아들의 마음을 알수 있을거라는 독고의 말을 듣고, 아들과 관계가 좋아진다. 작가로 일어서 보겠다고 마지막 작품을 써보겠다고 배수의 진을 치고 올라온 인경은 처음에는 독고가 마음에 들지 않아 그가 일하는 시간에는 편의점에 가지 않아야 겠다고 다짐하다. 그의 배려에 마음을 열고 대화를 나누며 새로운 희극을 쓸 수 있는 힘을 얻는다. 술 대신 옥수수수염차를 마시고, 손소독제와 라텍스 장갑을 접히게 되면서 의사였던 독고의 기억이 돌아오기 시작한다. 이기심과 욕심으로 인해 가족에게도 상처를 줬었던 독고는 기억을 찾아 의료봉사를 하러 간다. 편의점에서 여러이야기인데 내가 제일 좋아하는 건 1+1이다. 편의점은 그냥 파는 상점이 아니라 사람들의 이야기가 넘처나는 곳이고, 혼자 외로움을 느끼는 요즘 사람들의 사는 모습을 보여주고 있다.  이러한 내용을 통해서 서로의 아픔을 이해하게 되고, 연대하게 되는 경험을 하게 됐다."
2024-08-08,10,아이가 관심있어해서 이것저것 구경해보다가 구입했어요. 비슷비슷한 시리즈들이 많이 있었는데 여러권중에서 아이가 골라서 사달라는걸로 사봤어요. 일단은 아이가 아주 좋아하네요. 조금씩 조금씩 짬날때마다 읽고있는걸 보니 재미가 있나봐요^^
2024-07-18,10,아이가 읽어보고 재미있다고 추천해 주었습니다. 너무 재미있어서 하루만에 다 읽었습니다. 아이와 책에 대해 이야기 하며 생각을 나누니 너무 좋아 다음권 주문하러 들어왔다가 리뷰 남깁니다. 온가족이 읽어도 좋은 불편한 편의점 추천합니다
2024-07-18,10,"2020년 코로나가 터지면서 소통이 단절 되었다. 그러면서 디지털 시대가 심화 되었다. 디지털 시대에 사람들은 더 개인주의 이기주의적으로 변해 간다. 불편한 편의점에 나오는 염경숙 여사는 정년퇴직을 한 후에 다른 사람의 생계를 위해 수입이 없음에도 편의점을 운영하고 있다. 독고씨는 노숙자인데 독고씨는 서울역에서 염경숙 여사 의 파우치를 찾아 준 건을 계기로 편의점에서 야간 알바로 일하게 되었다. 여러 사람들이 편의점에 와서 독고 씨를 통해 여러 고민을 해결 하게 된다. 독고씨는 다른 사람들에게 옥수수수염차를 건네며 이런 사람의 고민을 해결해 준다. 그러면서도 독고씨는 기억을 되찾아 가고 있었다. 독고씨는 원래 의사였다. 하지만 수술을 해야 하는데 인터넷에 수술을 맡겨서 환자가 죽게 된다. 독고씨가 집에 갔을 때 아내가 무슨 일이냐고 물었을 때 ‘내가 알아서 할게’ 라고 말하면서 말을 하지 않았다. 병원에 갔다 왔는데 딸과 아내는 집에 없었다.집을 나갔다. 그래서 독고씨는 서울역 화장실로 들어갔다. 그리고 유리에 머리를 박았다깨어 났더니 서울역이었다. 어떤 할아버지가 노숙자 생활 잘하는 법을 알려 주셨다. 그러면서 독고씨는 노숙자가 되었다. 그 할아버지는 죽으면서 ‘독고’를 잘 기억해 두라고 말했다. 그래서 독고씨 의 이름도 독고가 되었다. 그렇게 노숙자 생활을 하다가 염경숙 여사를 만나면서 파우치를 찾아 준 일로 편의점에서 일하게 되었다. 노숙자 독고씨는 착한 수호천사, 의사 독고씨는 이기적인 의사였다. 현대 우리 사회에는 인턴이나 전공이가 대신 수술을 하는 경우가 많다. 그러면 불편한 편의점에 나오는 환자처럼 될 수 있다. 그러므로 될수있으면 교수가 수술을 하는 것이 좋을 것 같다. 또 의사가 돈 때문에 인턴이나 전공이한테 수술을 너무 맡기면 또 전공이들이 그만 둘 수도 있다. 우리는 돈이랑 성공만 쫒으며 살 면 안될것이다. 우리 모두 공공의 이익과 이기적이지 않은 생활을 하면서 우리가 행복한 사회에 살아갈 수 있다."
2024-07-06,10,진짜 빨리 도착했습니다 바로 뜯고 싶지만 해외로 가져갈꺼라 박스그대로 가져갈려고 안뜯었어요 평가도 좋고해서 구매했어요 해외가서 읽어야겠네요 다음에 또 주문할께요 감사합니다 많이파시고 한국오면 다시 또주문할께요 포인트도 쌓이고 좋네요
2024-07-03,10,"김호연작가와의 만남이  국립극장에서 있어서 읽고 가려고 했는데....날새서 2권까지 쭉 읽게 되었다. 너무 재미있고 가독성이 좋아서 책을 놓을수가 없었다. 한편의 드라마...눈물나는 감동적인...드라마 영화 한편을 본듯하다. 작가와의 만남이후 왜 그랬는지 더욱더 알수 있었다. 올해의 책으로 선정되서 읽어야지 생각은 했는데 이번 계기로 읽게 됬는데..왜 올해의 책으로 선정되었는지 알 수 있었다. 앞으로 선정된 책은 꼭 읽어볼 가치가 있다는 생각이 들었고 중3아들에게 강요해서 읽히고 있다. 책을 너무 안 읽는 중학생이지만 이책은 그래도 나눠서 라도 읽는거 같다. 주인공 이름이 뭐야? 독고.. 그래 읽긴 읽었구나...확인까지 해야하는 강제 독서지만 이책을 읽고 나면 아들도 마음의 감동과 작은 변화가 있으리라 생각된다. 신간 나의 돈키호테도 읽어보려한다. 세계각국으로 수출되어 번역되어 팔리는 책, 김호연 작가가 자랑스럽다."
2024-07-03,10,"<""가족들에게 평생 모질게 굴었네. 너무 후회가 돼. 이제 만나더라도 어떻게 대해야 할지 모르겠어."" 나는 질문에 대답하려 애썼다. 나 자신에 대한 질문이기도 했기 때문이었는데, 그래서일까 무어라 말이 터지질 않았다. 내가 씁쓸한  표정으로 아무 말도 못 하자 그는 괜한 말을 했다는 듯 손사레를 치고 컵라면 그릇과 함께 몸을 돌렸다. "" 손님한테 하듯 .....하세요."" 불쑥 튀어나온 말에 그가 나를 돌아보았다. "" 손님한테 ....친절하게 하시던데....가족한테도.....손님한테 하듯 하세요. 그럼.... 될 겁니다."" ""손님에게라...... 그렇군. 여기서 접객을 더 배워야겠네."" 곽 씨가 고맙다는 말을 덧붙이고는 뒷모습을 보였다. 따지고 보면 가족도 인생이란 여정에서 만난 서로의 손님 아닌가? 귀빈이건 불청객이건 손님으로만 대해도 서로 상처주는 일은 없을 터였다. 불쑥 내뱉은 말이지만 그에게 답이 되었다니 마음이 놓였다. 그런데 내게도 답이 될 수 있을까? 아니 나는 감히 손님이라도 될 수 있을까?> <결국 삶은 관계였고 관계는 소통이었다. 행복은 멀리 있지 않고 내 옆의 사람들과 마음을 나누는 데 있음을 이제 깨달았다> ---불편한 편의점  본문 중 지인의 추천을 받기전부터 사실 관심이 가는 책이었는데 지인의 적극추천으로 바로 읽게 된 책. 하루만에 후다닥 읽어낼 정도로 내용의 전개가 빨랐고 내용이 현실적이어서인지 어렵지 않았다. 하지만 결코 가볍지 않은 주제들로 이야기되고있는 7개의 에피소드. 주변에서 쉽게 볼수있는 사람냄새나는 진짜 사람들의 이야기인듯.. 나이가 들수록 복잡해지고 어려워지는 인간관계와 관계속에서의 진정한 믿음과 의미들을 생각하게 만드는 소설 같지않은 소설.. 나의 에너지를 써가면서 힘들게 유지하는 인간관계는 과연 유지 할 만한 가치가 있는가..를 고민중인 나에겐 남들과는 다른 느낌으로 읽혀졌을지도 모르지만 어쨌든 생각을 정리하는데 조금은 도움이 된 것같다. P.s) 편의점을 주제로 한 에세이집을 읽고난 후 여서인지 더 쉽게 손이 갔던 책이다."
2024-06-27,8,"편의점은 우리 생활에서 필수적인 존재로 자리 잡았다. 언제 어디서든 필요한 물건을 살 수 있고, 24시간 영업을 하기 때문에 일상생활에 큰 도움이 된다. 하지만 이 책에서는 그런 편의점이 불편한 측면도 있다는 것을 알게 된다.. 예를 들어, 편의점에서 판매되는 인스턴트식품이나 음료수 등이 건강에 좋지 않은 성분으로 가득 차 있기 때문에, 오랜 기간에 걸쳐 그것들을 섭취하면 건강이 나빠질 수 있다는 것이다. 또한, 편의점에서 파는 제품들이 쓸데없이 많은 포장재를 사용하고, 그것들이 환경에 큰 영향을 끼치는 것도 이 책에서 다루고 있는 내용 중 하나이다. 이 책은 편의점을 중심으로 쓰여진 책이지만, 그 속에는 우리가 살아가는 현대사회의 여러 가지 문제점들이 담겨있다. 특히, 소비자와 판매자 간의 관계와 그 속에서 일어나는 문제들에 대한 이야기는 현대사회에서 매우 중요한 문제이다. 또한, 이 책은 작자의 생각과 경험을 정직하게 담아냄으로써, 독자들이 이런 문제들을 다시 한 번 생각해 보고,, 개선해 나갈 수 있는 방향을 모색할 수 있게 해 준다."
2024-06-10,10,"불편한 편의점을 완독 했다. 이번에 연극 공연을 하는 곳이 있어서, 더욱 관심을 가지게 되어 읽게 되었다. 우선 이책은 마음이 따뜻해지는 책이다. 내용을 아예 모른 상태로 읽어나가는게 가장 좋으며, 현대사회를 살아가는 사람 누구나 공감할 수 있는 내용이다."
2024-06-08,10,대한민국에 가장 많은 소매 업종이 커피숍과 편의점이다. 그만큼 우리 가까이 동네 구석구석 있어서 그곳에도 많은 일상적인 일들이 일어나고 있을 것이다. 편의점을 소재로 한 재미있는 에피소드를 편하게 읽어 볼 수 있었다. 내 주변의 이야기라는 생각에 더 몰입할 수 있었다.
2024-06-02,10,"본 리뷰는 불편한 편의점을 읽고 작성하는 리뷰입니다. 달러구트가 흥행한 이후로 비슷한 류의 작품이 많이 나오는 것 같은것은 기분탓일까..? 불편한 편의점은 여러 인물들의 스토리가 담긴 책이다. 그런 인물들의 고민, 문제 등을 해결하며 힐링을 주는 그런 스토리다. 특별한 것은 없지만 쉽게 읽기 좋은 책인 것 같다."
2024-06-01,10,아이 학교 수업시간에 쓰려고 처음 구매했는데 평소 책을 안읽는 아이로써는 두껍고 재미없어 보였지만 책읽는 기회를 갖고 읽기시작하니 점점  책에 흥미를 보이는것 같아요 저도 한번 나중에 읽어봐야겠어요~~ 재밌는책 잘찾아서 아이가 독서에 흥미가 생기길.'
2024-05-30,0,"사람들은 저마다 사연이 있다. 그 삶의 배경을 모르고 바라볼 때, 서로를 이해하기는 쉽지 않다. 그래서 낯선이를 따듯하게 반겨주는 것은 날이 갈수록 어렵다. 경험이 쌓이면서 편견도 쌓이기 때문일 것이다. 글 속 편의점 사장은 독고를 잘 모르면서도 그를 받아주었다. 바닥을 치고 있던 그는 그녀의 도움으로 삶을 재건할 용기를 얻었다. 나 살기 힘들어 더욱 각박해지는 사회지만 우리가 손 내밀어 챙겨야 할 이웃이 있다는 것을 기억해내게 하는 책이다."
2024-05-28,10,"불편하지만,,, 가고 싶은 편의점.. 바쁘고 힘든 현실에서 배는 고프고,,, 따뜻한 관심을 받고 싶은곳,, 그곳이 청파동 골목 모퉁이에 있는 편의점이다. 때론 혼자 있고 싶은 시간이 필요하겠지만.. 요즘은 너무 개인주의 때문에.. '남들에게 민폐가 돠진 않을까?' 라는 걱정에 선듯 말을 다른 사람과 시작하기가 힘든 시대이다. 사람은 사회주의 동물로서 더불어 살아가길 원하고 때로는 작은 관심을 받기 원하는 마음에 이 책이 인기가 많은것은 아닐까? 생각해본다."
2024-05-27,10,"불편한편의점은 읽다 보면 중간중간 찐 웃음이 나오는 구간이 꽤 있어요. 마음 따뜻해지면서 읽고 있으면 미소가 지어지는 힐링 소설입니다. 제가 먼저 읽어보고 1편 2편 엄마에게 선물로 드렸어요. 너무 재미있다며 1,2편을 2주안에 다 보셨더라구요^^ 작가님 소설 항상 기대할게요."
2024-05-24,10,"여러 등장 인물의 이야기를 하나하나 읽어나가는 재미가 있고, 책을 읽어나갈수록 이들의 관계가 어떻게 연결되는지를 알게 되면서 또한번 재미를 느끼며 읽을 수 있었습니다. 자극적이지 않고 따뜻한 이야기이고, 우리 주변에 있을법한 인물들의 서사가 이어져서 좋았습니다."
2024-05-19,10,"베스트셀러인 만큼 그럭저럭 좋은 평이 나왔다. 초반에 흥미로운 소재로 글에 몰입하게 된다. 그러나 후반으로 갈 수록 예상가는 스토리라 큰 감동은 없었다. 혹자는 독고가 끝까지 신비주의로 밀고 나갔으면 어땠을까? 라며 아쉬워했다. 나 역시도 독고의 정체를 알고 난후 매력이 떨어진 느낌이었다. 작가 본인에 이입한 캐릭터도 보인다. 모두 본인의 경험들이 녹아든 내용이라고. 편의점 사장이 노숙자를 도와준 것은 무례하게 느껴질 수 있다. 도움이 그에겐 오지랍, 부담일 수 있다. 챕터가 나눠져 있어 조금씩 읽기 좋은 책."
2024-05-19,10,"재밌다고 추천 받아서 읽게 되었다. 역시나 막힘없이 술술 읽히는 책이었다. 어딘가에 존재할 것 같은 사람들의 사연들을 알아간다. 선과 악. 누구에게 나쁘다, 잘못했다 단정 지을 수 없다. 죽을 때까지 끝난 것이 아니다. 이런저런 사연들을 보다보면 동정심이 생긴다. 그리고 어떤 사람의 겉모습만 보고 성급하게 판단한적이 있었는가  반성하게 되었다. 신이 인간을 만들때 공감을 하도록 만든 것은  최소한의 장치가 아닌가. 서로 돕고 살아갈 수 밖에 없는 우리네 삶이 눈물나고 정겹다."
2024-05-08,10,"이번에 불편한 편의점을 읽어보았다. 워낙 베스트셀러라 어떠한 책인지 궁금했었는데 이번에 읽게 되었다. 여러명의 주인공들의 내용이 옴니버스로 전개되다가 마지막에 결론으로 이어지는 마음따뜻한 이야기의 책이다. 속편도 이어지는듯 한데, 다음권도 기대가 된다."
2024-04-30,10,"요 근래 무거운 주제의 책들을 몇 권 읽다 보니 가볍게 술술 읽히는 책을 읽고 싶어져서 고르게 된 책이다. 처음에는 약간 뻔한 느낌의 글 같기도 하고 좀 지루한 감도 있나 싶어서 잠깐 고민했지만 읽다 보니 술술 읽히고 머리도 가벼워지며 완독 후 기분도 좋아지는 괜찮은 소설이었다. 주로 출퇴근 길에 읽게 되었는데 읽는 내내 편의점과 관련된 사람들의 다양한 사는 이야기가 때로는 웃음도, 때로는 공감도 주며 고마운 출퇴근 친구가 되어 주었다. 가볍지만 기분 좋은 소설을 읽고 싶다면 추천한다."
2024-04-20,10,인간의선한감정을잔잔하게 흐르는 물과같이써서 오랜간만에 힐링되어 주위에 추천  많이하고 싶은 책이네요.읽다가 해외에서 정신없이 일을하는 딸에게  읽어보라고 보냈는데 정신적 여유가 생겨 향수 느껴지는 것같다고 좋아하네요.2권도 보낼 예정입니다 ~^^
2024-04-07,8,"시대를 알려 주는 공간들이 있다. 먼먼 훗날 편의점이라는 공간이 지금의 우리 시대를 대표해 주는 것 중 하나가 되리라는 것을 알겠다. 과거의 소설을 통해 지금 우리가 그 시절을 알려 주는 공간을 알아차리는 것과 같이. 이를테면 주막 같은 것. 편의점은 오로지 편의를 위해 만들어진 공간이다. 그런데 대다수 사람들의 편의를 위해 누군가는 아주 불편하게 지내야 한다. 지내는 정도를 넘어 살아야 할 정도로. 편의점을 이용하는 사람과 편의점을 지키는 사람과 편의점을 관리하는 사람. 다르다. 처지도 대우도 마음가짐도. 편의점을 소재로 삼은 글을 몇몇 보았다. 대체로 이용자 쪽보다는 아르바이트를 하는 사람을 주인공으로 삼고 있었다는 기억이 난다. 편의점 주인도 등장하기는 했다. 아르바이트를 하는 처지와 크게 다를 바 없는 주인. 고단하다. 보고만 있어도 그렇다. 24시간을 열어 놓고 있어야 한다는 배경. 누구를 위하여? 고객? 아니면 돈을 벌어야 하는 쪽? 유통기한이 지난 상품들을 처리하는 방법도 소설을 통해 알게 되었다. 버리지 못하고 먹는 것으로, 먹어야 하는 것으로, 먹을 수밖에 없는 것으로 처리하는 사람의 낯선 이야기들. 처음 알았을 때는 좀 떨었던 것 같다. 이렇게 살지 않고 있어서 다행스럽고 고맙구나, 그런데 이런 내 마음은 또 얼마나 이기적이면서도 두렵게 느껴지는가, 편의점은 나에게 더 이상 편한 곳이 못 되겠구나, 물건을 살 때마다 떠올리지 않을 수 없을 온갖 상상들 때문에. 소설은 아주아주 유명했고 나는 이제야 읽었고 제목만큼 불편했으며 2권을 읽고 싶다는 마음이 막 들지는 않는다. 힐링 소설이라는 크나큰 소개의 말을 보았는데 어느 대목에서 사람들은 자신의 마음이 순해진다는 것을 느꼈을까? 나는 그것이 많이 궁금했다. 한곳에 오래 머무를 수 없는 시절이 되고 말았다. 수명이 길어지기도 했고 직업으로 갖고 누릴 시간이 팍팍 줄어들기도 했고 세상이 확 변하기도 했고. 정규직이 아니라 아르바이트만으로도 살 수 있는, 어쩌면 살아야 할지도 모를 세상이 되고 있다는데 다가오지 않은 미래는 막막하고 답답하게만 보인다. 그래도 우리는 또 꾸역꾸역 살아가겠지만. 아르바이트 점원을 걱정하는 편의점 주인이 좀더 많아지기를 기대한다. 쓸데없을까?"
2024-04-06,10,딸아이가 참고서 구매하면서 사갈라고해서 같이 구매했어요 내용은 잘 모르지만 학생들 많이 읽는시리즈인듯 싶어요.다른거 구매한 내역 있습니다. 요듬이런시리즈가 많이아오는듯 싶네요...사이즈가작아서 가지고 다니기 좋을듯 싶어요..
2024-04-03,10,"오랜만에 서점에 갔는데, 고민하기 싫어서 표지만 보고 충동적으로 책 몇 권을 샀다. 평소 안하는 충동구매를 하며 스트레스 푸는 격이었는데, 이 책은 읽으면서 내용으로도 스트레스가 제대로 풀렸다. 우리네 일상과 고민을 잔잔한 하게 풀어나가는데, 뭔가 나와는 상황이 다르지만 공감이 되고 감동을 준다. 작가가 문장력도 좋아서 식상할 수 있는 내용을 재미있고, 흥미 진진하게 궁금증을 유발해 가면서 잘 풀어 냈다. 겉도 안도 예뻤던 책. 봄날 벚꽃아래 앉아 나른하게 가볍게 읽을 책 찾는다면 추천."
2024-04-01,10,따뜻함이 느껴진다.삭막해져만 가는 이 시대의 경종을 울리는 책이다. 모든 것을 잃은 가운데 다시 시작할 수 있는 힘을 주는 책이다. 가장 소중한 것은 결국 가까이에 있었다. 정도 사랑도 인정도 작은 배려도 세상을 따뜻하게 변화시킬 수 있는 힘이 있다. 그런 따뜻한 사랑과 배려를 느낄 수 있는 책이었다.
2024-03-31,10,"누구나 저마다의 고민과 사연을 가지고 산다. 그 사연들 속에 사람들은 자신만의 방법과 방식을 찾아간다. 어쩌다보니 불편한 편의점이 된 그곳!! 서울역에서 홈리스로 살던 독고씨는 소매치기 당한 염여사의 지갑을 찾아준 계기로 올웨이즈 편의점에서 일을 하게 된 덕고씨... 등장인물들이 독고의 정체를 궁금해 하는 것 이상으로 나역시도 독고씨가 어떤 사람이였는지... 어떤 사연이 있어서 이 올웨이즈 편의점에 오게 된건지  너무 너무 궁금했다. 무뚝뚝한 듯 하지만 세심하면서 사람들의 아픈 상처에 대일 밴드를 붙여주는 것 같은 독고씨의 따뜻함은 소설을 읽어 내려가는 내내 훈훈한 느낌을 지울 수가 없었다. 또한 자신의 이익을 위해서보다 자신의 편의점에서 일하는 직원들의 각각의 사정들을 살피며 그들을 위한 마음으로도 편의점을 지키려하는 염여사의 따뜻한 마음 또한 소설 속의 또다른 푸근함을 담당한다. 각박한 서울 살이,가장의 무게, 자식과의 소통의 부재, 취업전선에서 자꾸 밀려나는 패배감... 많은 문제들을 가진 사람들은 저마다의 해소법과 저마다의 방법으로 자신들의 문제들을 해결해 나간다. 각박한 현대사회. 나 외에는 관심도 없는 요즘 이웃이란것이 있나 싶은 요즘... 그런 불편한 세상... 하지만 불편한 편의점의 이야기들 처럼 불편한듯 보이는 우리의 세상에도 곳곳의 따뜻한 이야기들이 존재하며 그 이야기들이 모여 따뜻한 세상을 만들 수 있지 않을까 싶은 우리의 사회를 빗대어 볼 수 있었다."
2024-03-29,10,불편한 편의점은 누구나가 사연이 있고 그 사연을 풀어가는 참새 방앗간 같은 동네 편의점이다 이책에 사장님은 남에 대한 배려와 헤아림이 있는 사람이다 비교는 암이고 걱정은 독이다 안그래도 힘든세상살이 지금의 나만 생각하고 살라는 말이 머릿속에 남는다 나도 옥수수수염차를 마시면 진짜로 속상할 때 속이 확 풀리는 걸까? 나도 한번 마셔봐야 될 것 같은 생각이다 노숙자였던 독고가 편의점에서 일하게 되면서 편의점에 방문하는 손님들과의 이야기를 하며 고민을 들어주고 독고의 작은 관심과 배려로 사람들이 달라지고 해결점을 제시해줘서 자신들의 길을 찾아가게 되는 가슴이 따뜻해지는 이야기이다 독고는 알콜성치매와 정신적 트라우마로 과거의 기억 한부분을 지운것처럼 보였으나 독고는 사람들과의 소통을 통해 상처를 돌아볼 용기와 힘을 조금씩 채우고 있었다 모든 사람들의 살아가는 일상이 다 거기서 거기고 모두가 걱정이 있고 그 걱정이 점점 해결점을 찾으면서 불편한 편의점에서 불편하지 않은 편의점으로 바뀌어 간다
2024-03-28,10,불편한 편의점은 누구나가 사연이 있고 그 사연을 풀어가는 참새 방앗간 같은 동네 편의점이다 이책에 사장님은 남에 대한 배려와 헤아림이 있는 사람이다 비교는 암이고 걱정은 독이다 안그래도 힘든세상살이 지금의 나만 생각하고 살라는 말이 머릿속에 남는다 나도 옥수수수염차를 마시면 진짜로 속상할 때 속이 확 풀리는 걸까? 나도 한번 마셔봐야 될 것 같은 생각이다 노숙자였던 독고가 편의점에서 일하게 되면서 편의점에 방문하는 손님들과의 이야기를 하며 고민을 들어주고 독고의 작은 관심과 배려로 사람들이 달라지고 해결점을 제시해줘서 자신들의 길을 찾아가게 되는 가슴이 따뜻해지는 이야기이다 독고는 알콜성치매와 정신적 트라우마로 과거의 기억 한부분을 지운것처럼 보였으나 독고는 사람들과의 소통을 통해 상처를 돌아볼 용기와 힘을 조금씩 채우고 있었다 모든 사람들의 살아가는 일상이 다 거기서 거기고 모두가 걱정이 있고 그 걱정이 점점 해결점을 찾으면서 불편한 편의점에서 불편하지 않은 편의점으로 바뀌어 간다
2024-03-15,8,오랜만에 소설 책을 사서 읽었다. 하루에 한권씩 두 권을 못 읽고 다른 사람에게 권 해 주었다. 마치 주말 연속극 또는 1일 드라마를 보는 느낌에 책이었다. 우리가 당면한 일상에 이야기들 그 이야기들 속에 나오는 등장인물들이 알게 모르게 서로 얽혀서 사람 사는 관계가 어떤지를 다시 또 생각하게 되었다.
2024-03-14,10,"단편처럼 이어지는 장편 소설이라 책을 오래 읽을 수 없는 상황에서 흐름 끊기지 않고 잘 읽었습니다. 사람이 서로에게 영향을 받고, 영향을 끼치며 서로 성장하는 이야기가 재미있었고, 코로나 상황이 실감나게 나와서 현실감이 있었습니다. 추천합니다!"
2024-03-13,6,리뷰에 유치하다는 글을 봤는데 어떤 의미에서 적은 건지 알 듯싶다. 이 책을 간략하게 요약하자면 어른들을 위한 동화이다. 베스트셀러가 된 건 아마.  현실이 아닌 동화이기 때문이지 않을까? 책 내용은 읽지 않은 사람들도 대부분 알고 서울역에 노숙자로 있던 주인공이 작은 편의점에 야간 알바로 일하게 되고 편의점으로 오는 손님들과의. 에피소드들로 되어 있다 각 손님들 마다 사연들이 있고. 남자 주인공은 그 사연을 들어주고 본인의 생각을 말할 뿐이다. 그 과정들이 서술된 문장이나 어휘가 약간은 유치하게 느껴질 수도 있으나.  이건 동화책이다라는 생각으로 읽으면. 어휘나 문장보다는 이 책에서 이야기하고자 하는.  순수한 의도가 읽히는 듯하다 마음이 울적하거나 내가 스스로 너무 지쳤다고 생각이 들 때 힐링하는 마음으로 읽으면 좋을 듯싶다
2024-03-04,6,한창 유행이 지난 책 같지만 이제라도 읽어보려고 구매했어요 다른 책과 같이 구매해서 언제 읽을지는 모르지만 일단 리뷰부터 작성해봅니다 토요일에 구매했는데 배송완료는 일요일에 되는 초특급 배송이어서 좋습니다 1권을 먼저 읽고 나중에 2권까지 구매해서 읽어볼게요
2024-03-01,10,편의점을 매개로한 인생사들을 볼 수 있는 책입니다. 그사람이 누구인지 어떤 인생을 살았는지 책을 읽으면 읽을수록 궁금해지는 ...불편한 편의점2도 인제서야 시간이 나서 구매해서 보려고합니다   지인의 추천으로 읽게 됐고 저도 추천해 드리는 책입니다
2024-02-08,9,"불편함 이웃을 받아 들이고 얻은 인생에 변화. 자신이 가지고 있었던 생각이 편견이였고, 그 편견을 버리고 바뀐 나의  모습. 은한 이야기 일 수 있는데 편안하게 다가왔다. 자신의 변화에서 그치지않고 주변 사람들에게도 의도치 않는 변화의 기회를 함께 해가는 모습이 읽는 내내 마음을 편하게 해 주었다. 흔하고 자주 찾아 편하게 찾고 있는 편의점에 불편할 것이라는 한 사람이 등장하고, 그렇게 불편할것 같은 공간이 자신의 편견을 변화시키고 그 변화를 또 다른 사람에게 전하고, 권하고 있다."
2024-02-07,6,"우선 유뷰트를 통해서 이 책을 접하게 되었다. 내용이 참 흥미진진하였고 흐름도 좋은 것 같았다. 그래서 책을 읽어보기로 마음 먹었다. 262 페이지가 오기 전까지는 무난한 흐름과 사람들의 애환 그들의 말못할 사연 등 아주 즐거웠다. 그런데 262페이지에서 어~~ 이거 뭐지? 하는 생각에 갑자기 불쾌한 느낌이 확 들었다. 마지막 문단 ""이 나라에서는~~~~ "" 물론 이것은 사실이다. 우리나라에서는 면허가 취소 되지 않는다. 그런데 개인적으로 일상에서 평소에 접하지 않는 용어 ""법 기술자"" 라는 용어가 등장한다. 포탈 사이트의 뉴스 사회 코너인 것 같은 착각이 갑자기 들었다. 왜 이렇게 극명한 표현을 쓰면서 소설의 마지막을 장식하는지 참으로 의문스러웠다. 또한 작가가 누구인지 검색해보는 계기가 되었다. 이런 식으로 작가의 평소 신념을 극명하게 드러내는 글은 추천하고 싶지 않은 글이다. 작가는 이런 일반화를 넘어서는 노력을 해야 한다고 생각한다. 커가는 청소년이나 이른 청년들이 이런 부분들을 접하면 특히나 아주 부정적인 부분을 접하면 이런 내용들은 자연스럽게 그들의 뇌리에 박혀 사회 전반적으로 특정 집단에 대한 선입견적인 불신을 키울 염려가 매우 높다고 생각한다!! 이것은 작가에 대한 공격이 아니라 작가가 글을 더 다듬고 성장시키기를 원하는 독자의 바람이다!!"
2024-02-04,10,"이 이상한 편의점이 있다면 나도 가보고 싶다는 생각이 읽는 내내 들었습니다. 책 좋아하는 초등5 아들과 읽고 두런두런 이야기도 나눌 수 있었습니다. 끝까지 읽기 전까지, 독고씨는 원래 뭐하던 사람이었을까? 이런 편의점이 있다면 어떨까? 편의점 속 인물들에 대해 이야기 나누며 생각이 자란 아들과 세상의 진짜 삶, 유튜브나 sns속의 삶이 아닌 우리 이웃의 모습에 대해 이야기 할 수 있었어요. 따뜻해지고.. 희망이 느껴지는 이야기였어요. 자극적인 이야기가 아니어서, 하지만 인간적인 호기심을 유발할 줄 아는 작가의 글솜씨가 화려하지 않게 다가와서 더 좋았어요. 2편과 다른 작품들도 읽어보고 싶어졌습니다."
2024-02-03,10,"지인의 추천으로 읽게 된 책 불편한 편의점은 소설책으로 2022년 08월 발간되었다. 글쓴이는 김호연 작가로 마음을 울리는 내용으로 쉽게 공감되는 이야기라 꾀 재미있게 읽었다. 책 내용으로 봐선 행복한 편의점이 더 맞는 거 같은데 역설적이고 독자에게 더 반전을 주기 위해 불편한 편의점으로 했나 하는 의문이 든 책이기도 하다. 책의 주인공들은 우리 주변에서 흔히 볼 수 있는 인물 구성으로 되어 있고 관계에 지쳐있거나 살아온 과정에서 역경을 겪고 있는 사람들이다. 한 편의점을 배경으로 그 편의점과 연관된 사람들에 대한 이야기로 구성된 이 책 불편한 편의점은 우리 주변에서 흔히 볼 수 있는 편의점을 소재로 하였고 그 편의점에서 발생하는 여러 사연들과 등장인물의 상황이 내 주변의 이야기 처럼 공감가는 내용 구성이 좋았고, 소설이긴 하나 지나친 과장이나 꾸밈이 없는 듯한 이야기가 작가의 어느정도 주변 인물들의 영감을 받아서 글이 작성되지 않았을까 하는 생각도 했다. 내용 중 작가의 이야기도 실려있기는 하다. 내용 중 특히 경만의 이야기는 나의 삶과 비슷한 점이 많았고 감정 이입되는 부분이 있어서 좋았다. 책은 예전에 일본 영화인 심야식당과 비슷한 느낌을 받았고, 최근에 본 드라마의 나의 해방일지와도 비슷하지 않나라는 생각을 했다. 우리의 힘든 삶을 잘 표현하고 있고, 그런 삶 속에서도 주인공이 주는 여러 따뜻함들과 작은 것에서 얻을 수 있는 소중함과 행복감을 느낄 수 있었다. 특히 가족의 소중함을 잘 표현하고 있다. 책을 읽고 난 후에는 우리 주변의 감사한 것과 소중한 것들이 많지만 느끼지 못하고 살고 있지는 않나 라는 생각과 함께 작은 것에서 기쁨을 느끼며 사는 것이 삶의 행복을 느낄 수 있는 것이 아닌가 하는 생각을 하게 되면서 책을 읽고 난 후 복잡하고 힘든 삶을 살아가고 있지만 이야기를 통해 어느정도 마음의 힐링이 되는 것 같았다. 가만히 생각해 보면, 책의 주인공 처럼 나도 가까운 사람인 가족들에게 항상 소홀하고 너무 쉽게 성질내며, 무례하게 대하는 경우가 많았다. 오히려 밖에서는 인생에 중요하지 않은 사람들에게는 친철하며 깍듯하게 대하는 반대되는 생활을 하고 있는 경우가 많았다. 인생에서 가장 오래 함께 할 사람이고 소중한 사람들은 정작 가족들인데 왜 그들에게 더 상처 주는 말들과 함께 그들에게 너무 쉽게 대하고 있는지 다시 한번 생각해 보게 된 책 불편한 현의점은 가족의 소중함과 함께 관계의 중요성 그리고 작은 것에 행복을 느낄 수 있는 인간의 삶에 대해 느낄 수 있는 소설책이지 않았나 한다. 불편한 편의점 2도 같이 구매해서 곧 2권도 읽어 봐야 겠다."
2024-01-19,8,"사실 불편한 편의점은 한 번씩 다 들어봤을 거라 생각이 든다. 2022년부터 2023년까지 이어진 인기로 2권까지 나온 소설이다. 불편한 편의점이 그토록 인기가 많은 이유는 뭘까? 그건 바로 우리 주변인들의 이야기가 담겨 있어서 인거 같다. 마을의 한 편의점에서 이어지는 다양한 이야기들이 담겨 있다. 이 책은 편의점 주인이 서울역에서 소중한 파우치를 잃어버리게 되고, 그 파우치를 한 노숙자가 찾아 주면서 이야기가 시작된다. 본인이 노숙자지만 누군가에게 소중한 파우치를 싸워가며 찾아주려고 노력하고 그 주인을 찾아주며, 본인이 맞는지 확인까지 하며 주는 노숙자 독고도 대단하고, 그 노숙자가 사례로 도시락이면 된다는 말에, 자신의 편의점까지 데려와 새 도시락을 주는 편의점 사장님도 대단했다. 그냥 근처 편의점에서 사서 주고 떠나도 좋을 텐데 그 노숙자에게 결국 그녀는 일자리까지 주게 된다. 노숙자 독고는 사실 알코올성 치매로 인해 본인이 누군지도 잘 기억하지 못하는 사람이다. 조금은 어눌한 말투를 가졌지만 사실 누구보다 정직할 수 있는 사람. 그런 독고가 편의점을 방문하는 사람, 편의점의 직원들에게 점점 따스함을 본인도 모르게 나누어 준다. 독고는 그저 사실을 말할 뿐이지만, 그 이야기에 몰랐던 사실을 알게 되며 가족의 고마움을 느끼는 사람들도 많고 깨달음을 얻는 사람도 많다. 이 소설을 읽다 보면 어느새 나도 독고에게 빠져들고 만다. 독고의 주변 사람들의 이야기가 꼭 내 주변의 이야기 같다. 사실, 불편한 편의점 2편은 보고 싶지만 아직 보지 않았다. 나는 아직 독고가 일하는 편의점을 놓고 싶지 않은가 보다."
2024-01-16,10,아이가 누군가에게 추천을 받아서 꼭 사고싶다고 졸라서 산책입니다. 처음엔 아이들이 보는 그런 흔한 감성책일꺼라고 생각해서 안보고 있었습니다. 그러다 어느날 아이 책상에 꽂혀있는 책이 너무 이뻐보여서 읽기 시작했는데 그자리에서 다 읽었던거 같습니다. 왜 베스트셀러 자리에 1등으로 꼽혀있었는지 알겠더라구요. 시간가는줄 모르고 읽었고 모두에게 한번쯤 읽어보라고 귄하고 싶은 책입니다.
2023-12-30,10,힐링이 되었네요 한번 잡으면 술술 읽히는 문장은 작가의 능력 인것 같네요 너무 따뜻한 위로를 받았습니다 앞으로도 김호연 작가의 타작품들도 읽고 싶고 특히 소설에 관한 에세이가 가장 기대가 됩니다 모두에게 추천합니다 불편한 편의점은 아이러니하게도 실은 가장 행복한 편의점 이었습니다^^ㅋ 드라마화가 결정된 걸로 아는데 꼭 원작을 충분히 살려서 대박나기를 바랍니다
2023-12-30,8,주인공이 어떤 인물일지 그 정체가 궁금해서 쫓아가다보면 어느새 책 한권이 다 읽어지는 느낌이다. 책 속에 등장하는 각각의 인물들의 서사가 자연스럽게 연결되고 그들의 이야기를 통해서 우리에게 필요한 가치가 무잇인지 생각하게 된다. 각박한 세상 속에서 서로을 믿고 의지하다 보면 우리가 바라는 세상이 찾아오지 않을까 라는 희망을 품게 된다. 비록 현실에 존재하는 공간은 아닐지라도 이 책에 등장하는 공간이 실제로 있다면 어떻게 될지 상상하게끔 만드는 책이다.
2023-12-29,8,불편한 편의점은 자신이 누구인지조차 잊은 채 서울역에서 홈리스로 지내던 독고씨가 우연히 편의점 사장인 염영숙 여사를 만나 편의점 야간 알바로 일하기 시작하면서 벌어지는 일들을 담은 책이다. 염여사는 본인의 지갑을 지켜준 홈리스 독고씨에게 편의점 도시락을 건네며 고마움을 표하고 후에 편의점 야간 알바로 고용한다. 여기서 나는 자문해보았다. 내가 염여사의 상황이었더라면 어떻게 행동했을까? 염여사처럼 편견없이 독고씨를 대할 수 있었을까? 나는 절대 그럴 수 없었을 것이다. 독고씨가 내 지갑을 지켜주었다 하더라도 감사함을 표한 후 뒤도 돌아보지 않고 자리를 떴을 것이다. 그 후 지갑을 찾아준 이를 기억조차 못 했을 것이다. 하지만 염여사는 모두가 무시하고 꺼려했던 독고씨에게 손을 내밀었고 독고씨는 변화했다. 깔끔해진 겉모습은 물론 어눌하던 말투도 점차 나아졌으며 다른 사람들에게 위로를 건네기도 했다. 이런 독고씨의 변화를 보며 나도 염여사처럼 누군가에게 손을 내밀 수 있는 사람이 되어야 겠다고 생각했다. 요즘 의미없이 반복되는 회사 생활에 지쳐가고 있던 중 이 책을 접하게 되었는데 현대 사회를 살아가는 다양한 연령층의 현실적인 삶과 애환을 담고 있는 책이라 많은 위로를 받았다. 마지막에 나오는 독고씨의 대사처럼 삶이란 어떻게든 의미를 지니고 계속된다는 것을 기억하며 살아가야겠다.
2023-12-29,8,"12월의 책은 불편한 편의점. 사실 읽으려고 골라둔 책들이 몇 권 있었으나 다 실패하고 또 다시 소설로 돌아왔다. 지난 번 11월의 책인 트릴로지를 마저 읽을까 생각하다가도 그건... 다음 급한 불을 위해 남겨놓은 셈이다 불편한 편의점은 말 그대로 편의점을 배경으로 온갖 ""불편한""일들이 발생한다. 단순히 소통의 문제일 수도 있고, 누군가의 악의가 있기도 하며, 또 다른 것은 사회 구성원으로서의 1인분을 못 하면 안 된다는 의식에서 오는 뻔한 이야기다. 그렇지만 이 책은 그 뻔한 이야기 속에서 견디는 법을 말한다. 사실 견디는 법이라고 할 것도 없다. 그냥 무묵히 자기 일을 해내가는 사람이 결국은 승리하는 구조처럼 나타난다. 아 모든 순간이 이렇게만 잘 풀릴 수 있다면 얼마나 좋을까. 마음이 따뜻해지는 책은 맞지만 다 읽고 나서 내 상황에 하나도 맞지 않는다는 감상은 여전히 마음이 애매하다. (ㅠㅠ) 이달 초 급하게 퇴사를 하고 여행을 다녔다. 못 보던 사람들과 얼굴을 보고 맛있는 것을 먹었으며 인사를 나누고 신년 준비를 하고 나니 벌써 연말이다. 그것이 불편하면서도 새해의 내가 더 잘할 수 있을까 기대하기도 하고... 또 뭔가가 마음에 안 차는 것처럼 눈물이 나는 것만 같아 걱정이 크다. 새로 맞이하는 해는 조금 더 따뜻하기를."
2023-12-18,10,김호연 작가님의 불편한 편의점을 읽고 쓰는 후기입니다. 스포가 포함되어있을 수도 있으니 주의바랍니다. 처음 도서관에서 빌려보았다가 넘 좋아서 새로 산 책이예요. 개인 편의점이 주 무대네요. 알바생을 홈리스 아저씨를 쓰면서 일어나는 일들을 소설로 만든 책이예요. 우리가 흔히들 가지고 있는 노숙자의 편견을 조금이나마 깨준 책이랄까. 여러가지 이유로 길거리에 나오게 되었지만 그들의 이야기를 들어줄 생각은 전혀 해보지 않았더래서 이 책이 더 크게 마음에 와닿았을지도 몰라요. 물론 소설이죠. 그래도 참 마음 따듯해지는 내용이었습니다.
2023-12-17,10,"초등학생 시절 살았던 동네의 한 공원은 노숙자들의 아지트였다. 그들은 술을 마시며 공원에 놀러 오는 아이들을 바라보면서 무료한 하루하루를 흘려보내는 듯 보였다. 당연히 사람들은 그들을 좋게 보지 않았고 사회의 불순물이나 폐기물 보듯 했다. 그들이 존재한다는 사실만으로도 아이를 데린 부모의 발길을 다른 공원으로 돌리게 하는 데 충분했다. 아버지는 노숙자들이 진을 치고 있는 그 공원에서 나에게 자전거를 가르쳤다. 다른 공원이나 공터에 가도 됐을 터인데 그 노숙자 공원이 한산하고 널찍해서 자전거를 배우기에 안성맞춤인 장소라는 이유에서였다. 가을에 시작한 개인 교습이 초겨울까지 이어졌고, 떨어진 나뭇잎을 이불 삼아 덮은 노숙자들이 유일한 구경꾼이자 응원단이 되었다. 자전거 타기에 제법 익숙해졌을 때 노숙자들은 세상을 손에 넣은 듯 함박웃음을 짓고 일제히 기립박수를 치며 환호했다. 저마다 감탄과 칭찬의 말들을 쏟아내기도 했다. 초등학교를 졸업한 지도 20년이 다 되어가고 자전거뿐 아니라 할 줄 아는 것들이 훨씬 많아졌다. 무슨 일인지 새로운 것을 배우거나 나를 개발할 때, 실패를 맛볼 때, 실패를 딛고 일어날 때, 문득 그 노숙자 아저씨들의 응원가가 귓가에 맴돌고 힘이 날 때가 있다. 왜 그들의 응원과 박수가 지금까지도 힘을 주는 것일까. 편견에 찌들지 않은 초등학생 시절 기억이라 그럴지도 모른다. 하지만 어쩌면 그때 그들의 박수는 세상에서 가장 순수하고 진심 어린 손짓이 아니었을까. 이름도 모를 초등학생의 자전거 훈련 장면은 그들에게는 그저 서울역 TV 같은 시간 때우기용 구경에 불과했겠지만, 그 순간만큼은 진정으로 즐기고 응원하고 기뻐했을 것이다. 바로 그 부분이 와닿는다. 사회의 여러 인간 군상 속에서 살아가는 나에게 아무런 이해관계가 엮이지 않은 타인의 응원은 시간이 지나도 빛바래지 않는다. 책을 읽어 내려가는 내내 공원의 노숙자들이 생각났다. 물론 과거에 노숙자에 얽힌 특별한 경험이 있다고 한들, 그리고 살면서 몇 번의 도움을 받았든, 그들을 위한 봉사에 참여하거나 직접 찾아가 말을 걸어본 적조차 없다. 그저 마음속에 하나의 소소한 추억으로 묻어둔 채 간혹 그들의 안위를 걱정하고 안녕을 빌 뿐이다. 앞으로도 아마 그럴 것 같다. 나는 염 여사 같은 이타심이나 자애가 넘치는 위인이 아니기 때문에. 하지만 그들을 떠올릴 때 조금 더 마음을 덧붙이려 한다. 그들만의 염 여사와 편의점 손님들을 만나길, 가족이 있다면 진정으로 마음을 나누길, 삶은 관계이자 소통이라는 사실을 깨닫고 조금 더 행복한 인생을 살길."
2023-11-30,8,서울역에서 노숙인 생활을 하던 독고라는 남자가 어느 날 70대 여성의 지갑을 주워준 인연으로 편의점에서 야간 알바를 하면서 다양한 손님들과 위로를 나누는 힐링용 책이다. 책의 배경은 남영 주변이라서 내가 익숙한 배경이었다. 책의 배경을 현실의 배경과 겹쳐보며 어느 정도의 위치인지 가늠해보는 것도 재미 요소 중의 하나였다. 이러한 현실적인 배경이 잔잔하고 따뜻한 내용을 현실인 듯한 느낌으로 담아낸 것 같다. 그래서 책의 내용보다 이 책이 베스트 셀러라는 사실을 더 눈여겨 보게 된 것 같다. 지금 사람들은 현실에서 이러한 위로를 바라는 것이 아닐까? 나에게는 현대 사람들이 어떻게 위로를 받고 싶어하는 지 어느 내용에서 마음을 울리는 지 생각해보는 것이 이 책의 포인트가 되었다.
2023-11-22,10,"가진 것이 없었던 아니, 있었던 것이 사라진 남자 독고 그리고 있었던 것을 찾아준 그 남자를 그냥 믿어준 사장님. 바라는 것 없는 사랑과 믿음이란, 어렵다. 나를 설명할 수 있는 단어가, 어찌 보면 나를 감싸고 있는 포장지 일 뿐인데, 그 포장지 안에 있는 나를 제대로 봐 준 사장님은 참으로 멋진 사람인 것 같다. 또한, 낯선 사람이 처한 위기를 아무런 대가없이 구해주고 사장님이 먼저 손을 내밀어 주어, 그것을 보답하는 마음으로, 근무에 최선을 다했지만, 내가 봤을 때 먼저 손을 내민 사람은, 독고. 나도 손을 먼저 내밀고, 포장지 안에 있는 진짜 를 발견하고 보답을 기다리지 않는 사람이 되고 싶다 그리고.. 그런 사람을 인생이란 길 위에서 만날 수 있다면 얼마나 좋을까"
2023-11-14,10,"무겁지 않으면서도 궁금증을 이끌어내어 참 재미있게 읽었어요. 1,2권 중 아무거나 먼저 읽어도 되지만, 그래도 1권부터 읽으면 나을 것 같고 1권이 더 재밌다는 평이 있지만, 2권까지 읽어야 더 좋더라구요. 소소한 이야기가 끊임없이 궁금증을 자아내어 흥미롭게 읽게 되는 책. 바쁜 일상 속에서도 힐링을 느끼게 해주고, 한 번 읽게 되면 끝까지 읽고 싶은 여운이 있는 이야기가 담긴 책."
2023-11-12,10,"나미야 잡화점과 비슷한 결의 책이라고 생각합니다. 나미야 잡화점이 판타지류라면 이 책은 좀 더 현실적으로 다가왔습니다. 아마 우리가 흔히 볼 수 있는 캐릭터들의 등장이라 더 그랬던 것 같았습니다. 원미동 사람들의 현대판이라는 생각이 들었습니다. 특별할 것 없는 사람들이지만 그 속을 하나씩 들여다 보면 모두들 특별하고, 고귀한 존재들입니다. 나도 그런 존재입니다.라는 생각이 들게 하는 책이었습니다."
2023-10-31,10,불편한 편의점 리뷰입니다 초등학교 5학년 딸아이에 요청에 위해 구매하게 되었습니다 딸아이는 친구에 소개로 이 작품을 알게 되었고 읽고 싶다는 말에 주문하였습니다 망원동 브라더스로  데뷔하신 김호연 작가님에 작품입니다 서울역에서 노숙인 생활을 하던 독고라는 남자가 어느 날 70대 여성의 지갑을 주워준 인연으로 그녀가 운영하는 편의점에서 야간 알바를 하면서 이야기가 시작됩니다 일을 잘 할까 의구심이 들었지만 의외로 일을 꽤 잘해낼 뿐 아니라 주변 사람들을 묘하게 사로잡으면서 편의점의 밤을 지키는 든든한 일꾼이 되어가는 이야기 딸아이가 재미있게 읽었다고 합니다
2023-10-25,10,"불편한 편의점의 불편한 독고씨.. 반전에 반전을 더하는 마음 따뜻해지는 책이였다. 여러 에피소드가 편의점을 중심으로 펼쳐져서 옴니버스식 구성이였다. 특히 도덕적이고 사람좋으면서도 인간적인 면도 여전한 교양있는 할머니의 전형적인 모습이라고 생각한 편의점 사장님도 좋았고, 거칠게 없는 독고씨의 서비스정신도 뭐든 할때 이래서 안돼 저래서 안돼라고 생각하던 나에게 숨통이 트이게 해주는 느낌이랄까. 속시원한 기분이 많이 들었다. 그저 마지막에 독고씨가 가족찾아 가 어떻게 되었는지 너무 궁금할 뿐이다. 이어서 2편을 읽고있는데 중반까지도 독고씨 이야기가 없는걸 보면 마지막에나 잠깐 나오거나 아님 안나올것같지만, 또 다른애기는 그 나름대로 매력이 있어서 재밌다."
2023-10-13,8,"편의점이란 편리를 위한 가게를 말하는데, 영어로 'convenience store' 이라 표현하고 있다. 사실 큰 일을 해주는 것 같지않지만, 가장 크게 편의를 보게된다면 24시간 영업이라고나할까. 맨처음 편의점이 상륙했을때, 패밀리마트나 ampm 등등을 많이 이용했었다. ampm에서는 전자렌지를 한 번 정도씩은 태워먹었던듯하다. 전자렌지엔 금속이나 알루미늄 같은 것을 넣어선 안된다는 것을 몰랐던 시대를 지나왔다. 이 책은 2021년 출간되었고, 이름은 익히 들어봤지만 딱히 손이 가지 않았던, 그러다 드디어 기회가 갖게되었다는 것은 나에게 기회(?)를 주려함인듯 한다. 당시 이러한 분위기 소설들이 일본에서 인기를 끌고난 후이고 한국에서도 비슷한 러시가 있었다. 그 중 가장 이슈가 되었던 작품이었던 것으로 기억한다. 그래서 언젠가 읽어보리라 했던 책이었고 드디어 읽을 수 있었다. <불편한 편의점>은 누군가는 불편해 한다. 누구일까? 손님이 불편하면 다시 찾지 않을테고, 아르바이트 점원이 불편하면 쉽게 떠나버릴 것이다. 사장이 불편하면 가게운영을 않하지 않을까 싶다. 이 소설에선 사실 난 주인공 '독고'보다 편의점 여사장이 눈길이 간다. 자신은 교원연금으로 먹고 살수 있으니, 편의점에서 나온 수익금으로 매장을 채우고 직원들 월급을 줄 수 있을 정도면 된다는 마음가짐이 대단하다 여겨진다. 기실 돈을 벌려 무언가를 하지 그 수단을 통해 여사장처럼 '나'의 이익을 제외한 그 어떤 것을 도모하는게 쉽지는 않을 것이다. 혹시 모를 숨겨진 꿍꿍이가 있지 않고서는 말이다. 그럼에도 이 <불편한 편의점>의 주인공(?)은 자신의 정체를 숨기고(?) 살아가고 있는 '독고'이다. 큰 키에 커다란 덩치, 작은 눈을 한 그는 스스로 알콜성 치매로 기억이 휘발되었다고 말하고 있다. 우연한 기회에 편의점 여사장과의 인연이 만들어지고, 확장해 편의점에서 야간 알바를 하게된다.  이야기는 이후 이 야간 알바와 주변의 인물들과 사이에서 벌어지는 일들을 그리고 있다. 이는 정작 독고의 자아를 찾아 완성해가는 과정을 그리고 있다. 독고는 과거 성형외과 의사였지만, 좋지않은 병원과 원 밑에서 돈을위해 일을 한다. 그는 자신이 가족을 위해 뼈빠지게 일하고 있다고 스스로를 위로 한다(대부분의 인격이 착각을 하고 있는 부부이긴 하지만. 가끔은 위로를 해주여야 할 부분인 건 맞는 것 같다.) 하지만 잠시 마음이 타성에 젖던 어느날 상담을 하는 동안 고스트 닥터-유령의사-무면허나 세상에 드러낼 수 없는 이가 대신 수술하다 환자가 사망하고 이로 인해 발생되는 일들 속에서 독거는 모든 것을 잃게된다. 부인과 딸까지도. 그녀들이 독고를 버리고 떠나버린다. 이후 술로 살다가 알콜성 치매가 왔다. 모든 것의 원인을 밖에서 찾으려 했으나 결국은 자신이 문제였다는 걸 깨달아간다-아마도 모든 문제있는 가장들이 공통적으로 깨닫는 부분인것 같기도 하다.) 그러나 편의점이란 공간 속에서 겪는 일들로 인해 독고는 기억을 조금씩 찾아간다. 그 속에서 잊어버렸던 자신을 떠난 부인과 딸의 기억을 되찾는다. 이때부터가 소설은 진짜인듯 하지만 할당분량은 적고, 결국 독고는 부인이 거주하고 있다는 대구로 떠나 자신의 과거를 회개하고 아주 용서받을 수는 없겠으나 자신의 이익이 아닌 타인을 위한 삶을 살겠다 약속하며 무게중심이 넘어간다. 독고가 노숙자로서의 신분을 시작했던 서울역에서 자신의 노숙자(?)로서의 마지막을 종지부를 찍으며 새로운 삶을 향해 떠나가며 이야기는 끝을 맺으려 한다. "" 사는 건 불편한 거야. "" 소설은 주변인들- 독고와 어떻게든 인연이는 사회적 관계이든 연결되는 관계가 있는 사람들의 마음을 함께 고민해주는 독거의 모습을 통해, 변화되어져가는 주변인들을 그리는 것이 소설의 주를 이루고 있고, 독자역시 그 일원일 수 있다. 이는 독자가 책을 읽으며 위로받고 치유받는 과정이 될 것이다. 사람들은 자신이 힘들 때 큰것을 바라지 않는다는게, 작은 것으로도 위로가 되고 치유가 될 수 있다는게, 사람이 계속 살아가는 데 일종의 원동력이 되어, 자신의 삶을 영위하는데 계속적으로 살고자하며 살아갈 수 있도록 해주는 자양제로 경험해 가며 앞으로 나아간다. 이러한 회복탄력성이 없다면, 삶은 정체되거나 퇴보하게 될 것이다. 소설은 소설에 많은 것을 담으려 한 작가의 노력이 보이는데, 자칫 뻔하다 여길 수도 있어 보인다. (독자 각자의 몫이다.) 한 시대의 아픔과 사건들, 풍습들 풍조들을 엿볼 수 있는 <불편한 편의점>은 우리시대의 자화상을 가감없이 보여주는 듯 하다. 또한 우리 사회의 한 단면을 볼 수 있는 편의점 문화를 통해 우리를 엿볼 수도 있다. 게다가 현재 우리나라 임금체계의 기준이 되는 시급에 대한 기준을 보여주기도 한다. 이는 우리가 쫓고 있는 일본의 모습이 눈에 어른거려 사실 기분이 썩 좋진 않다. '인생은 문제 해결의 연속이다'라는 소설의 말처럼, 우리의 인생은 문제의 연속이고 그래서 문제 해결의 연속이다. 어떤 사람들은 그래서 지루하지 않은 삶을 살 수 있다고 말 하지만, 나같은 경우는 너무 많은 문제들로 삶이 피곤하다. 그래서 쉬운 길로 가고 싶다는 생각을 하며 살아간다. 그런데 마냥 쉬운 길만 주어진다면 나또한 삶이 지루하다 말할 수 있으려나? 모든 인생의 딜레마일 것이다. 성경에 범사에 감사하라 말했다. 우리가 소소한 행복을 즐기며 살아간다면 우리의 삶이 문제의 연속이라 말하며 삶 옆에 죽음이 있다고 생각을 할까 싶다. 하지만 이는 쉬운 일이 아니며, 인간은 결고 그리 쉽게 작은 일에 만족하지 못한다. 내면의 욕망과 욕심은 우리를 할상 부추긴다. 어떤 일이든 저질러 보라고. 그리고 나선 언제나 후회한다. 이를 반면교사하여(어떤 방향으로?) 늘 새로운 또 다른 무엇인가를 저지른다. 그리고는 또 다시 후회한다. 결국 인생의 수레바퀴는 인간을 가만두지않는다. 이에 인간이 어떻게 대처할 것인가는 역시나 각자의 몫이고, 이에 따르는 결과 역시 각자의 몫이다. #자유자리뷰, #불편한편의점, #김호연, #나무옆의자, #사는건불편한거야"
2023-10-04,9,이제는 우리 삶의 없어서는 안 될 존재가 된 편의점이라는 공간에서 어렴풋이 느낄 수 있던 감정들을 어딘가 친숙한 인물들을 통해 풀어내는 덕분에 더욱 공감하며 읽을 수 있었다 . 책을 읽으면서 편의점이라는 공간이 누구에게나 열려있는 공간이라는 생각이 들었다 . 우리 모두가 어떠한 목적을 가지고 편의점을 찾지만 그 목적의 생김새를 들여다보면 저마다 다를 것이다 . 배가 고파서 허기를 채우기 위해 편의점을 들릴 때도 있고 괜스레 헛헛한 마음을 채우러 들를 때도 분명 있을 것이다 . 잠시 갈 곳을 방황할 때에도 가장 손쉽게 문을 열 수 있는 첫 번째 공간이 아닐까 생각한다 . 마찬가지로 이 책의 편의점도 덕분에 소외되거나 외로운 사람들도 편안하게 찾고 자신의 이야기를 들려줄 수 있는 공간이 되어주었다 . 집 앞에 자주가는 편의점 알바생은 나를 어떻게 바라봐주엇을까 ? 이런 생각도 해보며 많은 사람들에게 따스한 시선을 주고 싶게 만드는 책이었다 .
2023-09-30,10,"오늘을 사는 모든 독고씨 화이팅!!!! 힘든 일상에서 열심히 살아가는 모든 현대인들에게 박수를 보낸다. 책을 잡는 순간 앉은 자리에서 한권을 순삭~ 1편이 너무 재미있어 2권도 구입해서 순삭~ 오랫만에 책을 읽으며, 웃음과 눈물을 동시에 느꼈던것 같다. 그 기억에 어제 뮤직 드라마로 공연하고 있는 연극을 보았는데, 동일제목의 뮤직 드라마보다 책이 더 재미있었던것 같다."
2023-09-29,10,"소설보다는 에세이를 주로 읽던 나에게 소설에 대한 흥미를 다시금 가져다 준 책이다. 주위에서 흔히 일어날 수 있는 가벼운 소재로 풀어나가는 이야기가 책을 놓을 수 없게 만들었다. 이렇게나 술술 읽힐 수 있다고? 오랜 시간 독서와 거리를 두었는데 그 거리가 한 순간에 좁혀진 느낌이었다. 소설에 등장하는 인물 하나하나 다 매력있었고, 새로운 인물이 등장할 때마다 이 인물은 또 어떠한 이야기로 풀어나갈까 한껏 기대하며 읽어나갔다. 흔히 볼 수 있는 편의점 그리고 현실적인 이야기, 내가 느낀 이 책의 가장 큰 매력이다. 쉽게 와닿을 수 있었고 어렵지 않게 공감할 수 있었다. 꼭 어딘 가에 이런 편의점이 있지 않을까? 상상하며 말이다. "" 행복은 뭔가 얻으려고 가는 길 위에 있는 것이 아니라 길 자체가 행복이라고, 그리고 네가 만나는 사람이 모두 힘든 싸움을 하고 있기 때문에 친절해야 한다고 "" 가장 기억에 남았던 구절이다. 더욱 살아가기 힘든 현실 속에서 자신과 타인에게 조금 더 너그러워지기를 바라는 마음이 담긴 것 같아 쏙 와닿았다. 가볍게 읽히지만 많은 생각을 가져다 준 책, 두번째 이야기도 궁금하지만 아직 아껴두고 있는 중이다. 곧 궁금해서 보따리를 풀 것 같지만, 최대한 참아보려고 한다. 여행을 기다리는 설레임과 같은 마음이랄까? 마음이 지치고 여유가 없을 때 힐링이 너무나도 필요할 때 열어볼 것이다. 나에게 주는 선물과 같이!"
2023-09-29,10,"길고 긴 취업준비를 하던 시간 동안 정말 많은 책을 읽었었다. 도피성이었을지 모르지만 그 시간 읽은 많은 책들은 나의 생각을 넓혀주고 또 단조로운 삶 속에서 간접적으로나마 많은 감정을 느낄 수 있게 해주었다. 그렇게 몇 년의 시간이 흐르고 꾸준히 독서를 이어갈거라고 생각했지만 생각만큼 책을 좋아하는건 아니었던건지 취직과 동시에 일 년에 두 세권의 책도 간신히 읽을 정도로 책을 멀리하고 지냈었다. 종종 흥미로워 보이는 책을 발견해서 읽기 시작해도 도중에 읽다 그만둔 적이 여러 번이었고, 분명 재미있으면서도 완독하지 못하는 시간이 지속되니 강제성을 띄어서라도 독서를 해야겠다 싶어서 친구와 북클럽을 시작하게 되었다. 그래서 골라본 첫 책은 ""불편한 편의점"" 몇 년동안 베스트셀러에 올라있는 걸 보니 궁금해졌지만 쉽게 읽어지지는 않았는데 이 기회에 읽어보면 좋을 것 같아서 선정하게 되었다. 그리고 결과는 대만족! 큰 사건이 있는 것도 아닌 잔잔한 이야기인데 손에서 놓을 수가 없었다. 챕터가 바뀌면서 새로운 인물들이 나오면 이건 또 무슨 이야기인가 싶다가도 기존의 인물들과 자연스럽게 연결되었고, 무엇보다도 마치 주변에서 있을 법한 사건들과 인물들을 짜임새 있게 긴 호흡으로 매끄럽게 이어가서 서울 어딘가의 편의점에서 실제 일어나는 일인듯 상상하며 재밌게 읽을 수 있었다. 긴 시간 독태기였는데, 오랜만에 든 책에서 큰 힐링과 재미를 얻어 다시금 독서가 즐거워질 것 같다! ""결국 삶은 관계였고 관계는 소통이다. 행복은 멀리 있지 않고 내 옆의 사람들과 마음을 나누는 데 있음을 이제 깨달았다."""
2023-09-28,10,<< 불편한 편의점 _ 김호연 >> 어쩌다 보니... 불편한 편의점이 돼버렸습니다. 청파동 골목에 자리 잡은 작은 편의점 ALWAYS. 어느 날 서울역에서 살던 덩치가 곰 같은 사내가 야간 아르바이트로 들어오면서 편의점에는 신선한 변화의 바람이 일기 시작한다. 염 여사는 잃어버린 지갑을 찾으러 서울역 노숙자 독고 씨를 만나게 되고 자신의 청파동 편의점 야간 아르바이트를 제안하며 이야기는 시작한다. 자신의 과거나 이름을 기억하지 못하는 미스터리한 인물인 독고라는 남자는 염 여사의 야간 편의점 알바 제의를 받고 그녀의 도움으로 노숙자에서 하루 만에 멀끔한 모습으로 바꾸고 다른 아르바이트생의 도움으로 조금씩 일을 익히며 야간 편의점 알바를 하게 됩니다. 처음 어눌하고 느린 말과 행동들이 술도 끓고 사람과 어울리면서 서서히 말도 행동도 느려터진 곰이 아닌 사람들의 마음을 헤아리며 이곳에 오는 손님들을 챙기며 마음을 위로해 주게 됩니다. 그렇게 동네 어르신들과 편의점에 방문한 손님들에겐 처음엔 불편한 편의점이었지만 서서히 그들 마음속 따뜻한 편의점이 되었습니다. 그러면서 점점 독고 씨는 어떤 사람일까에 대한 궁금증이 커지는데 소설의 끝으로 갈수록 서서히 독고 씨의 정체가 드러나게 되고 마지막으로 편의점을 그만두고 자신의 과거 모두를 찾으며 코로나가 확산되고 있는 대구로 향하게 된다. 이곳 불편한 편의점을 중심으로 각각 인물들과 독고 씨의 관계의 변화로 서서히 잃었던 독고 씨의 기억을 되찾으며 자신을 찾아갑니다. 이 책을 읽으며 눈물도 찔끔 나기도 했고 힘들고 고통스러운 삶은 사람 간의 소통이 중요하며 가장 가까운 사람과의 관계와 소통을 통해 마음을 나누는 게 얼마나 위로가 되는지 느낄 수 있었습니다. #YES24 #예스24 #북클러버 #불편한편의점 #김호연작가
2023-09-28,10,역시 소설이라 그런지 술술 읽혔어요. 내용도 재밌고 독고씨의 정체도 궁금하고 가슴 따뜻한 이야기들이 가득해서 눈물 찔끔 날 것 같은 순간들을 참으며 읽어내려갔네요. 우리 일상과 맞닿아있는 이야기들을 담아내서 좋았고 저도 편의점 알바 깨나 해본지라 공감도 하면서 봤어요. 이렇게 글로 읽을 때는 쉬운데 다른 사람들을 배려하고 이해하며 다정하게 대하기가 어찌나 힘든지 까칠한 제 자신을 반성도 참 많이 했습니다. 1편 좋아서 2편도 보려고요.
2023-09-27,8,사람마다 사연 없는 사람 없고 사정이 없는 사람은 없겠지라는 생각을 하며 읽어내려간 책이다 사람들은 대단한 것에 열광하지 않는다 자기의 이야기를 진심으로 들어주고 각자의 노력을 알아주는 작은 위로로 살아간다 결국 사람을 살게 하는 것은 사람과의 사귐과 관심 인정이라는 생각을 하며 책 읽기를 끝냈다 내 필요에 의해 가는 편의점이지만 어딘가 독고 씨와 같은 아르바이트생이 있지 않을까? 어디선가 누군가에게  옥수수수염차를 건네는 독고 씨를 생각해 본다
2023-09-26,10,염영숙 여사의 분홍파우치로 시작된 작은 만남. 독고씨의 삶을 송두리째 바꿔버린 분홍파우치. 그냥 지나칠만한데 단지 분실물을 찾아준 인연으로 청파동 편의점 ALWAYS의 사장 염영숙 여사와 서울역 노숙자 독고씨의 이야기는 시작된다. 노숙자이지만 가장 인간다운 누구보다 올바르고 차분하게 세상을 바라보면서도 진정 자신의 아픔 기억으로 세상과 벽을 만든 우리 독고씨. 이 작은 편의점에서 여러 인간 군상들을 만나면서 차츰 자신을 용서하고 삶에 희망과 용기를 얻게되는 과정이 감동이다. 공무원 준비생 시현을 시작으로 독고를 경쟁상대로 생각하는 선숙씨.. 편의점 사장 염여사의 아들.. 의료기기 세일즈맨이자 쌍둥이 딸아빠... 그들은 각기 삶에 지치고 어딘가 고장난 기계같지만 결국은 본인의 상처와 오해를 마주하며 삶에 희망을 얻게 되는 과정이 너무도 재미나 필체와 글의 구성으로 감동을 준다. 대구로 내려간 독고씨는 진정 가족과 화해를 통해 자신의 삶을 다시 개척해 나가겠지. 주변에 삶에 지친 그 누군가에게 추천하고 싶은 책이며 간만에 가슴 속 훈훈함을 느낄 수 있는 소설이었다.
2023-09-26,10,많이들 봤다고해서 얼마나 재미있다고 이난리지? 싶었는데 와~~  첫장을 넘기면서부터 막힘없이 읽혀지며 한장 한장 그냥 넘겨집니다 가독성이 장난아니더라구요 염여사와 아르바이트분들 그리고 독고씨 다들 각기 사연을 가지고 인연이 되어서 편의점에서 일어나는 일들을 써내려간 소설임에 저는 스토리도 모르는 상태여서 더 재미있게 읽고있습니다 스포가될것같아 다른이야기는 하지않겠지만 정말 너무나 재미있고 나라면 저상황에 어떠했을까? 라는 생각도 들면서 자기반성도 하게되는 이야기같아요 다읽고 아이에게도 추천해주고싶네요 2편도 미리 주문할껄 싶었습니다 선물용으로 많이들 주문하셔서 왜지? 했는데 읽으면서 고개가 절로 끄덕여지는 소설이예요 너무재미있습니다
2023-08-30,10,"김호연 작가님의 불편한 편의점 리뷰입니다. 본 리뷰는 약간의 스포일러 및 줄거리를 포함하고 있으므로 원하지 않으시는 분들은 피해가시길 바랍니다. 편의점에서 벌어지는 일상들에 대해 다루고 있습니다. 각각 다른 주제를 하지만 결국은 우리의 근처에서 접할 수도 아니면, 접하지 못할 수도 있는 그러한 이야기들, 그러나 공감을 하게 되는 이야기들로 가득 채워져있는 소설이었습니다."
2023-08-20,10,"요즘 나에게 필요한 책이 아닐까하는 생각을 했다. 가끔은 너무나 떨쳐내기 힘든 우울감이 몰려와서 나를 지배할때가 있지만, 쉽게 떨어져나가지 않는 그런 굴레들이 나를 힘들게하고있다. 나는 위로받고싶지않다. 그냥 이 시간이 어서 지나갔으면 싶다. 그렇다고 나이드는것은 싫지만, 그럼에도 새벽이 오기전 가장 어둡다는 그 말. 기다려아한다는 그 말을 붙잡고 이 시간. 달력을 바라보며 시간을 보내고있다. 편의점. 누구나 들럴수있는. 하지만, 그 예전 학교앞에 있는 문구점. 문방구의 아련함은 사라진지 오래다. 누구도 그것을 기대하거나 바라는 사람은 없다. 불편한 편의점. 나에게 이 불편한 감정들이 어서 떠나가기를.."
2023-08-09,10,"역시 2편보다는 1편을 재밌게 읽긴 했습니다. 불편한 편의점을 읽으면서 느낀 점은 불편한 편의점이라 하지만 이용하는 이들에게 편안함을 주는 편한 편의점이었지 않나 싶습니다. 저런 장소가 나의 동네에도 마을에도 있었으면 좋겠다 상상하면서 읽게 되는 소설입니다. 사실 1,2편 세트를 카트에 넣으면서 1편 2편 따로 넣었던 것 중에 1편을 빼지 않아 2권이 되어버리는 바람에 한권은 일본 중고 마켓에서 팔았는데 순식간에 팔려 버렸네요. 한국 뿐 아니라 일본에서도 불편한 편의점의 인기가 좋은 것 같습니다 :)"
2023-08-06,10,"소설을 거의 잘 안 읽는데 이책은 현재 재미있게 읽고 있습니다. 불편한편의점2도 구입해서 읽어보려합니다. 저자의 상황묘사, 비유가 특히 인상적인것같은 소설입니다. 등장인물들도 머릿속에 잘 그려지는것같아요. 상상력을 풍부하게 자극하는 소설 소설을 좋아하지않는분들에게도 추천드리는 책입니다. 망설이시는분들 한번 읽어보세요. 저는 1을 다읽고 2도 기회가되면 리뷰를 남겨보겠습니다"
2023-07-31,10,"김호연 작가가 엄마 학교에 초청강연을 오신다고 하셨다. 또 코로나 이후로 뮤직페스티벌이 김호연 작가님께서 초정하셔서 강연을 하신다고 하셨다. 베스트 셀러에서 예쁜 표지가 눈길을 끌었다. 그래서 관심이 생겨서 읽게 되었다. 노숙자로 생활하던 독고씨가 할머니를 만나고 편의점 알바를 하면서 사람들과 생기는 갈등, 문제, 해결 등에 대한 이야기가 나와있다. 편의점을 중심으로 사람들의 서사와 이야기를 보았을 때 공감되는 부분도 많았고, 가족, 인생에 대해 생각해볼 수 있었다. 가장 놀랐던 반전은 독고씨가 다른 노숙자들에 비해 똑똑해 보이긴 했는데.. 성형외과 의사였다니.. 정말 남들이 부러워하던 직업을 가지고 돈을 엄청 벌더라도 나중에 한순간에 사람이 어떻게 변하게 될지 모르겠다는 생각이 들었다. 사람들에게 편리함을 제공해야 하는 편의점이 불편하다니 말이 안되지만, 약간의 불편함으로 서로를 이해할 수 있다면 그 불편함도 감수해야 하지 않을까 하는 생각이 들었다."
2023-07-30,10,"언니와 8월 초에 불편한 편의점 연극을 보기로 했다. 21년도에 학생들이 재미있다고 많이 읽었던 책, 그러나 나는 소설을 잘 안 읽는 사람인지라~ 읽을 생각을 못 했다. 그런데 이번에 연극을 보기 전에 읽고 가야 할 것 같아 밀레의 서재에서 전자책으로 읽었다. 와우~ 따듯한 영화 한 편을 보는 듯, 재미있게 읽었다. 이 책은 노숙자 독고와 편의점 사장인 염영숙 여사와의 만남으로 시작된다. 그 만남은 불편한 편의점으로 이어지고, 그곳에서 오고 가는 사람들이 서로 상처를 보듬고, 자신의 길을 찾아가며, 소중한 자신의 삶을 끊임없이 이어가게 된다. 알코올 중독으로 기억을 잃어버린 독고도 기억을 찾고 과거와 마주하며 의미 있는 현재를 살아가기 위해 길을 떠나게 된다. 결국 삶은 관계였고 관계는 소통이었다. 행복은 멀리 있지 않고 내 옆의 사람들과 마음을 나누는 데 있음을 이제 깨달았다. (p.169) 강은 빠지는 곳이 아니라 건너가는 곳임을. 다리는 건너는 곳이지 뛰어내리는 곳이 아님을. (p.178) 인생은 힘들지만, 어렵지만, 아프지만, 그래도 살아야 제맛이다. 사람마다 주어진 여건, 경험은 다르지만, 우리는 서로 힘이 되어 줄 수는 있다. 서로가 건너가야 할 강은 다르지만, 강을 건너갈 수 있도록 도울 수는 있다. 행복은 내 옆의 사람들과 마음을 나누는 데 있다는 말을 삶에서 실천해 나가자. 기회가 되면 2편도 읽어봐야겠다."
2023-07-27,10,편의점을 별로 좋아하지 않아서 이용 해본 경험이 거의 없는 사람이라 이 책에 별 관심이 없었는데 베스트샐러이기도 하고 겉표지가 너무 예뻐서 2권을 세트로 구매했다. 이 곳에 줄거리를 쓰고 싶지는 않고....  다들 직접 읽어봤으면 싶어서. 글을 참으로 편하게 읽도록 쓰는 능력있는 작가구나라는 생각이 들었다. 두께가 꽤 있는데도 다 읽는데 시간이 별로 걸리지 않았다. 그래서 아껴서 읽었다. 읽다가 뭉클한 부분도 있었고 피식피식 웃음이 나오는 부분도 있었고 마음 깊이 새겨야할 부분도 있었고 배워야할 삶의 태도도 있었고. 그렇다면 최고의 책이 아닌가. 가을편까지 같이 샀으니 이제 가을편의 첫장은 또 누가 나올까 궁금해하며 읽어갈 것이다.
2023-07-26,10,"불편한 편의점 1권입니다. 편의점 여주인이 대구로 떠나는 KTX에 타는 중 지갑이 없어진 것을 알게 되고, 이때 지갑 습득자로부터 전화한통이 걸려오게 됩니다. 바로 서울로 올라가 지갑 습득자와 만나게 되고 이를 계기로 이 두사람 간의 인연이 시작이 되죠. 편의점 주인은 고마움의 표시로 바로 노숙자를 직원으로 채용하고, 노숙자는 편의점을 일을 하면서 여러 손님과 만나게 되고 인생을 겪어 나갑니다. 사실 노숙자와 편의점 여주인간의 이야기를 중점으로 흘러가는 소설책으로 비춰질 수 있겠지만옴니버스 쪽에 가깝습니다. 매 에피소드마다 편의점을 방문하는 사연있는 손님들이 있고 그 사연을 노숙자가 듣고 고민을 해결해주는 형식으로 흘러갑니다. 판단과 이해능력도 빠르고 고민을 제때제때 잘 해결해준다는 점해서 보통의 노숙자가 아님을 직감할 수가 있죠. 후반부에서 노숙자의 정체가 밝혀지긴 하지만 노숙자의 정체보다 옴니버스 형식으로 흘러가는 손님들의 이야기가 더 흥미진진하네요."
2023-07-26,10,"불편한 편의점을 지켜내는 '독고'씨에게 이런 아픔이 있었을 줄이야. 편의점을 찾는 손님들과 따듯한 소통을 해 온 '독고'씨도 한 때에는 불통의 화신이었다니. 편의점이 편의를 봐주는 곳이 아니라 불편한 곳이 되었음에도 불구하고 상처 입은 이들이 상처를 치유받는 곳이 된 이유는 무엇일까? 배가 고픈 것보다 관계가 고픈 것이 현대를 살아가는 사람들의 공통적인 상처다. 불편한 편의점에서 상처 깊은 자로 살았던 독고씨를 통해 말 못 했던 상처를 입 밖으로 내뱉을 수 있었던 사람들은 상황이 달라진 것이 없음에도 불구하고 자신의 현실을 있는 그대로 직면하게 된다. 모두 다 살아남기 위해 자신을 드러내기에 혈안이 되어 있는 세상에서 정말 필요한 것은 다른 사람의 이야기를 들어주는 것임을 깨닫게 된다. 불편한 편의점에 찾아오는 사람들의 하나같은 특징은 관계의 상실이다. 자신의 이야기를 들어줄 사람이 곁에 없다는 점이다. 모두 다 자기 얘기하기 바쁘다. 상대방이 무얼 원하는지, 가족들의 필요가 무엇인지, 내 곁에 있는 사람들의 고민이 무엇인지 들으려고 하는 사람이 한 명도 없다. 제각각 바쁜 세상 속에서 살아남기 위한 몸부림이다. 오히려 위로받아야 할 노숙자가 멀쩡한 사람들을 위로해 주는 스토리에 많은 독자들이 열광하고 있다. 그 이유가 무엇일까? 내 얘기를 들어줄 한 사람을 찾는 것이 아닐까. 나도 지금 내 얘기를 들어줄 사람이 필요하다는 목소리가 아닐까. '독고'씨보다 못한 사람이 누가 있을까. 그렇다면 우리도 불편한 세상에 살고 있지만 그 불편함을 들어줄 1인이 될 수 있다! 독고씨를 살린 편의점 사장님의 삶도 잊지 못할 장면이다. 염 할머님도 겉으로 보기에는 평범한 퇴직자에 불과하지만 그녀에게도 말 못 할 아픔이 가득하다. 자녀 문제 앞에서는 고장 난 저울이라고 표현했듯이 부모에게 기쁨이자 슬픔의 존재가 자녀인 것이 분명하다. 자녀와의 관계에서 소통의 단절이 결코 남의 일이 아니다. 나도 마찬가지다. 자녀의 얘기를 들어주어야 하는데 내 얘기, 내 생각부터 주입하려고 하니 단절이 생길 수밖에. 자녀 잘 되라고 하는 잔소리지만 자녀들 귀에는 성가신 소리에 불과하다. 독고씨의 처방처럼 삼각김밥에 편지라도 써서 책상에 올려놓아야 할 판이다. 오래간만에 마음의 온도가 따듯해온다!"
2023-07-25,10,"(줄거리, 스포 없음) 알콜성 치매로 과거를 기억하지 못하고, 언어능력도 떨어져버린 노숙자 독고. 어떻게 그가 사람들을 위로할수 있었을까? 그는 사람들의 말을 경청하는 사람이었다. 그리고 친절한 마음으로 사람들을 대했다. 사람은 모두 각자의 힘든 싸움을 하고 있기때문에 친절해야 한다는 밥딜런의 외할머니 말씀처럼. 사소한 손해나 불편함을 견디지 못하고 혐오가 만연한 요즘. 서로를 좀 더 친절히 대하고 상대의 말을 경청한다면 혐오없는 세상이 되지 않을까..하는 생각을 해보았다."
2023-07-25,7,"현대시대의 우리는 나를 진정으로 사랑하는 일과 함께하는 기쁨을 누리는 삶에 대해 느낄 기회가 점점 줄어들게 된 것 같다. 가볍게 볼 수 있는 소재로 친근하게 다가오면서도 우리 삶을 한번 돌아볼 수 있게 만드는 소설같다. 독고가 다양한 사람들의 삶을 들여다보면서 느끼는 감정들에 공감되었고 그 사람들을 따뜻하게 안아주는 느낌이었다. 결국 삶은 관계였고, 관계는 소통이었다. 행복은 멀리 있지않고 내 옆의 사람들과 마음을 나누는 데 있음을 이제 깨달았다. 삶은 나와의 관계에서 출발하고 나 자신을 가슴깊이 수용해 줄 수 있을 때 타인에 대한 수용이 가능해지는 것 같다. 그렇게 관계가 확장되면 내 자신과 마음을 나누고 그 사랑이 타인에게 스며드는 따뜻한 사회가 될 것 같다."
2023-07-25,6,"삶은 관계였고 관계는 소통이었다. 행복은 멀리 있지 않고 내 옆의 사람들과 마음을 나누는 데 있음을 이제 깨달았다. 본문 중에서 책은 편의점 사장님과 노숙자의 만남으로 시작된다. 편의점 사장님의 분실된 파우치를 찾아준 이가 노숙자였다. 편의점 사장님은 그 노숙자에게 한 끼 식사를 제공하고, 이후 여러 곡절을 거쳐 야간 아르바이트로 고용을 하게 된다. 노숙자를 편의점 알바로 고용하면서 벌어지는 이야기를, 편의점과 관계를 맺는 여러 사람들의 시선으로 표현하고 있다. 노숙자이지만 결코 가볍지 않은 배려를 보여주고, 직언을 해 주는 ""독고""라 불리는 인물의 따뜻하며 범상치 않은 매력이 이야기의 매력 속으로 빠져들게 해 준다. 낮 시간대 일을 하는 젊은 공무원 시험 응시생인 '시현'. 그녀에게 해 준 조언. 본인은 미처 깨닫지 못하고 있는 장점을 일깨워줌으로써 새로운 인생을 살아갈 수 있는 길을 만들어 준다. 아침 시간대에 일하는 '오 여사'에게는 아들과의 소통의 방법을 가르쳐 줌으로써 관계 개선의 기회를 제공해 준다. 상대방의 말을 들어주는 것만큼 깊은 대화는 없음을 깨우쳐 주면서. 늦은 저녁 편의점에 들러 '참참참 - 참이슬, 참치김밥, 참깨 라면'으로 본인의 힘든 하루를 보상받으려는 손님에게 ""XXX 수염 찹니다. 속상할 땐 ... 이게 좋아요.""라며 건넨 시원한 음료. 추운 겨울 늦은 저녁 혼술 하는 그를 위한 따뜻함을 느끼게 해 준 온풍기. 그리고 그를 가족과 함께 할 방법을 알려준 행동. 시나리오를 쓰고픈 작가와의 소통으로, 그녀에게 영감을 건네준 말과 행동. 그리고 결국 되찾은 자신의 기억으로 다음 차례의 인생을 시작하는 걸음을 내딛는 것으로 소설은 마무리된다. 가볍게 읽을 수 있고, 여러 사람의 이야기들이 따뜻하게 전해지는 느낌이 좋았다. 그동안 읽었던 자기 계발 서적들과도 일맥 상통하는 면들이 있었다. 나만의 느낌일 수도 있지만. 타인에 대한 배려 . 혼탁할 것만 같은 세상에 한 줄기 빛과 같은 행동. 여러 매체를 통해서 기사들을 접하고는 있지만 직접 행동하기는 쉽지 않은 행동이다. 편의점 사장님의 이러한 배려심이 주변의 사람들에게 전파되어 가는 것을 보여 주고 있다. 무력감, 패배감을 이겨낼 수 있는 방법 . 본인의 장점을 파악하고 그것을 극대화할 수 있도록 실천할 때 비로소 이러한 감정들을 떨쳐내고 내가 해야 할 일, 할 수 있는 일이 펼쳐진다. 대화의 방법. 상대에게 주는 일방적인 조언이 대화는 아닌 것이다. 때로는 묵묵히 들어주는 대화가 최고의 의사소통이 될 수도 있다."
2023-07-24,8,예쁜 일러스트의 겉표지가 눈에 띄는 책이었다. 예전의 가게와 달리 서로의 편의만을 추구하는 약간 딱딱한 공간이라고 느껴지는 수많은 편의점 가운데 다양한 성격을 지닌 소외된(?) 사람들의 이야기를 주인공이 점원으로 하는 편의점을 배경으로 읽기 쉽게 편안하게 풀어냈다. 복선이나 어려운 뭄체가 아니라 뚝딱 시간 킬링 용으로 읽기 좋음. 밥 딜런의 외할머니가 어린 밥 딜런에게 이렇게 말했 다고 해요. 행복은 뭔가 얻으려고 가는 길 위에 있는 것이 아니라 길 자체가 행복이라고. 그리고 네가 만나 는 사람이 모두 힘든 싸움을 하고 있기 때문에 친절해 야 한다고. p.140 소통의 중요성에 대해서 생각 할 수 있게 하는 책.
2023-07-23,7,"소설 속에서 희수쌤은 인경에게 이렇게 말했다. ""밥 딜런의 외할머니가 어린 밥 딜런에게 이렇게 말했다고 해요. 행복은 뭔가 얻으려고 가는 길 위에 있는 것이 아니라 길 자체가 행복이라고. 그리고 네가 만나는 사람이 모두 힘든 싸움을 하고 있기 때문에 친절해야 한다고."" 나는 이 부분이 이 책의 전체 내용을 관통하고 있다고 생각했다. 아마 독고씨가 상처를 돌아보고 그것을 이겨내기 위한 노력 혹은 열정을 갖게된 것도, 자신의 트라우마를 직면하려고 애썼던 것도, 나 뿐만 아니라 모두가 힘들다는 걸 인정하고 이해하고 있기 때문일 것이다. 누구든 가끔, 아니면 자주 '친절해야 하는 나와 그렇게 하고싶지 않은 나' 사이에서 갈등을 하고 있을 것이다. 아니면 타인에게는 친절하게 대하면서 막상 집에 돌아와서는 쌓였던 스트레스를 가족에게 해소하는 사람들도 있을 수 있다. 우리의 마음이 다치지 않길. 힘들겠지만 나를 위해서 타인에게 친절해보기. 그리고 가족한테도 타인에게 하듯 친절하게 해보기. 따지고 보면 우린 인생이란 여정에서 만난 서로의 손님이니까."
2023-07-21,8,"내 어릴 적엔 동네마다 구멍가게가 있었다. 가게에 구멍이 있는 것은 아니고 작은 가게라는 의미로 구멍가게였다. 그때의 구멍가게에도 없는 것이 없었다. 어떤 구멍가게는 문구용품도 같이 팔고 달고나도 팔고 불량식품도 많이 팔았다. 구멍가게 주인은 손님들을 거의 알아 집안의 안부 등을 물어주고 돈이 없으면 외상도 해주는 이웃이었다. 구멍가게는 쉼터이자 놀이터였다. 이제 구멍가게는 거의 보이지 않는다. 편의점이 시골 곳곳 어귀에도 있다. 처음 편의점이 생겼을때는 깨끗하고 신기한 느낌이었다. 옛날 구멍가게를 대신하고 있지만 정은 없어졌다. 그런 편의점을 사람들은 편하게 느낀다. 나의 안부를 지나치게 묻는 타인을 이제는 불편해 하는 시대에 살고 있기 때문이다. 편의점은 편한데 불편하다고? 각자의 고민과 고충을 안고 하루하루를 살아가는 사람들이 방문하는 편의점. 이들에게 손 내밀어주고 마음을 읽어주고 공감해주며 묵묵히 기다려주는 사람의 냄새가 나는 곳이기에 불편한 편의점이었다. 그 불편한 위로가 진심과 만나면 마법이 되어 타인과 함께 살아가는 위로이자 힘이 된다는 것을 느꼈다. ""결국 삶은 관계였고 관계는 소통이었다. 행복은 멀리 있지 않고 내 옆의 사람들과 마음을 나누는 데 있음을 이제 깨달았다."""
2023-07-18,10,"김호연 작가의 불편한 편의점은 첫 장을 넘기면 쭉~ 한번에 읽게 되는 힘을 가진, 가슴 따뜻하게 해주는 책이었습니다. 내가 일상 속에서 얼마나 많은 편견들을 가지고 있는지, 사랑하는 가족이라는 타이틀 아래 기대와 욕심으로 정말 중요한 것들을 놓치고 있는 것은 아닌지 다시한번 생각할 수 있는 시간을 가질 수 있었고, 앞으로 살면서 벽에 부딪히는 순간들을 마주하게 될 때 그 벽을 넘으려고 아둥바둥 거리며 답답해 하지만 말고 한발짝 뒤로 물러 서서, 한템포 쉬어 가더라도 여유를 가지고 바라보는 노력을 해야겠다는 다짐을 하게 해주었습니다. 삼각김밥과 편지 한 통이 주는 소통의 소중함이 나를, 우리 가정을, 더 나아가서는 우리 사회를 좀 더 살맛나게 만들어줄 수 있을 것 같네요!"
2023-07-13,10,"《달러구트 꿈 백화점》, 《메리골드 마음 세탁소》와 더불어 《불편한 편의점》이라는 책도 도서관에서 정말 인기가 많은 도서이기에 한번 빌리기가 쉽지 않다. 예약을 걸어놔도 한참 기다린 후에야 만날 수 있는 책인데 어느 날 다른 책을 빌리러 갔다가 우연히 《불편한 편의점》이 선반에 꽂혀있는 것을 보고는 그대로 빌려와버렸다. 심지어 책의 상태도 새 책과 같이 깨끗해서 기분이 더할 나위 없이 좋았다. 이 책의 저자인 김호연 작가님은 1974년생 서울 출신이며, 고려대학교 국어국문학과 출신이라고 한다. 특이한 점은 시나리오 작가이기도 하면서 만화 스토리 작가이기도 하며, 소설가이다. 《불편한 편의점》 이전에 집필한 《망원동 브라더스》로 2013년 제9회 세계문학상 우수상을 수상하기도 하셨다. (교보문고 홈페이지 작가소개 참고함) 코로나가 막 시작되었을 무렵이 시대적 배경이고 서울역 노숙자 생활을 하던 '독고'씨가 염 여사의 편의점 야간알바로 투입되면서 벌어지는 일들이다. 소설의 첫 파트에서는 염 여사와 독고 씨의 첫 만남이 소개되는데 이후에는 독고 씨를 둘러싼 주변 인물들이 독고 씨와 엮이게(?) 되면서 독고 씨에게 여러 방식으로 도움을 받게 되는 이야기다. 차례를 보자면, 산해진미 도시락 제이에스 오브 제이에스 삼각김밥의 용도 원 플러스 원 불편한 편의점 네 캔에 만원 폐기 상품이지만 아직 괜찮아 ALWAYS 로 철저히 편의점 관련 용어로 쓰인 것을 알 수 있다. 그래서 차례만 읽어 보았을 땐 대체 어떤 내용이 전개될지 상상이 안됐는데 읽어보고는 정말 무릎을 탁 쳤다. 작가님의 센스에! 책의 제목만 보았을 때 들었던 생각은 '우리에게 편의를 제공해야 하는 편의점이 불편하면 존재가치가 있는 걸까?' 하는 생각이었고 '대체 뭐가 불편하다는 걸까?'하는 질문이 뒤이어 들었다. 책을 다 읽고 난 뒤의 생각은, 조금 불편해도 괜찮아. 그 이상의 힐링이 있으니! 엄마는 왜 동네 편의점에서 안 하고 청파동까지 가냐고 하지만, 동네 편의점에서 일하며 아는 애들이나 가족을 마주치는 것만큼 끔찍한 일은 없었다. 김호연의 《불편한 편의점》 (2021), 58쪽 나도 20대 초반 아르바이트를 구하던 시절, 집은 인천이지만 굳이 서울까지 나가서 일을 했던 때가 생각났다. 아는 얼굴들을 아르바이트생 신분으로 만나서 응대할 일 생각하면 끔찍해서 그랬던 것 같다. 심지어 화자인 '시현'은 대학 졸업 후 취업에 실패하여 공무원 시험을 준비하는 중이었으므로 나보다 더 했을 것 같다. 힘들게 공무원이 되어봤자 결국 좀 더 큰 편의점이 아닐까? 국민의 편의를 봐주는 공간에서 또 다른 제이에스들을 만나는 삶……. 김호연의 《불편한 편의점》 (2021), 59쪽 이미 편의점 알바생 생활에 익숙해져 버릴 대로 익숙해진 그녀가 현재의 삶에 안주하려는 자신을 합리화하기 위해 하는 말이지만 완전히 설득되었다. 우리가 흔히들 '공무원'이라고 하면 떠올려지는 업무가 수동적인 이미지이기도 하고 그 또한 국민의 편의를 봐주는 업무이기 때문에 정말 말 그대로 좀 더 큰 편의점일 수 있겠다 하는 말에 절로 이야 소리가 나왔다. 그를 통해 누군가를 돕는 일이 보람 있다는 걸 체험했고, 자기에게 그럴 능력이 숨어 있다는 걸 깨달았다. 그녀는 어제도 유튜브 영상을 찍으며 독고 씨를 생각했다. 그에게 가르쳐주듯 차분히, 천천히, 말하고 움직였다. 어쩌면 노숙자 같은 사람들을 도울 방법은 그렇게 좀 더 느리게, 천천히 다가가는 것이 아닐까? 생각해보니 아무런 사회와의 끈도 없다고 느끼던 자발적 아싸인 자신이 무언가 연결점을 찾게 되었다는 점에서, 그녀 역시 독고 씨에게 도움을 받은 셈이었다. 김호연의 《불편한 편의점》 (2021), 80쪽 내가 남을 돕게 되면 도움을 받은 사람보다 도움을 준 나 자신이 더 행복해진다. 보람도 보람이지만 나 자신이 상당히 쓸모 있는 사람같이 느껴지기 때문이다. 그래서 누군가를 돕는다는 것은 사실 나를 돕는 것이기도 하다. “아들한테…… 그동안 못 들어줬다고, 이제 들어줄 테니 말…… 해 달라고 편지 써요. 그리고…… 거기에 삼각김밥…… 올려놔요.” 김호연의 《불편한 편의점》 (2021), 109쪽 독고의 저 멘트가 나를 울렸다. 이 아저씨 사람 말 경청하는 능력도 모자라 카운셀링 능력까지 훌륭하다. 한마디로 사기캐. 선숙의 속사포 랩처럼 쏟아지는 하소연을 들어주기도 힘들었을 텐데 현실적인 조언까지 얹어서 결국은 선숙과 아들의 갈등을 해소하는 데 일조했다. 저 말은 진심으로 상대방의 이야기를 귀담아듣고 함께 고민하는 시간이 없었다면 나올 수 없는 조언이라 완전 감동 그 자체였다. 그리고 독고 씨가 말한 방법대로만 한다면, 내가 선숙의 아들이라도 오랜 기간 엄마를 향해 쌓아 올린 방어벽이 한방에 와르르 무너지는 느낌을 받을 것 같았다. “엄마가…… 아빠 힘들게 돈 버니까…… 돈 아껴 써야 한다고…… 편의점에 가면…… 원 플러스 원만 사라고…… 그랬다는 거예요. 거참, 정말 아, 알뜰하다 싶었고…… 애들이 참…… 자알 컸다 싶었죠.” 김호연의 《불편한 편의점》 (2021), 133쪽 독고 씨, 이 정도면 편의점 야간알바가 아니고 사랑의 카운셀러로 취업하신 게 아닌지 의심스럽네요? 회사에서도, 가정에서도 찬밥 신세로 결코 행복하지 못한 경만. 회사는 옮기면 된다 치더라도, 가정 내 불화는 어떻게 해야 하는지 시간이 갈수록 경만의 고민만 깊어졌는데, 편의점 독고 씨의 금주 권유와 사랑의 메신저 역할로 다시 화목한 가정을 되찾게 되었다. 독고. 염 여사의 말마따나 사람이 참 경우가 있고 적재적소에 필요한 말을 잘 해준다. 대체 이런 사람은 노숙자이기 전에 무엇을 하던 사람이었을까 더욱 궁금증이 증폭되었다. 무엇보다 이곳의 따뜻한 온기가 좋았다. 옆구리를 간질이는 온풍기의 열기도, 앞에 마주 앉아 바람을 막아주는 큰 덩치의 사내도, 직원들 생계를 위해 돈 안 되는 가게를 접지 않는다는 사장이 있는 편의점도. 김호연의 《불편한 편의점》 (2021), 222쪽 이것이 바로 '불편한 편의점'의 매력 포인트다. 사람에 대한 관심과 친절, 배려로 마음의 허기를 채워주는 곳, 이곳이 바로 '불편한 편의점'입니다. 결국 삶은 관계였고 관계는 소통이었다. 행복은 멀리 있지 않고 내 옆의 사람들과 마음을 나누는 데 있음을 깨달았다. 김호연의 《불편한 편의점》 (2021), 252쪽 김호연 작가님께서 소설을 통해 하고자 하셨던 말씀이 결국 이 내용이 아니었을까 싶다. 삶은 관계이고 또 이 관계는 소통으로 이어지는 것. 이 소중한 깨달음을, 다른 전후 사정없이 딱 이 내용만 봤더라면 내 마음에 조금도 울림이 없었을 텐데. 혹은 이 내용이 소설의 앞부분이 배치되어 있었더라면 큰 감동이 없었을 텐데. 선숙, 경만, 민식, 곽 씨의 갈등이 소통의 부재로 인해 시작되어 소통의 존재로 해소되는 것을 혹은 해소될 희망을 보이는 것을 보면서 저 말은 참이다 생각을 했다. 우리는 잘 먹고 잘 살 생각만 하며 정작 내 가족 살뜰히 돌보는 것에 소홀하기 쉽다. 그런데 그렇게 하면 '잘' 살 수가 없다. 진짜 행복하게, 잘 살려면 손님을 대하듯 친절하게 대해야 한다. 독고 씨의 말을 빌려 말하자면, '가족도 인생이란 여정에서 만난 서로의 손님'이기 때문이다. 다리에 올라 몸을 던지려 했다. 실패했다. 사실 올겨울을 편의점에서 보내고 나면 마포대교 혹은 원효대교에서 뛰어내릴 계획이었다. 하지만 지금은 알 것 같다. 강은 빠지는 곳이 아니라 건너가는 곳임을. 다리는 건너는 곳이지 뛰어내리는 곳이 아님을. 김호연의 《불편한 편의점》 (2021), 266쪽 이 책은 살리는 책입니다. 사람 살리는 책. '자살' 혹은 ' 투신자살'이라는 단어와 나는 상당히 거리가 있고, 나와 머릿속에 그 단어를 떠올리는 사람들조차 거리가 있고 그런 단어를 생각하는 것만으로도 상당히 불편한 그런 것이었다. 근데 독고 씨의 과거, 그가 어쩌다 노숙인 생활을 하게 되었는지 읽고 당시 그의 참담한 심정, 이렇게 살아서 뭐 하겠나 하는 마음을 너무 알겠는 지경에 이르러서 한강에 투신하여 이 세상에서 사라져버리고자 하는 그의 생각을 깊게 이해하게 되었다. 그렇다고 해서 절대 그렇게 하도록 내버려 둘 수는 없는 일이지만 그의 괴로움을 충분히 느낄 수 있었던 거다. 그랬던 그도 부끄럽지만 살기로 했단다. 괴로움을 죽음으로 털어내려는 무책임함을 택하지 않고, 죄스러움을 지니고 자신이 가진 것으로 남을 돕는 방법으로 겨우 살아가기를 선택했다. 살 수 있어서 사는 게 아니라 살아야 하니까 사는 거다. 삶의 의미를 되새기면서. 작품 내에 실제 지명이 사용되기도 했고 참치김밥, 참깨라면, 참이슬과 같이 실제 제품명을 사용하여 소설 속 내용들이 낯설지 않게 쉽게 공감대를 형성했던 것 같다. 그리고 나의 20대 초반 근무지는 명동, 제공된 숙소는 청파동이었어서 작품을 읽는 내내 머릿속으로 그 지역의 그림이 그려졌다. 나에게 익숙한 동네에서 벌어지는 일이라 더욱 몰입되었는지 모르겠다. 누군가 내게 '당신의 이야기, 혹은 당신 주변에서 벌어지는 일을 소재 삼아 글 써보세요'라고 한다면, '너무도 평범해서 쓸 이야기가 없는걸요?' 할 테지만 작가님은 역시 작가님인지 이리 평범한 인물들과 장소를 가지고서 사람의 마음을 울리는 이야기를 써내셨다. 삶이 참 팍팍하고 내 맘대로 안된다 느끼는 사람에게 이 책을 추천하고 싶다. 아, 혹은 난 지금 너무 잘 살고 있어 하는 사람에게도 이 책을 추천한다. 나의 편견과 오만을 부수어 주는 책이기도 하니까. #불편한편의점 #김호연작가 #장편소설 #책추천 #힐링 #서평"
2023-07-11,9,"동네 구석 어딘가에 있을 법한, 다소 낡은 편의점에서 일어나는 이야기 등장인물들의 갈등을 풀어주며 대나무숲같은 상담사가 되어가고 그에 맞춰 본인도 성장하여 자신이 누구였는가에 대해 깨달아가는 과정을 보여줌 다른 등장인물들의 문제점은 해결되어 해피엔딩으로 그려졌지만 독고 자신의 문제점은 이제 해피엔딩 혹은 새드엔딩인지 모를 단계로 나아가는 것으로 마무리하여 아쉬웠음 하지만 2편을 통해 그려갈 것으로 예상되어 기대됨 살아가는데 있어 언제나 적절한 소통이 중요하며 어쩌면 단순히 말을 건네거나 듣는 것만으로도 갈등이 해결될 수 있음을 독고를 통해 알려줌"
2023-06-29,10,모두들 기피하는 서울역 노숙자인 주인공이 한 편의점 사장의 배려로 일하게 되면서 동네 주민들과 시작되는 관계 맺기의 작은 감동 이야기. 견뎌낼 수는 있을까라는 걱정만이 있던 알바생이 하나둘씩 진심으로 타인들을 배려하고 대하면서 보내는 작지만 진정한 믿음과 응원에 동네 사람들이 불편하지만 따뜻한 이끌림이 불어오는 편의점으로 모여든다. 하는 말은 어눌하지만 들어주는 자세는 진심으로 대하는 독고를 보며 작은 관심과 소통만으로도 변하게 할 수 있는 잔잔하고 따스한 감동을 먹먹히 느껴보는 좋은 이야기였다.
2023-06-29,10,"아이가 구매하고 싶다고 졸라서 사준 책이에요. 매번 사줘도 안읽어서 구매를 꺼렸는데, 이 책은 다 읽은거보면 재미는 보장인거죠. 왜 베스트셀러인지 바로 검증되었습니다. 표지부터 마음이 따뜻해지고 구매욕을 불러일으켜요. 동네 골목의 작은 편의점을 배경으로 하는 이야기 입니다. 유머 코드가 가미되어 있어 편하게 읽을 수 있어요. 고달픈 생활에 지친 심신을 책으로 달래보세요~ 재밌어요~~~"
2023-06-26,10,"[도서리뷰] 불편한 편의점 / 김호연 '불편'과 '편의'가 공존하고 있는 제목. 어떤 의미를 내포하고 있는 걸까. 나는 배고픈 상태에서 산해진미 도시락을 먹는 사람처럼 아주 허겁지겁 책을 넘겼다. 이 책은 나의 호기심에 대한 허기를 채워주면서도 속을 든든하게 데워주었다. 편의점 야외 테이블에 5천 원어치 술과 안주를 놓고 하루의 고단함을 위로받고 싶어졌다. 나도 '참참참'에 합류하고 싶어졌다. '참깨 라면, 참치김밥, 참이슬'. 편의점 폐기물이 나오는 시간 즈음에 가서 독고 씨가 말없이 내어오는 열풍기 온기에 나도 몸과 마음을 추스르고 싶어졌다. 하나의 사건에 대해서 여덟 명의 시점으로 각자의 입장에서 이야기하는 구성이 여름이도 단숨에 몰입해서 읽게 만든 것 같다. 본인이 처한 상황이나 생각은 각각 달랐기에 다른 시선으로 다시 재구성해서 읽는 재미가 있었다. 누가 맞고 누가 틀리고 가 아닌 본인의 시선에서는 진심이었을 이야기다. 최선을 다하고 있는데도 일이 잘 안 풀린다고 느끼는 등장인물들은 독고 씨의 작은 친절과 그저 진심으로 들어주는 것만으로도 그들은 잘 할 수 있는 것을 찾아 도전해 볼 용기를 갖게 되고, 등 돌린 가족들에게 용서를 구하고 다시 관계를 회복할 의지도 다지게 된다. 쉽게 주변에서 접할 수 있는 편의점이란 장소에서 코로나로 더 각박해진 마음을 산해진미 도시락, 삼각김밥, 원 플러스 원 상품, 네 캔의 만원 맥주, 참참참 세트, 옥수수수염차, 폐기 시간 직전의 상품들로 소소한 기쁨을 채우면서 위로받는 건 아닐까. 불편한 편의점이 사회의 축소판처럼 느껴졌다. 산해진미 도시락의 넉넉하고 푸근한 마음의 인물을 등장시키고, 삼각 김밥을 먹는 그 이면의 슬픔을 가진 인물도, 지갑 속 원 플러스 원을 떠올리게 하는 인물도, 사회에서 폐기 상품이 되기 직전의 모습을 떠올리게 하는 인물도 등장시킨다. 꼭 주변에 있다는 캐릭터 제이에스 오브 제이에스(JS of JS), 진상 손님도 만날 수 있다. 문득, 편의점에서 나랑 닮은 상품은 무엇이 있을까 생각해 보았다. 불편한 편의점의 등장인물들은 서로 오해하기도 하고, 충돌과 대립하기도 하지만 어쩌면 우리 사회의 가장 낮은 곳에 있는 노숙자 독고 씨를 통해 이해하고 공감하는 소통으로 각자의 자리를 찾아가며 마음이 뜨뜻해지는 결말로 마무리된다. 독고 씨도 용기를 내서 본인이 있어야 할 곳을 찾아 발걸음을 내딛는다. 아주 매콤하거나 달달하거나 자극적인 맛은 아니었다. 많은 사람들이 이 책에 마음이 머문 이유는 잠시나마 야외 테이블에서 독고 씨가 말없이 건넨 열풍기 같은 소통의 온기로 비대면 시대에서 겪는 외로움이나 헛헛함, 허기를 달래고 간 건 아닐까 싶었다. 저자는 '삶은, 결국 소통이다'라는 이야기를 독고씨를 통해 전하고 싶었던 것 같다. 지극히 개인적으로 가장 기억에 남는 글은 편의점 사장님 '염 여사'의 이야기다. '마스크가 불편하다 코로나에 이거저거 다 불편하다 나 하고 싶은 대로 할 거야 떠들잖아. 근데 세상이 원래 그래. 사는 건 불편한 거야.' 사는 건 원래 불편한 거라니. 난 언제쯤 편하게 살 수 있을까 했는데, 사는 건 불편한 거라며 세상은 원래 그런 거라는. '불편'과 '편의'가 공존하고 있는 제목, '불편한 편의점'에 이미 답이 있었다. #불편한편의점 #김호연 #나무옆의자 #도서리뷰 #꿈꾸는일기 https://m.blog.naver.com/dreamdiary1997"
2023-06-26,10,"이 책의 전반부에서는 알콜성 치매가 있는 노숙자 독고씨가 Always 편의점의 사장 엄여사의 잃어버린 지갑을 찾아주는 과정에서 엄여사가 독고씨를 신뢰하여 야간 시간대에 편의점을 독고씨에게 맡기는 내용에 대해 이야기하고 있다. 중반부에서는 독고씨와 직원들, 손님들 간의 이야기를 다루고 있다. 독고씨에게 편의점 인수인계를 해주다 독고씨의 이야기를 듣고 포스기 다루는 방법을 유튜브로 올려 스카우트 제의를 받고 이직한 공무원 준비생 시현, 회사와 가정의 스트레스로 인해 편의점에서 혼술하는 영업맨 경만에게 몸에 좋다고 옥수수 수염차를 권하는 독고씨 이야기, 엄여사의 친구이자 아르바이트생으로 아들과 심한 갈등을 겪고 있는 선숙 씨에게 아들의 이야기를 '들어보라'고 조언하는 과정을 통해 불편함이란 감정을 건드리고 있다. 후반부에는 노숙자 독고씨의 정체가 밝혀진다. 성형외과 의사로 의료사고를 일으키고 가족과의 관계도 문제가 생기면서 노숙자의 삶을 살게 된 독고씨. 불편한 편의점에서 야간 근무를 하며 기억이 돌아오고 서서히 본인의 모습을 되찾아가는 독고씨의 모습을 보여주며 소설은 마무리된다. 우리는 왜 불편함을 느낄까? 불편함이란 감정은 부정적이기만 할까? 작가는 말도 더듬고 순박한 독고씨를 통해 불편함을 이야기하고 있으며 관계 속 불편함을 통해 자신을 성찰하고 성장하는 과정을 서술하고 있다."
2023-06-25,10,소설은 에피소드별 형식이라서 읽기 편했고 온갖 인간군상들이 모여서 사는 우리 사회 이야기였다 아니 지금 현대 사회의 이상적인 버전일까 모두가 좋은 사람임 편의점 사장님의 행동이 여러사람에게 좋은 영향을 줄 수 있는 사람을 데려왔는데 그 사람도 본인의 선의로 편의점에서 일하게 되었으니까 선의는 돌고 도는것 같다. 마지막에 약간 미스테리한 요소가 나오면서 끝났는데 과연 그 뒤는 어떻게 되었을까?? 평범하게 편의점 일상으로 끝났으면 하는 마음과 좀더 독고씨의 그 뒤를 보고싶은 마음이 교차한다 2권을 읽으면 알게 되겠지만 잠깐 이 여운을 즐기고 나서 읽는걸로-
2023-06-25,10,"김호연 작가님의 불편한 편의점에 대한 리뷰입니다. 편의점 사장인 염여사는 어느날 서울역에서 지갑을 분실했는데, 노숙자 독고씨의 도움으로 지갑을 찾게됩니다. 그 뒤로 몇번 어려운 상황에 독고씨의 도움을 받게된 염여사는 마침 편의점 야간알바에 일손이 필요하게되어 독고씨를 채용하게됩니다. 독고씨는 알콜성 치매로 인해 기억력도 좋지않고 말도 어눌하지만 굉장히 성실하고 일에 대한 적응력이 빨라서 염여사는 매우 만족합니다. 복잡하고 부담많은 현대사회에서 염 여사와 독고씨의 관계는 어떠한 이상이라고 할 수 있습니다. 그 후, 우리 세계의 사회인들이 흔히 겪는 고충에 대한 독고씨의 조언은, 간접적으로 독자들에게까지 위로를 전합니다. 저 역시 읽으며 마음 속 걱정들을 조금이나마 내려놓을 수 있는 좋은 기회였습니다."
2023-06-23,10,요즘같은 각박한 시대에 이런 따뜻한 사람들이 우리 주변에는 분명히 있습니다. 뉴스에서 쏟아지는 각종 사건사고들 속에서 진짜 인간미 넘치는 그런 사람들이 있습니다. 이 책에는 읽는이들의 가슴을 따뜻하게 데워주는 작은 감동이 담겨 있습니다. 제법 나온지 된 책인데 이제서야 읽게 되었습니다. 이 세상을 살아가는 모든 이들이 마음 한켠에 따뜻한 불씨 하나씩 간직하고 살아가면 좋겠습니다
2023-06-11,8,"100쇄가 넘게 발행한 책이라서 그런지 표지 디자인부터 눈길을 확 잡아끄네요. 훌륭합니다. 색감도 좋고 폰트도 유려하네요. 띠지까지도 신경 많이 써서 제작한 듯하네요. 망원동 브라더스로 알게 된 작가인데 유쾌하면서 따뜻하고  때로는 쓸쓸함, 덧없음 등 감정을 깊게해주기도 하더군요. 이번 작품은 초반 설정이 너무 작위적인 느낌이지만 부드럽운 전개와 살아있는 대사가 돋보이네요. 전체적으로 좋은 작품입니다. 한 번쯤 보면 좋겠어요."
2023-06-09,8,"이게 그렇게 인기 있는지 알겠다. 우리 주변에서 흔히 볼 수 있는 주변 인물들을 배치해서 환장의 대공감을 얻어내는 것이다. 편의점이라 그것도 불편한 편의점이라고 해서 제이에스(진상)에 관한 이야기인 걸로 착각했다. 처음에 읽으려고 도전했다가 초반에 포기하고 최근에 다시 도전해서 무슨 이야기인지 드디어 알 수 있었다. 염여사는 역에서 지갑을 잃어버린 돌려주는 계기로 역에 사는 독고씨를 알게 되어, 자신이 운영하는 편의점에 야간 알바로 취직까지 시켜준다. 주변 인물들은 독고씨와의 만남을 기점으로 자신들의 인생이 약간 흐뭇해짐을 깨닫는다. 공무원 준비생이자 편의점 알바생 시현, 남편은 집을 가출하고 백수인 아들과 사는 오선숙 또한 알바생, 쌍둥이 아빠로 집과 회사에서 외로움을 느끼는 영업사원이자 편의점 단골인 경만, 전직 연극배우이자 극작가이자 절필을 선언한 인경, 사업중독에 정신 못차리는 염여사 아들 민식, 전직형사이자 흥신소 직원인 곽씨. 민식은 좀 알쏭달쏭하지만 나머지 인물들은 전직 노숙자인 독고씨의 툭 던진 한마디 한마디에 인생의 살짝 반전을 만나게 된다. 위 인물들은 연령대도 다양하고 우리 주변에서 흔히 볼 수 있은 이웃들 같고, 내 얘기 같아서 위화감 없이 이야기에 쏘옥 빠져들었다. 마지막 독고씨는 누구냐. 솔직히 엄청나게 궁금한 거 아니었고 신분을 밝히지 않고 신비로움을 선사하면서 책이 끝나버리지 않을까 예상했으나 결코 찝찝하고 답답한 결말은 아니었다. 독고씨의 정체가 의외긴 했다. 알코올성 치매로 이름도 과거도 잊어버린 그였지만 사람들과의 대화와 교류를 통해 자기 자신을 찾기 시작했다. 그리고 길을 떠나는데 그의 앞날을 나는 응원했다. 진상들 상대하는 통쾌함이 매우 후련하다. 마냥 당하지만 않아서 좋다. 연극도 있는데 한 번 보고 싶긴 하네. 눈앞에서 펼쳐지는 편의점 이야기."
2023-06-07,10,김호연 저 불편한 편의점 벚꽃에디션 리뷰입니다. 이 작품은 제목에서 상당한 호기심을 들게 하는 작품입니다. 게다가 베스트셀러라 꼭 보고 싶었는데요.  이 작품은 서울역에서 노숙인 생활을 하던 독고라는 남자가 70대 여성의 지갑을 주워준 인연으로 그녀가 운영하는 편의점에서 야간 알바를 하면서 이야기가 시작됩니다. 독고는 알코올성 치매로 과거를 기억하지 못하는 데다 말도 어눌하고 행동도 굼떠 과연 손님을 제대로 상대할 수 있을까 의구심을 갖게 하는데요 그럼에도 그는 일을 꽤 잘해낼 뿐 아니라 주변 사람들을 묘하게 사로잡으면서 편의점의 밤을 지키는 든든한 일꾼이 되어갑니다. 작은 골목길의 작은 편의점은 불편하기 짝이 없는 곳이었다가 고단한 삶을 위로하고 웃음을 나누는 특별한 공간이 되어가는 과정을 너무나 따뜻하게 그려가는 멋진 작품이었습니다.
2023-06-07,10,재밌다는 평을 봐서 읽었는데.. 생각보다 재밌고 생각보다 스릴이 있는 인생이야기였어요. 주변에서 볼수 있는 여러 인생 이야기가 무척 흥미로웠습니다. 어려운 난관에 부딪쳐도 하나하나 헤쳐나가는 모든 등장인물들에게 박수를 보내주고 싶었어요. 마지막에 반전인듯 한줄로 꿰어지는 이야기가 무척 상쾌했어요. 쉽게 읽혀서 더 재밌게 읽었던 책입니다. 두번째 이야기도 기대됩니다.
2023-06-04,8,아이 수행평가를 위해 구입한 책입니다. 아이도 재미있게 읽네요? 힐링받고  위로받고 싶은 사람들에게  추전합니다 따뜻한 마음을  느낄수있는 책입니다. 비슷한 류의  책들이  많아도 그 시작점에  있는  책이  아닐까  싶습니다. 각박한  현실에서  받을수  없는 위로를 책을  통해 받을수 있지 않았나 싶어요 다시한번  힐링받고  위로받고 싶은 사람들에게  추전합니다. . . . . .
2023-06-04,9,일일 드라마 같아요. 우연히 실수하고 우연히 발견했다. 그래서 이야기는 이어진다. 참 단순하다. 그런데 재미있게 이야기가 진행되면 정말 대단하죠. 이런 걸 보게됩니다. 그저 그러려니 했는데 볼수록 빠져드네요. 작가의 역량 탓이겠죠? 초반 30 페이지 이내에서 독자를 잡아끌지 못하면 소설로서 실패각인데. 이 책은 30 페이지 내에서 결제를 끌어냅니다. 대단. 미리보기 했죠? 더 보려면 구매해요. 그게 좋은 삶. 후회없는 소설 책 구매입니다. 돈은 아깝지 않아요. *** 표지가 앞뒤로 이뻐. 띠지까지. 책 앞면 보면 기분 좋아져. 화보처럼.
2023-06-02,10,단숨에 읽어내려간 재밌는 책ㅎㅎ 아이가 읽고 또 읽고 친구에게도 선물한다고 또 구매했습니다. 괜히 베스트 셀러가 아닌듯. 독고의 따뜻한 소통이 불편한 편의점을 핫플레이스로 만들어가는 이야기. 이 고단하고 외로운 힘든 하루하루 작은 위로와 인정은 삶을 아름답게 바라볼 수 있게 해주는 마법의 주문이 아닐까 곁에서 가만히 듣고만 있어도 사소한 칭찬만으로도 내 꽁꽁 닫힌 마음이 어느새 열리고 있습니다. 독고와 함께 하게 되어 고맙습니다.
2023-06-02,10,불편한 편의점 리뷰입니다. 읽는 내내 마음이 따뜻해지고 읽고 나서는 여운이 많이 남는 책이었습니다. 시작은 어떤 노부인이 지갑을 잃어버리고 그걸 찾아준 노숙자를 자기 편의점으로 데려가면서부터인데요. 주인공의 숨겨진 사연도 마음이 아팠지만 주인공을 통해 조금씩 바뀌어가는 주변 사람들의 이야기도 너무 좋았어요. 정말 추천하고 싶은 책입니다. 마음에 따스함이 깃드는 것 같아요.
2023-06-02,10,먼저 아이 논술수업에 있는 목록이라 도서관에서 먼저 빌려봤는데 제가 더 재미있게 읽었네요~ 이책은 꼭 구매하자 싶었어요 술술 읽히기도하고 재미에..감동도.. 누구하나 조연없이 그마다의 삶의 이유도 있고 결정도 다르고 여러가지 삶이 재미있다 생각하며 보게되었네요 우리주변 이웃들도 그렇겠구나하며 이해도 하고요. 좋은책 만들어주신분들께 감사드려요 ㅎ
2023-06-01,10,제목부터 호기심을 불러 일으키는 책? 초5 아이 독서논술 수업 책으로 구매했는데 어른이 읽기에도 나이가 더 어린 동생이 읽기에도 참 흥미롭고 재미있는 책입니다. 불편한 편의점?제 주위에 이런 편의점과 사장님이 계신다면? 상상만으로도 가슴이 따뜻해집니다. 재미와 감동 모두 선물로 받은 왜 베스트셀러인지 단번에 이해가는 책이죠? 책 표지도 너무 맘에 들고 읽고 난후 가슴이 몽글몽글해지네요?
2023-06-01,10,"정말 따뜻하고 아름다운 이야기입니다. 남녀노소 모두에게 추천해요. 책표지도 예쁘네요. 다음 이야기가 기대됩니다 동네 골목의 작은 편의점을 배경으로 삶의 희로애락을 따뜻하고 유머러스하게 그린 소설. 서울역에서 살다가 우연한 기회에 편의점에서 일하게 된 한 인물과 저마다의 사연을 안고 편의점을 찾는 이들의 이야기, 그 속에서 지친 하루를 위로하는 편의점의 밤이 열린다."
2023-06-01,10,가보고싶은불편함편의점..실제있으면 가게 될까요? 워낙에 유명한 책이었어서 꼭 읽어보고 싶었어요 현실의 저라면 독고씨를 분명 불편한 시선으로 보고 있을꺼예요 많은 생각을 하게금 해준 책입니다 사장님이 제일 대단한 분이시죠 누구나 처음이 제일 어려우니.. 막상 저런 편의점이 실존한다하더라도 속얘기 꺼내기 힘든세상이죠 2편도 읽고 싶어요 아이도 저도 재미나게 읽었습니다
2023-05-30,8,"직원은 불편하지만 손님은 편한 편의점. 제목에서 느낄 수 있었던 건 편의점은 단순히 물건을 파는데 그치는 것만이 아닌 서비스와 손님에 대한 관심 더 나아가 사랑을 파는 곳이 아닌가 하는 생각이 들게 했다. 노숙자이며 희망도 없고 생을 마감하고자 했던 독고씨에게 살아갈 희망과 일자리를 주었던 곳, 매출보다는 직원들에게 일자리를 제공하고 그 가족까지도 살피는 사장님의 경영철학과  타인을 대하는 사랑하는 마음이 전달되어 각자 아픈 상처가 있던 사람들의 마음을 어루만져주고 변화시켜가는 따뜻한 이야기가 담겨 있어 울다가 웃다가를 반복하며 읽은 감동적인 책이었다. 남녀노소가 모두 들러 자기의 필요를 채우는 그 작은 곳이 여러 사람들의 애환을 담고 있는 작은 사회라는 생각이 들었다. 잠깐 들러 필요한 물건만을 사가는 상점이 아니라 서로 연결되어 가족 같은 정이 느껴지는 곳이다. 지금은 점점 사라져가는 동네슈퍼는 동네 사람들의 일상을 나누는 곳이기도 했다. 외상도 있고 사람 냄새나는 정이 있었던 곳. 관심과 애정을 파는 곳 주위에  많이 있는 편의점들도 그런 곳이 되기를 바래본다."
2023-05-29,8,"5월 오프라인 독서모임에서 읽게 된 불편한 편의점! 불편한 편의점 2를 먼저 읽고 읽은 책이라 그런지 익숙한 주인공들이 나와서 반가웠다. 서울역에서 노숙자 생활을 하던 독고의 변화도 인상적이었고, 독고로 인해서 편의점에 방문하는 사람들이 변화하는 모습도 보기 좋았다. 우리 주변에서 흔히 있을 법한 이야기들로 이루어져 있어서 낯설지 않았고 책을 읽으면서 찡한 감동도 느낄 수 있었다. 개성 넘치는 주인공들이 여러 명 등장하면서도 서로가 동떨어지지 않은 이야기의 전개도 좋았다. 이번 오프라인 독서모임에는 제이에스, 진상 손님에 대한 이야기를 나누는 시간을 갖게 되었는데, 학교에서 만날 수 있는 진상, 카페에서 만날 수 있는 진상 등 진짜 별의별 진상 이야기가 많이 나와서 재미있었다. 단순히 책을 읽는 것에서 끝나는 것이 아닌 책을 주제로 다양한 이야기를 나눌 수 있어서 더 좋았던 것 같다. 7월에는 독서모임 멤버들이랑 다 같이 대학로에서 열리는 공연을 보러 가기로 했는데, 책에서 만났던 인물들을 공연장에서 만날 생각을 하니 어떤 느낌일까 기대되고 설렌다. 독서모임을 하면 할수록, 혼자서 책만 읽는 것 이상으로 느낄 수 있는 다양한 경험들을 할 수 있어서 너무 좋다."
2023-05-29,10,베스트셀러라는 수식에도 딱히 관심에 두지 않았던 책이었다 . 독서모임을 통해 읽게 되었는데 일상에서 보는 평범한 사람들의 이야기를 소재로 하고 있어서 재미와 감동을 주는 작품이었다 . 이번 모임에서 우리는 (252 페이지 ) [ 결국 삶은 관계였고 관계는 소통이었다 . 행복은 멀리 있지 않고 내 옆의 사람들과 마음을 나누는 데 있음을 이제 깨달았다 .] 주인공의 깨우침처럼 주위 사람들과 마음을 나누는 괜찮은 소통 방법을 이야기했다 . 책에서 소개된 선숙 씨와 아들의 관계를 개선하기 위해 독고 씨가 알려준 방법으로 아들이 게임할 때 편하게 먹을 수 있어 좋아하는 삼각김밥과 함께 아들의 이야기를 들어 줄 준비가 되어 있음을 편지에 적어 함께 놓으라고 알려주는 소통 방법은 경청을 우선으로 하고 있다 . 한자의 들을 청 ( 聽 ) 을 살펴보면 ‘ 상대를 임금처럼 여겨 열 개의 눈과 하나의 진실한 마음으로 집중하여 듣는 것 ’ 을 뜻한다고 한다 . 우리는 말을 아끼고 듣기에 더 힘써야 함을 알지만 실천이 쉽지 않다 . 다시금 경청의 중요함을 인식해 본다 . 책에는 독고 씨가 가족과의 소통 방법도 알려준다 . (251 페이지 ) “ 손님한테 ...... 친절하게 하시던데 ...... 가족한테도 ...... 손님한테 하듯 하세요 . 그럼 ...... 될 겁니다 .” 가족도 인생이란 여정에서 만난 서로의 손님이라는 말은 너무도 맞는 말이었다 . 그런 가족에게 오히려 편하다는 이유로 상처 주는 말을 많이 했던 것 같아 가슴이 먹먹하다 . 가족에게도 손님한테 대하듯이 친절하고 따뜻하게 소통해야겠다 . 다양한 삶의 경험에서 느낀 제이에스에 대한 이야기도 공감하며 역지사지의 마음으로 우리는 진상 손님이 되지 말자고 다짐도 해보았다 . 각자의 자리에서 직장과 독서를 병행하고 있기에 대면 모임 참여가 결코 쉬운 일은 아닌데도 모두가 적극적으로 대면으로 참여해 주시고 앞으로도 동참할 수 있다고 서로에게 격려와 응원을 아끼지 않으며 다양한 의견을 제시해 주신 회원님들께 깊이 감사드린다 . 오늘의 모임은 따뜻하고 즐겁고 소중한 소통의 시간이었다 .
2023-05-28,10,"데일리북 북클럽 선정도서: 불편한 편의점 오프라인 모임 : 2023. 05. 15. PM8:00~ 불편한 편의점은 제목이 특이해서 어떤 내용인지 궁금해서 몇 달 전에 읽었던 책이었는데 북클을 통해 다시 한번 읽게 되었다. 처음 읽었을 때에도 부담 없이 가볍게 읽어서  재미있다고만 생각했는데 북클에서 토론을 해야 된다는 생각에 조금 더 생각을 하며 읽었더니 다른 각도로  생각을 할 수 있게 되었다. 불편한 편의점 - 노숙자인 독고씨가 편의점 사장님 지갑을 찾아주면서 인연이 되어 야간으로 편의점에서 일하게 되면서 독고씨 주변에 있는 사람들에게 변화가 일어나는 내용이다. 제목처럼 다른 편의점에 비해 없는 것이 많다 보니 불편한 편의점이지 않을까 하는 내용도 나오듯이 그 불편한 편의점에서 독고로 인해 처음 독고씨에게 편의점 일을 가르쳐 준 시현씨가 독고씨로 인해 다른 편의점에 스카우트되고 두 번로 낮에 근무를 하는 선숙씨는 아들과의 소통으로 인해 힘들어하다 독고씨의 말에 단절되었던 아들과 다시 소통하게 되었고 참참참(참이슬+참치+참꺠라면)을 퇴근 후 즐겨먹던 단골손님도 가족들과 소통이 힘들었는데 독고씨로 인해 다시 가족들에게 다가설 수 있는 계기를 마련해 주었다. 주제1. (252페이지) [결국 삶은 관계였고 관계는 소통이었다. 행복은 멀리 있지 않고 내 옆의 사람들과 마음을 나누는 데 있음을 이제 깨달았다.] 주인공의 깨우침처럼, 내 주위의 사람들과 마음을 나누는 괜찮은 소통 방법에 대하여 이야기 나눠요. 여기서 독고씨는 오랜 세월 노숙자 생활과 알코올로 인해 과거를 기억 못하고 말까지 오랫동안 안 해서 말을 아주 천천히 할 정도로 소통이 조금 힘들다가 조금씩 사람들과 소통이 되긴 하지만 그래도 말을 천천히 하다 보니 듣는 것을 주로 했기 때문인지 독고씨는 주변 사람들의 말을 잘 들어준다.  요즘은 누구나 다들 듣기보다는 서로 말을 하려고 하는 세상에 누군가가 내 얘기를 들어만 주어도 위안이 되는 세상이지 않을까 싶다. 내 말에 경청을 해 준다는 건 참 감사한 일이다. 나 또한 듣는 것보다 하는 걸 더 선호하는 편이어서 지인들과 만남을 가지고 돌아오는 길에는 반성을 하게 된다. 조금만 말을 줄일 걸..... 말을 너무 많이 하다 보면 말 실수를 할 때도 있어서 이왕이면 말을 아끼고 남의 말을 경청해 주며 들어 주는 것도 필요하다는 생각을 많이 한다. 멋진 말보다는 들어 주는 것만으로도 때로는 위안이 되는 요즘에 말이다. 나도 아이들과 소통을 할 때는 들어주는 걸 먼저 하는 습관을 들여야겠다. 마음만 앞서가서 아이들이 내 말을 따라주길 바라고 내 말을 안 들으면 불같이 화를 내다보니 엄마의 말은 잔소리로 듣게 된다. 고쳐야 되는 줄 알지만 쉽게 잘 안 되는 것 또한 이것이다. 이상하게 나이를 먹어갈수록 참견을 많이 하게 되고 쓸없는 말을 너무 많이 한다. 생각보다는 말이 먼저 나가버리니 나중에 아차 하면서 '내가 왜 이러지' 하는 후회를 한다. 나도 독고씨처럼 누군가에게 위로가 되어 주고 싶다. 특히 제일 가까운 가족, 지인들에게 말이다. 주제2. 그동안 살아오면서 당신에게 제이에스 오브 제이에스가 있었나요? 당신의 최고의 진상을 찾아 이야기 나누고, 앞으로 살아가면서 우리가 그런 진상이 되지 않도록 역지사지의 마음을 가져보아요. 여기서 제이에스 오브 제이에스는 진상 손님을 말하는데 내가 살아오면서 진상 손님을 말날 일들은 흔치 않다. 서비스업에 종사하는 경우도 아니고 일반 회사를 다니다 보니 많은 사람들을 만나는 경우도 아니다 보니 과연 내가 진상을 만난 적이 있나 생각해 보아도 떠오르지 않는다. 반대로 내가 진상이 되었던 경우도 있는 것 같다. 내 작은 착각으로 인해 따지다가 내가 잘 못 듣고 오해해서 듣다가 아 내각 착각했구나 하는 생각이 들어서 착각했다고 미안하다고 한 적도 있었고, 신축공사 현장에 물건을 주문하는데 주소가 안 나와서 정말 너무 안일하게  그 주변 아무 주소나 찍고 끝에다가 현장 주소를 적어서 주문했는데 배송기사가 한 번은 해배송 해 주면서 싫은 소리를 했다고 했는데 시간이 지나서 까먹고 다시 아무생각없이 또 주문을 해서 반품비 물고 취소하라고 해서 끝까지 우기다가 취소를 하기는 했지만 잘못을 인정을 안 하고 전화를 끊은 적이 있었는데 어쨌든 내가 주소를 잘 못 찍은 거니 내 실수 맞는데 무슨 오기인지 왜 죄송하다는 말을 못하고 그냥 끊어버렸는지 참 그 쇼핑몰에 죄송하다. 아마 내가 그 분한테는 진상이지 않을까 싶다..  그 사건으로 인해 내가 실수한 것에 대한 건 내 잘못을 인정하고 사과하는 습관을 들여다겠다는 생각을 하게 되는 계기였다. 그리고 주문할때 다시한번 주소지를 확인하는 습관도 들이게 되었다. 벼는 익을수록 고개를 숙이듯이 나도 잘못을 인정하는 습관을 들여야겠다. 자존심만 내세우지 말고 잘못한 건 인정하는 습관을 들이도록 노력해야겠다. 마지막으로 '나는 과연 주변 사람들의 말을 얼마나 잘 들어주는가?' 다시 한 번 생각을 할 수 있는 시간을 가질 수 있어서 좋았다."
2023-05-25,10,"베스트셀러 코너에 턱하니 놓인 책을 보고서 읽으려 들지 않았다. '늘 그렇듯 비슷비슷한 이야기들이겠지.. ' 그래놓고선 늘 그랬듯 '이 좋은 책을 안 읽었더라면..' 아찔한 마음으로 덮는다. 다행히 '불편한 편의점'은 별빛서가님의 팟캐스트로 소개받았다. 책이 궁금하던 차 별빛서가님은 어서 오세요, 휴남동 서점입니다.를 추천해 주셨고 그렇게 나는 두 권의 책을 다 만나는 행운을 얻었다. 어서 오세요, 불편한 기적입니다. 시리즈를 여기저기 추천까지 했으니, 불편한 편의점에 나오는 '참참참' 메뉴와 다를 바 없다. 메뉴는 별게 없지만 다녀가는 사람이 일하는 직원이 편안하길 바라는 염 여사의 마음에 조금은 가까워진 기분이다. ""밥 딜런의 외할머니가 어린 밥 딜런에게 이렇게 말했다고 해요. 행복은 뭔가 얻으려고 가는 길 위에 있는 것이 아니라 길 자체가 행복이라고. 그리고 네가 만나는 사람이 모두 힘든 싸움을 하고 있기 때문에 친절해야 한다고 ."" _ 불편한 편의점 140p 불편한 편의점을 읽는 동안 20대 내 주머니를 채워 준 각종 알바들이 생각났다. '젊어 고생은 사서 하라'라는 말에 '무슨 헛소리야. 고생 살 돈 있으면 일을 왜 해?'라며 삐딱했다. 생각해 보면 표현은 못 했지만 그런 삐딱한 마음들이라도 있어서 그 시간들이 버텨지지 않았나 싶다. 그 시절 세상에 침 한번 뱉지 못했다면 지금 엄청 뱉고 있지 않았을까 싶은데.. 청춘이 가진 객기, 취기, 독기를 체험해서 다행이라고 해야 하나. 살다 보니 살아졌던 시간들이 결국은 '삶의 체험 현장'이었고, 그 현장은 '경험'이라는 단정한 단어를 수여해 줬다. 그 경험 안에 내가 받은 친절들을 추려보자니 '어른'이었던 그들의 삶 또한 녹록지 않았으련만 '어른'이고자 했던 노력들이 보였다. ""집에 간다고 지옥에서 로그아웃할 수 있는 것도 아니었다. _ 가정에서 느낄 수 있는 따뜻함과 안정감 , 내 편이라는 동질감은 사라진 지 오래였고, 퇴근 후 집에서 먹던 야식에 소주는 퇴출된 지 오래다. _ 과로를 하느라 가정에 충실하지 못하고 그렇다고 돈도 많이 못 벌어다 줘 대접도 받지 못하는 상황이 반복되자, 아내도 지치고 경만 역시 가족에게 잘해주지 못했다. _ 아내에게는 존재감 없는 남편으로, 쌍둥이에게는 재미없는 아빠로 어떠한 반전도 주지 못한 채 늙어갈 판이었다. _ 어디서부터 잘못된 걸일까? 115p ""유일한 장점이었던 성실함과 친절함의 바탕은 체력이었고, 나이가 들어가며 딸리는 체력은 성실함과 친절함을 무능력과 비굴함으로 변화시켰다. 체력은 정신력조차 지배하게 되어 멘탈이 털리는 날이 늘어났고, 곧 대표와 동료들의 무시로 돌아왔다."" 116p "" 회복탄력성 이라고 하나? 그러니까 그게 사라진 거다. 젊을 때는 실수를 해도 만회할 힘이 있었고, 숙취에 절어도 뜨거운 물 샤워 한방에 털어낼 수 있었다. 하지만 이제 그런 회복탄력성은 게임 속 에너지 게이지가 닳아 없어지듯 그의 인생에서 빠르게 휘발되고 있었다."" 116p 불편한 편의점에선 세상살이에 지친 어른들이 보였다. 어른들이라 표현하니 나는 아직 자라지 않는 듯 보이지만 내 또래 이야기다. 결혼을 하고 아이를 낳고, 누군가는 아이를 케어하고, 돈을 버는 주체가 되거나 함께 돈을 벌며 아이까지 보살펴야 하는 임무들이 주어진다. 남자, 여자 성별 가르듯 정해진바 없는 임무 안에서 누군가는 보이지 않게 상해갔다. 수분이 마르며 보이지 않는 부분부터 썩어들어가는 귤처럼. 다행이라고 해야겠다. 결혼 전에 어렴풋 이해했던 부부 사이에는 일정한 공식이 있어야 했다. '당연한 건 없다.' 일, 육아 모든 것이 그만한 가치를 가지고 존중받아야 한다는 것. 말이 좋아 존중이지 현실에선 녹록지 않다. 그런 현실이 불편한 편의점에 있다. 어디서부터 잘 못 된 걸까?라는 물음표를 만났다는 건 돌리고 싶다는 마음일지도 모른다. 어떻게? 아주 작은 것부터다. 소설 속 경만이 들고 간 1+1 초콜릿처럼. 내가 기대지 못했던 가정도 처음엔 꿈으로 세워올린 성이었다는 걸 이해해 본다. 사는 게 분주해 서로 좋아하는 것과 닿고 싶어 하는 것에 귀를 기울이지 못한 서툰 이들의 서툰 인생이었음을. 좋은 어른이 되고 싶은 책이다. '나의 아저씨' 드라마가 생각나는 책이다. 가족의 소중함을 다시 한번 새기게 되는 책이다."
2023-05-24,10,"<불편한 편의점> 오프라인 서점에 가면 항상 베스트 셀러 코너에 진열되어있고, 작은 동네 책방에서도 쉽게 볼 수 있을만큼 인기있는 책입니다. 비슷한 느낌의 제목들인 다른 책들도 많고 요즘 사람들이 필요로 하는 감성의 책인것 같아요. 누구나 자주 가고 많이 알고 있다고 생각하는 공간인 편의점, 그곳에서 일하는 사람과 손님에게 있는 작지만 큰 이야기들입니다. 제목은 불편한 편의점이지만 독자들은 전혀 불편하지 않게 자극적인 이야기 없이 따뜻하게 진행되어서 개인적으론 좋았습니다."
2023-05-20,8,"작가의 전작인 망원동 브라더스도 읽었고 그 책도 잘 읽기는 했는데 소장하고 싶지는 않았다 . 그래서 이 책도 도서관에서 빌려볼 생각이었다 . 그런데 무려 2 년을 기다렸는데도 계속 대출중이라 그냥 샀다 . 요즘 단편적인 형태의 이런 힐링 소설이 대세인가 싶다 . 뭐가 시초가 된건지 . 그냥 읽기 편하고 피식거리게 되는 부분도 몇 군데 있긴 한데 , 내용자체는 매우 진부하다 . 그래도 그냥 한 번 읽기는 좋다 . 잡담하고 비슷한 것 같기도 하다 . 사람 만나서 잡담하는게 시간낭비같으면서도 아주 중요한 일이다 . 내가 이 세상 그리고 사람과 연결되어 있다는 가장 확실한 느낌을 주는 순간이기도 하니까 말이다 . 이 책도 그렇다 . 잡담같은 책이다 . 대단한 내용도 없고 , 어찌보면 뻔한데 , 읽는 동안 그냥 조금은 마음이 편해지는 책이다 ."
2023-05-20,8,"#오늘의책 #하리의서재 #하리그라피 ?? 밥 딜런의외할머니가 어린 밥 딜런에게 이렇게 말했다고 해요. 행복은 뭔가 얻으려고 가는 길 위에 있는 것이 아니라 길 자체가 행복이라고. 그리고 네가 만나는 사람이 모두 힘든 싸움을 하고 있기 때문에 친절해야 한다고. ?? 결국 삶은 관계였고 관계는 소통이었다. 행복은 멀리 있지 않고 내 옆에 있는 사람들과 마음을 나누는데 있음을 이제 깨달았다. ?? 나는 자기가 하고자 하는 일에 절대 지치지 않는 그녀의 에너지가 부러웠다. 그래서 물었다. 대체 당신을 지탱하는 힘은 무엇이냐고? 그녀가 말했다. 인생은 원래 문제 해결의 연속이니까요. 그리고 어차피 풀어야 할 문제라면, 그나마 괜찮은 문제를 고르려고 노력할 따름이고요. #불편한편의점 #김호연 #나무옆의자 처음보는 출판사다. 아무래서 출판사를 타는 편인데다 베스트셀러를 바로 사지는 않는 편인데 카페에 있어서 읽게 되었다. 일단 가독성이 좋아서 쉽게 술술 읽혔다. 노숙자가 편의점 알바를 하게 되는 상황이나 알바생의 정체 등 흥미로운 부분이 많아서 재미있게 읽을 수 있었다. 결론은 누구나 다 아는 인생철학과도 같은 행복은 내 옆에, 가족을 소중히 여기자는 그런 익숙한 결론이었다. 그러나 평범한 삶이라는 게 얼마나 어려운가. 그 안에서 의료사고나 성공을 위해서라면 뭐든지 하는, 그것이 가족의 행복이라는 탈을 쓰고 욕망에 눈멀어버린 그런 불행한 인간의 모습이 있었다. 가볍게 읽었지만 결국 인생을 어떻게 살아갈 것인지, 내가 생각하는 행복은 무엇인지 고민하게 하는 책이었다. 내 행복은 주변에 연연하지 말하고 내가 즐거운 것을 하면서 사는 것이다. 연연하지 않는 게 가장 어려운 일이지만 말이다. 역시 쉽게 읽히고 재미있는 책이 베스트셀러가 되는 것이다. 좀 거슬리는 부분이 있기는 했지만 가독성이 좋다는 것과 진입장벽이 낮다는 것만으로도 편하게, 재미있게 읽을 수 있었다."
2023-05-19,10,"정말 금방 후루룩 다 읽었다. 어서오세요, 휴남동 서점입니다. 와 비슷한 느낌의 소설. 하도 베스트셀러에 오랫동안 올라 있길래, 직장 도서관에 있어서 빌려 읽었다. 팍팍한 세상에 따뜻한 온기를 전하는 소설이라 인기가 많았을까. 한편으론 이 작가 흡입력이 대단하구나 싶었던게 책 첫장을 읽기 시작하니 나머지는 저절로 읽히는 느낌이랄까. 아들과 사이가 안좋은 편의점 알바를 하는 아주머니, 남편의 유산으로 남겨준 편의점을 운영하는 퇴직한 사장님, 그 편의점을 팔아 어떻게든 사업을 벌이고자 하는 철없는 아들, 자신의 미래가 보이지 않는 불투명한 작가, 가족을 위해 밥먹듯 야근과 회식을 하지만 정작 그게 중요한게 아니라는 걸 아직 모르는 직장인, 그리고 노숙자. 노숙자를 제외하고는 그냥 평범하게 살아가며 평범한 고민을 하는 사람들이지만 당사자에게는 평범하지 않을 그런 고민을 하며 살아가는 이야기를 그리고 있다. 그런데 삶을 살아가는 방법은 그 노숙자, '독고'가 제일 잘 알고 있는 듯 하다. 마지막엔 노숙자의 정체가 궁금해서 급하게 읽어내려갔는데, 나름 반전이 있어서 재미있게 읽었다. 나도 아이를 데리고 구슬 아이스크림을 사주러 가끔 편의점에 가고, 맥주 네캔애 만원어치를 사고, 또 가끔은 파라솔 앞에서 맥주를 마시기도 하는데  나 역시 이 책 속 등장인물 중 한명이 아닐까."
2023-05-17,10,"중학생 아이가 이 책을 읽고 나니 편의점 알바생이 뭔가 사연이 있는 것 같고, 예의있게 대하고 싶었다고 했다. 또 다른  아이든 매일 가는 편의점 아줌마가 좀 다르게 느껴졌다고 했다. 그날 처음으로 마스크를 벗고 들어갔는데 괜히 어색했지만 얼굴을 보며 인사를 나누니 기분이 좋았다고 했다. 나에게 이 책은 얼굴을 마주하며 웃는 느낌이었다. 모르는 사람에게 친절을 베풀고 싶은 책이었다."
2023-05-17,10,"잔잔 감동과 재미가 있는  좋은책입니다. 읽으며 행복한 기분이었습니다. 단숨에 읽히는 책입니다. 교훈도 있고  재미도 있고 편의점 사장님 같은 사람이 되고싶네요 주인공의 무뚝뚝하고 속깊은 마음이 멋집니다. 동생에게 선물도 했답니다. 표지도 너무나 아름답습니다. 어느동네엔가 있을것 같은 편의점 풍경인데 책을 읽고보니 더 예쁘게 보이네요, 작가의 다른 책도 궁긍하고  기대되어 다른책도 읽고싶어요"
2023-05-14,8,"학교 독서시간에 읽어보려 한 책, 읽어본 결과 청소년이라면 읽어 볼만 하지만 고등학생부터는 약간 유치할 수도 있어서 초등학교 고학년에서 중학교 저학년이 읽기 적당한 책 같다. 노숙자 아저씨가 점점 변해가는 과정에서 주변사람들에게 끼친 영향 정도가 이 책의 주요 줄거리 같다. 굉장히 최근에 나온 책이라 요즘 시대의 사람들의 생각이 많이 반영된거 같아 공감도 많이 되었다."
2023-05-09,10,중학생인 아이가 예전부터 읽고 싶다고 했었는데 좀 늦게 구입하게 되었네요. 워낙 베스트셀러로 유명한 책이라 요즘 독서와는 거리가 먼 삶을 살고 있던 저도 읽어보게 되었습니다. 아이가 책을 금새 다 읽고 저에게 넘겨줬는데 역시 재미있고 감동적이어서 저도 바로 다 읽었네요. 이 책을 통해서 우리 모두 각자의 삶에 어려움이 있지만 서로 관계를 맺고 소통하며 나누는 마음에서 진정한 행복을 찾을 수 있다는 것을 다시한번 깨닫게 됩니다. 2권도 읽고 싶네요
2023-05-06,10,"화제의 베스트셀러를 다소 늦게 접하고 구매하게 되었는데, 역시 많은 사람들이 재미있게 읽고 칭송하는 데에는 다 이유가 있다는 사실을 새삼스럽게 한 번 더 실감하게 되는 그런 경험이었다. 작은 편의점을 중심으로 이를 오가는 사람들의 삶의 모습과 그들이 그려내는 아름다운 삶의 선율들이 때로는 불협화음을, 때로는 오케스트라를 이뤄내는 것이 그렇게 사랑스러울 수 없다. 어찌 보자면 이미 한 번 유행했을 형식의 글일 수는 있으나 언제나 누구에게나 힐링과 위로가 된다면 그것이 바로 명작이 아니겠나 싶다."
2023-05-05,8,김호연 작가의 불편한 편의점 리뷰 소설책을 읽고 싶을 때 순위에 올라있어 주문했습니다. 오랜만의 독서였는데 누구나 이해하고 공감할 수 있는 내용이 쉽게 읽히고 마음이 따뜻해지네요. 각 등장인물들의 사연 하나하나가 설명되는 방식이 마음에 들었습니다. 2편이 있으니 뒷이야기가 궁금해져 또 주문했습니다. 가벼운 휴식의 독서를 원하는 분들께 추천합니다. 잘 읽었습니다.
2023-05-05,10,"주위의 입소문으로 인해 이 책에 관심을 가지고 사게 되었어요. 한페이지 한페이지 읽으면서 가슴 뭉클,진한 여운 등등 완전 색다른 경험들을 하는것 같아 너무 좋았습니다.정말 우리동네에도 이러한 따뜻한 공간이 있다면 너무 좋을것 같으며,인간관계에서도 힘든 상황들을 묵묵히 잘 헤쳐나가는 모습에 큰 박수와 칭찬을 보냅니다. 비록 소설속 이야기들이지만, 이 시대를 살아가며 잊혀진 좋지 않은 모습들을 다정다감한 새로운 모습으로 바꾸어 나가는 전개가 너무 감동적이였습니다. 당연히,우리들 세상은 여전히 아름답고,순수하며,착한 사람들이 많은 따뜻한세상 입니다.이야기속의 주인공처럼 묵묵히 자기일들 하면서 타인을 배려하며,경청하며,칭찬하고,도움주는 인자한 사람들이 되었으면 좋겠습니다. 개인적으로 인문학을 즐기며,소설은 잘 읽지 않았으나,불편한 편의점을 계기로 가끔씩은 소설책도 구입할 예정입니다. 가슴 따뜻하며,인자한 인상을 가슴 깊이 새겨준 이 책에, 다시 한번더 고마움을 전하며, 많은분들이  꼬옥 이 책을 읽고,함께 행복 했으면 좋겠습니다^^♡"
2023-05-02,10,베스트 셀러 도서라길래 구입해 본건데 생각보다 제 취향에 맞아서 더 재밌게 읽고 있어요. 서울역 노숙자였던 독고씨가 편의점 직원으로까지 변신하고 그리고 멋지게 성장하는 내용이더라구요.  그러기까지 편의점주인분의 생각의 넓음이 큰 영향을 끼쳤지만요. 거리를 뒀던 주변 사람들까지 마음을 바뀌게 하는 독고씨만의 매력이 너무 귀엽고 순수했어요. 잃어버렸던 무언가를 건드린다고나 할까요. 초등 아이와 함께 읽는데 중간에 욕설이나 그런건 삐처리후 읽어 주고 있는데 그 외에는 아이도 함께 봐도 괜찮았어요. 아이와 함께 보느라 속도는 느리지만 곧 2권도 구입하려구요.
2023-04-30,10,"불편한 편의점. 요즘 같은 시대에 없어서는 안될 존재가 편의점. 수많은 사람들이 드나드는  편의점에서 개개인의 삶도 그냥 물건을 집고 결제하고 나가는 단순한 일상일 수도 있었다. 그러나 청파동이라는 작은 동내에서 유명하지 않은 프렌차이즈 편의점인 올웨이즈 편의점 그리고 뭔가 특이하고 불편한 알바생 독고씨. 이 세가지가 만나 물건을 사러 들어오는 사람들의 인생이 조금씩 더 자세히 특별히 비춰지고 있는 듯 하다. 반복해서 찾아오는 사람들을 관찰하고 배려하고 그들의 애환을 이해해주는 독고씨덕에 손님도 위로를 받고 독고씨 스스로도 구원을 찾아가는 여정을 보며, 각자의 삶도 스스로 해결못하는 부분들을 품고 살지만 주변을 돌아보며 나누었을때 자신도 풀어져가는 기회도 오지 않을까 생각 해본다. 그리고 염사장님 같은 좋은 어른을 만난것이 독고씨에게 엄청난 행운이 되었듯이 좋은 어른을 만나고, 누군가에게 좋은 어른이 되어주는 것이 얼마나 가치 있는 일인지 깨달아지는 책이다. 첫장을 읽고 마지막 장을 읽을 때까지 마음의 온도가 꾸준히 올라가 따뜻함이 꽉 차는 느낌을 이 책을 읽으며 오랫만에 느꼈고, 그동안 무미건조하고 각박하게 살아야했던 이 세상의 차가움도 새삼스레 느꼈다. 읽는동안 책 속의 인물들을 삶을 응원하고 내 삶도 응원하는 시간이 되었다."
2023-04-29,10,"초등학교 협력강사로 가게되면서 초등학교 도서관을 갈 기회가 있었다. 협력강사인 나에게도 대출의 기회가 주어졌고, 어떤것을 빌려볼까 하다가 눈앞에 있는 표지 그림이 이뻤던 불편한 편의점을 읽게되었다. 어떤 내용인지 아무 정보도 없이 표지만 보고 고른책이었는데, 마지막은 큰 여운이 남았던 책이다. 나는 편의점 사장님 같은 인성이 될 수있을까? 남들 다~그렇게 보는데 나는 다른 부분을 볼 수 있을까? 이렇게 나 자신에게 의문을 가지면서, 선입견을 가지고 어떤 사람을 대하지 않아야지 다짐했었다. 늘 머리로는 생각했던 마음가짐이지만 또 살면서 잊고 지냈는데, 책을 읽으면서 되새기게 되었다. 또, 나는 독고씨처럼 내 맡은 일에 최선을 다하고 있는가? 도 생각해 보았다. 나는 지금 너무 바쁘다. 내가 하고 있는 3가지 일을 다 잘해내고 싶다. 하나만 집중하면 잘 해낼 수 있을까? 싶지만 일을 줄일 수는 없는 현실이고,,, 쉴때는 쉬고 일 할 때는 일을 하며 나의 마음도 다치지 않게 잘 해내고 싶다. 다른 사람과 비교하지 않고, 주어진 나의 일과 나의 가정을 바라보며 매순간 최선을 다해야겠다는 생각이 들었다. 화려하고 바쁜 세상속에 시간이 멈춘듯한 느낌의 편의점이었다. 따뜻한 곳이라는 생각이 들었다. 나의 일터도..따뜻한 곳이 될 수 있길 바라본다!"
2023-04-29,10,"베스트셀러 소설 김호연 장편소설 불편한 편의점. 이제야 읽어보았다. 한참 전부터 읽어봐야지 하고 눈여겨보고는 있었는데 막상 다른 책들 읽고, 다른 일들 한다고 밀려서는 이제야 마음 먹고 예약해서 빌려읽었다. 가끔 희망도서 빌리려고 도서관에 가보면 예약코너에 꽂혀있는 걸 보며, '저 책은 예전에 나온 책인데 아직도 사람들이 예약해서 볼 정도로 인기가 있구나.' 싶었는데... 그나마 난 금방 빌렸다. 요즘은 40만부 기념 벚꽃 에디션 팔던데, 내가 빌린 책은 15만부 기념 윈터 에디션. 일부러 다른 서평도 안 찾아봤고, 그냥 사람들이 재미있다, 읽어보라는 추천만 보고 읽기 시작한거라 배경지식이 하나도 없었다. 그런데 그게 잘 한 것 같다. 아무 것도 모르고 읽으니 이야기 하나하나 읽는 재미가 있고, 뒤가 궁금해서 더 열심히 읽을 수 있었다. 차례의 제목을 보고 '이건 모두 편의점 상품들이네' 싶었는데 그 상품들이 한 명 한 명의 사연, 이야기와 연결되는 걸 보니 참 잘 어울린다 싶고 재미있었다. 화려한 미사여구가 있는 이야기가 아니고, SF 과학 소설처럼 놀라운 상상력이 돋보이는 건 아니지만, 우리 바로 주변의 세상 사는 이야기. 보통 사람들의 소소한 이야기가 아기자기 엮여서 공감을 일으켰다. 그래서 재미와 감동이 있는 소설, 다음 편도 기대되는 소설이 된 것 같다. 그래서 1권 거의 다 읽으면서 바로 2권을 예약했다. 여기서부터는 책 내용 들어간다. (혹시라도 책 읽으실 분이라면 스킵하는 것도 좋습니다.) 산해진미 도시락을 통해 염 여사와 독고씨의 만남이 시작된다. 뭐 진짜 시작은 염 여사의 파우치 때문이었지만... 다른 노숙자와 싸우면서까지 염 여사의 파우치를 찾아 돌려주는 걸 보며 정말 독고씨가 정의로운 사람이라 생각했다. 물론 나중에 밝혀진 바로는 그 시작부터 정의로운 마음은 아니었지만... 어쨌든 이 운명적 만남으로 인해 염 여사, 독고씨, 이들과 연결된 사람들의 변화가 일어난다. 편의점의 오후 알바 시현의 시선으로 바라본 제이에스 오브 제이에스. 난 이게 '진상'손님을 부르는 말인줄 이제 알았네. 독고씨를 노숙자 출신의 미련곰탱이로만 보았는데, 진상 손님을 자신만의 방법으로 해결하는 것을 보고 조금씩 다른 시각으로 보기 시작한다. 그리고 독고씨가 의도한 건 아니지만 그의 조언 덕분에 더 나은 직장을 찾게 된다. 독고씨를 통해 행운을 얻었다고 볼 수도 있는데, 그것 또한 시현이 차분하고 친절한 사람이었기 때문일거라 생각한다. 이번에는 오전 알바 오여사. 선숙 씨의 이야기가 나온다. 아들과 엮인 사연, 그리고 독고씨의 조언으로 이들의 관계가 개선될 것을 암시하며 이야기는 마무리 되었다. 결국 둘의 사이가 어찌 되었는지는 책의 마지막에 나오는데, 이 정도 되면 독고씨는 본능적인 고민 해결사, 상담사가 아닌가 싶기도 했다. 쌍둥이 딸을 둔 영업직원의 이야기 원 플러스 원. 참참참 조합은 자꾸 나오니 괜히 나도 먹어보고 싶다. 아이들 말하는 내용이 너무 기특하고 이뻐서 뭉클하기도 했던 이야기. 이 분도 마지막에 자연스럽게 연결되는 걸 보니 역시 작가님은 마지막을 다 계획하고 있었구나 싶었다. 희곡 시나리오를 쓰는 인경의 이야기, 염 여사 아들 민식의 이야기, 그리고 흥신소를 운영하는 곽의 이야기. 한 명 한 명의 이야기가 하나의 에피소드를 이루었고, 이것이 마지막 ALWAYS 에서 결말로 이어졌다. 그동안 계속 궁금했던 독고의 과거, 그리고 독고와 에피소드에 등장했던 인물들의 현재의 모습까지 그동안 의문으로 남았던 것들을 말끔하게 해결해주며 긍정적인 결말을 맞이했다. 2021년 당시 한참이었던 코로나19로 인한 사회적 거리두기. 그 상황이 잘 녹아 들어있는 것도 인상적이었다. 마스크 의무착용, 대구에서 있었던 코로나19 집단감염 등이 이야기와 자연스럽게 연결되어 중요한 역할을 하는 것이 재미있었다. 사람과의 소통과 관계에 대해 이야기하는데 그런 소통을 단절시키는 사회상황과 맞물려 표현한 것이 인상적이었다. 오랜만에 소설 읽으면서 피식피식 웃었던 것 같다. 그만큼 재미있게 읽었고, 그래서 술술 읽혔다. 사람들이 왜 재미있다고 하는지 알 것 같았다. 쉽고 군더더기가 없다. 사실 살면서 공부할 것도 많고, 걱정도 많고, 생각이 많다. 안그래도 머리가 복잡한데 영화나 드라마도 너무 내용이 복잡하고 무게감 있는 것은 부담스럽고 그냥 가볍게 재미있는 것들이 땡길 때가 있다. 그렇다고 작품성이 없다는 건 아니고.... 내용이 쉽고 편하다는 의미이다. 소설도 무게감있고 복잡한 내용에서 재미를 느끼기도 하지만, 삶이 힘들 때 '불편한 편의점' 같은 소설을 읽으면서 웃기도 하고 공감도 하고, 감동도 받으면 좋을 것 같다. 그래서 많은 사람들이 추천하고 베스트셀러가 된 것이구나 싶었다. 1권에서 어느정도 이야기가 마무리되서 2권은 과연 어떻게 진행이 될지 궁금하다. 이미 책은 빌렸는데 다른 책도 같이 빌려서 바로 읽지는 못할듯. 그래도 빨리 읽어보고 싶다. 결국 삶은 관계였고 관계는 소통이었다. 행복은 멀리 있지 않고 내 옆의 사람들과 마음을 나누는 데 있음을이제 깨달았다. - 불편한 편의점 p.252 삶이란 어떻게든 의미를 지니고 계속된다는 것을 기억하며, 겨우 살아가야겠다. - 불편한 편의점 p.266"
2023-04-27,10,"김호연 작가는 1974년 서울 출생, 고려대학교 국어국문학과를 졸업했다. 2013년 제9회 세계문학상 우수상, 제1회 부천만화스토리공모전 대상을 수상했다. 대형마트와 상권에 밀려 다소 외진 곳에 위치해 있고, 장소도 협소하며 장사가 잘되는 편이 아니라 찾는 물건이 가끔 없을 때가 많다. 1+1 상품도 없는 편인 불편한 편의점에 그럼에도 불구하고 꼭 들러야만 하는 손님들이 찾아들고, 불편한 편의점에서 일해야만 하는 사람들이 만나면서 펼쳐지는 이야기다. 누군가에게 위로가 된다는 것은 정말 따뜻한 일이다. 책으로 읽어도, 말로 들어도 마찬가지다. 그가 가난하고 언뜻 보기에 하찮아 보일지라도 그의 마음속에 맑고 빛나는 것이 있다면 다른 사람들도 알아채고 그 따스함에 움츠렸던 마음이 스르르 펼쳐진다는 것을 알게 해 준 책이다. 정지아 소설 아버지의 해방일지는 장례식장이 무대가 되어 이야기가 펼쳐진다. 김호연 장편소설 불편한 편의점도 편의점을 구심점으로 이야기가 펼쳐지는 구조를 가졌다. 1부를 읽고 2부를 읽으면 주인공들이 서로 얽혀서 자기의 입장으로 또 다른 이야기들이 만들어지며 이야기의 극적효과를 극대화한다. 『불편한 편의점』은 2021년에 출간된 베스트셀러다. 편의점은 우리의 생활반경 깊숙한 곳까지 파고들어 쉬이 이용할 수 있는 장소다. 알바를 구하는 사람들이 비교적 많이 찾아갈 수 있는 곳이다. 큰 준비 없이도 바로 시작할 수 있는 일이라고 생각했다. 이 책을 읽으며 편의점 알바도 돈은 적고 할 일은 많으면서 JS (진상손님)도 상대해야 하는 어려움이 크다는 것을 알았다 노숙자이면서 알코올성 치매로 자신이 누구인지 어떤 일을 했던 사람인지를 기억하지 못하는 독고가 주인공이다. 그는 우연히 편의점 주인인 할머니의 파우치를 줍게 되는데 그를 안타깝고 고맙게 생각한 주인 할머니에 의해 편의점에 취직하게 된다. 갖가지 사연으로 슬픔에 빠진 주인공들이 편의점을 이용하면서 독고의 위로를 받고 삶의 희망을 찾아가게 된다. 특별할 것 없는, 어쩌면 평범에서 더 어려워 보이는 독고가 무람없이 툭툭 던지는, 또는 더듬거리며 띄엄띄엄한 말속에서 깜짝 놀랄 그럴듯한 말, 가슴을 울리는 말들을 들으면서 마음이 따뜻해졌다. 각자의 삶의 길을 찾아가는 과정에서 편의점 알바를 거치는 사람들과 편의점 야외 테이블에서 술을 마시며 허덕이는 삶을 위로받는 사람들이 우리들 보통 사람들의 이야기였다. 주인 할머니는 대형마트들에 밀려 경영난이 어려운 편의점을 계속 운영한다. 자신은 연금이 나오기 때문에 굳이 편의점이 없어도 되지만, 아르바이트를 위해 편의점을 접지 않고 그대로 운영하는 마음이 정말 고맙다. 이야기의 마지막 편에서 독고의 이야기가 펼쳐진다. 술을 끊고 생활인이 돼 가면서 차츰 기억이 돌아온다. 자신이 누구인지 알게 되고, 가족이 산산조각 나는 과정들이 기억난다. 자신이 아내와 딸에게 했던 잘못을 반성하고 가족을 찾아 나서며 끝을 맺는다. 술이 과한 손님에게 옥수수수염차를 권하며 술 대신 마시라고 한다. 마음이 급한 사람에게도 권하는 옥수수수염차다. 나도 편의점에 들러 옥수수수염차 한 병 사 먹어야겠다. [불편한 편의점 2]에서는 1권에서의 주인공들이 다시 등장하면서 펼쳐지고 시간이 지난 후의 일들이 전개된다. 상대편의 입장에서 이야기를 들으면 이유를 알게 된다. 역지사지라고 했던가. 문제라고 생각했던 매듭들이 모두 풀린다. 서로의 마음을 이해해 보려고 노력하는 모습, 직선적인 말보다 에둘러 말해보는 모습. 그렇게 마땅한 자리를 찾아가는 결말이라서 책을 덮으면서도 마음이 따스해졌다. 사람들은 누구나 자신의 이야기를 하고 싶어 한다. 다른 사람의 이야기를 들어주는 것이 얼마나 소중하고 아름다운 행위인지 알게 되었다. 문제를 안고 나타난 사람들이 편의점에서 일하는 사람을 통해 이야기를 시작하고 해결책까지 찾게 된다. 누구랄 것도 없이 관심을 갖고 베풀게 되는 친절들이 쌓여 아픈 사람들의 마음을 다독여주는 스토리에 공감을 불러일으킨다. 내 이웃의 이야기인 듯, 또는 나의 이야기인 듯 공감하게 되는 이야기다. 마음을 다친 사람들이 결국은 사람과의 관계 맺기를 통해서 상처가 치유되고 삶에 다가서게 되는 모습이 좋았다. 우리 곁에 있는 편의점. 거기에 우리의 이웃, 우리의 가족인 사람이 있다. 그 사람들이 불편하지 않는 환경에서 즐겁게 일할 수 있도록 좋은 손님이면 좋겠다."
2023-04-27,10,"가볍게 읽을 수 있는  책이라 시간 가는 줄 모르고 읽었다. 마치 내 옆집에서 일어나고 있는 일처럼 독고씨와 등장인물들의 이야기가 술술 그려지고, 펼쳐졌다. 한 명, 한명의 등장인물들에게 정이 가고 이해가 가지 않는 인물들이 없었다. 글을 다 읽고 난 이후에도 여운이 남아서 계속 생각나는 그런 책 인것 같다. 독고씨와 독고씨를 지켜주던 사장님 , 그런 사장님의 은혜로 독고씨가 기억을 찾고, 다른 누군가를 도와주는 일들을 보면서 나도 다른사람들에게 도움이 되고 싶었다."
2023-04-24,9,"글이 쉽고 술술 읽혀서 갑갑해서 더이상 무언가가 눈에 들어오지 않을 것 같을 때라도 읽을 수 있을 것 같습니다 한 사건을 통해 서로 다른 상황, 환경, 연령의 사람들이 각자의 시각으로 바라보는 모습을 보며, 내가 품어왔던 걱정에 대해서도 내 시야가 아닌 다른 누군가, 혹은 상대방의 입장에서 생각해보며 마음에 환기를 갖게 되었습니다 독고라는 인물을 통해, 세상 사람들 중에 잘 사는 사람도 못 사는 사람도 그리고 나 자신도 다 마음에 상처는 갖고 있구나를 알게 되었고, 그런 상처를 가진 사람들도 서로가 서로룰 위해주고 위로해줄 수 있음도 알게 되었고, 또 그렇게 서로의 이야기를 듣는게 소통의 기본이라는 걸 알게되었습니다 엑스트라 인물들도 가벼운 인물, 이해 안가는 인물들이 아닌, 쉽게 공감할 수 있고 주변에서 자주 접할 수 있는 익숙한 패턴의 인물들이 등장하여 그 인물들의 개성으로 짜임 좋게 내용이 구성된게 너무 좋았습니다 그 외의 부가적인 부분들도 많지만, 줄줄이 얘기해주기보단 직접 읽어보시길 추천합니다 아, 마지막은 열린결말이니 열린결말을 싫어하시는 분들은 이점도 염두해두시면 좋을 것 같습니다"
2023-04-19,10,"서울역에서 노숙인 생활을 하던 독고라는 남자는 어느 날 70대 여성의 지갑을 주워준 인연으로 그녀가 운영하는 편의점에서 야간 알바를 하면서 이야기가 시작된다. 덩치가 곰 같은 이 사내는 알코올성 치매로 과거를 기억하지 못하는 데다 말도 어눌하고 행동도 굼떠 과연 손님을 제대로 상대할 수 있을까 의구심을 갖게 하는데 웬걸, 의외로 그는 일을 꽤 잘해낼 뿐 아니라 주변 사람들을 묘하게 사로잡으면서 편의점의 밤을 지키는 든든한 일꾼이 되어간다. 소설에는 독특한 개성과 사연을 지닌 인물들이 차례로 등장해 서로 티격태격하며 별난 관계를 형성해간다. 고등학교에서 역사를 가르치다 정년퇴임하여 매사에 교사 본능이 발동하는 편의점 사장 염 여사를 필두로 20대 취준생 알바 시현, 50대 생계형 알바 오 여사, 매일 밤 야외 테이블에서 참참참(참깨라면, 참치김밥, 참이슬) 세트로 혼술을 하며 하루의 스트레스를 푸는 회사원 경만, 마지막이라는 각오로 청파동에 글을 쓰러 들어온 30대 희곡작가 인경, 호시탐탐 편의점을 팔아치울 기회를 엿보는 염 여사의 아들 민식, 민식의 의뢰를 받아 독고의 뒤를 캐는 사설탐정 곽이 그들이다. 제각기 녹록지 않은 인생의 무게와 현실적 문제를 안고 있는 이들은 각자의 시선으로 독고를 관찰하는데, 그 과정에서 발생하는 오해와 대립, 충돌과 반전, 이해와 공감은 자주 폭소를 자아내고 어느 순간 울컥 눈시울이 붉어지게 한다. 그렇게 골목길의 작은 편의점은 불편하기 짝이 없는 곳이었다가 고단한 삶을 위로하고 웃음을 나누는 특별한 공간이 된다. 편의점이라는 익숙하지만 낯선 공간에 대한 이야기가 흥미로웠다. 소설적인 요소가 너무 많이 담겨있는 것이 아쉽기도 했지만, 한편으로는 책을 읽으면서 매일 다른 세계로 여행을 가는 기분이었다. 이 책을 읽고 난 이후로 편의점에 가면 알바생을 한번 더 쳐다보게 된다. 편의점에 마련된 공간에서 끼니를 해결하고 있는 누군가가 있다면 괜히 그 사람의 삶을 상상해보기도 한다."
2023-04-15,10,"편의점을 자주 이용하는 편은 아니었는데 코로나 팬데믹를 거치면서 무인 결제가 활성화되고 스마트폰에서 간편 결제 기능이 강화되면서 운동하러 갈 때나 출퇴근할 때 편의점에 잠깐 들러서 필요한 물품을 사는 것이 일상화되었다. 갈증이 날 때 생수 한 병을 살 수도 있고 도시락과 같은 간편식의 종류도 다양해져서 간단하게 한 끼를 해결할 때 상당히 유용하다. 식당이나 카페를 찾아가지 않아도 즉석에서 식사를 해결할 수 있으며 코로나 때문에 잠시 잠잠했지만 편의점 앞 야외 테이블에서 간단히 맥주를 한잔할 수 있는 낭만(?)이 있는 곳이다. 어쩌면 하루하루를 열심히 살아가는 평범한 우리들을 위한 소소한 공간인지도 모른다. 퇴근길에 혹은 출장을 가서 호텔방에서 혼자 잠들기 아쉬울 때 편의점에 들러서 맥주와 간단한 안주를 사기 위해 들르는 곳이기도 하다. 이런 편의점에서 벌어지는 일들을 담은 작품이기에 많은 사람들이 공감을 한 것 같다. 책의 제목만 보고 편의점을 들락거리는 손님들에 대한 이야기만 있는 줄 알았는데 편의점 사장과 알바를 하는 직원들, 그리고 그 와중에 만나는 사람들의 이야기를 다루었다. 딱히 누가 주인공이라 할 수 없을 만큼 여러 사람의 시각에서 이야기가 전개되는 게 흥미로웠다. 이 사람은 이렇게 행동하고 말했는데 또 상대방은 어떻게 그것을 받아들였는지 전지적 작가 시점으로 이야기가 전개되었다. 그냥 소소한 이야기만 담은 것이 아니라 자꾸 뒷이야기가 궁금해지도록 만드는 묘한 매력이 있었다. 열흘 정도 여유 있게 책을 읽으려고 마음먹었는데 이어지는 내용이 궁금해서 견딜 수 없어 다른 일 제쳐두고 책을 읽다 보니 금세 다 읽게 되었다. 그리고 마지막에는 소설의 진짜 주인공이 1인칭 주인공 시점에서 모든 이야기를 정리해나가는 결말. 물론 어디까지나 소설이기에 저렇게 아구가 딱딱 맞아떨어질 수는 없지만 무한한 상상력이 동원되지 않는다면 어떻게 소설이라 불릴 수 있겠는가? 현실과 소설은 다르다고 생각하지만 우리의 현실에서 일상적으로 만나는 그런 내용들이었다. 충분히 나의 이야기가 될 수 있고 어쩌면 지금 이 순간 나의 주변 혹은 나에게 벌어지고 있는 일상의 이야기인지도 모른다. 유통기한이 갓 지난 삼각김밥을 편의점 아르바이트하는 언니한테 얻어서 먹었다는 딸아이의 이야기를 들으며 충분히 공감을 했다. 나중에 대학생이 되면 편의점 알바를 해보고 싶다고 했다. 나 역시도 다양한 경험도 쌓고 편의점에서 여러 부류의 사람들을 만나볼 수 있으니 힘은 들지만 수개월이라도 일을 해보는 것은 추천한다고 했다. 물품도 진열해 보고 수요예측도 고려하여 직접 발주는 내지 않더라도 어떤 물품이 필요할지 스스로 파악해 보는 것은 여러모로 도움이 될 것이다. 소설에서 나온 것처럼 좋은 결과가 나올 수도 있을 것이다. 여러 사람들을 대하다 보면 사람들에 대한 파악이라거나 삶의 지혜 등도 배울 수 있지 않을까 생각한다. 우리가 책을 읽는 이유 중 하나이기도 한 것처럼."
2023-04-12,10,김호연 작가님의 불편한 편의점 리뷰 입니다 ...................................... 편의정 주인 할먼가 기치역에서 귀중품이 든 파우치른 잃어버리고  그걸 찾아준 노숙자와 인연이 되어 자신의 편의점에서 일하게 하고 그곳을 드나드는 사람들의 이아기를 그리는 이야기 입니다 삶이 팍팍한 우리 주변 사람들의 이야기를 실감나게 잘 그려내신거 같아요 읽으면서 감동하면서 읽었습니다 잘 읽었습니다
2023-04-06,10,"김호연 작가를 처음 알게된 책이 현재도 베스트셀러 최상단을 차지하고있는 불편한 편의점이다. 청파동이라는 골목 빌라촌에 위치한 ALWAYS 편의점에서 일어나는 일들을 소설로 만들었는데, 처음에는 편의점에서 일어나는 일상을 그린 가벼운 소설로 생각했고, 표지 디자인도 요즘 유행하는 표지 디자인으로, 별 특징이 없을거라 생각했지만 나의 예상과는 다르게  우선 오랜기간 베스트셀러 최상단을 차지할 정도로 재미가 있었다. 역시 소설은 재미있어야 한다. 다양한 연령층의 남녀노소가 공감하며 읽을 수 있어서 소설 불편한 편의점이 성공하지 않았나 생각한다."
2023-03-31,10,"책 제목부터 먼가가 암시하는 메시지가 특별할 것 같은 느낌이 든다 . 사실 이 책이 베스트셀러인지 몰랐다 . 같은 회사에 근무하고 바로 내 옆에서 근무하시는 직장동료 분의 조카사위가 바로 이 책의 저자인 김호연 작가 였다 . 휴식시간에 잠시 잠시 이책을 책상에서 열심히 읽고 있었다 . 그래서 이 책의 제목과 베스트셀러라는 사실을 알고 관심있게 책을 읽게 되었다 . 이 책은 성형외과 의사가 함께 근무하던 한 닥터의 잘못된 성형수술로 인해 아가씨가 사망하면서 그 충격을 잊고자 먹게 된 술로 인해 알코올성 치매로 이어져 가정 파탄도 되고 결국 서울역 노숙자 신세가 된 후 기억을 되살려 새로운 삶을 찾아가는 그 과정을 흥미진진하면서도 가슴 찡하게 울림을 주는 메시지를 전해주는 장편소설이다 . 특히 , 편의점에서 등장할 수 있는 여러 소재들을 가지고 주인공 독고를 중심으로 그리고 각각의 서로 다른 캐릭터들을 등장시켜 우리의 삶에서 쉽게 접할수 있는 이야기들을연결시킨다 . 삶에 지쳐 힘겹게 살아가고 있는 현시대의 사회상을 반영한 얘기들을 우리에게 전해주고 있기에 더욱 공감할 수 있었고 위로와 교훈의 메시지도 담고 있다고 볼수 있겠다 궁극적으로 이책의 저자가 독자들에게 던져주는 메시지는 나와 가장 가까운 주변과 가족과 이웃들과의 따뜻한 소통을 통해 결코 불편한 관계가 아닌 사랑과 화합을 만들어 가자는 얘기라 하겠다 ."
2023-03-31,9,"처음 선숙의 관점으로 시작하는 도입부에는 사실 어떤 이야기를 어떻게 끌고 갈까 ? 라는 호기심으로 커피 한잔과 함께 시작했다. 정말 오래간만에 한자리에서 쭉 ~ 다 읽은 책이 되었다. 노숙자의 독고에 대한 궁금증 때문이기도 하고 현실과 연결되는 내용때문이기도 한거 같고 편의점에 빠져 다양한 이야기에 빠져 다 읽고 아쉬움과 여운에 조금 멍하니 있을 수 있는 책 "" 24시간 내내내 불켜진 그곳이 방범 초소인 양 내 삶을 호위하길 원했다"" 딱 이정도의 여운 이였던것 같다. 원래 세트로 사서 볼려고 하다가 1권에 매력을 느끼면 2권을 사려고 했는데 바로 가서 2권을 주문하고 기다리고 있다."
2023-03-30,10,지인의 추천으로 구입해서 읽었는데 책장이 금방금방 넘어가고 다음 내용이 궁금해지고 주인공으로 나오는 독고씨가 누구인지도 궁금했습니다. 중간중간에 감동적인 부분도 있고.. 우리의 인생을 보여주는것 같아 다시한번 생각하게 되는 부분도 있었습니다. 과연 나는 이러지않았나.. 하면서 나 자신을 되돌아보며 반성도 하고 앞으로 어떻게 살아가야할지도 생각했습니다. 오랫만에 마음이 따뜻해지는 책을 만났네요.. 불편한 편의점 2권도 구입하려합니다 ^^
2023-03-30,10,"언니랑 시작한 첫 북클러버 독서모임 활동으로 고른책이다. 평범하고 평범한 일상이 녹아있는 책이었다. 시작은 편의점사장님이 지갑을 잃어버리면서 시작된다. 지갑을 가지고있다며 전화를 한 노숙자 독고씨를 만나면서 이런 저런 이야기가 시작된다. 제일 와닿았던 설정은 코로나19..  우리의 일상을 엉망으로 만들었던 코로나19가 배경이었다. 독고씨가  편의점 야간알바를 시작하면서  나오는 등장인물들과 이런저런 대화를 하면서 상대방이 깨닫고 앞으로 나아가는 부분이  내마음을 따듯하게 해주었다. 시현은 장점을 살려 유튜브에 영상을 올려보게되었고, 선숙은  삼각김밥과 함께전한 편지로 아들과 관계가 나아졌고, 손님인 경만씨는  술대신 옥수수수염차를 권하면서 아내와 쌍둥이딸들과 서운함을 풀고 가족과 더욱 행복해졌다. 마찬가지로 인경씨와도  많은대화를 나누며  인경에게  작가로써 불편한편의점이라는 작품을 만들어낸다. 인경 덕분에 기억을 찾게된 독고씨는  본인이 누구였는지를 기억하고  잘못을 인정하고  참회하고  대구로 의료봉사를 떠난다. 중간중간 나오는  사장님의 가족들도  주위에 있을법한 그런 가족을 그렸다. 드라마를 본것처럼 속터져하고 저사람은왜저래 하고 생각도 하고  해결이 되는부분을 보면서 마음이 따뜻해졌다. 나는 경만씨가 나온 부분이 제일 마음에 들었다. 경만씨가 우리신랑같았고,  아내분은 나같고, 쌍둥이딸들은 우리 아이들같았다. 일상에서 느끼던것을 책으로  좀더 따듯한 기분으로 풀어낸 이 책이 너무 즐거웠다."
2023-03-28,8,"나무옆의자에서 출간한 김호연 작가님의 불편한 편의점을 구매후 작성하는 리뷰입니다. 오랫동안 베스트셀러 목록에 있던 작품이라 누구나 한번쯤은 호기심을 느낄 책이었다 생각합니다. 제목부터가 호기심을 자극하는데, 누구나 버스정거장처럼 편하게 거쳐가는 편의점이 불편한 이유가 궁금하기 때문일 겁니다. 이 책은 우리 사회의 관계성에 대해 한번쯤 생각해 보게 만드는 책인 것 같아요. 큰 재미보다는 잔잔함 감동을 느끼게 만드는 힐링물 도서란 생각이 드네요."
2023-03-28,10,"누군가에게 위로가 된다는 것은 정말 따뜻하고 행복한 일이다. 책으로 읽어도, 말로 들어도 말이다. 그가 가난하고 언뜻 보기에 하찮아 보일지라도 그의 마음속에 맑고 빛나는 것이 있다면 다른 사람들도 알아채고 그 따스함에 움츠렸던 마음이 스르르 펼쳐진다는 것을 알게 해 준 책이다. [불편한 편의점]은 2021년에 출간된 베스트셀러다. 노숙자이면서 알콜성 치매로 자신이 누구인지 어떤일을 했던 사람인지를 기억하지 못하는 독고가 주인공이다. 그는 우연히 편의점 주인인 할머니의 파우치를 줍게 되는데 그를 안타깝고 고맙게 생각한 주인할머니에 의해 편의점에 취직하게 된다. 갖가지 사연으로 슬픔에 빠진 주인공들이 편의점을 이용하면서 독고의 위로를 받고 삶의 희망을 찾아가게 된다. 특별할 것 없는, 어쩌면 평범에서 더 어려워 보이는 독고가 무람없이 툭툭 던지는, 또는 더듬거리며 띄엄띄엄 하는 말 속에서 깜짝 깜짝 놀랄 그럴듯한 말, 가슴을 울리는 말들을 들으면서 마음이 따뜻해졌다. 각자의 삶의 길을 찾아가는 과정에서 편의점 알바를 거치는 사람들과 편의점 야외 테이블에서 술을 마시며 허덕이는 삶을 위로받는 사람들이 우리들 보통 사람들의 이야기였다. 주인 할머니는 대형마트들에 밀려 경영난이 어려운 편의점을 계속 운영한다. 자신은 연금이 나오기때문에 궂이 편의점이 없어도 되지만, 아르바이트들을 위해 편의점을 접지 않고 그대로 운영하고 있는 마음이 너무 고맙다. 술이 과한 손님에게 옥수수 수염차를 권하며 술 대신 마시라고 한다. 마음이 급한 사람에게도 권하는 옥수수 수염차다. 나도 편의점에 들러 옥수수 수염차 한 병 사 먹어야겠다."
2023-03-28,10,"불편한 개인사를 치료해 비로소 궁극의 편안함을 선사하는 <불편한 편의점>은 오늘날 우리에게 참으로 간편하게 읽기 좋은 힐링도서입니다. 함께 일하는 동료들 모두 단숨에 읽었다고 시작해서 끝까지 후루룩 읽을 수 있다고 쉽게 도전해보라고 동료에게 권하는 책이었습니다. 달러구트꿈백화점이 서양판 힐링도서라면 불편한 편의점은 한국 드라마 같은 힐링도서입니다 각박하게 돌아가는 서울살이를 하시는 분이라면, 지방에서 올라가서 각박한 서울살이 하면서 편의점을 무심코 지나가시는 분이라면 꼭 한번 읽어보시기를 추천드립니다! 앞만보고 사는세상, 주변을 둘러보게 하는 따뜻한 에세이집 같은 요즘 보기 드문 가볍고 산뜻하고 따뜻한 소설입니다. 비슷한 도서로 ""어서오세요, 휴남동 서점입니다.""가 있을 것 같아요. 두책 모두 느낌이 따뜻합니다."
2023-03-27,8,"오랫동안 서점 베스트셀러에 올라있는 책이었다 그런데 어쩐지 끌리진 않아서 뒤늦게 책을 펴 보게 되었다 분류는 장편소설이었는데 중반부 잠시 스릴러인가 싶기도 했었다 초반부부터 등장하는 주요인물인 서울역노숙자에서 편의점 야간알바생이 된 독고.. 그 주변인물들과의 관계속에서 일어나는 에피소드, 그 편의점을 드나드는 인물들의 시점에서 같은시간에 대해 펼쳐지는 에피소드.. 중반부부터는 꽤나 빠르게 읽혔다 소설의 배경은 최근의 코로나19를 겪게되는 시기인데 소설의 인물들이 나누는 이야기들 속에서 각 주변 인물들은 삶의 좋은변화를 겪게되는데 극적인 이야기나 흐름이 있지는 않았고 꽤나 판타지같은 부분들이 있지만 일부분 현실적인 이야기들 속에서 인간관계에 대한 생각들을 해보게 되는 계기가 생긴 것 같다"
2023-03-27,10,누구나 편하게 이용하는 편의점이 왜 불편할까? 책 제목에 대한 궁금증이 생겼다. 편의점을 다녀가는 여러사람들을 인생을 보여주는 책으로 주인공이나 주변인이 사람들에게 표하는 관심을 불편으로 표현했다는 생각이 든다. 요즘 이웃이나 타인에게 보이는 관심을 쓸모없는 참견으로 생각하는 사람들이 많다. 그만큼 세상살이가 팍팍해진게 아닐까? 책에서 보여준 불편함이 누군가에게는 삶은 살아가는 힘이 되고 누군가에게는 꿈을 찾는 희망이 되는 것을 보면서 따뜻함이 녹아든 불편함이 우리의 인생에서 꼭 필요한 게 아닌가하는 생각이 들었다. 하루하루 바쁘게 살아가는 우리들에게 힐링을 주는 책으로 한번쯤 읽어보길 추천한다.
2023-03-26,8,"'전 세대 100만 독자가 선택한 우리의 이야기'라고, 최근 베스트셀러 소설이라고 해서 읽었다. 서울역 노숙자였던 주인공 '독고'가 ALWAYS 편의점 사장의 파우치백을 찾아 주면서 이야기는 시작된다. 서울역 노숙자에서 편의점 야간 아르바이트 점원이 된 '독고'가 다른 아르바이트 직원들, 편의점 단골 손님들, 그리고 동네 주민들과 겪게 되는 다양한 삶의 이야기들이다. 소설은 전체적으로 잔잔하며 중반부까지는 감성을 자극하는 행복한 스토리가 전개된다. 더럽고 냄새나는 알콜 중독 노숙자에서 번듯한 아르바이트가 되고 남들을 도와주기까지 하는 주인공이 비현실적일 수도 있어 일부 독자들로부터 인위적으로 감동 스토리를 쥐어짠다는 평을 듣기도 하는 것 같다. 그렇지만 이 책은 소설이다. 소설이니 다소 비현실적일 수도 있는 것이고 감동을 주기 위한 스토리 전개가 다소 인위적일 수도 있다고 생각한다. 소설의 시점이 등장인물들의 시점으로 계속 바뀌어 전개되는 것도 흥미로운 방식이었다. 소설의 중반 이후 '독고'가 과거의 기억을 찾아나가는 과정을 읽을 때는 재미있어 빠르게 읽었다. 소설의 마지막 마무리가 어색하다는 느낌이 들었지만 전체적으로 흥미롭고 재미있었으며 잔잔한 감동도 있었다. 밥 딜런의 외할머니가 어린 밥 딜런에게 이렇게 말했다고 해요. ""행복은 뭔가 얻으려고 가는 길 위에 있는 것이 아니라 길 자체가 행복이라고. 그리고 네가 만나는 사람이 모두 힘든 싸움을 하고 있기 때문에 친절해야 한다고."""
2023-03-26,9,"단편 소설 여러개가 묶여있는 소설책이고, 그 중 메인 소설인 불편한 편의점을 제목으로 썼다. 장편 소설을 더 좋아하지만, 누군가가 꼭 읽어보라며 선물로 준 책이라 한참을 책장에 나두어 놓다가, 여행가기 하루 전 낮, 침대 위에서 펼쳐보았다. 잘 읽히는 책이라 해서 기대했는데 역시 아주 잘 읽히는 책이었다. 다 일상 속 어느부분에서라도 공감을 할 수 있는 이야기들이었고, 앉은 자리에서 끝까지 다 읽어버렸다. 나에게 오래 기억에 남는 책은 아니지만, 그래도 읽는 순간의 감동과 재미는 느꼈으니 좋은 책인것같다. 누군가가 책을 추천해달라고 할때 부담없이 추천할 수 있을것같다!"
2023-03-25,6,항상 자기계발 서적이나 경제서적만 읽다가 가볍게 소설책 읽었는데 좋았어요 베셀이라서 믿고 볼만합니다. 다른 부류의 소설책도 읽어보고 싶고 2편도 읽어보고 싶다는 생각이 들었습니다. 훗날 다시 생각나면 2편 구매해서 읽어 볼 생각입니다. 150자 채워야 해서 내용 간략히 적습니다. 노숙자가 한 편의점 사장님 도와주면서 신의를 얻게 되고 그로 인해서 쌓이는 인간의 감정이나 서로 관계를 형성하면서 스토리를 만들어 갑니다. 여러 시점으로 보여주는 면은 신박했네요.
2023-03-21,10,김호연 작가의 장편소설! 편의점 아르바이트생으로 새출발한 노숙인 출신 주인공이 만나는 다양한 인생 이야기! 청파동 골목의 편의점에서 벌어지는 따뜻한 이야기로 노숙인 출신 주인공과 동네 주민들의 우정과 사랑을 그린 김호연 작가의 장편소설! 힘든 시대에 위로와 감동을 준다. 연극과 드라마화도 예정된 밀리언셀러! 꼭 읽어보세요! 강력 추천합니다!
2023-03-17,10,"불편한 편의점에서 가장 인상 깊었던 부분은 그것이었다. 자네는 가족이 있나. 가족들에게 평생 모질게 굴었네. 너무 후회가 돼. 이제 만나더라도 어떻게 대해야할 지 모르겠어. 손님한테......친절하게 하시던데...........가족한테도.........손님한테 하듯 하세요. 그럼........될 겁니다. 바로 이 답변, 손님한테 대하듯 가족한테도 하라는 메시지. 그다지 새롭지 않은 대답이지만 문득 알고 있는데도 내가 잊은 부분이라는 생각에 이 대사가 참 마음에 들었다. 사실 우리는 가족이라고 참 함부로 하기 쉽고 오히려 같이 있기 때문에 속 이야기를 더 하지 않는 경우가 많은데.. 그렇기 때문에 오는 가족과의 불화는 생각보다 너무나 많다. 이젠 가족에 대해서 다시 생각해야해야 할 때라고 생각한다. 가족이라고 자아가 없는 것도 아니며, 너무 서로를 잘 안다고 착각하지 말아야 한다. 이 책에서는 여러 인간의 군상을 보여주긴 하지만 사실 수박겉핥기 라고 해야할까. 깊이가 없는 것은 사실이다. 편의점에서 일하게 된 말을 불편하게 하는 남자의 서사는 특히나 허술하다. 불편한 인간은 사실 엄청 잘 나가던 의사였다는 부분도 사실 마음을 불편하게 한다.... 주제와 인물들의 서사도 꽤 겉돈다. 분석을 깊이 하자면 아마 잘쓴 글이라고 할 수는 없을 듯하다. 그럼에도 사람들이 많이 보았다. 왜일까. 심화된 인간이 나오는 책만이 잘 쓴 글이라고 할 수는 없다. 누구나 쉽게 공감할 수 있는 책도 필요하다고 생각한다. 또한 소재가 편의점이라고 생각하면 오히려 교집합이 없는 인간 군상이 나오는 게 오히려 잘 맞기도 하다. 어쨌든 한 번 읽어본다고 나쁠 건 없는 글이다. 나처럼 어느 부분 알고는 있었지만 잊고 있던 메시지를 보고 아, 맞아. 하고 공감을 할 구절은 얼마든지 있다."
2023-03-16,10,"불편한 편의점 잘읽어지는 소설이었다. 약간 재미있었던게 배경이 되게 현실적이었다. 편의점명도 진짜로 있는 편의점명이 나오고 코로나가 소설에도 등장했다. 코로나때문에 마스크를 사고 그러는게 되게 현실적이었다. 사장님, 직원들, 직원들의 가족, 손님들이 등장해서 각자의 이야기를 한다. 독거라는 인물이 등장할때마다 주토피아에 나오는 소를 상상하면서 읽었다. 이상하게 이미지가 그렇게 그려졌다."
2023-03-15,10,"불편한데 자꾸 가고 싶은 조금 특별한 편의점 이야기 『불편한 편의점』 서울역에서 노숙생활을 하는 남자 독고 는 핸드폰을 잃어버린 염 여사와 인연이 되어 그녀가 운영하고 있는 편의점 야간 알바를 하게 된다. 독고는 always 편의점의 밤을 든든하게 지켜준다. 알콜성 치매가 있긴하지만 생각보다 일을 꽤 잘 해낸다. 어눌하고 굼떠보이지만 어느 새 사람들은 묘하게 독며든다. 그 외 등장 인물 20대 취준생 알바생 시현 , 50대 생계 형 알바생 오 여사 , 참참참 세트와 혼술로 스트레스 해소하는 회사원 경만 , 30대 작가 인경 , 편의점을 노리는 염 여사의 아들 민식 , 민식의 의뢰를 받고 독고를 미행하는 사설탐정 곽 . 저마다 삶의 무게, 현실적인 고민과 문제들을 안고 있는 사람들이다. 그런 사람들의 시선에서 보는 독고, 그리고 독고가 건네는 관심이 누군가에게는 힘이 되고 공감을 끌어낸다. 시현은 독고에게 편의점 업무를 알려주다가 독고가 건넨 한 마디에 재능을 발견하게 되고, 아들과 관계가 좋지 않은 오 여사의 하소연을 듣던 독고는 아들과의 관계를 풀어줄 수 있는 방법을 알려주기도 하고, 글쓰기에 매달리는 인경은 취재차 대화를 나누면서 용기를 찾게 된다.. 이 외 인물들도 독고에게서 영향을 받아 감명받기도 하고 위로를 받게 되는 『불편한 편의점』 그렇게 사람들은 독고에 대한 오해가 점점 풀리고 이야기 후반에 보여주는 독고의 반전은 놀랍다. 점점 기억이 돌아오는 독고는 지금을 살아내기로 한다. 그리고 큰 결심을 하게 되는데..... 사람으로부터 단절될 뻔한 코로나 시국의 시점에 맞물려 나왔던 이야기라 낯설지 않은 배경이었다. 게다가 너무나 현실적이고 주변에서 볼 수 있을 법한 인물들이라 그런지 친근하게 느껴졌다. 서로에게 영향을 받기도 하고, 위로가 되기도 하고.. 불편한 편의점을 왔다갔다 하면서 사람들과 마주치고 대화하면서 흐르는 이야기는 유쾌하면서도 잔잔한 위로가 담겨 있다. 삶은 관계이고 소통이라는 메세지가 강하게 닿은 『불편한 편의점』 참 따숩다... :D 누구에게나 되는 일이 하나도 없고, 자꾸만 주저앉게 되고, 잘 풀리지 않는다고 생각되는 때가 잊지 않나.. 책 속의 인물들에게는 자신의 힘듦을 들어주고 힘이 되어 주는 사람이 독고였다. 그냥 말 한 마디와 작은 관심이 누군가에게는 큰 힘이 되어 마음을 단디 할 수 있게 도와준 독고 덕분에 웃으며 볼 수 있었던 『불편한 편의점』 작은 관심이 큰 힘이 되어 줄 .. 나도 그런 사람을 만나보고 싶다.. ■ 책 속 문장 Pick 시간은 그 차이를 알려주었다. 스타트라인부터 앞선 놈들은 해가 거듭할수록 여유가 생겼고 능력과 돈을 축적할 수 있었다. 반면 이제 경만은 탄약이 고갈되어 곧 맨몸으로 돌진해야 하는 참호 속 병사가 된 심정이었다. 아무리 벌어도 써야 할 돈은 늘어만 가는 반면 자신의 체력은 갈수록 깎여나가는 게 느껴졌다. 유일한 장점이던 성실함과 친절함의 바탕은 체력이었고, 나이가 들어가며 딸리는 체력은 성실함과 친절함을 무능력과 비굴함으로 변화시켰다. 체력은 정신력조차 지배하게 되어 멘탈이 털리는 날이 늘어갔고, 곧 대표와 동료들의 무시로 돌아왔다. (p.115) 결국 삶은 관계였고 관계는 소통이었다 . 행복은 멀리 있지 않고 내 옆의 사람들과 마음을 나누는 데 있음을 이제 깨달았다. 지난가을과 겨울을 보낸 ALWAYS편의점에서, 아니 그 전 몇 해를 보내야 했던 서울역의 날들에서, 나는 서서히 배우고 조금씩 익혔다. 가족을 배웅하는 가족들, 연인을 기다리는 연인들, 부모와 동행하던 자녀들, 친구와 어울려 떠나던 친구들……. 나는 그곳에서 꼼짝없이 주저앉은 채 그들을 보며 혼잣말하며 서성였고 괴로워했으며, 간신히 무언가를 깨우친 것이다.   (p.252) 봄이다. 따뜻한 소설, 공감되고 위로가 되는 소설을 찾는다면 이 책, 『불편한 편의점』 !! 오래오래 사랑받을 소설인 것만 같다. #불편한편의점 #김호연 #나무옆의자 #장편소설 #소설추천 #추천소설"
2023-03-12,10,"느릿하고 어눌한 말투의 서울역 노숙자 출신 독고, 청파도 편의점 사장님 임영숙 여사, 오전 편의점을 책임지고있는 오선숙 여사,공무원 시험을 준비하는 시현 불편한 편의점의 대표적인 등장인물입니다.편의점이라는 친근한 장소가 동네 사랑방이 되어 힘들게 살아가는 사람들이 인생문제를 해결해 나갑니다.8편의 단편이 서로 연관성을 가진듯이 소설을 구성하고 있습니다."
2023-03-10,10,"장시적으로 지속되는 코로나 시대를 보내며 힘들고 어려운 삶으로 모든 사람들이 힘겨워하고 있는 이때에 '불편한 편의점'은 파괴되는 삶과 가정에 희망을 주는 따뜻한 책입니다. 모든 사람이 절망을 말하고 비관적일 때, 모든 사람이 냉소적일 때, 누군가는 희망을 말해야 하고, 모든 사람이 꿈을 꾸어야 할텐데, 이 책은 독자들에게 큰 만족감을 줍니다. 무엇보다 이 책에 대한 소개를 하는 애니메이션이 책의 내용과 줄거리를 이해하게 하는데 큰 도움이 됩니다. 세상을 편하게만 살아가는 사람들이 있는가 하면, 여러 삶의 문제로 불편하게 살아갈 수밖에 없는 사람들이 있습니다. 불편한 편의점을 통하여 삶의 문제를 인식하고 보다 더 편안한 세상을 꿈꾸는 사람들을 만나게 됩니다."
2023-03-09,9,책을 추천받고 단숨에 읽어내려갔다. 생활속에 흔히 일어나는 내용이라 쉽게 책장이 넘어갔고 내용이 궁금해 멈출수가 없었다. 이제 나도 인생의 중반부를 향해 걷다보니 전에는 보이지 않았던 것들이 보인다. 뭐가 내인생에서 중요한 것인지 어떤 사람이 좋은 사람인지도 느껴진다. 불편한 편의점은 담담하고도 따뜻하게 우리 인생은 이런거야라고 알려주는것 같다. 이책이 12살인 내 조카도 읽었다고 해서 그당시는 내가 이책을 몰라 아이들이 읽는 책이구나 하고 넘어갔는데 이번주 아버지생신때 조카를 만나면 넌 이책을 읽고 어떤 생각을 했니? 하고 꼭 물어봐야겠다. 요즘 아이들은 너무 성숙한듯^^ 12살때의 나는 이책을 읽지도 않았을꺼고 읽었더라도 이해하지 못했을꺼다. 책을 읽은 후 나의 마음을 편하게 해준 불편한 편의점. 책과 진짜 친하지 않은 나의 찐친 우리 남편에게 선물해야겠다.
2023-03-04,10,새롭게 시도하는 일들이 조금의 차이?(아니 커다란 차이)로 이루어 지지 않아~무언가 더 좋은 일이 생기리라 다짐해보지만 헛헛함을 감출 수 없는 요즘 지친마음에 쉼이 필요하다 싶어 베스트 셀러  중 선택한 불편한 편의점. 아담한 사이즈의 책 크기. 봄과 어울리는 벗꽃에디션 표지만 보고 설레이기 시작했습니다. 읽기 시작하면서 하루만에 후딱 읽어 버린 책 가끔은 눈물이 흐르기도 나도 모르게 울컥 하기도 독고씨가 의료기기 영업사원 참참참을 좋아하는 사내에게 힘드시죠? 라고 했을때 내게 하는 말인냥 가슴이 찡해오더라구요. 누군가에게 듣고 싶었던 이야기이지 않나? 내가 힘들구나 하는 생각을 하게 하는 책이였습니다. 작은 호의가 누군가의 인생을 바꾸기도 하는 내가 그런 대상이 될 수 있을까? 바라면 욕심이려나.하는 생각 불편하지만 따뜻한 편의점 잘 읽었습니다.
2023-03-03,10,"이 책은 예스24 북클럽 인기순위에 항상 올라가 있는 책이었다. 그 점이 궁금증을 유발하여 가벼운 마음으로 읽기 시작한 책이다. 대충 무슨 내용인지 짐작이 가는 책이어서 가볍게 읽고 넘길 수 있겠다 싶었는데, 실제로 완독하는데 걸린 시간은 길지 않았지만, 내용은 결코 가볍게 하하호호 웃으며 넘길 수 없었다. 물론 술술 읽기 좋고 무거운 내용은 아니지만, 이야기의 등장인물들의 사연 하나하나가 가슴에 와닿았다. 마지막쯤이 되서는 실제로 먹먹해지는 기분이 들었다. 그리고 이제 곧 이야기가 끝이라는 점도 슬픈 감정까지 들었다. 2022년도에 읽은 책 중 가장 기억에 남는 한권이다."
2023-03-02,10,마지막 독고 씨의 모습을 보며 처음으로 눈물이 나왔었습니다 여태 껏 감정이라는 걸 느껴본적이 오래 되었습니다 노숙자 독고 이름을 쓴 과정 & 주변인에 처음에 갈등으로 시작 하였지만 나중엔 실 처럼 풀리는 모든 스토리 2023년 책을 읽어보자는 목표를 두고 처음 산 책이지만 마지막에는 눈물 글썽 거리고 있는 내 자신을 보았다 그리고 내 자신을 돌이켜 볼 수 있던 책이었습니다
2023-03-01,10,"""편의점. 편의점 이야기예요."" ""편의점?"" ""무대는 편의점이에요. 온갖 인간 군상이 드나드는 편의점. 주인공은 편의점의 밤을 지키는 정체를 알 수 없는 야간 알바고."" 오랜 시간 소설 부문 베스트셀러를 차지하던 이 유명한 책을 이제서야 읽어보게 되었다. 책에 중간에 나오는 작가가 얘기하는 위와 같은 대사가 줄거리를 잘 묘사해준다. 책은 '독고'라고 불리는 서울역의 노숙자가 편의점과 연을 맺게 되면서부터 시작한다. 다음 내용이 너무 궁금하고 흥미진진해서 계속 페이지를 넘기게 되는 책이었다. 처음에는 어디선가 본 느낌의 단순한 플롯이라고 생각했지만...그래도 재미있었다! 그리고 그 중간중간에 탄탄한 필력이 곁들여졌다고 느낀 부분이 많았다. 처음에 이 책의 플롯이 단순하다고 느낀 건 과거 노숙자였던 주인공이 '주인공 버프'를 너무 강하게 받은 사기캐릭터라고 생각했기 때문이다. 노숙자였다는 설정은 거들 뿐, 그는 머리도 좋고 인성도 대단하고 사람들은 이상하게 다 그를 따르게 되는 것 같았다. 이건 무슨 초능력자 아닌가?! 나는 그런 그가 무슨 임창정의 <문을 여시오> MV처럼 편의점을 통해 저마다 다른 인간 군상을 만나며 사람들을 교화하고 다니는 얘기인 줄 알았다. (물론 교화가 안 되는 사람도 있긴 하다.) 그리고 이 책에 등장하는 코로나19, 일본 불매운동 등의 친숙한 소재에서 소설의 시의성이 느껴졌다. 그런데 책의 마지막 챕터를 보니 (약스포 주의) 정말 내가 생각했던 모든 게 뒤집힌 것 같았다. 그 부분을 읽으면서 그제서야 모든 게 다 이해가 갔다. 정말이지 엄청난 빌드업이었다. 저자가 마지막에다가 아주 온 힘과 필력을 다 쏟아부은 게 아닌가 의심이 들 정도로 - 마지막 챕터 전체가 너무 좋아서 그 부분만 두고 계속 읽고 싶어지는 책이었다. 그제서야 나는 이 책이 생각보다 그렇게 단순한 선악구조의 내용이 아니었음을 느꼈다. 마지막에 주인공의 진짜 과거가 밝혀졌을 때 현실에 너무 찌든 나는 속세적인 반응(?)부터 보였지만, 다 읽어보고 나니 과연 기억을 잃게 된 과정도, 그리고 그 외에 많은 부분도 다 이해가 되었다. 그리고 주인공을 포함한 이 책의 모든 인물들의 인간적인 면모가 느껴졌다. 나는 주인공이 사람들을 치유하는 줄 알았는데 결국 이 편의점이 그에게 두 번째 기회를 주는 거였구나, 독고도 다른 사람들을 통해 변화한 거였구나 하고 느꼈다. 책 후반부에 반전과 감동이 있을 거라는 막연한 기대는 맞아떨어졌으나 그게 내 예상 범위를 한참 놀랄 정도로 마음에 들었다. 이 책 2권도 나왔다고 들었는데 너무 기대된다. 가급적 '독고'의 후일담이 나오는 내용이었으면 좋겠다. 아, 나는 이 책을 왜 이제서야 본 거지?! 책 속의 밑줄 -어떤 글쓰기는 타이핑에 지나지 않는다. 당신이 오랜 시간 궁리하고 고민해왔다면, 그것에 대해 툭 던지기만 해도 튀어나올 만큼 생각의 덩어리를 키웠다면, 이제 할 일은 타자수가 되어 열심히 자판을 누르는 게 작가의 남은 본분이다. 생각의 속도를 손가락이 따라가지 못할 정도가 된다면 당신은 잘하고 있는 것이다. -""장사는...... 내가 좋아하는 거...... 파는 게 아니야. 남이 좋아하는 거..... 파는 거지."" ""남들도 좋아한다니까?"" ""매출은...... 거짓말을 안 해."" -편의점이란 사람들이 수시로 오가는 곳이고 손님이나 점원이나 예외 없이 머물다 가는 공간이란 걸, 물건이든 돈이든 충전을 하고 떠나는 인간들의 주유소라는 걸, 그녀는 잘 알고 있었다. 이 주유소에서 나는 기름만 넣은 게 아니라 아예 차를 고쳤다. -하지만 이번엔 혼자가 아니다. -...지금은 알 것 같다. 강은 빠지는 곳이 아니라 건너가는 곳임을, 다리는 건너는 곳이지 뛰어내리는 곳이 아님을."
2023-02-28,8,"책 표지부터 마음 따뜻한 웹툰을 한편 보는 것 같은 편안함을 주는 불편한 편의점은 현대 사회에서 없어서는 안될 장소 중 하나인 편의점을 배경으로 이야기가 펼쳐진다... 지금은 노숙자이지만 과거에 잘나가던 의사였던 주인공, 엄여사, 편의점 알바생과 단골 손님들의 야야기가 힘들게 생활하는 우리에게 따뜻한 마음을 나누는 것도 하나의 힐링이 되지 않을까 하는 생각을 하게 된다..."
2023-02-28,8,"불편한 편의점을 읽으면서... 주인공 독고 한명으로 인해 각 챕터에 등장하는 다른 인물들의 갈등이 서서히 풀리고 관계가 좋아지는 것이 신기하고 부럽기도 했다. 단지 독고는 인물들의 고민 이야기를 잘 들어준 것 뿐인데 거기서부터가 갈등해결의 시작점이 아닌가 싶다. 인간은 절대로 혼자 살아갈 수 없고 결국 타인과 섞여서 어울려 지내며 서로 도움을 받아 살아갈 수 있다. 나는 내 주변 사람들과 어떻게 관계를 맺고 있는지 돌아보게 되었고 그 관계를 잘 유지하고 소중히 대했는지도 반성하게 되었다. 관계를 잘 맺으려면 소통이 중요한데 첫단계가 경청임을 다시한번 깨닫게 되었다. 저자는 우리 주변에서 흔히 볼 수 있는 편의점이라는 매개체를 통해 아래의 메세지를 전달해 주고 싶었던게 아닐까? ""결국 삶은 관계였고 관계는 소통이었다."""
2023-02-27,8,"가볍게 읽기 시작한 책이 책 표지의 벚꽃처럼 따뜻하고 행복함으로 가득차게 되었다. 어찌 책 표지도 이렇게 알맞게 그려넣었는지..이런 감성들을 무척이나 좋아하는데 불혹의 나이를 앞둔 시점에 너무나 좋은 사람들과 좋은 책과 함께 하니 더할 나위 없었다. 독고의 따뜻함이 에피소드들마다 사람들을 변화시켰고, 그 모습을 보며 실제 독고가 있다면 다가가 거들어주고 이야기나눠보고싶을 정도의 힘과 매력이 있었다. 누군가는 사람은 변하지 않는다고들 '강력하게' 믿기도한다. 그러나 나는 독고의 영향력에서 보여주듯 대단한 무언가를 가지지 않아도 충분히 사람들을 변화시키고 그 오해를 풀고 모든것을 제자리로 옳게 ..돌려놓을수있다는 생각에 더욱 희망찬 책이 되어 마치 나를 응원하는듯한 이 책에 고마움을 표하고 싶다."
2023-02-27,5,"주변에서 감동이 있고 생각을 많이 하게 해준다고 추천받은 책이었다. 우선, 옴니버스 형식의 책을 별로 선호하지 않는것도 이유가 되겠지만 이 책은 정말 제목처럼 불편한 책이었다. 폭력적인 아들들과 자신의 힘듬만을 강조하면서 다른 가족의 희생으로 관계가 회복되는 에피소드들이 계속되었고, 이렇게 현실적인 이야기를 진행하다가 밝혀진 독고씨의 존재와 서사도 불편했다. 감동과 힐링은 없고 나에게 좋은 사람이 남에게는 나쁜 사람일 수 도 있겠구나 라는 생각에 더 힘을 실어주었고 매우 찝찝한 감정만 남게 된 것 같다."
2023-02-27,10,"2022년 한 도시 한 책 읽기 도서 신청으로 불편한 편의점을 읽게 되었다. 대학 시절 편의점 알바를 했던 기억을 떠올려보며 책을 읽어나갔다. 제목을 보며 무엇이 불편한 걸까? 하고 생각하며 읽었다. 빠르고 바쁘게 돌아가는 일상에서 서로 관계를 맺는다는게 불편하면서도 행복을 찾는 일이었다. 독고가 잃어버린 기억을 편의점을 오가는 손님들과에 관계에서 다시 찾아가는 모습을 보고 기억에 남는 문장이 있다. [결국 삶은 관계였고, 관계는 소통이었다. 행복은 멀리 있지 않고 내 옆의 사람들과 마음을 나누는 데 있음을 이제 깨달았다.] 책을 읽는 내내 공감이 되면서 마음이 따뜻해졌다. 그리고 내 옆의 사람들과 관계를 맺으며 행복을 찾는 방법을 조금은 알 것도 같다."
2023-02-26,7,"저자 김호연의 <불편한 편의점>을 직접 읽고 작성한 리뷰입니다. <불편한 편의점>은 청파동 골목의 편의점을 운영하고 있는 염영숙 여사는 잃어버릴 뻔 했던 자신의 파우치를 무사히 갖다준 노숙자 ‘독고’와 인연이 생겨, 독고가 여사의 편의점에서 알바를 시작하면서 벌어지는 이야기입니다. 사람들의 일상적이고 평범한 삶을 그려내면서도 그 안에 특별한 말과 행동들이 드러납니다. 어쩌면 삭막한 현실에서 보기 힘든? 그래서 현재 펜데믹 시기에 사람들에게 힐링소설로 작용했다는 생각이 듭니다."
2023-02-26,8,"정말 오랜 시간 베스트셀러 자리에서 내려오지 않고 있는 불편한 편의점. 드디어 읽어봤다. 서울역 노숙자 독고 씨가 편의점 점주인 70대 염여사의 파우치를 찾아준다. 염여사가 그런 독고 씨를 편의점 야간알바로 고용하게 되면서 일어나는 이야기를 담고있다. 알코올성 치매로 과거를 기억하지 못하고 어눌한 말에 굼뜬 모습까지 보이지만 의외로 일을 잘한다. 직원뿐 아니라 손님들과도 본인만의 방식으로 잘 지내는 독고 씨. 독고 씨의 정체는 뭘까? 각각의 사연을 가진 손님들을 독고 씨는 어떻게 대할까? “...행복은 뭔가 얻으려고 가는 길 위에 있는 것이 아니라 길 자체가 행복이라고. 그리고 네가 만나는 사람이 모두 힘든 싸움을 하고 있기 때문에 친절해야 한다고"" -140쪽 근데 그 길 끝에서 뭘 얻고 행복했으면 좋겠어... 저자의 의도와 너무 벗어나나?ㅋ... “손님한테 하듯 …… 하세요.” - 251쪽 곽 씨가 독고 씨에게 가족들에게 평생 모질게 굴었고, 이젠 만나도 어떻게 대해야 할지 모르겠다고 했을 때, 독고 씨가 해 준 말. 손님한테 하듯 하세요. 결국 삶은 관계였고 관계는 소통이었다. 행복은 멀리 있지 않고 내 옆의 사람들과 마음을 나누는 데 있음을 이제 깨달았다. -252쪽 독고 씨는 가족들과 소통이 없었고, 그렇기에 관계가 깨졌고, 삶이 사라졌다. 그리고 ALWAYS 편의점에서 직원들 손님들과 소통하며 관계를 쌓았고 그렇기에 다시 삶이 생겼다. 굉장히 현실적인 힐링 소설이라 생각한다. 다만 주인공인 독고 씨는 현실적이지 않지. 2023년 한국에 사는 사람들이라면 이 소설에 나오는 등장인물 한 명쯤에겐 감정이입이 가능할 것 같다. 그렇기에 이 소설이 베스트셀러가 된 것 같다. 2탄도 읽어볼 예정이다. 판타지적인 요소 없이 현실적인 우리의 이야기를 듣고 싶다면 추천한다."
2023-02-26,8,"서점에 갈 때면 항상 베스트셀러 중에서도 상위 자리를 차지하고 있어 어떤 내용인지 궁금했고, 언젠간 읽어야지 생각하고 있었는데 드디어 그 기회를 잡았다. 이 책을 읽은 한 줄 소감은 ‘큰 생각 없이 편안하게 읽을 수 있는 책’이다. 전체적으로 초등학교 교과서에서 만날 수 있는 따뜻한 에세이 느낌이었는데 어린아이들도 쉽게 읽을 수 있는 수준의 소설책이었다. 이 책은 홈리스 독고씨가 따뜻한 오지라퍼 사장님을 만나 세상과의 단절을 끊고 다시 이 세상 속으로 들어오면서 일어나는 에피소드를 담고 있다. 한 편 한 편이 낯설지 않은 우리 주변 이웃의 이야기 같고 어쩌면 나의 이야기 같았다. 이 책이 인기가 있는 건 각자의 사연들로 행복과 거리가 있어보였던 우리네 이웃들이 끝에는 행복과 길을 찾는다는 희망을 주기 때문이 아닐까 한다. 그리고 세상이 어려울 때, 내가 힘겨울 때 희망을 이야기하는 책은 위로로 다가온다. 그래서인지 이 책을 읽는 내내 따뜻한 위로와 소소한 행복을 체험할 수 있기에 마음이 편안했다."
2023-02-25,7,이 책을 읽다 보면 속이 시원해지기도 하고 따뜻해지기도 한다. 사회생활을 하게 되면서 나도 남들도 느끼는 기분을 대신해주는 것 같아서 좋았다. 하지만 마지막까지 읽고 난 후에는 답답함이 몰려왔다. 아직도 이런 이유의 가정들이 많이 있다는 것을 말해주고 싶었던 것처럼... 우리들은 손님들에게는 속마음을 숨기며 친절하지만 정작 가장 가까이 있는 가족에게는 친절하지가 않는다. 가정에서 아이들과 사이가 안 좋다면 한 번은 권해주고는 싶어지는 내용이었다.
2023-02-24,10,참 제목을 잘 지었다. 편의점인데 불편하다니.. 이 책은 시작도 전에 독자를 궁금하게 만들다. 그리고 지금의 우리의 삶과 뗄레야 뗄 수 없는 편의점에 대한 이야기라니 작가는 너무나도 영리하다. 현재의 대한민국은 눈부시게 발전해서 살기도 편안하고 외부에서 볼 때는 훌륭한 나라임에 틀림없다. 하지만 소외된 사람들은 갈수록 늘어만 가고 있다. 물질적 풍요 속에 정신적 빈곤이랄까..  편의점을 중심으로 소외된 인간 군상들에 대해 작가는 이야기 보따리를 풀고 있다. 그 중 노숙자 독고와 편의점 주인 염영숙 여사의 이야기는 우리의 가슴을 따뜻하게 만든다. 힘겹게 살아가는 현대의 우리에게 가슴깊은 울림을 주는 소설이다. 그리고 너무나도 쉽게 술술 읽히는 게 이 책의 장점!!
2023-02-23,10,"<불편한 편의점>은 청파동 골목 모퉁이에 자리 잡은 작은 편의점을 배경으로 하여, 힘겨운 시대를 살아가는 이웃들의 삶을 따듯한 시선으로 바라보고 있는 작품이다. 처음엔 그저 표지가 예뻐서 관심이 갔는데, 다 읽고 나니 그 안에 담긴 따스한 이야기들, 앞으로도 계속될 삶들이 인상 깊었고 그들의 희노애락을 계속해서 알아가고 싶은 느낌이 들었다. 코로나로 인해 힘든 시기를 지나왔을 모든 사람들에게 위로가 될 법한 책이었다."
2023-02-23,8,"소설 속 편의점에서는 다양한 인물들이 야간알바생인 주인공을 통해 고민 해결법을 찾거나, 위로를 받는다. 이 인물들의 고민은 대부분 가족과의 관계가 원인이었다. 가족에게 보탬이 되지못하는 가장들, 아들과 소통이 단절된 엄마, 주인공 그 자신과 노숙자였던 주인공을 거둬준 편의점 사장마저도 가족과의 트러블로 인해 갈등을 겪고 있었다. 편의점에서 야간알바생을 만났다가 자기반성을 통해 여러 갈등을 해결하는 모습들은 어쩌면 터무니없는 동화처럼 보이기도 한다. 실제로 가족과 많은 갈등을 겪은 사람들은 공감하지 못하는 내용이 있을 수도 있다. 그럼에도 불구하고, 책 속의 인물들이 갈등을 해결해나가는 삶의 태도를 배울 수 있다는 점에서 이 책은 읽을만한 가치가 있다고 생각한다. 가족한테 하지 못하는 얘기들을 남들 앞에서 술술 말할 때가 있다. 이렇게 보면 가족은 가장 가까운 것 같으면서도 멀리 떨어져있는 느낌이 든다. 편의점 야간알바생 앞에서 고민을 술술 털어놓는 것도 어쩌면 나와 별로 관련이 없어보여서 그런건지 모른다. 그러면 알바생은 내 얘기를 주의깊게 듣다가 천천히 말을 꺼낸다. 가족과 대화가 필요하지 않겠냐고. 그 말을 읽은 나도 순간 멈칫한다. 뉴스를 보면서 툴툴대거나 예능프로그램을 보면서 낄낄대는 것, 오늘은 어떤 걸 먹을 것이고, 나는 어떤 반찬을 먹고싶은지에 대한 얘기말고 내 삶에 대한 고민과 문제점을 가족과 제대로 대화한 적이 있었나 생각해보게 된다. 가끔 전혀 몰랐던 가족의 모습을 발견할 때면 나는 가족에게 별것 아닌 존재인 것처럼 느껴질 때가 있다. 대화란 정말 진부한 것 같고, 낯간지럽고, 해결해내야 하는 숙제처럼 느껴지지만, 가장 필요하다는 것을 알고 있다. 이 책은 그것을 다시 알려준다. 방에 틀어박혀 게임만 하는 자식이 밉고, 돈을 잘 벌지 못한다고 무시하는 가족들이 원망스럽지만 대화를 시작하면 서로 이해할 수 있는 길이 열린다. 이 간단한 것도 하지 못하면 가족들을 원망하고 미워하는 마음으로 삶을 채울 수밖에 없을지도 모른다. 그 외에도 이 책은 참 따뜻하다. 노숙자를 거둬 편의점 알바생으로 써주는 사장님부터 시작해서 청파동 편의점을 거치는 동네 사람들은 익숙한 동네에 대한 향수를 느끼게 해준다. 이런 동화같은 일들만이 있기를 꿈꾸며 읽게 된다. 그래서 이제는 삶을 포기하려는 사람이 '강은 빠지는 곳이 아니라 건너가는 곳임을' 깨닫기를 바란다."
2023-02-21,10,"김호연 작가님의 따뜻한 마음이 느껴지는 책이다. 책소개 2013년 세계문학상 우수상 수상작 『망원동 브라더스』로 데뷔한 후 일상적 현실을 위트 있게 그린 경쾌한 작품과 인간의 내밀한 욕망을 기발한 상상력으로 풀어낸 스릴러 장르를 오가며 독자적인 작품 세계를 쌓아올린 작가 김호연. 그의 다섯 번째 장편소설 『불편한 편의점』이 출간되었다. 『불편한 편의점』은 청파동 골목 모퉁이에 자리 잡은 작은 편의점을 무대로 힘겨운 시대를 살아가는 우리 이웃들의 삶의 속내와 희로애락을 따뜻하고 유머러스하게 담아낸 작품이다. 『망원동 브라더스』에서 망원동이라는 공간의 체험적 지리지를 잘 활용해 유쾌한 재미와 공감을 이끌어냈듯 이번에는 서울의 오래된 동네 청파동에 대한 공감각을 생생하게 포착해 또 하나의 흥미진진한 ‘동네 이야기’를 탄생시켰다. 서울역에서 노숙인 생활을 하던 독고라는 남자가 어느 날 70대 여성의 지갑을 주워준 인연으로 그녀가 운영하는 편의점에서 야간 알바를 하면서 이야기가 시작된다. 덩치가 곰 같은 이 사내는 알코올성 치매로 과거를 기억하지 못하는 데다 말도 어눌하고 행동도 굼떠 과연 손님을 제대로 상대할 수 있을까 의구심을 갖게 하는데 웬걸, 의외로 그는 일을 꽤 잘해낼 뿐 아니라 주변 사람들을 묘하게 사로잡으면서 편의점의 밤을 지키는 든든한 일꾼이 되어간다. 현실감 넘치는 캐릭터와 그들 간의 상호작용을 점입가경으로 형상화하는 데 일가견이 있는 작가의 작품답게 이 소설에서도 독특한 개성과 사연을 지닌 인물들이 차례로 등장해 서로 티격태격하며 별난 관계를 형성해간다. 고등학교에서 역사를 가르치다 정년퇴임하여 매사에 교사 본능이 발동하는 편의점 사장 염 여사를 필두로 20대 취준생 알바 시현, 50대 생계형 알바 오 여사, 매일 밤 야외 테이블에서 참참참(참깨라면, 참치김밥, 참이슬) 세트로 혼술을 하며 하루의 스트레스를 푸는 회사원 경만, 마지막이라는 각오로 청파동에 글을 쓰러 들어온 30대 희곡작가 인경, 호시탐탐 편의점을 팔아치울 기회를 엿보는 염 여사의 아들 민식, 민식의 의뢰를 받아 독고의 뒤를 캐는 사설탐정 곽이 그들이다. 제각기 녹록지 않은 인생의 무게와 현실적 문제를 안고 있는 이들은 각자의 시선으로 독고를 관찰하는데, 그 과정에서 발생하는 오해와 대립, 충돌과 반전, 이해와 공감은 자주 폭소를 자아내고 어느 순간 울컥 눈시울이 붉어지게 한다. 그렇게 골목길의 작은 편의점은 불편하기 짝이 없는 곳이었다가 고단한 삶을 위로하고 웃음을 나누는 특별한 공간이 된다."
2023-02-21,10,처슴에는 제목이 참 참신하군 했습니다. 평소에 편의점을 잘 이용하지 않는터라 어쩌다 한빈 이용하려면 불편감을 느끼길래 와 닿기도 했고요.(하지만 읽어보니 그런 불편이 아닌걸 알겠더라구요 ㅎㅎ) 도서관에서 빌려 읽으려 했더니 계속 예약 대기라서 구매해야겠다~ 했습니다. 종이책으로 고민하다가 언제든 읽을 수 있게 e북도 괜찮겠다 싶어지더라구요. 구매해 놓고도 한참을 시작하지 못하다가~(눈이 아파서 괴로운 중인데 한번 잡으면 잘 놓지 못해서 시작하기가 겁나서~~) 어저께 간만에 눈이 편해서 읽기 시작했어요. 아~~~ 알겠더군요. 이 책이 왜 베스트셀러인지. 2권도 바로 구입했습니다. 아픈 눈 비벼가며 읽고 마음속에 퍼지는 잔잔한 여운을 감상하고 있습니다.
2023-02-20,9,이 소설의 주인공은 서울역 대합실에 의지하여 생활하던 노숙인 독고이다. 독고는 전직 성형외과 의사로서 고스트 닥터로 일컬어지는 불법 대리수술의 직접적인 당사자 였다. 독고는 자신이 일하던 병원에서 취업 면접을 앞두고 성형 수술을 받은 스물두살의 여자가 의료사고로 사망한 사건을 숨기려하면서 이 사건을 둘러싼 후유증으로 몸과 삶이 망가졌다. 사랑하는 가족마저도 자신에게 실망하여 떠나버린 정신적인 고통을 떨치려고 마신 술 때문에 뇌도 망가지면서 자신의 과거 기억마저 잃어버린 불운한 주인공이다. 노숙인 독고가 서울역에서 분실된 지갑을 찾아서 원래 주인에게 돌려주려는 것을 계기로 청파동의 편의점 주인 할머니와 만나게 되면서 이 소설은 전개된다. 과거 기억을 잃고 말까지 더듬는 어리숙한 독고는 이 편의점의 야간대 시간을 맡아 일하게 된다. 편의점 손님에게 조차 무언가 불편한 방식으로 대하는 독고와 맞부딛히는 주변 사람들은 오히려 독고와의 만남에서 마음을 열고 자신의 상처를 치유받는다. 이 소설은 “우리가 사는 세상은 남을 배려하고 감싸주는 따뜻한 이웃이 있어서 그래도 살만하다.”는 메시지를 독자에게 던져 주면서 입가에 미소를 머금게 해 주는 재미있는 소설이다. 이 소설은 '밀리의 서재'를 통하여 온라인에서 대중들에게 먼저 알려졌고 완독률 90%에 달할 정도로 읽기 쉬운 구성에 재미있는 소설이다. 이 소설은 이후로 인쇄 출판되어 속편까지 100만부 이상이 팔린 밀리언 셀러이다. http://m.blog.naver.com/wesley22/223013231823
2023-02-19,10,"""불편한 편의점""은 1, 2권 모두 베스트셀러가 된 소설인데 베스트셀러라서 베스트셀러에 혹하는 6학년생 둘째가 먼저 읽었고ㅎ 어제 부산에 아버지한테 다녀오는 왕복기차 안과 지하철에서 1권을(김호연, 2021) 읽었다 강풀이나 주호민의 웹툰같은 흔한 일상을 소재로 인간의 따뜻함을 느끼게하고 계속 책장을 넘기게하는 소설이다 역사교사로 정년퇴직한 편의점 주인과 편의점 알바들, 특히 곰같은 노숙자 에게 도움을 받고 그를 야간알바생으로 고용하면서 불편하지만 편의를 제공하고 매출도 조금씩 늘고 고객의 고민들도 하나둘 해결되어간다 알바를 하게된 노숙자의 비밀도 마지막에 전개된다 요즘 한류컨텐츠가 세계적으로 인기라 드라마나 영화로 제작되어도 인기있을거 같다 노숙자 역할에 류승룡, 공무원준비하는 오후 알바생은 주현영(우영우의 동그라미 친구), 오전 알바하는 여사는 이정은(기생충 출연), 편의점 주인은 나문희(아이 캔 스피크) 등이 배역하면 히트치지않을까 ㅎ 2022년에 나온 2권도 이어 읽는중이다"
2023-02-18,10,책을 손에서 내려놓치 못하고 단숨에 하루에 읽어버리는 책입니다   간만에  쭉읽어 버립니다 그것도 1~2편을 주위 회사에 같이 일하는 친구들에게 권했는데  어쩜 똑같이 하루만에  다 읽어요  편안한 문장에 짹장이 그냥 넘어가네요  현재  5명이 ...이어달리기중입니다   쭉 가겠습니다   그리고 3편 기대하고 있습니다.   오랜만에 오징어 게임 보듯 궁금해서  잠을 ??  잘수가 없네여
2023-02-17,10,"벼르고 벼르다 드디어 읽게 된 불편한 편의점. 불편한 편의점은 이미 작년에 출판이 되었고 많은 사랑과 관심을 받아 2까지 나와있었다. 불편한 편의점 1의 책표지에는 벚꽃나무에서 떨어진 핑크빛 벚꽃잎이 휘날리고 있었다. 책표지부터 잔잔한 감성과 설렘은 독자들의 마음을 끌기에 충분한 것 같았다^^ 책 제목처럼 정말 읽는 내내... 내 마음이 불편했다. 책 속에 빠져들어간 나는 그 안에서 여러 사람들의 삶을 보며 웃음이 나기도 했지만 마음이 뭔가 모르게 아프고 찡해서 그게 아마 불편하지 않았나 싶다. 그리고 마지막.... "" 강은 빠지는 곳이 아니라, 건너가는 곳임을.. 다리는 건너는 곳이지, 뛰어내리는 곳이 아님을..."" 이 글에 눈물이 핑~돌았던 것 같다. 세상에 힘들지 않은 사람은 없고, 사연 없는 사람도 없다는 걸.. 그리고 각자의 힘든 삶 속에서도 그 삶을 포기하는 게 아닌 노력하고 제 삶을 찾아가는 조금 특별한 편의점 이야기였던 것 같다^^"
2023-02-15,10,재밌는 책은 오랜만에 독서하는 사람도 무아지경에 빠질 수 있다 눈을 뜬 염여사의 파우치를 독고가 찾아주면서 이야기가 시작된다 완독 후 염여사 같은분이 사회에 많이 계신다면 세상이 좋아지지 않을까? 유니콘 같은 존재로 느껴졌다 편의점에 일하는 직원들의 생계를 걱정해주는 사장이 어디있겠냐싶다 염여사 밑에 그런 아들이 있다는게 아이러니하다 부모의 재산을 당연하게 받을 권리도 생각하는 이기적인 심리와 남에게 소식을 듣고 알아차리는 효심 없는 모습은 분노를 일으킨다 등장인물들 사연들이 짠하고 감동이다 우리사회가 그들을 피폐하게 만든다 사소한 변화만 보여줘도 최악은 면할텐데 그 시작점이 어렵다 일해보지 않았던 편의점에서 고객 니즈 파악도 잘하고 사연도 들어주는 독고의 모습이 인상깊었다 과거 그사람이 잘난 배경이었든 아니었든 결국 현재를 잘살면 된다 독고가 베푸겠다고 마음을 먹은거처럼 모두 힘내면 좋겠다
2023-02-15,8,"물건이 필요한 사람들에겐 조금은 불편한 편의점. 하지만 인생의 위로가 필요한 사람들에겐 참 따뜻한 편의점. 여러 사람들이 기댈수있는 버팀목이 자주 되어준다. 점주인 사장님의 따뜻하고 바른 마음씀씀이가 고용된 아르바이트생들에게도 안정감을 주고, 그런 따뜻함이 찾아오는 손님들에게도 스며든다. 그래서 위로받은 사람들은 불편해도 또 찾게된다"
2023-02-14,10,임영숙 여사와 독고 씨의 인연은 참 신기한 거 같다여사님은 우연히 독고 씨의  도움을 받게 되고 또 우연히 편의점 야간 알바  자리가 남아 그 자리에독고씨가 들어가 편의점 야간 알바를 하게 되는데 독고 씨는 여사님을 만나  삶이 180도 변한다 그가 야간 알바를 하면서 다양한 약간의 진상 손님들을 만나게 된다  여사님은 독고 씨를 노숙자라고 생각하지 않고 그냥 평범한 시민이라고 생각하는 것 같다 책을 읽다 보면 여사님과 독고씨의 케미를 보는점이 재미있는것 같다
2023-02-14,10,"작년 여름 두달여동안 살이 10키로나 빠질 정도로 눈코 뜰새없이 바삐살다가 늦가을쯤 번아웃을 맞게 되었다. 몸도 마음도 낙엽마냥 툭툭 떨어져 곧 밟혀 바스락 거릴것 같이 힘이 나지 않을 때 친언니가 추천해 준 책이 바로 이 책이었다. 술술 넘어가는 따뜻한 이야기라는 말에 뒤늦게 구매하여 읽게 되었는데 마지막장을 덮는순간... ""폐기 상품이지만 아직 괜찮아"" 인생의 중반기에 번아웃을 맞이한 나에게 위로를 주는 듯한 소제목과 마지막장 강은 빠지는 곳이 아니라 건너가는 곳임을. 다리는 건너는 곳이지 뛰어내리는 곳이 아님을. . . . 기차가 강을 건넜다. 눈물이 멈췄다. 주인공 독고씨의 고백이 삶이라는 긴 터널같은 인생길에서 위로가 되어 그 터널 끝에서 마주하게 될 빛같은 ""희망""이라는 단어를 다시 생각나게 한다. 우리동네에 이런 편의점이 있다면... 물건들이 다소 빈약 할지라도 계산이 다소 느리다 할지라도 그 불편함을 감수 하고서라도 단골이 되고프다. 인생의 이런저런 고민으로 마음이 답답할때 내 얘기를 친절히 들어주고 결국엔 희망의 끈을 놓지 않은 그 누구보다도 희망적인 독고씨와 그런 그에게 희망의 씨앗을 심어준 마음 따뜻한 편의점 사장님 염여사님이 반겨주신다면 말이다. 일상에 지친 분들에게 가볍게 읽기 좋은 따뜻한 책으로 추천하고 싶다. http://https://m.blog.naver.com/smilelee0831/223014287550"
2023-02-13,10,"한장 한장이 넘기기 아까울 만큼 재밌고 소중한 내용이 많이 담긴 책임. 사람 사는 냄새가 있고 , 이기적이기 쉬운 지금의 시대에서 마음이 무척 따뜻해 지는 귀한 소설집임. 마치 실화 같은  청파동의 올웨이즈 편의점. 진짜 존재 한다면 꼭 방문해서 독고씨도, 염사장님도 뵙고 싶음 .그들의 이타적이고 따뜻한 마음들이  내 마음도 마치 올웨이즈 편의점을 방문하여 이야기 해결된듯한   편의점 사람들 . 정말 물건빼고 다 있는 불편한 편의점"
2023-02-13,8,"<불편한 편의점> 왜일까. 언제부터인가 동네 구멍가게를 대신해 편의점들이 엄청나게 생겨났다. 그리고 늘 거리의 24시간을 밝혀주는 점포가 되었다. 나는 개인적으로 편의점을 잘 가진 않았는데,, (비싸서..ㅎ) 일전에 살던 주택가에는 편의점이 있었다. 마치 소설속 ALWAYS 편의점처럼. 완전 주택가 속에 있어 작았지만, 늘 그곳엔 주인 할머니가 계셨다. 이 책을 읽으며 그 편의점이 자꾸 생각났다. 주택가 속에 작게 위치한 편의점. 그곳에 독고씨와 시현씨와 오여사가 일한다. 사장님은 중학교 교사를 정년퇴임하고, 남편의 남은 유산으로 편의점을 차렸다. 부산으로 향하던 어느날 가장 중요한 물건이 들었던 파우치를 찾아준 인연으로 만난 노숙자 독고씨를 편의점 야간 알바로 취직시킨다. 그녀는 그의 과거도, 그의 진짜이름도 몰랐지만, 파우치를 끝까지 지켜주고도 사례금조차 받지 않던 그에게 도움이 되고자, 또 그녀도 그의 도움이 필요했기에 그를 취직시켜주는데,,, 그리고 조금씩 변해가는 편의점. 찾는물건이 별로 없어 불편하지만 따뜻한 누군가의 마음이 있고, 나를 기다려주고, 나의 이야기를 들어주는 사람이 있는 곳에 대한 이야기. 참참참을 먹을 때, 온열기를 틀어주고, 새벽에 오는 한 소설가를 위해 산해진미 도시락을 남겨주고, 무거운 할머니의 짐을 들어주는 곳. 읽는 내내 소설 속 ALWAYS를 통해 이전 집 근처의 편의점이 생각났다. 밤에 퇴근하면서 들리던 편의점에는 늘 주인할머니가 계셨고, 할머니는 늘 내가 사가는 물건을 챙겨놓고 계셨다. 밤늦게 일하고 들어온다며, 고생한다고, 손에 한주먹씩 군밤을 쥐어주셨다. 시골 언니네에서 딴 밤으로 구운거라고,, 살 것이 없어 지나갈때도 보시면 군밤을 쥐어주시고, 늦게 다니지 말라고 걱정해주시던 나에게 ALWAYS와 같던 곳. 보통의 소설은 읽다보면 판타지네,, 했지만 내게 이 소설은 판타지가 아니였다. 그분이 생각나서... 이사를 하던 날도 잘가라고, 부자되라며, 캔커피를 손에 쥐어주셨다. 추우니 마시면서 하라고, 한참이 지나 다시 갔을때, 편의점도, 그 건물도 없어졌다. 할아버지 할머니가 2교대로 운영하던 편의점은 아마도 힘에 부치셔서 그만두셨겠지.하면서도 왜그리 아쉬웠는지. 그래서 나는 소설 속 ALWAYS 편의점을 떠나 이전 자신의 삶을 찾아갔던 독고씨가 다시 돌아왔을때,  ALWAYS가 꼭 그 모습 그대로 있어주기를 바란다. 재밌다!"
2023-02-13,10,이 책은 너무 흔하고 어디서 만날 수 있는 인물들을 통해 개연성이 뛰어난 작품이다. 사람들의 이야기를 통해 나를 다시 돌아 볼 수 있으며 그 속에서 나의 이야기 그리로 우리 주변에 대해 다시 한번 생각할 수 있게 해준다.  우리 주변에서 한 번쯤은 만나볼 수 있는 사람들의 이야기여서 그런지 잔잔하면서도 진실된 삶에 대한 자세는 이 책이 말하고자 하는 것에 대해 다시 한번 생각하게 한다. “결국 삶은 관계였고 관계는 소통이었다. 행복은 멀리 있지 않고 내 옆의 사람들과 마음을 나누는 데 있음을 이제 깨달았다. 책을 통해서 살아가면서 혼자 살아갈수 있는 사람들은 없다. 가까운 사람들과의 진심 어린 소통이 중요하다는 것  우리사회가 어느 순간 부터 삶속에서 서로의 온기가 없어지는 듯한 생각이 많이 든다. 그래도 살만한 곳이라는 생각이 들 수 있게 우리사회가 좀더 성숙한 곳으로 다시 태어나길 소망한다. 이 책에서 나오는 이상적인 장소가 현실 마을 곳곳 또는 어떤 대상이 되는 장소또는 인물들이 사람들의 마음속에서 좀더 의지하고 갈 수 있는 장소 또는 무엇인가 많이 만들어 졌으면 한다. 이전에는 종교 또는 지역단체나 혈연이 그런 역활을 하지 않았을까? 하지만 이제는 그런 장소가 없어진 것이 무엇 때문인지 생각해 본다.각박해지는 세상속에서 서로에 대한 인간적인 관심과 애정 그리고 마지막은 사랑으로 세상은 아름다워진다고 생각해 본다. 따스한 인정그리고 안정적인 소속감을 통해 사람들은 이상향을 찾아가는 것 그리고 이상향은 언제나 자신의 변화가 우선이라고 생각해본다. 자신이 그런 사람이 되어주는 것
2023-02-12,10,"30넘게 평생을 책을 집중해서 본적 없어 항상 책 읽어야지 읽어야지 하면서 책을 사고 쌓고를 반복하는데 처음으로 집중하며 읽는거 같습니다 어린이 추천도서도 제대로 못 읽는데 시간 가는 줄 모르고 읽고 있었네요 편의점과 그 주변 인물들이 고민과 변화 배경 , 일 모두가 내 자신 혹은 주변에서도 볼듯한 일이기에 글을 읽으며 자연스레 상황이 상상되며 몰입도 매우 잘된거 같습니다 저와 같이 책을 읽는데 있어 늦게나마 집중해서 읽고 싶다면 이 책을 추천하고 싶네요"
2023-02-08,10,"불편한 편의점 1.2 /김호연 지난해부터 지금까지 소설부문 베스트셀러에서 오랫동안 자리를 지키고 있는 불편한 편의점1,2 .  인기가 있는데에는 그만한 이유가 있겠지 싶어 읽게 됐다. 불편한 편의점은 처음엔 불편한 듯 싶다가도, 가면 갈수록, 알면 알수록 헤어나오기 쉽지 않은 따스한 곳이었다. 1편에서는 정체불명의 야간 알바생인 전직 노숙자 독고씨로 하여금 의문투성이로 궁금증을 일으켰다. 알코올성 치매로 과거 기억도 없고, 오랜 노숙기간으로 말하는 법도 잊어 어눌하고 행동도 느린 독고씨가 흥미롭게 시작된 편의점 사장님과의 인연으로 불편한 편의점에서의 알바를 하게 된다. 사람들이 많이 찾지 않고, 제품도 다양하지 않는, 골목길의 작은 편의점이라 언제 문이 닫혀도 이상할리 없는 편의점이었으나, 일하는 알바생의 생계까지도 보듬어 가는 사장님, 그리고 그런 사장님의 마음과 잘 화합 된 알바생들의 인간미 넘치는 모습들이 따뜻하게 보여진다. 그러면서 전반적인 이야기는 편의점을 찾는 저마다의 사연있는 편의점 고객들이 독고씨로부터 일상에서의 어려움, 걱정근심, 닫혀있던 마음이 점차 풀리고 해결되어가는 과정들을 그리고 있어 유쾌함과 훈훈함이 넘치는 소설이었다. 고등학교에서 역사를 가르치다 정년퇴임한 편의점 사장 염 여사, 20대 취준생 알바 시현, 50대 생계형 알바 교회 성도 오 여사, 이 시대를 살아가는 회사원 경만, 30대 희곡작가 인경, 염 사장의 아들 철부지 민식, 사설탐정 곽씨 등 의문의 사나이 독고씨를 관찰하면서 벌어지는 오해, 충돌, 공감 등 여러 복합적인 감정들이 오고가는 풍성한 이야기거리로, 읽는 내내 즐거웠다. 그리고 편의점 일을 하면서 잃었던 기억을 찾은 독고씨의 과거까지 밝혀지면서 놀라운 정체마저 흥미진진했다. 2편은 1편 초반에서부터 궁금증을 유발했었기에 부푼기대로 읽어가는데, 뭔가 이런저런 바뀐 편의점의 배경들이 맹숭맹숭한 느낌으로 시작해 아쉬운 편이 되는 거 아닌가싶었다. 하지만 어머나! 읽어가면서 1편과의 연계되는 숨어있던 이야기들이 하나 둘 나오면서 밀당 당한 듯이 이야기의 탄탄함에 또 다시 재밌게 읽었다. 솔직히 이야기 전개상 아들의 변화는 이해될까말까 하면서 갑작스럽게 느껴지기도 했지만, 어쨌든 전체적으로 많은 사람들이 이 불편한 편의점을 통해서 달라지는 마음가짐들이 긍정적이고 밝은 기운을 느낄 수 있어 책을 읽고 난 후에 남아있는 따뜻함이 좋았다. 2편에서는 독고씨를 연상시키는 큰 덩치와 부담스러운 행동을 하는 40대 사내가 등장하는데, 자신의 이름 황근배 아닌, 홍금보라는 별명으로 명찰을 달고 야간 알바를 한다. 넉살은 좋아서 어느새 또 스며드게 하는 마력을 가진 자였다. 계속 된 취업 낙방으로 오갈 곳을 잃어가는 취준생 소진,손님이 줄어들어 근심많은 정육식당 최사장, 부모님 다툼에 상처받는 고등학생 민규 , 이 모두에게 진심은 통한다고 홍금보는 이들의 막혀있던 숨통들을 트이게 만들어주는 해결사로서의 역할을 톡톡히 해냈다. 게다가 염사장의 아들, 현 편의점 사장으로 있는 민식까지 . 민식이 그 동안 진심으로 이야기를 나눌 사람조차 없었다는 것을 깨닫게 되면서, 막무가내 운영하는 사장에서 진정으로 편의점을 잘 지켜보려 노력하는 사장의 모습으로 변할 수 있게 하는데에도 영향을 주었다. 홍금보도 알고보니 무작정 편의점 알바에 뛰어든 것은 아니었다. 1편과 얽히고 설킨 이야기라는것이 2편 또한놓칠 수 없었던 이야기였다. 누구에게나 어려운 상황에 놓여질 수 있다. 현재 겪고 있는 일이 버겁고 지칠테지만 우리는 이겨낼 수 있다. 어쩌면,  힘든 시기를 옆에 있는 누군가와 함께 나누고 조금만 들어주고, 챙겨준다면 조금은 순조롭게 풀어질지도 모르겠다. 책에서는 더 힘겨워졌을지도 모를 일들을 소통의 부재라는 원인을 돌아보게 하므로써 부족했던 대화를 이끌어내고 , 태도의 변화를 만들어내면서  작은 희망을 하나씩 발견해나갈 수 있게 했다. 각자의 상황때문에, 자기 자신의 욕심 때문에 보지 못했던 것들도 시선을 돌리며 나뿐 아닌 남까지도 이해를 할 수 있게 됐다. 편협한 생각과 단지 보이는 것으로만 판단해 버리는 편견들로 스스로를 가둬놓고 힘들게 하고 있는 건 아닌지 생각하게 한다. 마음에 여유로움을 만들고 싶게 하는 책이다. 많은 사람들에게 귀를 기울이고, 들어줄 수 있는 마음을 갖고 싶고, 지치게 만드는 상황일수록 그 속에서 얽매어 있기보다 한 발자국 더 멀리서 바라보며 나아가야할 방향을 잘 틀수 있으면 좋겠다는 바람을 가져본다. 불편한 편의점은 불편함의 편견을 깨게 한 가슴 따뜻하게 만드는 소설이었다."
2023-02-06,10,조금은 지났지만 몇달전에 사람들이 하도 많이 추천을 해줘서 구매하고 안봤었는데 오랜만에 책도 읽을겸해서 보고있는데 너무 정신없게 재미있게 금방 다 읽어버렸습니다. 뭔가 읽고나서도 굉장히 여운이 많이 남는 책인거 같네요. 정말 재미있습니다. 이렇게 책을 안보던 사람도 금방 읽게 만드는 신비한 힘이 있는 책입니다. 힐링물인 느낌도 있고 요즘같이 살기에 각박한 세상에 뭔가 힘을 받는 느낌입니다. 내용은 우리가 동네에서 흔히 보는 편의점에서 일어나는 지극히 평범한 알바생들의 이야기를 다루고있는데 이게 좀 더 현실적이어서 더 와닿는 기분이네요 정말 만족할만한 책을 오랜만에 읽은 기분입니다. 완전 강추입니다.
2023-02-05,10,"한번쯤은 읽어보고 싶었던 책 불편한편의점입니다. 사실 이 책은 너무 유명했으나, 아직 읽어본 적이없었기에 한번쯤은 읽어보고싶은 책이었다. 뭔가 느낌이 나미야 잡화점과 비슷한 느낌이 든 것도 있고, 역시 나미야잡화점을 재밌게 읽었기에 이책도 그런 느낌으로 전개되는 책이 아닌가 해서 구매하게 되었다. 사실 이 책은 부모님 읽으라고 주문을 하였는데, 부모님이 너무 재밌게 읽었다고하여 아주 만족스러웠습니다. 강추합니다."
2023-02-05,10,바쁘다는 핑계로 스마트폰을 가까이 책은 멀리 그렇게 살아오다가 어느날 책이 너무 그리워서 구입했는데 마음이 따뜻해졌어요~ 한장 한장 읽어갈수록 책을 읽는다는 것이 얼마나 행복한 일인지 깨달았어요~ 종이를 넘기는 손이 얼마나 즐거운 일인지 덕분에 읽는 내내 행복했습니다^^ 이제 1권 다 읽고 2권 주문하려고 하는데 기다리는 시간이 너무 길 것 같아요~ 빨리 보내주세요ㅋ
2023-02-02,10,"사실 제 취향의 책은 아닌데, 초등 4학년인 아이가 읽고싶다고 해서 구입했어요 책 읽기가 애매한 나이라 이제는 어른들의 베스트셀러에도 관심을 두네요~ 매일 매일 흥미롭게 읽고 2권까지 사달라고 하는 걸 보면 확실히 이야기가 매력이 있나봅니다 그런데 왜 제목이 불편한 편의점이냐고 물어보니 모르겠다고 하네요;;;;;;;;; 그래도 2권도 사주려고 합니다"
2023-02-01,7,"4개월간의 여행을 마치고 돌아오니 책상 위에 이 책이 놓여 있었다. 나를 위해 사 둔 선물인가 싶어서 엄마한테 물어보니, 친구들이 재밌다고 해서 사 읽어본 책인데 너는 어떨지 궁금해서 놔두었다고 한다. 작년에 입소문을 타고 많은 사람들이 읽은 베스트셀러지만, 뻔하고 평범해서 별로였다는 말까지 덧붙이면서. 반골 기질이 있는 난 이 책이 많은 사람들에게 사랑받았다는 말을 듣고는 엄마의 평이 어느 정도 맞을지 모르겠다는 생각부터 들었다. 그래도 확실한 건 읽어 봐야 안다. 그래서 책을 펼쳤다. 책의 제목이 나를 이끌었다기보단 책의 명성이 내 호기심을 자극한 셈이다. 결국 처음 책을 펼칠 때부터 덮을 때까지 정확히 일주일이라는 꽤 긴 시간이 걸렸으나, 이야기가 끝날 즈음 왜 베스트셀러로 비상했는지 이해할 수 있었다. 김호연 작가의 <불편한 편의점>은 은퇴한 정교사 할머니가 차린 ALWAYS 편의점 하나에 여러 사람들의 이야기가 유기적으로 연결되며 진행되는 스토리이다. 저마다의 삶의 애환을 가지고 있는 사람들이 우연한 발걸음으로 편의점에 모여 더 나은 미래를 바라볼 수 있게 된다는 플롯은 무척 평범하다. 게다가 우리가 사는 세상의 각종 사회 문제를 차용했으면서도 그렇게 현실적이지 않다. 의료계에서 비일비재한 고스트 닥터의 문제, 꿈을 좇는 대신 하루하루 벌어먹고 사는 것에 익숙해져가는 청년들, 가족 간의 단절과 불화 등. 이러한 부분에서 사람들이 왜 이 책을 사랑하게 되었는지 이해할 수 있게 된다. 우리가 책을 읽으며 마주하는 현실의 문제들은 이렇게 극적으로 해결되지 않는다. 오히려 힘 있는 사람들의 문제는 세상의 관심에서 금방 지워진다. 그렇기 때문에 이 이야기를 통해 대리만족하는 것이다. 우리 곁에 항상 있지만 그렇게 중요히 여기지 않는 공간, 누구나 오갈 수 있는 편의점에서 사람들이 가장 골머리 썩는 문제들을 해결해 준다니 이 얼마나 매력적인가. 나는 재미있는 책을 만나면 이야기의 끝을 볼 때까지 책을 손에서 놓지 않는다. 소중한 잠을 조금 줄여서라도 결말을 빠르게 보고 싶은 마음이 크기 때문이다. 그런데 이 책은 첫 절반까지 읽고는 한참을 덮어 두다가 오늘에서야 결말을 봤다. 읽다가 한참 뒤에야 잡는 책은 의무감에 꾸역꾸역 읽게 되는 경우가 많은데, 신기하게도 그런 억지스러운 느낌은 없었다. 그러니까 참 애매한 책이다. 사람을 확 끌어당기는 재미는 없는데, 또 재미없냐고 묻는다면 선뜻 맞다는 대답은 잘 안 나오는 그런 느낌. 아, 그래, 뻔하긴 해도 세상엔 이런 이야기가 필요하지, 하는 감상이 정확하겠다."
2023-01-31,9,"저번 모임에 읽은 책은 무척이나 두꺼워서 읽기가 힘들었다. 새해를 맞이하는 기념으로 가섬 따땃해지는 소설을 읽고 싶었다. 목적은 이뤘다. 독고를 중심으로 이뤄지면서 개개인의 이야기의 흐름이 자연스러웠던 에피소드로 꽉차있었다. 사실 책을 딱 덮고는 대체 어디가 불편한 편의점이라는 거지? 생각을 했다. 작가는 편의점에 물건도, 할인행사도 적은 편의점이라는 점을 '불편한' 거라 주목했지만 나는 약간 생각이 다르다. 모든 에피소드를 꿰뚫는 키워드는 '대화'인 것 같다는 생각이 든다. 누구보다 소통해야하는 가족과의 소통보다는 독고의 대화가 오히려 편안한. 물론 독고와의 대화가 불편했겠지만 사실 그렇게 누군가에게 마음을 털어놓는 것이 불편해서 저지를 수 있는 행동은 아니지않나? 오히려 독고와의 대화를 통해 갈등이 있는 상대와 마주하자는 불편한 마음을 먹게 하기 때문에 나는 불편한 편의점이라고 생각했다. 꽉 막힌 것 같은 미래를 뒤집어 생각하게 되고, 꽉 막힌 것 같은 아들과 소통하게 되고. 꽉 막힌 것 같은 엄마와 맥주 한 잔에 이야기를 나누게 되고. , , , , 근데 이건 그냥 내 생각임. 작가의 생각은 다를 수 도 있지요. 그저 저의 생각. 아무튼 마음 따듰해지는 에피소드에 눈물을 흘리진 않았지만 나름의 반전(?)도 있으면서 독고의 성장이 돋보이는 이야기였다. 독고의 이름은 그래서 뭐였을까? 독고가 죄책감을 벗어나지는 못해도 그걸 연료로 삼아 더 이상 도망치지 않는 사람이 됏으면 좋겠다."
2023-01-30,9,"고등학교 교사로 정년 퇴임한 염여사가 사장인 편의점에 지갑을 주어준 인연으로 기억을 잃은 노숙자 독고씨가 아르바이트생으로 들어오게 된다. 편의점에 일하는 아르바이트생과 손님들의 인생 이야기와 성장을 볼 수 있었다. 큰 줄기는 독고씨로 부터 진행되지만 편의점 아르바이트생들의 가족과의 화해와 꿈을 찾아가는 이야기도 있고, 손님으로 방문한 이들의 사연과 이야기도 있으서 지루하지 않고 쉽게 읽어나갈 수 있었다. 요즘 너무 쉽게 볼 수 있는 편의점이고 자주 방문하는 곳이지만, 그 만큼 많은 사람들의 사연이 스쳐지나가는 곳이라는 생각이 들었다. 이야기의 주인공들이 다들 삶을 해결해나가는 것처럼 올해 모두 잘 되었으면 좋겠다."
2023-01-27,10,뒤늦게 읽기 시작한 불편한 편의점. 무슨 책이기에 이렇게도 인기가 많은걸까? 도서관에서 대출해서 읽어볼까? 도서관앱에 들어가봤더니.... 대출대기가 후덜덜.... 이 정도면 구입해서 읽는 것이 정답니다  ㅋㅋㅋㅋ 오늘 주문하면 내일 도착하는 믿고보는 예스24. ^^ 도착하자마자 뜯어서 앞뒤로 한번 째려보고 읽기 시작했다. 아... 베스트셀러인데는 이유가 있구나. 잘 읽힌다. 엄청 잘 읽힌다. 나는 잘 읽히는 책을 만나면 기분이 좋다. 저자의 필력을 의심할 필요가 없다는 것이니까^^ 단숨히 책을 읽고 아들에게 던져주었다... 너도 읽어랏! 좋은 책은 하루를 기분 좋게 해준다
2023-01-27,9,"""밥 딜런의 외할머니가 어린 밥 딜런에게 이렇게 말했다고 해요. 행복은 뭔가 얻으려고 가는 길 위에 있는 것이 아니라 길 자체가 행복이라고. 그리고 네가 만나는 사람이 모두 힘든 싸움을 하고 있기 때문에 친절해야 한다고."" '결국 삶은 관계였고 관계는 소통이었다. 행복은 멀리 있지 않고 내 옆의 사람들과 마음을 나누는 데 있음을 이제 깨달았다.' 책에서 눈에 들어오는 구절을 써보았다. 첫번째 구절에서는 2023년을 살아가는데 있어서 나의 행동의 지침 중 하나로 삼아야겠다고 생각했고 두번째 구절은 고개를 끄덕끄덕하게 만들며 내가 알고 있고 느끼고 있는 아주 중요한 구절이다."
2023-01-27,9,"귀향길에 뽑아든책이었고 한숨에 쉬지않고 읽게 되었습니다 노숙자와 오래된 동네의 편의점을 중심으로 여러 삶의 이야기들이 짧지만 쉽고 흥미롭게 와 다았고 따뜻한이야기였습니다. 갈등구조가 심화되어 빠지는 편이 아니라 러브액츄얼리 처럼 편안하고 따뜻하게 결말이 행복합니다 사연있는 노숙자이지만 정의롭고 지혜로운 이제는 편의점 알바생, 알바생을 위한 편의점 사장, 취준생알바, 노후 생계를 위한 알바생이 등장하여 다채롭고 잔잔한 감동을 줍니다"
2023-01-25,10,"바쁜일상에 시간을 쪼개서 독서를 하다보니, 가벼운 소설을 읽지 않는다. 왜 그런지 모르겠지만 시간이 아깝다라고 느껴지는 경우가 많았다. 뻔한 이야기로 감동과 깊이를 느낄수 없었던것 같다.  '불편한 편의점'도 그런책이 아닐까 하고 미루다가 이제서야 읽게 되었다. 최근 읽은 책 중 '최고'라고 이야기 하고 싶다. 함께 이 책을 읽은 분들은 호불호가 갈린다. 평범한 일상과 평범한 행복속에 지내는 분들은 이 책이 시시콜콜하고, 너무 판타지 같아서 노잼이라고 한다. 하지만, 나에겐 너무나 많은 위로와 훈훈한 감동을 선사해 줬다. 왜냐하면, 내 마음은 지칠대로 지쳐 있었고, 삶이 고달팠으며, 어디론가 떠나 혼자 쉬고 싶었던 마음이 가득차 있었다. 세상 무게를 내가 다 짊어지고 있는 듯한 감정속에 빠져 있었다. 이런 상황에서 '불편한 편의점'은 외롭고, 비주류인 위태로운 주인공들이 혼자 세상을 살아가는게 아니라 서로 따뜻한 배려와 관심, 그리고 누구나 그런 마음을 기다리고 있으며, 그 마음속에서 쉴수 있는 공간이 생긴 다는 점이 날 따뜻하게 보듬어 주었다. '피카레스크식' 구성방식으로, 등장인물들이 불편한 편의점 독고씨 주변으로 다 엮여있다. 난 이런방식을 좋아하다. 히가시노게이고의 '나미야잡화점' 같은 느낌을 받았다. 책 이야기로는 언젠가 한번 쯤 만나보고 싶은 독고씨, 나의 인생상담도 좀 받고 싶다. 불편한 편의점에 들려 '참.참.참' 세트 먹어보고 싶다는 생각을 했고, 한 상황에서 각자 어쩜 저렇게 다르게 자기중심적으로 생각을 하는지 소통이 안되는 상황이 우스꽝 스럽고, 유쾌했다. 마지막부분 설정은 좀 아쉽지만, 김호연 작가의 위트있는 문체와 마음 훈훈해지는 이야기로 이책을 다 덮고 나서는 이제 무슨 낙으로 사나... 싶었다.~^^"
2023-01-24,10,"<불편한 편의점>이라는 책이 베스트셀러라고해서 일단 도서관으로 향했다. 하지만 대출을 할 수가 없었다. 대출이 밀릴 정도로 많은 사람들이 찾는 책이라 내용이 더욱 궁금했다. 그래서 구입한 <불편한 편의점>! 요즘같은 코로나 시국에 읽으면 좋은 책이라 생각된다. 주인공 독고씨가 편의점에서 일하면서 사람들과의 만남에서 행복을 찾아가는 소중한 시간을 보면서 깊은 감동과 위로를 받게된다. 더불어, 힘들었던 나의 과거도 되돌아보게 되고 함께했던 사람들과의 추억도 되새기는 소중한 시간도 갖게되었다. <불편한 편의점 2>도 꼭 읽고 싶어진다."
2023-01-24,10,2023년에는 한달에 한권은 읽자고 계획을 세웠고 가볍게 읽을 수 있는 것으로 시작하자 해서 읽게 된 불편한 편의점. 익숙한 동네가 나와서 반갑게 빠져들 수 있었고 가볍게 시작하잔 마음이었으나 읽다보니 세상을 어떻게 살고 어떤 어른이어야 할지에 대해 진지하게 생각하는 시간이었어요. 올해의 첫 도서로 탁월한 선택이었습니다. 정말이지 편의점 사장님 같은 어른이 되고 싶고 따뜻한을 전해줄 수 있는 사람이고 싶어요..ㅠㅠ 그리고 소설 속 자녀들의 모습이 나에게도 일정 부분 있지 않은지에 대해서 돌아보는 시간도 갖게 되더라고요. 더불어 사는 세상이지만 삭막함을 느낄 때가 많은데 이 소설을 보고 나부터 삭막함을 벗어나야겠다는 생각도 하게되었습니다. 좋은 책을 만나서 기분 좋네요
2023-01-24,10,"주인공 임영숙 여사는 교육자 출신으로 퇴직하여 편의점 주인이다. 우연히 지갑을 잃어버렸는데, 노숙자 독고씨가 헌신적으로 다른 노숙자들을 막아서면서 지갑을 돌려주게 되는데, 독고씨가 똑똑하고 예의바른 사람이라는것을 알아본 임 여사는 마침 자신의 편의점에 아르바이트 생이 퇴직하여 야간에 공석이 생기자 독고씨를 채용하게 된다. 임여사의 도움으로 말끔히 씻고 깨끗하게 차려입었지만, 독고씨는 오랜 알콜중독으로 인해 본인이 어떤사람인지 전혀 기억하지 못하였고, 노숙자였기에 처음엔 다른 아르바이트생인 서현, 오선숙 여사의 의심의 눈초리를 받게되지만, 경우있고 배려심 있는 성격, 듬직한 모습, 똑똑한 머리,맞받아치는 말솜씨? 로 아르바이트생들에게 믿음을 주게 되고, 매출도 오르게 된다. 서현은 공무원 준비생인 아르바이트생이였으나, 서현이 친절히 잘 설명해주기에 독고씨가 유트브 영상등을 권하고, 서현은 본인이 올린 유트브 영상을 본 다른 큰 지점의 사장에게 스카우트를 받아서 점장으로 취직하여 떠나게 된다. 오선숙 여사는 게임만 하는 장성한 아들과의 갈등이 있었는데 독고씨가 삼각김밥을 권하며 아들의 이야기를 들어주라는 말에 깨달음을 얻고 아들과의 대화를 시도하게 된다. 다양한 인간군상이 편의점에 오게되고, 독고씨는 나름의 해법을 전해주게 된다. 아르바이트생이 권하는 사소한 관심과 호의에 다른 사람들은 경계하고 의심하지만 그 진심을 깨닫고 좋은 방향으로 자신들을 바꾸게 된다. 마지막으로 미스터리존재였던 아르바이트생인 독고씨의 원래 정체가 무엇이였는지 본인이 깨닫게 되고 본인을 찾기 위해 떠나면서 책은 마무리된다. 저자는 사람에 대한 관심과 믿음, 작은 호의가 어떻게 사람을 바꾸는지, 그것이 얼마나 따뜻한 기적인지 말하고 있다. 솔직히 나라면 노숙자에게 선뜻 야간알바를 맡길수 있을까? 작은 대화와 만남으로 그 사람이 좋은 사람인지 파악하는것도 어렵지만 잘 모르는 사람을 믿고 호의를 보인다는것은 정말 엄청난 어려운일일 것이다. 그리고 그 호의에 자신도 보답하려 어려운 술을 끊고, 맡은바 열심히 성실히 생활하였기에 잃어버렸던 본인도 찾고 새출발하여 새로운 인생을 시작할수 있었을것이다. 유트브 시작, 한동안 유행하였던 수제맥주, 비트코인, 공무원공부등 어디서 있어봄직한 인물들이 나오기에 진짜 주변에 일어나고 있는 일 같이 친숙한 느낌이 든다. 유머러스하고 미스터리하고 재밌고, 매우 따뜻해지는 책이다."
2023-01-23,10,나무옆의자 출판사에서 출간된 김호연 작가님의 불편한 편의점을 읽고 작성하는 리뷰입니다. 안 읽은 사람은 있어도 제목을 들어보지 못한 분들은 없을거예요~ 그만큼 유명한 책이라 저도 사서 읽었는데 ㅋㅋㅋ 진짜 3일만에 다 읽었어요~ 우리 일상속에 정말 흔한 편의점을 중심으로 모두가 공감할 수 있는 갈등과 해결을 다루며 우리네 삶 속에 정말 잘 살아간다는 의미가 무엇인지 생각하게 하는 책이 였습니다 . 모든 연령의 독자에게 추천합니다 ~
2023-01-23,10,아이가 읽고 싶어하는데 도서관은 모두 대출중이더라고요. 워낙 인기가 많아서 도서관마다 몇 권씩 보유하고 있어도 빌리기 쉽지 않았어요. 그래서 아이가 스티커를 모으면 그 책을 사주기로 하고 모으도록 유도했지요. ㅎㅎ 아이가 이 책을 먼저 읽고 저도 읽었는데 소재가 참신하고 당장 우리 주위에서 일어난 일같은 스토리에 시간이 가는 줄 모르고 빠져 들어 읽었습니다. 아이는 독고씨와 편의점 사장님이 처음 통화했을 때 지갑안에 돈으로 먹을 걸 사먹으라고 했다는게 인상적이었다고 하네요. 노숙자에게 선뜻 자신의 지갑을 열어 만지도록 하는게 쉽지 않은 말일 것 같다고 해요. 불편하지만 마음은 따뜻해지는 편의점이 우리 곁에도 있으면 좋겠네요.
2023-01-21,10,넘 재밌게 읽어서 좋아하는 사람들에게 책선물했습니다~ 따뜻함과 재미와 계속 읽게 되는 소중한 책이네요~선물해서 같이 읽을 수있는 책이 있다는게 참 감사하고 좋습니다. 읽는 분들마다 넘 잘 읽었다고 해주시니 참 좋네요~ 독고아저씨도 여기나오는 사람들도 일상을 살아가는 우리 이웃 안 읽어본 사람 없게 해주세요!!! 불편한편의점 어쩜 제목도 잘 지으셨다는 ... 불편한편의점 2가 넘 궁금해서 구매하고 또 선물했습니다~
2023-01-20,9,연극을 보는것 같았습니다. 사람이 잘 가지 않는 편의점이지만 내가 아는 편의점에서 일어나는 일들을 알게되는 기분이었습니다. 정말 읽어보고 싶었던 책이라 기대했습니다. 예상했던 스토리와는 달리 소소한 느낌의 이야기입니다. 심심할때 읽기 좋은 책입니다. 몇몇 감동포인트도 있었습니다. 등장인물들이 실제로 있을법한 분들이라서 그런지 쉽게 상상하면서 읽을 수 있습니다.
2023-01-19,10,"이 책은 올해 소설분야 베스트셀러 1위라는 책입니다. 오디오북도 1위 자리를 오랫동안 차지하고 있더군요. 청파동의 한 편의점을 중심으로 소소한 이웃들의 이야기를 잔잔하게 전하고 있는 책입니다. 노숙자에서 편의점 알바를 하게된 독고씨의 정체에 대한 궁금증을 풀어가는 과정이 흥미를 돋구면서 편의점에서 일하는 사장, 알바, 방문하는 손님들의 각자의 이야기가 마치 연극의 한 장면처럼 펼쳐집니다. 노숙자 독고씨의 정체가 밝혀지기전에 독고씨를 설명하면서 뭔가 특별한 일을 했던 사람이라는 궁금함으로 소설을 끌어 나간다 해도 과언이 아닌 소설입니다. 그냥 일상 드라마와 같은 소설이지만, 결말이 깔끔하게 떨어지는 것 같아 훌륭하다고 생각되었습니다. 오랜만에 혼자 흐뭇하게 미소지으면서 눈시울을 붉히게 만드는 그런 베스트셀러 였습니다."
2023-01-19,8,"오후 2시 아들 방에서 창밖을 내다보니 고요한 고층 아파트 사이에 간간이 지나가는 차만 몇 대 보인다. 추운 날씨 때문에 모두 집콕콕 하는가 보다. 사람 하나 보이지 않는 건너편 아파트가 왠지 삭막해 보이지만 지금도 집집마다 TV 보며 웃는 소리, 어린아이들의 우는소리, 늦게까지 일하고 온 아빠의 코 고는 소리, 시험 준비로 책에 밑줄 치는 수험생의 볼펜 소리... 여러 가지 소리가 마음의 귀를 두드리는 것 같다. 불편한 편의점은 중학교 여학생이 추천해 준 책이다. 추천 이유를 물으니 마음이 따뜻해지는 이야기라고 한다. 가볍게 읽을 수 있다는 말도 되겠구나 싶었다. 다른 거지한테 맞아가면서까지 주인에게 지갑을 찾아주는 뜬금없는 서울역 거지, 소일 삼아 편의점을 운영하는 착하디착한 전직 교사 사장, 취직 못해서 공무원 준비 중인 젊은 알바생, 직장 일이 제대로 안 풀리는 속 시끄러운 어느 가장, 마지막으로 글 하나 쓰고 접겠다는 전직 배우이자 현직 작가의 이야기가 편의점을 중심으로 펼쳐졌다. 그러니까 우리 이웃의 이야기이다. 겉으로는 모두 멀쩡하고 행복해 보이지만 어느 가정이나 사연 없는 집 없다는데 내 사연만 다른 사람들보다 특히 더 어려운 것 같아 자신이 처량해 보이고 포기하고 싶을 때 우리 이웃 주인공들이 불편한 편의점과의 인연으로 인해 새로운 길을 찾아가는 모습을 따라가고 있노라면 불편한 편의점 문에 걸린 “딸랑딸랑” 하는 소리와 함께 새로운 인생길을 열어주는 사람이 들어오고 나갈 것 같은 생각이 들게 하는 책 이었다. https://blog.naver.com/perfectbride/222988792070"
2023-01-16,9,처음에는 예쁜 책의 표지와 어울리지 않는 두단어로 이루어진 제목에 이끌렸다. 편의점인데 불편하다니.. 그래도 되나 싶었다. 두번째는 낯익은 배경에 반가웠다. 나의 첫 서울생활을 했던 곳. 청파동 왠지 내가 자주 다니던 편의점이었을 것 같은 상상을 하며 읽었다. 마지막으로 따뜻한 이야기가 좋았다. 정체를 알 수 없는 주인공과 그로 인해 변화되는 손님들의 이야기는 추운 겨울을 잔잔히 녹여주는 손난로가 되어주었다. 마지막 독고의 정체는 약간 당황스럽기도 했지만 빡빡하고 차가운 일상에서 잠시나마 휴식이 되어주는 책이다.
2023-01-15,10,"왠일인지 아버지가 부탁하셔서 구매하게 되었습니다. 정말 유명한 책이라 많은 기대를 가지고 봤는데 역시는 역시네요 실망시키지 않았고 너무 좋았습니다. 소설은 정말 오랜만에 읽었는데 다 읽고 나니 잔잔한 감동이 느껴져서 오랜만에 마음이 따뜻해지는 경험이었습니다. 또 등장인물들이 하는 고민들이 누구나 한번쯤 살면서 해봤을 고민들이라, 더 공감되면서 읽었습니다. 우리 주변엔 많은 선의가 잇었겠지만, 그 안에는 불편함 또한 항상 있엇을 것입니다."
2023-01-15,10,"베스트셀러라는 단순한 끌림에 구입을 했던 책! 운전하며 신호등에 걸리면 쉬엄쉬엄 읽어봐야지~ 라고 하며 조금씩 읽기 시작하였지만 신호등대기시간이 왜이리 짧은지 아쉽다는 마음까지 들었습니다. 이야기의 주인공들이 서로의 다른 시점에서 편이점이라는 같은 공간에서 삶의 이야기를 이끌어가는 이 책은 한번 손에 잡으면 절대 쉽게 손에서 놓을수 없는 책입니다. 어쩌면 각 주인공들의 삶의 모습이 모두 내가 겪고 생각하고있는 그런 것들이라는 공감되는 점에서 책을 읽는 동안 마음의 위로를 받을수 있는 시간이 되었네요. 불편하지만 편의점이라는 아이러니한 책속의 공간에서 마음의 편안함과 따뜻함, 위로를 모두 받고 책을 덮으며 다음 두번째 이야기를 읽기위해 다시한번 구매버튼을 눌렸습니다. 모두에게 추천!!"
2023-01-15,10,오랜만에 리뷰를 쓰기 위해 책을 검색하다보니 눈 내리는 광경의 '윈터 에디션'이 나와 있네요. 계절마다 표지가 바뀌는 책이라니....너무나 참신하고 산뜻한 발상입니다. 저녁을 배경으로 한 편의점의 노란 불빛과 귀여운 눈사람이 따스함을 더더더 더해주는 느낌이예요. 이 책을 처음 읽은 건 작년 4월 무렵이었어요. 국내도서 판매 1위라서가 아니라 제목과 표지에 이끌려 픽하게 되었죠. 물론 김호연 작가의 '망원동 브라더스 '를 읽어본 후라 작가의 차기작에 대한 호기심도 발동한 상태구요. 일곱개의 에피소드의 주인공들이 각자의 입장에서 본 편의점과 사람사는 이야기가 참 좋았어요. 그냥 우리 주변에서 흔히 볼 수 있는 이야기 혹은 내 이야기 같아서 더욱 감정이입되어 읽은 것 같아요. 요즘은 재미있고 참신한 이야기는 많아도 가슴 따뜻해지고 책을 덮은 후에도 그 여운이 오래가는 이야기는 참 찾기 어려운데 이 책은 그런 아쉬운 맘을 토닥토닥 잘 달래주네요. 해지는 저녁 퇴근길...불편한 편의점에서 맛있는 도시락을 사서 먹으며 스쳐지나가는 수많은 인연들을 눈에 담고 웃으며 하루를 마무리하고 싶어집니다.^^
2023-01-15,10,"불편한 것이 지금 필요합니다. 당신에게. 편의를 도모하는 세상에서. 24시간 어디에서 언제든지 갈수 있는 곳. 편의점. 우리집에서도 걸어서 3분거리에 하나. 10분 거리에 또 하나가 있다. 편의점. 24시간. 언제 어디서든 같은 가격과 같은 물건들을 판다. 오늘 이 세상은 편의를 도모하는 세상. 계속해서 편의를 추구하며. 그 편의를 통해 자신의 존재 가치를 부여받고. 누가더 편의 스럽게 살아가는 지에 따라 힘과 권력의 차이가 따르는 세상. 그런데. 이 편의점이 해야할 일들만 하면 되는데 불편하게 만드는 사람이 있다. 그 사람은 편의를 찾으러 온 공간에서 불편을 만들어가며 사람과 사람사이의 관계를 창조해 간다. 불편함 때문에 거리감도 생겼다가 다시금 매력을 느끼게 되고 그 불편함을 통해 마음의 편의를 찾아가게 되는 모순된 이야기. 그 이야기들을 우리는 놓치고 있던건 아닌지. 너무 편한 세상속에, 너무 거대한 편의 속에 휩쓸리어 이제는 불편함이 주는 소중함과 진실함 그리고 진솔함이 사라진 세상속에서 어쩌면 우리는 불편함을 기대하는건 아닌지. 그것이 궁금하다면. 이책을 추천한다. <불편한 편의점>"
2023-01-14,10,"불편한 편의점. 제목과 표지만으로도 메인 스토리는 바로 짐작할 수 있을 정도로 직관적이었습니다. '뭔가 특이한 캐릭터가 편의점에서 일 하게되고, 손님들은 그 덕분에 당황을 하면서도, 결국 그로 인해 뭔가 문제를 해결하겠구나!' '독고'는 기억상실증에 걸린, 과거를 알수없는 노숙인이자 거한입니다. 편의점 사장님의 지갑을 찾아준 인연으로 편의점에서 일하게 된 그는 다시 사회화 과정을 거치게 됩니다. 저의 예상에서 벗어난것은, 생각보다 다양하고 많은 인물들이 등장 하는 것이었어요. 편의점 동료이자 취준생인 여성, 슬럼프에 빠진 작가, 아들과 소원한 중년여성, 망나니 같은 편의점 사장 아들... 모두 각자의 이야기를 풀어갑니다. 독고의 불편함 덕분에, 불편한 진실을 마주하고, 다소 불편할 수 있는 선택을 하고, 구원을 받아요 그리고 우리의 주인공 독고, 그도 마지막엔 자기가 도운 사람들 덕분에 점차 자신을 되 찾아가죠. 편의점은 작은 공간이지만 많은 사람들이 오고가는 곳이죠. 결국 우리 사회를 반영한달까요. 그래서, 이 책은 소외받는 사람 없이, 우리 주변의 모든 사람을 다루는 것 같은 책입니다. 가벼운 마음으로 힐링하기 좋은 책이었습니다."
2023-01-11,9,많은 사람들이 이책을 통해 따스함을 다시금 경험할 것이다! 이책을 통해 나를 돌아보고 나를 알아가기를 그래서 우리는 모두 아름다운 이야기를 경험할것이다. 많은 사람들이 이 책을 통하여 자신을 돌아보는 시간을 갖게 될것이다. 우리 주변에 너무나 무시당하고 어려워 하는 사람들이 가득한데 정말 그들에게 진심으로 필요한 것은 작은 빛과 같은 사랑이고 또 관심이며 마음이다. 우리 주위에 독고 그 독고를 잊지 말고 잃지 말아야 한다.
2023-01-11,10,참 감동적이고 따뜻한 인정이란 이런것이구나 싶습니다. 이런 편의점이 현실에 있다면 아직 살만한 세상이라는 희망을 가질수 있을것같아요. 2일만에 다 읽었는데 2권도 얼른 읽고싶어지네요. 제작될 드라마도 굉장히 기대됩니다.  새롭게 하소서를 봤는데 작가님께서 섬세하게 표현해서 담으신 예수님의 사랑이 잘 느껴져요. 이런 것이 선한 영향력 이겠죠? 귀하고 복된 책입니다
2023-01-08,10,"제목과 다르게 참 편안하고 따뜻한 편의점 이야기이다. 보통의 삶 속 있을 법한 이야기. 우리 가족에게도 있을 수 있는 이야기... 고난의 시간을 통과하는 사람들이 들르는 그 곳, 앞으로 동네 편의점을 그냥 지나칠 수는 없겠다. 편의점을 들르는 사람들, 그 곳에서 일하는 사람들에게 한 번 씩 더 관심을 갖고 그들의 삶에 대해 상상해 보게 될 듯 하다. 그리고... 모두에게 친절해야 할 이유를 찾았다. [내가 만나는 사람이 모두 힘든 싸움을 하고 있기 때문에 친절해야 한다.]"
2023-01-07,10,"저번 모임 책보단 훨씬 가벼운 소설이기 때문에 술술 읽혔다. 작가님의 실제 일어나고 있는 것을 목격하고 있는듯한 문체가 돋보였고, 각박한 사회 속에서 보기 힘든 인간의 정을 느끼면서도 책 제목처럼 어딘가 불편하지만 또, 그런 불편함에서 나오는 특별함이 굉장히 매력적으로 다가왔다. 마치 불편함을 감수하고서도 얻어내는 무언가를 갈망하는 인간들의 모습이 보였다, 소설이었지만 공감가는 구절이 있었고, 노인혐오에 대한 생각도 해볼 수 있었다. 이놈아, 우리같이 돈도  힘도 없는 노인들은 발언권이 없는거야. 성공이 왜 좋은 줄 아나? 발언권을 가지는 거라고. 성공을 한 사람들의 말은 누구든 시간과 돈을 써서라도 듣고 싶어한다. 워렌버킷과의 식사자리가 수억원의 가치를 가지는 것처럼 성공의 힘은 대단하다. 또한, 돈도 힘도 없는 노인들은 발언권이 없는거야라는 구절에서 현대사회는 고령화사회가 되고 있는 반면 노령층에 대한 혐오와 소외는 점점 늘어가니.. 망원동 브라더스를 집필하신 작가님인 것에 반가웠고, 얼른 2가 읽고싶어서 북클럽 서재에도 담아놨다! 마지막으로 내게 힘을 실어준 구절로 리뷰를 마친다 삶이란 어떻게든 의미를 지니고 계속된다는 것을 기억하며 ,"
2023-01-03,10,소설을 읽으면서 잘 읽었는지 여부를 판단하는 기준은 소설속 내용이 머리속에 구체화 되는지 여부이다. 소설 속 지리명등은 익히 들어 알고 있었지만 가본 적은 없는 곳이었고 허구의 지명은 현실에 존재하지 않기에 가볼 수가 없는 곳이다. 그럼에도 불구하고 책을 읽는 동안 아마도 이러한 풍경을 가진 동네 및 편의점이지 않을까라는 생각이 구체화 됐다. 여러 장소에서 가볍게 읽기 좋았으며 하루만에 완독하였다. 벚꽃에디션이라는 이름하에 그려진 일러스트 혹은 책표지도 너무나도 마음에 들었으며 그 다음날 바로 제 2권을 샀다. 후속작은 원작을 못따라 간다는 말이 있지만 이번에는 깨주기를 바라본다
2022-12-31,10,"오래동안 베스트셀러에 올라와있는 걸 보고 꼭 사야지 생각만하다가 모처럼의 연휴가 생기면서 구매해서 읽게 됐습니다. 사람들의 많은 추천이 있고 인기가 있는 건 이유가 있나봅니다. 오랜만에 잘 쓴, 굉장히 재밌는 책을 한 편 읽게 되어서 기분이 좋았습니다. 글에 흡입력이 좋아서 시간 가는 줄도 모르고 읽었습니다. 많은 분들이 읽었으면 싶은 책입니다. 추천합니다."
2022-12-30,10,추천으로ㅇ읽게 된 책입니다 시실 베스트셀러에서도 많이 보던. 책이라 더 궁금했던 것같습다 처음에 시작은 소설같았는데 읽을수록 있을법한 이야기가 아닌가 하는 생각이 문득문득 읽는 내내 들었습니다 산해진미 도리락이나 제이레스 오브 제이에스는 진상의 줄임말이라는 것도 신선하도 재미있었습니다 불편한 편의점이라는 말이 반어적인.표현이리고 생각했는데 읽는 내내 편안하게 보몀서도 의미 있엇던 책이였다고 감히 말할 수 있을 것같습니다 감사합니다
2022-12-30,9,마음 따뜻해지는 이야기. 저마다의 사연을 가지고 살아가는 저마다 다른 보통의 사람들. 그들이 스치듯 지나가고 머무는 공간인 편의점. 우리 주변에서 흔히 보고 마주칠 수 있는 공간과 사람들에게서 그들의 이야기들을 읽으며 공감하고 응원을 받는 것 같다. 각각 등장하는 인물의 시점에서 너무 이상하게 보이던 독고에게서 위로를 받고 소통하면서 어느새 자신의 문제에서도 어느새 한 발짝 내딛고 있다. 사람 간의 관계를 이렇게 따뜻하게 바라본다는 점이 좋았다. 삶에서 소통이 얼마나 중요한지도 생각해 보게 되었다. 나도 생각지도 못한 어느 누군가에게 위로받은 적이 있었을 것이고 웃음 짓기도 했을 것이다. 나 또한 누군가에게 그런 사람이 될 수 있기를.
2022-12-30,10,"요즘 편의점은 정말 많으며 집에서 10분만 걸으면 몇 개나 볼 수 있는 흔한 장소이다. 많은 사람들이 다녀가는 곳이고 다양한 이유로 편의점에 간다. 아침 일찍 커피 한 잔을 위해서, 아니면 점심에 도시락을 먹거나 새벽에 라면 한 그릇을 먹기 위해서 등 다양한 이유로 편의점에 간다. 하지만 이 간단해 보이는 이유에도 다양한 사연이 있다. 가족을 위해 새벽 일찍부터 출근하면서 몸을 녹이기 위해서 마시는 따뜻한 커피 한 잔. 일하느라 밥 먹을 시간이 없어서 빨리 점심을 해결해야 하기 위해 먹는 점심 도시락. 새벽까지 야근하고 집에 들어갈 때 가족들이 깰까 봐 밖에서 간단히 배를 채우기 위한 컵라면. 겉으로 봐서는 모르지만 누구나 가지고 있는 사연을 편의점이라는 공간을 통해 잘 전달한 좋은 소설이다."
2022-12-30,8,"처음엔 뭐지 싶다가, 점점 읽을수록 손에서 책을 떼기 힘들었다. 편의점을 주축으로 노숙자와 편의점 사장님, 공무원을 준비하는 알바생, 그리고 가장의 역할을 하는 여사님 등 관련된 이웃들의 이야기를 액자식 구성으로 서술한 책이다. 특별한 판타지가 있는 것도 아니고, 그저 우리가 일상에서 마주할법한 이웃들의 이야기이다. 그럼에도 가슴을 먹먹하게 만들었고, 인물들이 어려움을 헤쳐나가는 태도에 나 역시 희망을 보았다. 우리는 역사이래로 찾을 수 없는 물질적인 풍요시대에 살고 있다. 그러나 코로나 19, 경기침체, 청년실업률 등의 사회 불안은 이웃에게 신경쓰는 시간이 사치처럼 느껴지게 역설적인 상황을 만들고 있다. 이 책은 그런 상황 속에서 날을 세우지 않고, 행복은 먼 곳에 있지 않다고 말해주었다. '삶은 관계이자 소통, 행복은 멀리 있지 않고 내 옆의 사람들과 마음을 나누는 데 있다'"
2022-12-28,10,하룻만에 읽었습니다 정말 오랜만에 단숨에 읽게되는 즐거움 도서관에 다시 다녀야겠다는 즐거운 다짐을 하게 해준 김호연씨 소설. 다른것도 찾아보게 되네요 당연히 불편한 편의점 2권을 예약구매해놓고 기다렸고 2권도 받자마자 그날 다 읽었습니다 커피한잔 옆에놓고 책읽는 즐거움. 나이들수록 책과 친해지는 거 도서관에서 노는거 좋은 취미인듯합니다 ............
2022-12-27,10,"2022년에 YES24를 들어올 때 마다 늘 베스트 셀러에 있던 책이라, 흥미를 가지고 주문해서 읽었다. 그럴만한 이유가 충분히 있는 책이다. 각 챕터마다 등장인물에 대한 이야기가 나오는데, 각각의 사연들이 우리 모두의 이야기였다. 작가님의 필력도 높아서 읽는 내내 몰입되면서 봤던 것 같다. 올 한해 봤던 책 중에서, 가장 빠르게 읽은 것 같다. 결국 삶은 관계였고, 관계는 소통이다 >> 정말 이보다 요즘 시대에 필요한 말이 있을까?"
2022-12-27,7,"불편한 편의점이라...편의점은 편리한 상점이 아니었던가?? 그런데 뭔가 불편한 편의점이다. 잘나가는 프랜차이즈 편의점도 아닌 곳에 노숙자 독고라는 의문의 사나이가 일하게 된다. 그의 시점으로도 혹은 주변인의 시점으로도 이야기가 전개된다. 비밀스런 그의 과거를 따라가보며, 알콜성 치매가 되는 과정... 따뜻한 사람들의 이야기까지. 코로나를 겪으면서 흔히 만나는 우리 주변의 사람들의 시시콜콜 진솔한 이야기가 책장을 덮을 수 없게 만든다. 코로나 시대의 우리들의 자화상. 그래서 더 공감가고 그래서 더 빨려들게 된다. 짜임새 있는 구성으로 글의 몰입감을 더한다. 나미야 잡화점의 기적 이후 우리나라 버전의 훈훈한 이야기에 가슴이 따뜻해 진다. 세상은 역시나 좋은 사람들이 더 많다는 것을 다시금 깨닫게 된다."
2022-12-27,8,"이 소설의 김호연 작가가 한 인터뷰에서 ""(저도) 편의점 애호가죠. 저는 4캔 맥주를 좋아하고.. 편의점에 대한 친근함이 있고 자기 엄마 얘기같고, 자기 술마시는 아빠 얘기같고 동네 사람들 얘기잖아요.""라고 자신을 소개하는 것을 보았다. 그러면서 이 소설에 등장하는 노숙인 출신의 편의점 알바, 취업준비생, 존재감 없는 40대 가장을 통해 모두가 짊어진 삶의 무게을 그려내고 있다고 한다. 편의점에서 충전을 하고 다시 길을 나선 등장인물들처럼, 신발 끈을 고쳐맬 사람들에게 소설 속 작가의 말을 전한다. ""이 주유소에서 나는 기름만 넣은 것이 아니라, 아예 차를 고쳤다. 다시 길을 가야지!"""
2022-12-26,10,"관계에 상처를 가지고있는 사람들이 또 다른 관계를 맺으며 치유받는 이야기. 편의점이란 이름은 말그대로 '편의', 편하고 좋은 점포인데 제목에서 대놓고 '불편'을 드러내놨다. 편의점이 불편한 이유는 무엇일까? 시작부터 상상하지도 못한 이야기 전개였다. 할머니와 노숙자라니. 하지만 목차 하나하나 풀어내는 이야기들은 흥미롭고 따뜻했다. 사람은 끊임없이 관계를 맺고 그것을 유지하고 또 고쳐나간다. 주변에서 볼 수 있을 법한, 나 또한 겪었을 법한 고민들, 그것들을 해결하는 사람들. 불편한 편의점이라곤 했지만 그 어디보다 따뜻한 편의점이 아닐까. 이 책을 읽으면서 다시 한 번 주변을 돌아봤다. 점점 서로에게 무관심하고 삭막해져가는 사회, 늘 옆에 있는 것이 당연시 된 가족, 스쳐지나가는 사람들. 관계를 맺는데 유능한 사람은 못되는지라 사장님이 존경스러웠다. 이런 사람이 어른이구나. 본받고 싶었다. 점차 사회화가 되살아나는 독고의 정체도 궁금증을 유발해 소설을 끝까지 읽는 원동력이 되었다. 북클럽을 통해 좋은 소설을 접할 수 있어 좋았다."
2022-12-23,9,"편의점에 가보면 일하는 사람이 사장인지 알바생인지 금세 알 수 있다. 나이가 지긋하고 생글생글 웃는 사람은 주로 사장이고, 휴대폰만 들여다보다가 계산대에 올려놓은 물건만 얼른 계산하고는 다시 휴대폰으로 눈을 돌리는 사람은 대부분 알바생이다. 내 머릿속에 박혀있는 이런 알바생의 이미지가 아닌 '독고'와 같은 알바생이 우리동네 편의점에 있다면 어떨까? 나 역시 '인경'처럼 처음에는 불편해 하겠지만 뭔가에 이끌리듯 그 편의점에 자주 찾게되지 않을까 싶다. '독고'가 여러 사람의 도움으로 자아를 찾아가다가 자신의 정체와 마주했을때 피하지 않아주어 다행이었고, 나역시 나의 부족한 모습을 인정하고 반성하기로, 사장님처럼 큰 베풂으로 누군가를 도와보기로 다짐해본다. -소설을 좋아하는 누구나 빠져들만한 책."
2022-12-23,10,우리는 어떻게 살아야 할까요 어떻게 사는 길이 좋은 삶이고 행복할 수 있을까요 그 답을 이 소설에서도 찾을 수 있어요 이렇게 늙고 싶고 이렇게 살고 싶어요 우리 사는 사회에 가장 필요한 것은 서로에 대한 관심과 사랑이겠죠 숙대 앞을 지날 때마다 불편한 편의점을 찾아보게 되네요 소설의 장치 하나하나가 섬세하고 연결이 잘 되어 있어요 청소년이 읽기에도 좋습니다 강추합니다
2022-12-21,8,쉽게 읽히는 책이지만 긴장감 같은건 없다. 아몬드를 본 이후라 그런지 비교가 조금 되는정도 편안하게 읽히지만 내용이 궁금해서 미칠 정도는 아니다. 독고라는 전직 의사가 의료 사고로 가족과 자신을 잃고 노숙생활을 하다 편의점 아르바이트를 하게된다. 가을 겨울을 보내고 많은 사람과 소통을 하며 잊었던 “나”를 찾게 된다. 이 책을 읽으며 편견은 “경우”있는 “배려”에서 깨지는 것 이란 생각이 든다. 사람을 색안경 끼고 보는건 옳지 않지만 나 조차도 다른사람 색안경에 비춰질수 있는것 이기 때문에 이 책에서 느낀점을 기억하자 행복은 사람들과 소통하며 찾아가는 것 이고 그 소통의 방법에는 마땅한 도리와 배려가 기본이 되야겠다. 가족같이 편한 내 사람에게 남들보다 못하게 행동할 때가 많다. 편의점에 찾아온 손님을 대하듯 친절하게 배려하자.
2022-12-20,10,"참께라면에 참치김밥 그리고 소주가 한 잔에 오늘 하루의 고단함을 날린다. 옥수수수염차로 건배를 하며 위로를 건넨다. 불편한 편의점은 현 시대를 살아가는 우리들의 모습을 여러 캐릭터를 통해 보여준다. 따뜻한 마음의 70대 편의점 주인, 중년의 노숙자 아저씨, 편의점 알바 직원들, 퇴근길 혼술러 회사원, 서울로 상경하여 작가로서의 성공을 꿈꾸는 단골손님 그리고 그들은 이 시대의 슬픔과 아픔을 견뎌내며 한걸음 한걸음 나아간다. 그 끝은 해피엔딩일지 배드엔딩일지 알 수 없지만 해피엔딩을 꿈꾸며 삶을 살아가는 우리 모습을 닮아있다. 우연히 베스트셀러 책들을 둘러보던 중 '불편한 편의점'을 발견했다. 책을 평소에 잘 읽지도 않았지만 특히 소설과는 거리가 있었는데 첫 장을 슬쩍 읽는 순간 계속 이어지는 이야기가 궁금하여 계속 읽어나갔다. 결국은 Yes24 북클럽에 가입하여 지난 주말 내내 끝까지 읽게 되었다. 아마도 멈추지 못하고 읽어 내려갔던 이유 중 하나는 등장하는 캐릭터들 속에서 내 모습을 보았기 때문일 것이다. 각각의 캐릭터에게 그들만의 이야기가 있고 입체적으로 표현되어 있어 모두가 주인공이었다. 책을 읽는 내내 각각의 주인공들에게 감정이입이 되어 그들에게 나를 대입하여 생각하고 되고 어느 순간 함께 소주 한 잔을 기울이고 있었다. 편의점이라는 공간은 힐링과 공감의 장소가 되고 각각의 주인공들은 조금이라도 위안을 얻고 스쳐 지나간다. 나는 누군가에게 위안과 위로가 될 수 있을까? 아마도 저자는 이러한 고민 끝에 '불편한 편의점'이라는 이야기를 써내려 갔던 것이 아닐까하는 생각이 들었다. 오늘도 고단한 하루를 보내고 하루를 정리하고 있을 많은 사람들과 '불편한 편의점'을 함께 나누고 싶다."
2022-12-19,10,"서울에 청파동이라는 곳이 있는줄 처음 알았습니다. 용산구 청파동에 Always 편의점이라는 가상의 공간에서 펼쳐지는 나와 이웃의 이야기에 큰 감동을 받았습니다. 가장 가까운 가족이 어찌보면 가장 먼 관계가 될 수도 있다는 것을 알았습니다. 그것은 곧 행복과 멀어진다는 것과 다르지 않습니다. 그렇게 되지 않기 위해 소통의 노력은 필수라는 생각이 듭니다. ""따지고 보면 가족도 인생이란 여정에서 만난 서로의 손님 아닌가? 귀빈이건 불청객이건 손님으로만 대해도 서로 상처 주는 일은 없을 터였다."" 연말연시 가족과 관계의 의미를 생각하게 하는 따뜻한 책입니다."
2022-12-19,9,"불편한 편의점은 청파동 Always 편의점을 무대 삼아 노숙자 ""독고""와 편의점 사장인 ""염여사""를 중심으로 가슴 따뜻해지는 이야기들이 펼쳐집니다. 20대 취준생, 30대~40대 직장인이자 가장 등 각 세대를 대표하는 고민거리가 나오는데 왠지 나도 저랬지, 나도 그럴거 같아 공감이 갔습니다. 주인공 독고가 쉬운 듯 어려운 문제 해결에 도움을 주는 것을 보고 참 솔로몬 같이 현명하다는 생각도 들었습니다. 책 말미에 멋들어진 편의점의 정의가 기억에 남습니다. ""편의점이란 사람들이 수시로 오가는 곳이고 손님이나 점원이나 예외 없이 머물다 가는 공간이란 걸, 물건이든 돈이든 충전을 하고 떠나는 인간들의 주유소라는 걸, 그녀는 잘 알고 있었다."""
2022-12-17,8,"Yes24에서 책을 고르다 보면 자주 만나는 책인데, 난 관심이 안 갔다. 편의점에서의 일상을 소재로 쓴 잡다한 글이라 생각했다. 이게 꽤 오래 베스트셀러였는데도 다른 책을 고를 지언정 이 책은 내용조차 관심을 가지지 않았다. 모처럼 영풍문고를 방문했다. 오프라인서점은 한달에 한번은 가곤 했던 습관이 사라진 지 벌써 수년이 지났다. 코로나가 바꿔놓은 일상이기도 했지만 대형 서점조차 하나둘 문을 닫는 현실 속에서 일부러 교보문고 강남점을 목적으로 서울 여행까지 했던 독서애호가답지 않은 모습이었다. 그런데 영풍문고에서 이 책이 제일 많이 팔리고 있다고 홍보를 하고 있다. 100만독자가 샀다고? 어라 그러면 뭔가 있다는 얘기잖아. 책을 골랐다. 10% DC가 되는 인터넷서점을 마다하고 현장구매했다. 밥을 먹고 독서를 위해 주로 가는 커피숍에 들러 책을 읽는데 와우 문장이 딱딱 달라붙는다. 등장인물들이 흥미롭다. 이거 영화화해도 흥행이 되겠는데 하는 생각이 들 정도다. 단숨에 다 읽어버린 이 책. 추천하고 싶어지는 책이다. 결국은 사람이다. 답은 돈이나 권력이나 명예가 아니다. 사람을 어떻게 대하느냐 어떻게 보느냐가 인생의 방향을 결정한다. 꽉 막힌 사람도 계속 접하다보면 맘이 열리고 오해가 풀린다. 그런 기회의 시간을 가지지 못하는 불같은 사이코패스가 있긴 하지만 결국은 기다려주는 사람에게서 해결책이 나온다. 그런 사람을 보내신 분이 있기 때문이다."
2022-12-16,10,편의점에 대한 편견을 많이 버렸습니다. 메우 이상적인 인물도 있지만 참 따뜻한 책입니다~ 작가님 감사합니다~ 편의점에 한번 더 둘러보고 물건사보기도 하고 챋속에 나오는 제품을 사보기도 했습니다. 편의점주로 계시는 지인들이 저절로 생각나서 미소가 지어졌습니다~ 늘 주위에 바람불어 나가듯 눈길이 닿았다가 이내 떨어져나가는 타인들의 일상들이 그리 쉽게 보아지질 않네여~ 나도 좀더 따스하게 염사장님처럼 오지랖을 관대하게 주어 해낼 수 있을 까하는 상상도 감히 해보기도 합니다~여느 책보다 쉽게 읽혀져 책장이 쉬이 넘어가며 계속 궁금해지는 매력에 빠져 보시길~
2022-12-16,10,"왜 이리 소통이 힘들까? 또 불통이다. 최근 딸과 소통이 잘 되니 행복한 날이었다. 그런데 어제부터 또 그런다. 원인을 분석해보니 같은 말이라도 받아들인 입장에서 미묘한 차이가 있음을 알았다. 적절한 설명이 필요했는데 이해할 거라고 생각한 게 잘못이다. 바로 잡으려고 전화해도 안 받는다. 카톡도 안 본다. 내가 제일 무서워하는 불통이 시작되었다. 우리는 얼마나 제대로 된 소통을 하고 있을까? 때때로 우리는 상대방의 말을 흘려듣거나 내가 듣고 싶은 대로 들으려 한다. 그러면 오해가 생기고 갈등이 일어난다. <불편한 편의점>의 등장인물들도 가족 간의 소통이 원활하지 않아 문제점을 안고 사는 사람들의 이야기다. 가족이라는 울타리 안에서 내가 아닌 ‘너’를 위해서라는 미명 아래 우리는 듣기를 강요하는 일방적인 말만 하는 건 아닌가? ‘가족을 손님 대하듯 하라.’ 본문에 나온 이 말이 정말 와 닿았다. 어제까지도 그렇게 살고 있다고 생각했다. 그런데 딸과 부딪히니 오늘은 ‘도대체 어디까지 손님 대하듯 해야 하지?’라는 생각이 든다. 어렵다. <불편한 편의점>에서는 우리 사회의 문제점이 드러나기도 한다. 먼저 노숙자. 독고 씨는 서울역 노숙자였다. 노숙자의 생활은 힘들 뿐 아니라, 이런 노숙자를 접하는 시민들도 노숙자를 불쾌하게 여긴다. 우리 사회에서 흔히 보이는 노숙자 문제는 누구의 책임일까? 노숙자가 된 것은 자신의 책임이면서 동시에 사회 구조적 문제 때문이다. 의지박약으로 본인의 인생을 스스로 개척하지 않는 경우는 자신의 책임이 클 것이고, 경제 침체로 인한 실업, 주위 환경에 의해 노숙자가 될 수밖에 없는 사회 구조적 문제도 존재한다. 독고 씨처럼 의지가 있고, 노숙자라서 꺼리는 사회적 편견만 없다면, 노숙자 생활을 청산할 수 있다. 그런데 얼마나 가능할까? 시스템과 그들을 바라보는 편견의 장벽이 쉽게 허물어질까? 책 내용처럼 현실에서도 술술 잘 풀리면 얼마나 좋을까? 독고는 대리 수술을 시켜서 환자를 죽게 했다. 그런데 우리나라는 현행법상 이런 범죄를 저지른 의사에 대한 의사 면허가 취소되지 않는다. 뉴스에서 심심찮게 접할 수 있는 부분이다. 가수 신해철이 위 밴드 수술을 받다가 의사의 실수로 죽음에 이르렀지만, 이후에도 이 의사는 계속 환자를 받았고, 또 다른 사망자가 발생했다. 이후 그는 1년 2개월의 금고형에 처해졌지만, 의사 면허가 취소되진 않았다. 의사 면허 취소에 관한 법률을 강화하지 않는다면 같은 실수로 환자를 위험에 빠뜨리는 경우는 줄지 않을 것이다. 또 고스트 닥터도 여전히 존재할 것이다. 강화하면 아무도 의사가 되려고 하지 않을까? 돈벌이를 위한 수단으로는 존재하지 않겠지만, 소명의식으로 임하는 의사는 존재하리라. 책을 읽으며 이와 같은 사회구조적 문제도 다시 한번 고민하게 되었다. 의사 면허 취소에 관한 법률은 더 많은 사람의 생각을 이끌어내어 좋은 방안이 마련되기를 바란다."
2022-12-13,10,"빠릿빠릿하지 못하고 답답한 사람도 제 몫을 하고 오히려 그 이상의 장점도 발휘할 수 있다는 생각은 어쩌면 사람들의 소망인지도 모르겠습니다. 모든 것이 빠르지 않으면 참아내지 못하는 사회에 우리는 익숙한데요. 사람들 사이에서 잘 끼지 못하던 노숙자 주인공이 편의점에서 근무하게 되면서 처음엔 질색하고 못견뎌하던 사람들도 우리의 주인공의 장점을 발견하게 됩니다. 노숙자는 말이 느리고 행동이 굼뜰 뿐 영민하고 적응이 빠릅니다. 우리의 노숙자는 느리지만 꾸준하게 행동으로 주변 사람들을 감화시키는데 가장 남다른 부분은 정의감입니다. 남을 괴롭히거나 해를 끼치는 것을 가만두지 않습니다. 그의 정의감과 총명함에는 사실 비밀이 있었습니다만, 그 비밀이 주인공을 더 돋보이게 하는지 아니면 책이 전하는 메시지를 흐리는지는 읽는 사람의 마음에 달려있는 것 같습니다."
2022-12-12,8,"요즘은 뭐든지 빠르고, 강한 자극을 주는 것이 더 두드러지고 재미를 준다고 많은 사람이 생각한다. 하지만, 너무 많은 강한 자극에 노출되다보니 이제는, 아무 자극없이 평평한 느낌의 아이템들이 오히려 감정적으로 편안함 주는 경우가 많아졌는데, 불편한 편의점이 바로 그런 이야기들이었다. 사실, 등장인물들이 대부분, 현실에서 저런 사람들 얼마나 만날 수 있을까 싶긴하지만, 충분히 있을 법한 사람들이라 그들의 말과 행동에 공감하고, 한번 더 내 삶을 돌아보는 시간을 갖게 된다. 무조건 이타적인 것도 아닌, 무조건 희생적인 것도 아니기 때문에 소설 속 사람들처럼 한번 생각해보면 어떨까 라는 생각을 여러번 하게되었다. 독고씨의 덕에 나도 좀 더 주변을 돌아보는 따뜻한 시간을 가질 수 있었다."
2022-12-11,10,"편의점은 우리 일상에 깊이 들어와 있다. 예전처럼 구멍가게는 편의점으로 대체된 지 오래다. 편의점은 24시간 불을 켜고 있고 그렇기에 우리는 편하게 아무 때나 무언가가 필요할 때 편의점 에 들어가게 된다. 편의점인데 불편한 편의점이라니 묘한 호기심이 일었고 예스24 책 소개를 보니 2021년 올해의 책이기도 해서 보게 되었다. 오랜만에 읽는 소설이었는데 재미있어 단숨에 읽었다. 이야기는 노숙자와 치매 증상이 있는 70대의 염영숙 여사의 만남에서 시작한다. 파우치를 잃어버린 할머니가 노숙자인 '독고'를 만나고 자신의 편의점에 노숙인을 고용한다. 편의점 사장인 염영숙 여사는 교직에서 역사를 가르치다 정년퇴직하고 편의점을 차린 편의점사장이면서 사고 뭉치 아들과 결혼해서 잘 나가는 딸이 있다. ""우리 편의점은 폐기된 거 안 먹여요. 알바한테도, 당신한테도."" 이 말에서도 알수 있듯 염영숙 여사는 학교에서 아이들을 가르쳤던 선생님으로 편의점 알바를 하는 직원에게도, 노숙인인 '독고'에게도 인간에 대한 존중을 가지고 대한다. 편의점에서 일하는 시현, 오여사, 성필, 노숙인의 일상이 펼쳐진다. 오전에 일하는 오여사는 사장의 20년 지기 친구이자 같은 교회 성도이다. 오후에 일하는 시현은 공무원 시험을 준비하며 1년 넘게 편의점 알바를 하고 있다. 편의점 알바를 구하기 힘든 시간대인 밤을 책임지고 있는 성필의 갑작스런 퇴사로 노숙인인 독거가 편의점에 일할 것을 권유 받게 된다. 편의점에서 일하는 편의점 직원, 가게 손님들을 두고 펼쳐지는 그들의 인생이야기를 시간 가는 줄 모르게 읽었다. 가게 손님으로 등장하는 의료기기 영업 사원 경만에게서 우리 시대 중년의 서글픔을 느꼈고 편의점 사장 염영숙의 아들 민식에게서 아들의 꿈보다는 부모의 의지대로 했을 때 부작용을 겪는 아들의 모습과 오여사와 아들의 대화 단절에서 소통의 중요성을 다시금 느꼈다. 오랜만에 보는 소설에서 여러 인간들의 삶의 이야기를 재미있게 보았다. 재미있고 생각할 거리도 던져주는 좋은 책이었다. 소설을 처음 접하는 이들에게도 재미있게 잡을 수 있는 책이라 추천하고 싶다. 행복은 뭔가 얻으려고 가는 길 위에 있는 것이 아니라 길 자체가 행복이라고. 그리고 네가 만나는 사람이 모두 힘든 싸움을 하고 있기 때문에 친절해야 한다.  ; 희수 샘이 인경 작가에게 집을 내어주며 한 이야기 편의점이란 사람들이 수시로 오가는 곳이고 손님이나 점원이나 예외 없이 머물다 가는 공간이란 걸. 물건이든 돈이든 충전을 하고 떠나는 인간들의 주유소라는 걸 . ; 편의점 사장으로 직원들을 붇잡을 수 없음을 알고 있다."
2022-12-09,10,"책 읽기 싫어하는 저희 엄마도 무척 흥미있게 재미있다는 말을 연신 내뱉으면서 열심히 잘 읽으시더라구요~ㅎㅎ 일상에서 쉽게, 자주 접하는 편의점을 소재로 따뜻하고 감동적인 에피소드들이 가득해서 정말 큰 공감이 되면서 눈물도 흘리고 많은 위로를 받았습니다♡ 책 속에 등장하는 인물들의 사연 하나하나가 참 가슴에 와닿고 좋았어요^^ 불편한 편의점 2도 기대를 가지고 읽어봐야겠어요!!"
2022-12-06,10,"불편한 편의점을 읽고 나서 생긴 후유증은 모든 편의점을 볼 때 마다 불편한 편의점의 주인공인 ""독고""씨가 있을 것만 같은 생각이 든다는 것이였다. 그런 생각에 편의점에 들어가서 ""산해진미 도시락""이나 ""참참참세트""를 사고 싶은 마음이 든 적이 한두번이 아니였다. 그야말로 편의점 홀릭이 되어 버린 것이다. 그만큼 이 책은 감정몰입이 잘 되었다. 비록  독고씨가 현실에 없을법한 비현실적인 캐릭터이기는 했어도 워낙 따뜻한 마음씨로 다른 사람들의 아픈 마음을 치유해주는 매력이 강했기 때문에 마치 어딘가에 존재하고 있는 듯 여겨진다. 불편한 편의점은 그런 사람들의 상처를 모른 척 하지 않고 알아봐주기 때문에 불편해진것이 아닐까 싶다."
2022-12-02,9,한참동안을 장바구니에 넣어 놓고 있다가 언니의 부탁으로 구매하게된 책 선물주기전에 읽어봤는데.. 떠들썩한 광고때문에 기대가 커서인지 엄청 감동하며 읽은건 아니지만 그래도 다 읽고나서 따뜻한 마음은 남아있는 소설 도대체 독고씨의 정체가 누굴까 너무도 궁금해하며 읽은 거 치곤 실체가 좀...의외라서 그게또 반전일수있겠지만 약간 실망. 좀 짧은듯한 길이가 아쉽긴 하지만 한번쯤 시간있을때 휘리릭~읽고 마음의 위로를 얻기 좋은 책은 확실한 것 같다
2022-12-02,10,"처음에는 북클럽으로 읽었다가 여운이 남아 종이책으로 또 구매했습니다 . 요 근래 이런 류의 소설들이 많이 인기를 받는 것 같아요 . 달러구트 꿈백화점도 그렇고 .. 각 인물마다 서사가 전개되는 형식의 소설들 . 불편한 편의점 덕분에 괜히 옥수수차 끓여 마시고 있습니다 . 잔잔한 위로 , 다른 이들의 삶 속에서 찾아보는 작은 행복들 .. 그런 것들을 느끼기 좋은 에피소드가 담긴 책이었습니다 . - 서울역에서 노숙인 생활을 하던 독고라는 남자가 어느 날 70 대 여성의 지갑을 주워준 인연으로 그녀가 운영하는 편의점에서 야간 알바를 하면서 이야기가 시작된다 . 덩치가 곰 같은 이 사내는 알코올성 치매로 과거를 기억하지 못하는 데다 말도 어눌하고 행동도 굼떠 과연 손님을 제대로 상대할 수 있을까 의구심을 갖게 하는데 웬걸 , 의외로 그는 일을 꽤 잘해낼 뿐 아니라 주변 사람들을 묘하게 사로잡으면서 편의점의 밤을 지키는 든든한 일꾼이 되어간다 ."
2022-12-01,10,"이 책의 줄거리는 조금 뻔하고 작위적인 설정이기는 하지만, 어쨌든 술술 읽히고 재미와 소소한 감동을 주는 책이었다. 많은 사람이 이런 책을 찾는다는 것은 그만큼 현재의 생활들이 팍팍하고 그래서 작으나마 위안받고 싶어서가 아닐까 생각한다. 다만 이 책 이후로 너무나 비슷한 성격의 책들이 쏟아져 나오는 것 같아 조금 피로감이 느껴지기도 한다. 큰 부담 없이 생활의 작은 위안을 얻고 싶은 이들에게 추천하고 싶은 책이다."
2022-11-29,7,"부산행 기차안에서 지갑, 신분증, 통장, OTP 까지 들어있는 파우치가 없다는 것을 알게 되었다. 도대체 어디에서 잃어버린건지 기억을 더듬어봐도 떠오르지 않는다. 그 떄 걸려온 '02-'가 찍힌 전화번호. 자신이 잃어버린 파우치를 보관하고 있다는 남자의 전화다. 서울역 편의점 앞에서 만가기로 하고는 전화를 끊는다. 최대한 가까운 역에서 내려 다시 서울로 돌아가려는 데 다시 전화벨이 울린다. 그 남자다. 도시락을 사 먹어도 되냐고 묻는다. 걱정이 된다. 믿어도 될까? 해코지를 하거나 사례비를 과하게 요구하지는 않을까? 서울역에 도착해 약속된 편의점으로 가고 있는데, 편의점 앞에서 노숙자로 보이는 세 명의 남자들이 싸우고 있었고, 그 누구도 그 싸움에 관여하고 싶어하지 않는 듯 했다. 그런데 그들이 서로 차지하려고 하는건 다름아닌 자신의 파우치였다. 염여사의 파우치를 훔친 노숙자로부터 파우치를 빼앗아, 염여사에게 돌려주기 위해 갖은 구타를 버티고 파우치를 지켜낸 곰같이 생긴 그 노숙자. 염여사는 고마운 마음에 자신의 편의점까지 데리고 가서 언제든지 와서 도시락을 먹도록 허락해준다. 그는 매일 8시경에 와서 폐품이 된 도시락을 먹고 주변을 정리한 후 다시 서울역으로 돌아간다. 염여사의 편의점에서 일하게 된 곰같이 생긴 노숙자. 알콜성 치매로 아무것도 기억을 못하지만, 자신을 '독고'라고 불러달라고 한다. 편의점에서 일하는 조건으로 금주를 하게된 독고씨는 술이 생각나면 옥수수보리차를 마신다. 노숙자였던 독고씨가 야간근무 직원으로 편의점에 근무하면서 불편한 편의점은 점점 편안한 편의점이 되어간다. 공무원 시험을 준비중인 오후타임 시현씨 백수 아들과 갈등하는 억쎈 아줌마 오전타임 오여사 편의점을 팔아 새로운 사업을 시작하고 싶은 염여사의 아들 편의점 사장 아들의 요청으로 독고씨의 뒤를 밟는 사설탐정(?) 곽씨 참참참 세일즈맨 작가 인경씨"
2022-11-24,8,"베스트셀러에 있기에 구입한 책인데, 읽는데 소소한 재미가 있네요. 편의점이라는 지금은 너무나 우리의 일상이 되어버린 공간에서 일어나는 여러가지 에피소드들이 아주 잔잔하지만 유쾌하게 그려지고 있습니다. 정말로 어딘가엔 이런 곳이 꼭 있을 것만 같은 그런 느낌이구요, 노숙자라는 사회적 문제에 대해서도 다시 생각 해보게 되는 계기가 된 것 같아서 좋았습니다. 잘 읽었습니다."
2022-11-23,10,"'사람과 사람 간 연결고리는 따스하고 진심 어린 말 한마디가 아닐까' 생각해보게 되는 책, 불편한 편의점. 오랜만에 읽어보는 소설책이다. 독서모임의 이번 달 선정도서인 이 책의 겉표지는 예쁜 벚꽃 무늬가 가득한 그림이 그려져있지만, 내용은 깨알 같은 글씨만이 한가득이었다. 그럼에도 술술 읽히던 책이었다. 과거와는 달리 요새 '손절'이라는 단어가 자주 들린다. '나의 기운을 뺏어가는, 만나면 기운 빠지는, 정신적으로 힘들게 하는 그런 사람이 있다면 피하는 게 좋다.'라는 식의 무수한 영상이나 글들을 접하고 있으면.. 관계 맺기가 더 조심스럽게 되기도 한다. 이 책은 코로나 시대와 맞물린 관계의 단절 현상을 거부하고, 주인공 '독고'를 통해 조금 더 천천히 느리게 낯선 이에게 다가가 말 한마디 건네주며 따스한 세상임을 다시금 깨닫게 해주고 있다. 마치 길거리에서 만난 중년의 어르신들은 처음 마주보는데도 정말 자연스럽게 대화가 계속 이어지는 것처럼.. 불편한 편의점의 시작은 이렇다. 어느 연로한 편의점 주인 염 여사가 서울역에서 파우치 하나를 잃어버리게 되는데, 노숙자가 그 파우치를 찾아주게 된다. 그 이후 염 여사는 노숙자에게 매일 편의점 도시락을 먹을 수 있도록 베풀었고, 우연히 편의점 야간 알바 자리가 비게 되는데 그 노숙자가 알바를 하며 벌어지는 이야기이다. 책을 읽으면 읽을수록 노숙자 '독고'의 정체가 궁금해졌다. 그래서 다음 내용이 뭔데? 싶어 책장을 빨리 넘기게 되기도 했다. 성인 남자 두 명을 거뜬히 무너뜨릴 수 있는 힘(이 부분이 제일 부러웠음), 일도 척척 잘 해내는 일머리, 느릿느릿한 목소리로 가끔 명언 한마디씩 툭 올려놓는 이 독고라는 사람은 과거에 무슨 일이 있었기에 노숙을 자처하고 있었던 것일까. 스포하게 될까봐 정체는 얘기하지 않겠지만 1편 뒷장에 적혀있다. 기억을 잃었다는 독고는 서서히 옛날 기억이 떠올랐고 과거의 자신을 공개했다. .... 편의점에서의 모습과는 아예 다른 사람이라는 게 너무 비극적이었을 뿐. 밥 딜런의 외할머니가 어린 밥 딜런에게 이렇게 말했다고 해요. 행복은 뭔가 얻으려고 가는 길 위에 있는 것이 아니라 길 자체가 행복이라고. 그리고 네가 만나는 사람이 모두 힘든 싸움을 하고 있기 때문에 친절해야 한다고. [p.140] 타인에게 친절하게 대하면 결국 다 나에게 돌아온다. 반대로 화를 내면 그 화가 또 고스란히 나에게 돌아오는 것 같다. 그러니 화를 낼 필요가 없다. 필요하면 법적으로 처리하면 될 뿐. 밥 딜런의 외할머니가 했던 행복에 대한 말은 나도 누군가에게 써보고 싶은 말이었다. 독고는 오전 알바로 일하던 선숙이 아들과 소통이 전혀 안 된다는 말을 듣고 이렇게 말한다. '아들 말도 들어줘요. 그러면... 풀릴 거에요. 조금이라도' 선숙은 언제나 아들의 탈선에 대해 따지기 바빴고, 그 이유 따위는 듣고 있는 여유가 없었다. 그러고보면 소통이 점점 단절되는 원인이 각자의 이야기를 하는 것에 집중하고 있기 때문인 것 같다. 가장 가까운 가족이라 할지라도 상대의 말을 귀담아듣는다는 게 언젠가부터 쉬운 일이 아닌 것처럼 되어버렸다. 독고가 제안한 삼각김밥 하나와 손편지. 선숙과 아들은 그렇게 심적 거리가 가까워져가고 있었다. 가족에게 오히려 화를 내는 이유에 대해서 뇌과학적으로 설명된 영상을 본 적이 있다. 남보다 가까운 가족에게 더 화를 내는 건 가까울수록 '나'라고 인지하기 때문에 통제하려는 성향이 더 커진다고 한다. 과학적인 이유를 알게 되니 이해는 되지만 그러니.. 더 노력해야 한다. 통제 대신 친절을. '독고'는 가족들에게 평생 모질게 굴었다는 곽 씨에게 이렇게 말한다. ""손님한테.. 친절하게 하시던데.. 가족한테도 손님한테 하듯 하세요.. 그럼.. 될 겁니다."" 결국 삶은 관계였고 관계는 소통이었다. 행복은 멀리 있지 않고 내 옆의 사람들과 마음을 나누는 데 있음을 이제 깨달았다. [p.252] 코로나 이후 고독과 불안이 일상이 되어버린 사람들에게 잊고 있던 따스한 정을 다시 한번 느낄 수 있던 책이었다. 1편 마무리가 너무 빠르게 전개되는 듯한 느낌은 들었지만 불편하지만 따스한 편의점, always 편의점이라는 것만은 변함이 없다. 누군가의 말 한마디가 나의 위로가 되고, 관계를 다시 이어주게 만드는 힘이 되고, 새로운 커리어를 만들 수 있도록 돕는다. 그러니 내 이야기만 하기보다 타인의 말을 잘 듣는 것도 중요하다. 라는 메시지를 전달해주는 책이었다. 힐링하고 싶은 날 가벼운 책 한 권 필요할 때 가져가면 좋을 책이다."
2022-11-22,10,"제목 : 세상에서 가장 따뜻한 편의점을 소개합니다 . - 《 불편한 편의점 》 을 읽고 - 집 앞 작은 도서관 입구에 붙은 ‘ 구로구 올해의 책 포스터 ’ 가 눈길을 사로잡았다 . 제목이 ‘ 불편한 편의점 ’ 이라니 재치 있는 작명에 기대감이 들었고 , 어떤 내용일지 궁금해졌다 . 늘 인기가 많은 책이라 도서관에 들를 때마다 없어서 , 궁금증은 더 커져만 갔다 . 드디어 도서관에서 이 책을 발견했을 때는 편의점에서 원하는 스티커가 들어있는 빵를 만났을 때처럼 반가운 마음이 들었다 . 염영숙 여사가 운영하는 ‘always’ 라는 편의점에 독고라는 노숙자 출신의 남자가 야간 알바로 들어오게 된다 . 염여사의 잃어버린 파우치를 찾아주며 둘의 인연은 시작된다 . 편의점 알바 시현은 독고씨에게 일을 가르쳐주고 , 그의 조언으로 유튜브에 초보 알바를 위한 영상을 올린다 . 그것으로 편의점 점장으로 스카우트까지 된다 . 편의점 알바 오선숙씨는 아들과 소통이 되지 않아 힘들어하던 차에 , 독고씨가 내미는 삼각김밥으로 아들의 이야기를 들어주고 서로 화해하게 된다 . 경만은 안팎으로 인정받지 못하고 편의점에서 홀로 외로움을 삭히는 가장이었는데 , 독고가 내민 옥수수수염차로 힘을 얻고 술도 끊는다 . 인경은 극작가인데 마지막 작품을 쓰려고 오게 된 청파동에서 독고씨를 만나고 , 그와 이야기를 나누다 영감을 얻고 작품을 쓸 수 있게 된다 . 곽은 전직 경찰로 염여사 아들의 의뢰를 받아 독고의 뒤를 캐려다 도리어 자신의 부끄러운 과거와 현재를 마주하고 , 결국엔 편의점 야간 알바로 새출발을 하게 된다 . 이 사람들은 누구 하나 백퍼센트 채워진 인생이 없었다 . 이 빠진 그릇처럼 결핍이 있는 이들을 채워준 건 오히려 아무것도 가지지 않은 독고씨였다 . 그가 가진 따뜻한 마음으로 사람들의 말을 들어주고 , 마음을 읽고 , 그 구멍을 조금 메워주었다 . 하지만 그도 처음부터 따뜻한 사람은 아니었다 . 오히려 자신만 아는 오만한 사람이어서 가족 뿐 아니라 스스로에게 버림받은 사람이었다 . 하지만 염여사가 내민 작은 호의의 손길이 그를 살렸고 , 따뜻한 마음을 전하는 법을 배우게 되었다 . 독고씨로 인한 나비효과로 많은 사람이 행복해졌고 , 그걸 읽는 나도 마음 한 켠이 따뜻해졌다 . 삶의 무게가 가볍기만 한 사람이 어디 있겠는가 . 하지만 서로에게 기대며 무게를 나눠지면 꽤 버틸 만 한 것이 인생이지 않을까 . 편의점을 ‘ 사람들이 수시로 오가는 곳이고 , 손님이나 점원이나 예외 없이 머물다 가는 공간 , 물건이든 돈이든 충전을 하고 떠나는 인간들의 주유소 ’ 라고 정의한 부분이 마음에 와 닿았다 . 편의점을 돈벌이 수단이 아닌 직원들의 생계를 이어갈 공간으로 생각하는 염여사의 따뜻함에 그 공간도 그런 온기를 가질 수 있었을 것이다 . 사람을 귀하게 여기는 곳이라 독고씨도 그 곳에 자연스럽게 동화되어 점차 자신을 찾고 , 따뜻한 사람이 되었다 . 독고씨의 변화와 활약에 신나게 글을 읽고 있는데 , 아들과의 소통에 어려움을 겪는 오선숙씨가 나오는 부분에서 왠지 내 마음이 불편해졌다 . 아마도 나의 단점을 거울로 보는 듯한 느낌이 들어서 그랬나보다 . 아이를 잘 키우고 싶다는 욕심이 앞서 아이의 말을 듣기보다 , 내가 세운 기준과 목표를 잘 따라와 주기만을 바랐던 것 같다 . 부모는 자식에게 무엇이 되어라 강요하는 사람이 아니라 묵묵히 지켜봐주는 사람임을 잠시 잊었나보다 . 이제부터라도 아이가 좋아하는 과자를 내밀며 , 내 말을 많이 하기보다 아이의 말을 많이 들어줘야겠다 . 아니 함께 손을 잡고 편의점에 가서 좋아하는 과자를 같이 골라야겠다 . 밥 딜런의 외할머니가 “ 행복은 뭔가 얻으려고 가는 길 위에 있는 것이 아니라 길 자체가 행복이야 . 그리고 네가 만나는 사람이 모두 힘든 싸움을 하고 있기 때문에 친절해야해 .” 라고 말했다고 한다 . 이 구절을 읽을 때 문득 나도 그런 사람이 되고 싶다는 생각이 스쳤다 . 행복을 바라지 않는 사람은 없다 . 그러나 고단한 삶의 쳇바퀴를 돌다보면 타인을 돌볼 여유가 없다 . 타인은 고사하고 가족조차도 버겁게 느껴진다 . 특히 일에 지치거나 나의 희생이 크다는 생각이 들면 가까운 가족은 내 삶을 지탱해주는 울타리가 아니라 버거운 짐으로 느끼게 된다 . 힘들수록 마음의 짐을 내려놓고 , 솔직해지는 것이 우선이다 . 나는 살림에 보탬이 되려고 낮 동안 파트타임으로 일을 한지가 수년째이다 . 일 마치고 돌아와 아이 공부 챙기고 , 집안일까지 하다보면 저녁엔 손가락 까딱하지 못할 정도로 힘에 부칠 때가 많다 . 힘듦을 토로하기보다 그냥 나 혼자 감당하고 참으려고만 했었다 . 그러나 이 책을 읽고 , 어려운 일이 있다면 속 시원하게 털어놓고 , 가족에게 도움을 요청해야겠다는 생각이 들었다 . 혼자 끙끙대다 언젠가 문제가 터져버리면 그 때는 문제를 해결하지도 못하고 , 관계만 망칠 수 있기 때문이다 . ‘ 삶은 관계였고 , 관계는 소통이었다 . 행복은 멀리 있지 않고 내 옆의 사람들과 마음을 나누는데 있음을 깨달았다 . ’ 라는 책 속의 말이 오랫동안 마음속에 머물렀다 . 가장 가까운 사이인 가족이 사실은 가장 어려운 관계일 수 있다 . 가깝기에 나를 이해해주리라는 혼자만의 착각으로 모질고 뾰족한 말을 너무나도 쉽게 내뱉는다 . 가까운 사이일수록 오히려 말조심해야 한다 . 그것이 가족에 대한 배려이자 사랑을 표현하는 방법이다 . 소설 속에 나오는 사람들은 편의점에서 마음의 허기를 채워갔지만 , 가장 먼저 따뜻함을 줄 수 있는 건 아무래도 내 가족이다 . 내일 퇴근길에는 동네 편의점을 들러볼 생각이다 . 아이에게 줄 로아커 초컬릿도 한 봉지 사고 , 남편과 야식으로 먹을 참참참 ( 참깨라면 , 참치김밥 , 참이슬 ) 도 사 볼 생각이다 . 소백산 , 태백산 에일 맥주도 궁금하니 한 캔씩 사고 , 술이 약한 남편을 위해 옥수수수염차도 사야겠다 . 얼음 동동 띄운 잔에 옥수수수염차를 내밀며 묵혀둔 이야기의 물꼬를 터 보려한다 . 셋이서 건배하며 그 동안 서로에게 하고 싶었던 이야기를 하고 , 또 들어보고 싶다 . 이야기하다 목이 마르면 시원하게 옥수수수염차를 벌컥벌컥 들이키며 말이다 ."
2022-11-20,10,"불편한 편의점은 한 편의점에 오고 가는 손님, 직원, 직원 가족의 한 일생의 이야기가 하나의 에피소드로 소개되며 전개된다. 편의점 서로서로를 만나 사장님도 직원들도 성장하게 된다. 편의점은 나그네가 쉬는 곳과 같다는 생각을 하게 된 책 24시간 불이 켜져 있어 언제든 따뜻하게 맞이해주는 곳.... 아픈 사연이 없는 사람이 없고 사람의 온기를 오랜만에 느낄 수 있는 책이었다."
2022-11-18,10,김호연 작가님의 불편한 편의점 리뷰. 의문의 편의점 야간 알바 독고씨를 중심으로 편의점이란 장소에서 만나게 되는 다양한 사람들의 이야기이다. 각가의 이야기가 다 따뜻하고 좋았고 기분좋게 해결돼서 산뜻한 마음으로 볼 수 있었다. 우직한 독고씨의 과거가 조금 놀라웠지만 그런 과거가 있었기에 그렇게 될 수 밖에 없었겠구나 싶었다.  많은 사람들에게 힘이돼고 위로가 되어 주었던 독고씨가 누군가에겐 여전히 원수같은 원망의 대상이 될 수 도 있을 것이다. 독고씨의 이후 이야기가 궁금하기도 하고 그냥 모르는 채로 있고 싶기도 하고 그렇다. 2권도 사놓긴 했는데 1권처럼 재밌을까 기대가 된다.
2022-11-15,7,시작은 제목이었다. 요즘같은 세상에서 무엇보다 중요한 것은 편리와 효율 아니던가!  그래서 생겨난 게 편의점인데 불편하다 하니 호기심이 일었다. 읽어보니 생각했던 것보다 술술 읽히고 따뜻한 내용이어서 계속 읽게 되었다. 읽다보니 편의점 사장님과 노숙자아저씨의 이상한 우정도 신기했고 여러 삶의 모습에서 우리네 삶의 모습이 속상하게 투영되는데 그게 행복하게 해결되지 않는데도 왜 마음이 따뜻해지는지... 그것도 신기했습니다. 분명히 나도 요즘 사람이라 편리하고 편한거 엄청 좋아하는데 글을 읽다보니까 편하다는 게 항상 좋은 건 아닌 것 같다는 생각이 들었다. 노숙자아저씨가 결국은 용기를 내서 한발자국 나가는 걸 보니 해결된 게 아무것도 없어도 뭔가 후련하고 내 기분이 좋아졌다. 그리고 편의점 사장님... 내가 볼 때 현실적이면서도 가장 비현실적인 인물같다. 그래서 매력적이다! 우리 아이한테도 한번 읽어보도록 권하고 싶다.
2022-11-15,8,"맨 첫장을 읽고 추리 스릴러인줄 알았다. 아무런 연고도 없는 노숙자를 거둔 편의점 사장과 작은 인연으로 구제받은 정체모를 노숙자, 그리고 숨겨진 과거가 드러나며 여러 사건들이 해결되어 가는줄 알았지만, 예상은 반만 맞았다. 충격적인 과거가 드러나는 것은 맞았지만, 그 둘이 메인 주인공은 아니었다. 오히려 주인공이 없다고 봐도 위화감이 없을정도로 다양한 주변 인물들에 대해서 입체적으로 서술하고, 그렇게 다양한 인물들이 등장해도 흐려지지 않고 오히려 점점 더 또렷해지는 서사를 풀어내는 작가의 필력에 읽는 내내 감탄을 금치 못했다."
2022-11-15,6,옛날이나 시골의 조그마난 슈퍼근처는 사랑방 마냥 옹기종기 모여 함께 콩나물도 따고 대화도 나누는 간이 사랑방이였다. 현시대 사람들은 바삐 바삐 살아가고 타인에 대한 관심도가 점점 떨어지고 있다. 이책을 읽으면서 옛날의 사람들의 정을 느꼈다. 슈퍼가 편의점이 되고  편의점이 마트가 되는 시대에 맞춰 사람들의 편의시설에 대한 생각과 이견 차이도  보였고 외모가 출중하면 모든 게 더 잘해 보이고 외모가 후줄근 하면 모든 걸 다 못하게 보이는 그런 모습을 보면 아 어찌 됐든 사람들은 외모를 평가를 하고 그 외모에 대해서자기들만의 해석을 하는구나라고 생각이 들었다 외모를 꾸민다는 것도 남에게 잘 보이고 싶다는 이 마음 가짐이기 때문에 외모를 꾸미지 않은 모습을 보고 상대방이 얼마나 좋은 사람인지 구별하는 거는 조금 어렵다 최소한 풀러스는 되지 않더라도 마이너스 는 되지 않도록 외모를 꾸며야 되겠다는 생각을 들기도 하였다 의료법 또한 내가 의사면 실수를 했을 때 그것에 대한 처벌이라던지 그런 부분이 제대로 되어 있지 않다는 걸 알 수 있었던 내용이었다 주인공의 죄를 뒤집어쓴 간호사는 어떻게 살고 있을까 그 부분이 너무 내 뇌리에 감쌌다
2022-11-13,8,"이 책을 처음 본 건 서점을 방문했을 때 입니다. 우연찮게 보게 되었고, 몇장을 넘기며 훑어보다 술술 넘어가더라구요. 청소년이 보면 좋겠다. 란 느낌도 받았구요. 근데 나중에 보게 된 내용은 청소년 권장도서. 쪽은 아니었어요. 성장기 이런게 아니라서.;; 그래도 읽으면 좋을 듯. 당시 구매할까말까 망설이다 그냥 지나쳤었는데. 어느새 붐이 되어 베스트샐러로 되고 위상이 엄청 높아졌더라구요. 당시 읽을 거리가 떨어진 상황이라 책을 구매해서 읽게 되었는데. 역시. 술술 읽혀서 좋았어요. 다만, 약간은 유추가 가능한 부분도 없지 않았습니다. 그러나 편의점에서 일어나는 상황들 자체를 연결 된 사람(주인공 제외)이 계속 나오는게 아니라, 챕터 형식으로 주인공과 변해가는 주변사람들이 다르더라구요. 그나저나 뭐니뭐니해도 제 머릿속엔 편의점 일을 하는 이틀짼가..? 진상고객이 와서 담배를 사 가는 장면이 강하게 남아 있네요. 알콜중독자였지만, 머리가 비상하다는 첫번째 단서였기 때문일까요? 지금 2권이 나왔는데, 또 고민하고 있습니다. ㅋㅋ 아마도 조만간 궁금해서 펼쳐 볼 듯 합니다."
2022-11-13,10,""" 여기 불편하지만 특별한 편의점 이 있어요 "" 김호연 의< 불편한 편의점 >을 읽고 ""불편한데 자꾸 가고 싶은 편의점이 있다 "" - 40만 독자를 사로잡은 위로와 감동의 이야기 힘들게 오늘을 살아가는 우리들에게 다가온 조금은 특별한 편의점 이야기- 모두가 잠든 밤에도 환하게 불을 밝힌 곳이 있다. 어느 덧 동네에서 너무나 흔하게 볼 수 있고, 어느새 우리 일상에 있어서 없어서는 안 될 장소로 자리잡은 편의점이 바로 그 곳이다. 우리 동네만 해도 근방 100미터 이내에 GS 25, CU등 편의점들이 즐비하다. 누구나 언제 어디서든지 편하게 이용할 수 있는 편의점이 불편할 수 있을까? 그런 불편한 편의점이 존재할 수 있을까? 왜 편의점은 불편한 편의점이 되었을까? 처음에 이 책  『불편한 편의점』 제목을 보고 들었던 생각이었다. 그래서 막연하게 이 책 내용이 그런 불편한 편의점에서 벌어지는 에피소드들을 다룬 이야기인 줄 알았다. 그런데 그 불편한 편의점 이야기가 40만 독자에게 위로와 감동을 주는 이야기가 되고 2022년 가장 사랑받은 책이 될 줄이야. 도대체 그 불편한 편의점에는 어떤 특별한 이야기가 있길래 그런 것일까 궁금함을 느끼며 불편한 편의점 속 이야기로 들어가본다. 서울역에서 노숙인 생활을 하던 한 남자가 어느 날 70대 여성의 지갑을 주워주면서 이야기는 시작한다. 그 노숙인에게 친절에 감사하면서 그 여성은 남자에게 편의점에서 일해보는게 어떠냐고 제안한다. 그 여성은 청파동에서 편의점을 운영하고 있는데 노숙 생활을 하는 남자에게 측은지심의 마음을 느껴 일자리를 제안한 것이다. '독고'라고 불리는 그 노숙인은 오랜 노숙 생활로 인해 역한 냄새가 나고 덩치가 곰 같이 크고 말까지 더듬는다. 또한 알코올성 치매로 인해 자신이 누구인지, 이름이 무엇인지조차 기억하지 못한다. 그래서 처음에는 편의점에서 아르바이트를 하는 직원들 모두 그 노숙인의 채용에 대해 마음에 들어하지 않고 불만스러워한다. 과연 그 노숙인이 편의점 알바를 잘할까 반신반의하는 마음으로 지켜보던 그 여성 사장을 포함한 편의점 직원들은 의외로 일을 잘하고 책임감있고 성실한 그의 태도에 놀라게 된다. 겉모습만 보고 그를 무시하고 비난했던 직원조차 그의 숨겨진 따뜻하고 친절한 마음에 감화된다. 더군다나 편의점을 찾아오는 손님들도 독고의 따뜻한 마음과 배려심에 그에게 마음을 빼앗기게 된다. 노숙인 독고에 대한 부정적인 시선과 편견, 생각의 변화와 반전 등이 편의점의 직원들과 손님들과의 에피소드들을 통해 드러난다. 특히 사람들이 기피하고 무시했던 인물이 변신해서 사랑받는 존재로 변하는 과정은 흥미롭고 인상적이다. 이 과정을 통해 겉모습에 의한 사람들의 왜곡된 시선과 편견이 얼마나 우리의 눈을 가리고 잘못된 생각을 지배하는지 깨닫게 한다. 아마 우리가 사회적 약자들을 보는 시선들이 처음에는 그런 부정적인 시선으로 시작하고 있음을 독고에 대한 사람들의 생각을 통해 보게 된다. 그리고 소설 속 등장인물인 독고를 보는 내 시선또한 그들과 다르지 않았음을 깨닫고 반성하기도 했다. 이 책 속 7개의 에피소드들을 통해 다양한 인간 군상을 만나게 된다. 남편의 유산으로 편의점을 경영하게 된 여사장의 직원을 생각하는 따뜻한 마음, 편의점 알바를 통해 결국 자신의 꿈을 찾은 편의점 직원 시현, 아들과 소통의 부재로 힘들다가 독고의 충고를 통해 아들과 소통하면서 관계를 개선한 편의점 직원 오여사, 퇴근 후 참참참을 먹으며 편의점에서 혼술을 하며 힘든 마음을 달래던 회사원, 희곡작가가 되기 위해 편의점 옆 빌라에 거주하며 결국 독고의 도움으로 희곡작가가 된 정 작가 등 '독고'를 통해 그들은 부정적이고 힘든 삶에서 긍정적인 삶 속으로 돌아서게 되었다. 집도 없고 가족도 없고 자신의 존재까지 잃어버린 한 인간이 이렇게 많은 사람들의 삶에 큰 영향을 끼칠 수 있다니 정말 놀랍다. 그리고 각각의 에피소드들 속에서 등장하는 사람들이 우리가 주변에서 흔히 만날 수 있는 우리 소시민들이라 더욱 그들의 삶의 고통과 힘겨움에 공감이 갔다. 그런데 이렇게 많은 사람들에게 삶의 희망을 주었지만, 여전히 독고의 삶은 어둠 속에 있다. 독고가 어떻게 살아왔는지, 왜 노숙자가 되었는지는 등장인물조차 모른다. 철저히 베일 속에 쌓여있던 독고가 마지막 부분에서 짠 하고 빛을 발한다. 독고의 독백으로 시작되는 마지막 에피소드가 그동안 독고를 둘러싼 각종 의혹과 의심을 싹 씻겨주었다. 나 또한 그 반전 부분을 읽고 충격을 금할 수가 없었다. 와! 독고가 그런 사람이었다니..그런 비하인드 스토리와 대반전이 기다리고 있을 줄이야! 정말 깜놀 그자체였다. 하지만 충격과 함께 그 속에는 무한한 감동이 있었다. 작가는 독고의 사연과 비밀을 통해 무엇을 말하고 싶어한 것일까. 독고가 많은 사람들에게 살아갈 용기와 희망을 주었듯이, 독고 또한 편의점 사장을 비롯한 사람들에게 도움을 받은 것이다. 그 도움과 희망 덕분에 그 또한 다시 살아갈 용기를 낼 수 있었다. 정말 인생이란 살다가도 모르겠다. 독고의 사연을 통해 잘 나가던 사람도 하루 아침에 망하고 인생의 낙오자가 되거나 노숙인이 될 수 있는 것을 보면 말이다. 정말 인생은 살아봐야 알 수 있는 것 같다. 그러나 독고의 이야기처럼 실패한 듯 보이는 삶 속에서도 언제나 희망은 있고 다시 시작해볼 수 있다. 왜냐하면 우리에겐 우리를 믿어주고 '다시 살아보자' 라고 힘을 주는 사람들이 있기 때문이다. 아무리 우리가 사는 인생이 힘들고 고달프더라도 그들이 있기에 우리는 기꺼이 이 삶을 살아갈 수 있는 것이다. ""행복은 뭔가 얻으려고 가는 길 위에 있는 것이 아니라 길 자체가 행복이라고. 그리고 네가 만나는 사람이 모두 힘든 싸움을 하고 있기 때문에 친절해야 한다고."" -p. 140 결국 삶은 관계였고 관계는 소통이었다. 행복은 멀리 있지 않고 내 옆의 사람들과 마음을 나누는 데 있음을 이제야 깨달았다. -p. 252 우리 주변에서 흔하게 볼 수 있는 편의점과 편의점 속 사람들의 이야기가 2022년 나에게 무한한 감동으로 다가왔다. 코로나로 인해 사람과 사람과의 만남이 줄어들고, 주변에서 일어나는 안타까운 죽음과 사고로 감정이 메말라가고 마음이 울적해지만, 아직도 우리에겐 추운 겨울날 따뜻한 마음의 온기를 나누고 서로 배려해주는 사람들이 있기에 따뜻함과 행복감을 느낀다. 몸과 마음이 추운 요즈음, 많은 사람들이 이 책  『불편한 편의점』을 읽고 위로받고 따뜻한 마음의 온기를 느끼길 바래본다."
2022-11-12,10,"우리 동네에도 이런 편의점이 있으면 좋겠어요 전에 다니던 일터 앞에 편의점이 있었어요. 프랜차이즈 편의점인데 다른 곳에서 비해서 꽤 큰 편이었어요. 안에 간단하게 컵라면 먹을 수 있는 의자와 탁자도 있었고 상품 종류도 다른 곳에 비해서 많았어요. 그곳에 있는 편의점 직원은 인기가 많았어요. 우리 회사 직원들이 주로 다니는 그곳 편의점에서 그 직원과 이름을 아는 친구들도 있었고- 편의점 직원은 명찰을 달고 있으니까요- 가끔 믹스 커피 같은 것을 선물로 주기도 했어요. 빨간날 쉬는 날 근무가 걸려서 출근하기 전에는 그 편의점에 들러서 간식을 사요. 그럼 그 친구가 반갑게 인사를 해줬어요. 그게 일하기 전, 참 좋았던 기억이 있어요. 아직도 그 친구가 그곳에서 일하고 있을지 궁금해지네요. 회사나 우리 동네에 한번씩 들리면 기분 좋아지는 편의점이 있다면 참 좋겠죠. 편의점이 우리 주변에 자리를 잡은지 얼마나 되었을까요? 24시간 우리 동네를 지키고 있는 그곳에서는 어떤 사람들이 일하고 있을까요? 또 어떤 사람들이 편의점을 지나가고 있을까요. 예전에 내가 알던 그곳 편의점 직원처럼 이 책에 나오는 불편한 편의점에서도 편의점에 들리는 사람들을 다 알고 있어요. 그리고 그에 맞춰서 작은 편의를 베풀어요. 술을 마시는 피곤에 찌든 가장한테는 옥수수수염차를 권해요. 그게 술을 마시지 않는데 좋데요. 그 나이든 아저씨 가장도 처음에는 위스키 잔인줄 알았으니 술이다 생각하고 마시기에도 좋았겠죠. 그리고 그 옆에 추울까봐 난방기도 틀어줘요. 참 친절한 직원이네요. 그 직원은 동네 할머니들한테도 인기가 많아요. 당연히 할머니들에게 친절하게 대해줘서 그렇겠지요. 우선 할머니들에게 다른 가게에서 사는 것보다 저렴하게 살 수 있는 행사 제품들을 알려줘요. 그리고 말도 해주고 배달까지 해줘요. 할머니들은 말을 건네고 집까지 물건을 갖다주는 그 직원이 참 좋겠죠. 그리고 덤으로 손자 손녀들도 데리고 편의점으로 와요. 한산하던 편의점 오전 시간이 붐비게 되었어요. 어떤 때는 글을 쓰는 작가도 편의점에 들러요. 늦은 시간 외로울 때, 누구 불러낼 사람이 없을 때 편의점에 들러서 간단하게 먹고 마시고 해요. 그러면서 편의점 직원과 이야기를 나눠요. 그리고 그 (불)편한 편의점 이야기를 적어서 극으로 올릴 생각을 해요. 어쩌면 이 ""불편한 편의점""이야기는 나중에 드라마로 나올지도 모르겠네요. 그럼 그 (불)친절한 직원은 어디에서 왔을까요? 어느날 나이든 편의점 주인, 염여사는 지갑을 잃어버려요. 그것도 모른 상태에서 전화를 받는 데, 전화 건 목소리가 심상치 않아요. 지갑을 받으러 가보니 노숙자였어요. 누구든 노숙자라고 생각하면 지갑만 받고 얼릉 나왔을텐데 나이가 들어서 오지랖이 많아졌는지 아님 이전에 교사 생활을 하던 경험에서 비롯된 것인지 그 노숙자를 데리고 와서 편의점에서 도시락을 먹게 만들어요. 원래 편의점에서 일하던 공시생 시현은 그 노숙자가 마음에 들지 않았지만 청소도 열심히 하고 꾸준한 모습을 보고 마음이 점점 바뀌어요. 그리고 그 편의점에서 잘 되어 나가는 첫 사람이 시현이 되요. 그 노숙자-훗날 편의점의 (불)친절한 직원-의 조언에 따라 유튜브에 꾸준히 편의점 일을 소개하는 영상을 올렸기 때문이지요. 그것을 본 3개의 편의점을 갖고 있는 사장님이 시현을 점장으로 스카웃해가요. 화려함보다는 편의점에서 일하는 사람을 배려하고 진정으로 돕고자 하는 시현의 진심이 담긴 영상. 그런 진정성이 담긴 힘을 보여주는 장면이었어요. 노숙자에서 편의점 야간 직원이 된 그 사람은 이상한 힘을 지니고 있어요. 앞서 말한 대로 할머니들에게 친절을 베풀고 낮에 일하던 오여사가 아들과 화해하는 방법을 알려주고, 외로운 작가의 말벗이 되어주기도 하고, 자신을 쫓던 나이든 흥신소 사람을 자신의 후임으로 오게 만들기도 해요. 그가 베푼 것은 큰 것이 아니었어요. 편의점에서 할 수 있는 것들, 이벤트해서 저렴한 제품을 알려주고, 전임자와 교대자가 편하게 청소를 해주고, 추운 곳에서 혼술을 하는 나이든 가장에게 난방기를 틀어주고, 작지만 소중한 조언을 해주기도 하고. 그런 것들. 동네 편의점에서 해줄 수 있는 작은 친절들. 그런 친절들이 그 동네 사람들, 편의점을 지나쳐가는 사람들에게 힘이 되어요. 청파동 골목에 자리잡은 작은 편의점. 서울역에서 살던 덩치가 곰 같은 사내가 야간 알바로 들어오면서 작은 변화가 시작되는 이야기. 이 책 속에는 시현 같은 공시생. 경만 같은 회사에서는 밀리고 집에서는 눈치받는 쭈그러진 가장, 인경 같은 글쓰는 작가, 곽과 같은 나이들어 갈데 없이 흥신소 일을 하는 사람까지 다양한 사람들의 모습이 담겨있어요. 우리 사회에서 어렵게 살아가는 사람들의 모습이 모두 담겨있는 듯 해요. 그리고 곰 같은 노숙자였던 독고에게 치유의 손길을 내민 염 여사와 같은 편의점 사장. 그리고 그에 답하는 독고의 이야기가 참 따뜻하게 다가와요. 염여사가 베푼 따뜻함은 독고를 거쳐 다시 사람들에게 전해저요.  사람들은 과거를 기억하지 못하는 곰 같은 편의점 알바, 독고를 만나면서 조금씩 변해가요. 어쩌면 우리는 그런 편의점이 필요한 것인지도 모르겠어요. 우리 동네 단골 가게. 지나가면서 혼술할 수 있고, 밤에 외로울 때 잠시 들러서 위안받을 수 있는. 인생의 말년에 다시 살길을 떠올릴 수 있는 그런 곳. 동네에서 밤낮없이 불을 밝히면서 부담없이 들려서 작은 편의를 받을 수 있는 곳. 그런 곳이 우리 동네에 있으면 참 좋겠네요."
2022-11-10,7,"편의점. 대부분 편하게 가는 곳인데 왜 불편할까? 둔하고 말이 좀 어눌한 독고씨를 불편해해서 그렇구나. 독고씨의 둔함은 처음부터 그런 걸까? ( 스포 ) 이기 때문이구나. 이 사건 때문에 그랬구나. 이런 식으로 천천히 알아가는 맛도 있었어요. 그리고 서브 캐릭터들의 이야기가 입체적으로 들어나서 좋았어요. 하지만 판타지를 좋아하는 저에겐 좀 너무 현실적인 얘기여서, 심심할 때 읽기 좋아요."
2022-11-10,6,"“이거 시원한 수박인데, 직원들 얼른 맛 좀 보이소.” 더위가 기승을 부리던 한 여름날이었다. 작은 체구의 할머니께서 관리사무소 문을 열고 들어오셔서 할머니 몸집만 한 큰 수박을 내려놓으셨다. 오전에 방문한 세대에서 만났던 어르신이다. 관리소장의 두 손을 맞잡고 두 발자국 정도 떨어진 나를 가리키며 갑자기 칭찬을 쏟아냈다. “아이고, 저 젊은 냥반이 그래 친절한 기라. 등 다 갈아주고 씽크대 물 똑똑 떨어지는 거 고치주고, 변기 소리 나는 거도 손봐줬다 아이가. 더분데 땀을 흘리가미 애써줘 가 내 고마바가 이리 안 왔나.” 사무실 직원들이 모두 나를 쳐다봤다. 나는 갑자기 모범사원이 되었다. 사실, 어르신 세대에 방문해 크게 해드린 건 없었다. 형광등 안정기 1개 교체, 씽크수전 헤드 재결합, 변기 수압 조절 정도. 과하지도 모자라지도 않는 정도다. 한 가지 달랐던 것은 계속 물어봤다는 것이다. “어무이요. 더 불편한 거는 없으세요? 올라온 김에 말씀하이소. 있으면 봐 드리고 갈게요.” 자제분과 동거하지 않는 어르신 댁을 방문하면 늘 하던 일이었다. 고작, 말 한마디. 그것으로 나는 졸지에 모범사원이 되었고 할머니는 집안의 불편함을 해결하셨으며 관리실 직원들은 시원한 수박을 실컷 먹을 수 있었다. “독고씨 할 수 있어요.”라는 염여사의 말 한마디는 독고씨와 편의점을 드나드는 많은 사람의 삶을 바꾸었다. “곧 날 추워질 텐데 밤에도 따뜻한 편의점에 머물고 돈도 벌고 얼마나 좋아요.” (p.50) 오지랖이라 할 수도 있는 말 한마디였다. 염여사의 오지랖은 고스란히 독고씨에게 전해졌다. “사람들을 믿기보다는 개를 믿는 것을” 택한 선숙은 줄곧 편의점 사장인 염여사의 선택(독고씨를 편의점에 취직시킨 것)에 불만을 품었다. 집에 있는 남자 둘처럼 독고라는 남자도 도무지 믿을만한 구석이 없어 보였지만, 그런 독고 씨 앞에서 울며불며 신세 한탄을 한다. “그거에요.”, “뭐가요?”, “들어주면 풀려요.” (p.108) 생면부지의 의뭉스러운 남자 앞에서 속 시원히 마음을 토해내고 “도무지 이해할 수 없는” 집의 남자들을 이해하려는 마음을 품는다. 예상치 못하게 흘러가는 관계의 실타래는 의도치 않은 전개로 향한다. “성실하게 살아온 마흔넷 인생.” (p.115) 이었지만 집에서도, 직장에서도 설 곳이 없는 경만에게 유일하게 편안한 곳은 편의점 야외테이블이다. 혼자서 소주 한 잔 기울이는 것으로 허기와 외로움을 달랜다. 무람없는 독고 씨의 친절에 잔뜩 경계하지만 “따뜻했다. 소주도, 그 소주가 담긴 컵도. 사내가 경만을 위해 특별히 마련했다는 온기를 주는 물건” (p.125)으로 경만은 이내 녹는다. 여전히 편의점은 편한 곳이었다. “경만은 왕따였지만 이곳에서만큼은 왕따가 아니었다.” (p.125) 라는 깨달음은 억지로 만들어 낼 수 없는 것이다. 곰처럼 커다란 사내가 건네는 옥수수수염차는 그 비주얼의 비대칭성만큼이나 경만에게 어울리지 않는 액체다. 알코올이 식도를 타고 위장으로 흘러 들어가는 찌릿함이 위안이었지만, 그것이 거짓 위안이었음을 독고 씨의 오지랖으로 알게 된다. 편의점에 들러봤자 옥수수수염차만 건네는 사내를 피하려다 보니 자연히 술과도 멀어졌다.“젠장, 앓느니 죽지. 경만은 술 따위 안 먹고 곧장 귀가하기로 했다. 경만이 열한 시 전에 술 냄새 없이 퇴근하자 낯설어하던 아내와 딸들도 곧 새해 아빠의 금주 다짐을 지지한다며”(p.129) 예상에 없는 응원을 받기도 한다. 돈 문제로 고민하는 부모를 위해 편의점에서 알뜰히 원플러스원 상품을 챙기는 쌍둥이 딸들의 얘기를 독고씨에게 건네 듣고는 눈물을 훔친다. “경만은 코트 소매로 눈물을 훔치고, 사내에게 목례를 한 뒤 지갑을 열어 카드를 집어넣었다. 지갑 속에서 딸들이 원 플러스 원으로 웃고 있었다.” (p.133) 꽁꽁 얼어붙어 도무지 바뀌지 않을 것 같던 것들이 독고씨가 마련해 준 “온기를 주는 물건”으로 인해 녹아버렸다. 램프의 요정 지니처럼 편의점의 독고씨가 건네는 옥수수수염차와 그에 곁들인 처방은 적재적소를 파고들었다. 세상 불편하기만 한 편의점을 매개로 사람들의 삶이 변화된 것이다. 그 중심에는 독고씨가 있었고, 그런 독고씨를 만든 것은 의도치 않은 호의와 사소한 친절이었다. “나를 고용한, 마지막 겨울잠을 편히 잘 수 있게 해준 사장님에게 조금이라도 보답하고 싶기 때문이다.” (p.234) 일방적인 것은 없다. 편의점 사장인 염여사에게도 독고씨가 필요했다. 물론, 노숙자 행색인 독고씨에게 가게를 맡긴 건 용기다. 용기로의 한걸음이 없었다면 독고씨는 여전히 서울역을 배회했을 것이고 겨울을 넘기지 못했을 수도 있으며 편의점을 드나드는 사람들의 삶은 조금도 나아지지 않았을 것이다. 나를 영웅이자 모범사원으로 둔갑시킨 할머니 댁에 들렀을 때도 그랬다. 나이 많은 어르신들은 한여름에도 에어컨을 잘 켜지 않으시기 때문에 땀을 비 오듯 흘리며 일을 하고 있었는데, 나보다 더 안절부절못하셨다. 낡은 선풍기의 무거운 머리를 내 쪽으로 연신 맞추시고 얼음 두어 개 띄운 보리차를 연거푸 가져다주셨다. 그러니 내가 ‘어르신, 더 불편한 건 없으세요? 올라온 김에 봐 드리고 갈게요.’라는 말이 나온 것이다. 일방적인 것은 없다. “사람은 그런 게 아니. 사람은…. 연결돼 있어.”(p.245)라는 독고씨의 말이 맞다. 아무리 빵빵하게 켜 놓은 에어컨 바람을 맞으며 일을 해도 대하는 태도가 에어컨 바람보다 더 차다면, 나도 그(그녀)를 대하는 태도가 고울 수 없다. 나를 ‘좋게’ 만드는 존재는 내가 아니라 상대일 수 있다. 오지랖 아니야? 생각이 들 때, 하면 된다. 말하면 된다. 조금 더 간섭하면 조금 더 바꿀 수 있을지 모른다. 무수한 민원으로 지치지만 한걸음 나아가 본다. 최대한 생기발랄하게, “네~ 감사합니다. 무엇을 도와드릴까요?”"
2022-11-08,10,아주 오랜만에 소설책을 한번에 완독했다. 지인의 추천으로 읽게된 이 책의 제목은 불편한 편의점 이다. 책을 자주 읽지 않는 나에게 소설 책 한 권을 다 읽는건 도전이다. 하지만 불편한 편의점은 전혀 불편하지않게 술술 읽혀졌고 금방 완독 할 수 있었다. 재밌다는 소설책은 많지만 내 입맛에 맞는 소설을 찾는건 쉽지 않기 때문에 이런 책을 만나면 참 반갑다. 소설 속 주인공인 독고씨는 노숙자스럽지 않은 염치있고 매너있는 행동으로 편의점 사장인 염여사의 신뢰와 마음을 얻는다. 소설 속 주인공이기도 한 이 두 사람은 내가 참 닮고 싶어하는 모습을 많이 가지고 있었다. 먼저 독고씨는 외모적으로는 사람들에게 조금은 불편하고 어리숙한 모습이지만 그와 대화를 해본 사람들은 신기하게도 그에게 인간적으로 끌리고 마음을 터놓게 되는 모습을 볼 수 있다. 요새 유행하는 스며든다 라는 표현이 어울리는 인물같다. 나는 타인의 시선으로부터 자유롭지 못한 영혼이기 때문에 항상 그들에게 긍정적인 평가를 받고 싶고 주변 지인들에게도 좋은 영향력을 주는 사람으로 남길 원하는 마음이 있는데 독고씨는 크게 남들을 의식하는 어떠한 행동을 하지 않고도 사람들의 마음을 얻고 영향을 주는 모습에 부럽다는 생각이 들었다. 또 편의점 사장인 염여사는 노숙자인 독고씨에게 선뜻 먼저 손 내밀어주고 본인보다 편의점 아르바이트생들을 먼저 생각하는 모습을 보며 내가 나이가 들었을때 이런 모습이었으면.. 하는 생각이 들었다. 그저 나이만 든 중년의 모습이 아닌 주변을 살필 줄 알고 속깊은 마음이 느껴지는 어른의 모습이길 바랬던 것 같다. 책 속에 나오는 각 에피소드들은 이렇게 따뜻한 마음을 가진 두 사람이 있는 편의점에  다양한 손님들이 찾아와 서로 마음의 따스함을 충전 해가는 듯한 내용들을 담고있어 읽는 내내 훈훈한 마음이 든다. 삶은 관계이고 관계는 소통이라는 책 속 대사처럼 우리는 사람에게 상처 받고 한 발짝 물러서고 좌절하기도 하지만 결국 사람은 사람에게 치유되고 또다시 발전해나간다. 이 소설은 편의점이라는 매개체로 현 시대를 살고 있는 다양한 유형의 사람들을 만나게 해주었고 그 인물들의 모습들 중 내가 가지고 있는 모습도 있고 겪었던 부분도 있고 앞으로 겪게될지도 모르는 모습도 있어서 공감하고 걱정하고 또 위로 받으며 읽어내려간 책이었던 것 같다. 앞으로 누군가 나에게 책 한 권 추천해달라고 하면 자신있게 이 책을 권하고 싶다.
2022-11-05,6,40만부 베스트셀러라 해서 구매해보았습니다. 조금은 다소 유치한 감은 있지만 재미와 감동을 동시에 주는 책이다. 그러나 마지막으로 갈 수록 급하게 마무리 하는 느낌이 있어서 좀 아쉽다. 평소에 추리나 미스테리를 즐겨 보지만 가끔은 정겹고 따뜻한 이야기를 읽으며 마음과 생각을 쉬게 해줄 필요가 있다.성인보다는 중고등학생들에게 추천해주고 싶다. 2편도 내용이 궁금해지는 책이다.
2022-11-05,10,"독서모임 선정도서&발문 불편한 편의점 (김호연) 1. 책에 대한 전체적인 감상평, 이 소설에서 어떤 아름다움을 발견했는지 나눠봅시다. 마음에 와 닿았던 문장도 좋습니다. 2. 현실에서 볼 수 있는 다양한 인물들이 나옵니다. 가장 공감했던 인물에 대해 이야기해봅시다. 3. 독고씨는 사연이 있는 사람들에게 다가가며, 그들을 위로하고 응원하고 때로는 새로운 시작을 할 수 있게 도와줍니다. 여러분들은 고민이 있을 때나 지칠 때 찾아가는 장소나 사람이 있는가요? (+편의점에서 좋아하는 음식이 있나요? ‘참참참’같은 꿀조합 메뉴나 맛있었던 제품을 추천해주세요) 주말 오후 모임은 처음이었는데 다들 개성이 뚜렷하시고 오픈마인드에 성실 적극 열정을 가지고 참석하셨다 평일 저녁 모임에 볼 수 없던 여유와 위트가 보였다 발문을 중심으로 다양한 관점의 풍성한 이야기가 오갔는데 단연 즐거웠던 건 편의점 메뉴 ㅋㅋ 술 안 먹지만 다음에 편의점 가면 퇴근길이란 이름의 맥주와 윙, 동파육, 족발을 구경할 것 같다 또 얻은 중요한 교훈: 어머니가 챙겨주시는 과일은 사랑이다^^"
2022-11-05,9,"서울역에서 고독하고 노숙하고 있는 독고씨... 인간성을 상실하여 기억을 잃은 그가, 친절한 사장님을 만나 '불편한 편의점'을 가장 '편리한 편의점'으로 탈바꿈하며 독고씨도 기억을 회복하며 인간성을 되찾는다. 편의점을 배경으로 다양한 인물들의 이야기가 옴니버스로 얽혀지는데, 마지막 독고씨의 시각에서 바라본 에피소드는 역시 흡입력있게 빨려들어갔다. 독서낭독모임에서 회원들이 낭독하며 책을 읽었는데, 독고씨 부분에서는 누구나 말 더듬이가 되고, 욕을 할때는 찰지게(?)하여 대리만족의 통쾌함. 진실의 짜릿함. 등을 맛보았다. 역시 소설이 주는 힘이다. 편의점이 배경이기에 연극 무대에서 연출하기도 좋을 것 같다. 사장님의 배려와 따뜻함. 독고씨의 우직한 진심으로. 점차 사람들이 변하고, 편의점이 변하는 모습을 보며 이렇게나 따뜻한 인간미가 비현실적으로 느껴졌다. 그레, 우리는 비현실적으로(?) 따뜻해졌으면 좋겠다. 길가의 노숙인에게도 차가운 시선과 외면을 거두고 따뜻함을 보내길..."
2022-11-03,10,"김호연의 불편한 편의점 을 읽고 , “ 정은 생각보다 강력한 힘을 가지고 있다 .” 김호연의 “ 불편한 편의점 ” 을 읽다 보니 내 초등학교 시절에 엄마 아빠가 하셨던 “ 슈퍼 ” 의 존재가 자연스럽게 떠올랐다 . 지금은 편의점 옆에 또 다른 편의점이 널려 있는 시절이지만 , 약 25 년 전만 해도 편의점보다는 슈퍼가 훨씬 많았던 시절이다 . 얼핏 보면 편의점과 슈퍼의 차이가 없는 것 같이 느껴지기도 하지만 들여다보면 그 둘은 꽤나 다르다 . 편의점은 말 그대로 사람들의 편의성만을 고려하여 사람들이 물건을 고르고 계산대로 가면 직원은 손님과 별다른 대화 없이 빠르게 물건을 계산해준다 . 하지만 슈퍼의 경우 , 편의점과는 달리 단골손님에게 덤을 얹어주기도 하고 , 손님들과 계산 중에도 요즘 별일은 없는지 서로의 안부를 묻기도 한다 . 따라서 바쁘고 모든 것이 빨라야 하는 현대사회에서 사람들은 슈퍼보다는 편리한 편의점을 더 찾게 되었고 , 결국 슈퍼는 우리들의 사회에서 자취를 점점 감추게 되었다 . 이렇게 사람들이 빠르고 편한 것에만 초점을 두다 보니 슈퍼에서 편의점으로 바뀌는 상황에서 중요한 무언가를 잃어버렸다는 것을 미처 깨닫지 못했다 . 바로 우리가 잃어버렸던 그 무언가를 김호연의 “ 불편한 편의점 ” 이 알려주었다고 생각한다 . “ 불편한 편의점 ” 인 ALWAYS 편의점은 어찌 보면 옛날에 우리 삶에 자리 잡고 있었던 슈퍼 같다 . 그저 계산만 하고 손님을 보내버리는 “ 편리한 편의점 ” 과는 달리 손님들에게 불필요한 말을 걸어주기 때문이다 . 손님들에게 그 불필요한 말을 걸어주는 게 바로 ‘ 독고 ’ 였다 . 편의점에서 아르바이트를 하며 독고는 어눌한 말투로 자신도 모르게 사람들에게 관심을 주고 그들의 걱정을 해준다 . 사람들은 독고의 어눌한 말투와 갑작스러운 관심에 불편함을 느낀다 . 처음엔 그 편의점에 가지 말아야지라고 생각하거나 , 그 아저씨가 이상하고 불편하다고만 생각한다 . 하지만 시간이 흐를수록 사람들은 독고의 말이나 행동에 대해 따듯함을 느끼고 , 영감을 얻고 , 삶의 밑바닥에 쓰러져있던 자신을 일으켜 세운다 . 물론 모두가 다 좋은 결과만 얻은 것은 아니다 . 민식의 경우 , 아쉽게도 책이 끝날 때까지 철이 들지 못했다 . 하지만 , 이 책에 나온 모든 사람들이 다 좋게만 변화했다면 오히려 현실성이 너무 떨어져서 이 책이 전하고자 하는 메시지에 반감이 생겼을 수도 있다 . 책의 마지막 부분까지 민식이 철이 들지는 못했으나 , 개인적으로는 그래도 언젠가는 민식 또한 철이 들기를 바랄 뿐이다 . 어쨌든 민식 말고 , 첫 장에 나왔던 시현이의 경우 , 날이 갈수록 자신감을 잃고 있었지만 독고의 칭찬의 힘을 얻고 자신의 삶에서 점장이라는 새로운 챕터를 시작하게 된다 . 비단 시현이 뿐만 아니라 , 오선숙도 경만도 곽 씨도 오랫동안 자기 자신을 가두어두었던 껍질을 깨고 나오며 새로운 삶을 맞이한다 . 뿐만 아니라 , 여러 사람들을 만나고 독고 또한 변화를 겪으며 자신의 과거를 다시 기억해내고 그 과거를 계속 묻혀두는 대신 과거를 청산하고자 하는 용기를 얻고 이 책은 마무리를 맺는다 . 나는 책 속에 나오는 사람들이 “ 불편한 편의점 ” 을 통해 변화하는 것을 보며 기억해 낼 수 있었다 . 그동안 우리가 빠른 현대 사회에 치여 잊고 있던 것은 바로 “ 사람 간의 정 ” 이라는 것을 . 현대 사회에서는 빠르고 편한 것만을 추구한다 . 예를 들면 , 앞서 언급한 편리하기만 한 편의점이라던가 , 장 보러 가는 것을 대신해주는 문 앞 배송 서비스 등이 있다 . 얼핏 보면 편하고 마냥 좋아 보이지만 , 이러한 현상은 사람 간의 대화를 점점 단절시키고 , 결국 사람 간의 정을 소멸시키는 행동인 것이다 . 그렇다고 이 책이 ‘ 편리한 것은 다 나쁘고 다 없어져야 한다 , 우리 사회는 다시 불편한 생활로 돌아가 최대한 많은 사람들과 부대끼고 살아야 한다 ’ 라는 메시지를 전하려고 한다는 생각하지 않는다 . 여러 사람들과 부대끼고 살다 보면 상처를 받기도 하고 , 지속적인 상처로 인해 결국 사람에게 지쳐버릴 때도 있기 때문이다 . 나는 작가가 이 책을 통해 현대 사회에서 우리가 다시 서로에게 따뜻한 말을 건네주고 작은 관심을 표현하며 , 우리가 잊고 살았던 ‘ 사람 간의 정 ’ 을 다시 되살리자라는 메시지를 전해주고 싶었다고 생각한다 . 최근 뉴스를 보면 노인 고독사뿐만 아니라 20 대 , 30 대 청년들의 고독사가 많이 나오는 것을 볼 수 있다 . 그런 뉴스를 보면 마음 한편이 저려온다 . 나 또한 30 대를 바라보고 있기 때문에 나도 모르게 그 사람들에게 공감이 가서 인 것 같다 . 또한 , 그들에게 정말 단 한 명의 따뜻한 사람이 없었다는 것이 , 단 한 명의 ‘ 독고 ’ 가 그들 옆에 존재하지 않았다는 것이 너무나도 안타까운 기분을 들게 만든다 . 만약 그들에게도 ‘ 독고 ’ 같은 존재가 있었더라면 삶을 놓아버리지는 않았을 것이다 . 분명 어떻게 서든 살아남았을 것이다 . 이처럼 별것 아닌 것 같아도 ‘ 사람 간의 정 ’ 은 꽤나 힘이 있는 존재이다 . ‘ 정 ’ 은 사람의 마음에 따뜻함을 불어넣고 , 따듯함이 불어넣어진 마음을 가지고 있는 사람은 적어도 삶을 어떻게 살아내야겠다는 생각을 할 것이라고 믿는다 . “ 불편한 편의점 ” 에서 나오는 독고의 독백 중 이런 말이 적혀있었다 . ‘ .... 삶이란 어떻게든 의미를 지니고 계속된다는 것을 기억하며 , 겨우 살아가야겠다 .’ 이처럼 ‘ 정 ’ 은 아무리 삶의 밑바닥에 쓰러져 있는 사람에게도 희망을 불어넣어 그들이 일어설 수 있는 힘을 준다 . 마치 독고가 자기 삶을 다시 살아가야겠다고 생각하게 된 것처럼 말이다 . 이제라도 늦지 않았다 . 정을 통해 우리는 서로를 충분히 다시 일으켜 세워줄 수 있을 것이다 ."
2022-11-02,8,"동양의 한자문화권에서 사람을 가리키는 ‘人(인)’은 두 사람이 서로 기댄 모습을 형상화한 것으로 보인다. 이는 서양의 철학자 아리스토텔레스가 ‘인간은 사회적 동물이다’라고 말한 것과 서로 통한다. 그렇다면 사회적 관계를 잃어버리면 사람은 어떤 존재가 될까? <불편함 편의점>에서 나오는 노숙자 ‘독고’처럼 되지 않을까? ‘독고’처럼 자신이 누구인지조차 잊어버리고 하루하루를 생존하는데 급급하게 된다면, 그것을 살아있다고 할 수 있을까? 이 소설 <불편한 편의점>은 그런 의미에서 노숙자 ‘독고’가 사회적 관계를 회복하고 다른 이들과 소통하면서 본래의 자신을 회복하는 과정을 그렸다고 생각한다. 그렇다면 ‘독고’는 어떻게 자신을 찾을 수 있었을까? 이야기는 70대의 염영숙 여사(이하 ‘염 여사’)의 잃어버린 파우치를 곰 같은 덩 치에 말도 어눌하게 하는 전형적인 노숙자 ‘독고’가 돌려주면서 시작된다. 단기적인 인연으로 끝날 것 같았던 염 여사와의 관계는 야간의 붙박이 알바인 50대의 실직 가장 성필 씨의 재취업으로 변화했다. 성필 씨의 공백을 메우는 과정에서 ‘독고’는 노숙자에서 알바생으로 사회적 신분이 바꿨다. 그리고 이 변화로 ‘독고’는 타인과의 소통을 시작하고, 자신의 기억을, 아니 과거를 조금씩 되찾게 된다. 이 과정을 소설은 일곱 개의 에피소드를 통해 ‘독고’를 보는 편의점을 둘러싼 다양한 인물의 시선을 나열함으로써 알려준다. ‘제이에스 오브 제이에스’라는 소제목으로 오전 알바 시현이, ‘삼각김밥의 용도’라는 소제목으로 오선숙 여사가, ‘원 플러스 원’이라는 소제목으로 매일 밤 야외 테이블에서 참참참(참깨라면, 참치김밥, 참이슬) 세트로 혼술을 하며 하루의 스트레스를 푸는 영업직 회사원 경만이, ‘ 불편한 편의점’이라는 소제목으로 마지막이라는 각오로 청파동에 글을 쓰러 들어온 30대 희곡작가 정인경이, ‘ 네 캔에 만 원’이라는 소제목으로 편의점을 팔게 하려던 염 여사의 말 안 듣는 아들 민식이, ‘폐기 상품이지만 아직 괜찮아’라는 소제목으로 민식의 의뢰를 받아 독고의 뒷조사를 하는 곽이 각각 본 ‘독고’의 모습이 그려진다. 11명의 등장인물이 각각 자신의 입장에서 일인칭 서술을 하는 다이 호우잉[戴厚英, 1938~1996]의 <사람아! 아, 사람아!>나 5명의 등장 인물이 각자 독백하듯이 서술하는 마나토 가나에[溱かなえ, 1973~ ]의 <고백(告白)>이 떠오르는 구성이랄까? 마지막 장은 ‘ALWAYS’라는 소제목으로 편의점 일에 숙달될수록 기억을 조금씩 되찾는 독고의 독백이 담겨 있다. 그리고 기억을 되찾고 다른 이와의 소통을 제대로 할 수 있게 된 독고의 행동 또한 그려져 있다. 모든 사람이 자신에게 닥친 고난을 극복하거나 불편한 진실을 직시하지는 않는다. 아니 그런 사람은 드물다. 그렇기에 우리는 그들을 존중한다. 감히 따라 할 수 없으니까. 소설의 막바지에 그려진 독고를 보면 그도 그런 이 가운데 하나가 되어가고 있음을 느낄 수 있다. 어떻게 보면 독고는 모든 것을 잃었기에 그것을 채우는 과정에서 그렇게 성장한 것일지도 모른다. 결국 삶은 관계였고 관계는 소통이었다 . 행복은 멀리 있지 않고 내 옆의 사람들과 마음을 나누는 데 있음을 이제 깨달았다. 지난 가을과 겨울을 보낸 ALWAYS 편의점에서, 아니 그 전 몇 해를 보내야 했던 서울역의 날들에서, 나는 서서히 배우고 조금씩 익혔다. 가족을 배웅하는 가족들, 연인을 기다리는 연인들, 부모와 동행하던 자녀들, 친구와 어울려 떠나던 친구들……. 나는 그곳에서 꼼짝없이 주저앉은 채 그들을 보며 혼잣말하며 서성였고 괴로워했으며, 간신히 무언가를 깨우친 것이다. [pp. 252~253]"
2022-11-01,10,편의점은 익명성의 대표적 공간이다. 구멍가게는 정이 있고 소통이 있고 오지랖도 있다. 언젠가부터 구멍가게는 편의점으로 바뀌었고 그곳엔 낯선 깔끔함이 자리하고  있었다. 편의점을 이용할때 계산하는 사람을 주의깊게 본 적이 없는 것 같다. 왜냐하면 그곳의 주인 같지도 않고 물건에 정을 쏟고 있다고 여겨지지도 않았기 때문이다. 불편한 편의점엔 따뜻한 마음이 수로를 따라 물을 흘려보내는 곳 같다. 파우치를 찾아준 노숙자를 진심으로 대했던 사장님이 있었다. 사장님의 진심은 노숙자를 사회제도권으로 편입시키는 놀라운 물꼬를 튼다. 포스기의 사용법을 친절하고 자세하게 가르쳐준 알바생 시현씨를 노숙자가 정말 잘 가르친다며 칭찬한다. 이 칭찬으로 시현은 포스기 사용법을 유투브에 올리고 이로인해 스카우트가 되어 점장으로 승진되어 간다. 이 낯선 노숙자가 온 뒤 편의점은 따뜻함을 나누는 소통의 공간이 된다. 경멸하고 무시하던 오여사도 눈물을 쏟으며 아들때문에 괴로운 마음을 토로한다. 매일 혼술하던 영업사원도 이제는 점원이 된 노숙자 독고씨에게 마음을 열고 눈물을 쏟는다. 작가에게는 밤마다 이야기하며 글감을 제공한다. 편의점이 아니라 마음을 열게 하는 곳이 되어 버린다. 저마다 아픔과 고통을 끌어안고 사는 우리들은 외로울수록 익명과 관계단절속에 자신을 방치하곤 한다. 아픔을 들어줄때 상처는 치유되고 고통에 공감할때 관계는 진심으로 진실해진다. 진심의 공간인 그곳엔 진실의 강물이 타인을 향해 흘러가고 있었다. 그래서 따뜻했다.
2022-11-01,8,요즘 사람들이 사는 게 많이 팍팍하고 힘든가보다. <불편한 편의점>처럼 위로를 주는 소설들이 계속 나오면서 그 책들이 베스트셀러인 걸 보면.. <불편한 편의점>은 책장이 술술 넘어가게 잘 읽히지만 평범한 소설이라고 생각한다. 2권도 나왔던데 2권은 어떤 느낌을 줄지 한 번 읽어보고 싶긴 하다.
2022-10-26,10,"부제 : 불편하지 않은 편의점 청파동 골목 모퉁이에 자리 잡은 작은 편의점을 무대로 힘겨운 시대를 살아가는 우리 이웃들의 삶의 속내와 희로애락을 따뜻하고 유머러스하게 담아낸 작품으로 서울의 오래된 동네 청파동에 대한 공감각을 생생하게 포착해 또 하나의 흥미진진한 ‘동네 이야기’를 탄생시켰다. 서울역에서 노숙인 생활을 하던 독고라는 남자가 어느 날 70대 여성의 지갑을 찾아준 인연으로 그녀가 운영하는 편의점에서 야간 알바를 하면서 이야기가 시작된다. 덩치가 곰 같은 이 사내는 알코올성 치매로 과거를 기억하지 못하는 데다 말도 어눌하고 행동도 굼떠 과연 손님을 제대로 상대할 수 있을까 의구심을 갖게 하는데 웬걸, 의외로 그는 일을 꽤 잘해낼 뿐 아니라 주변 사람들을 묘하게 사로잡으면서 편의점의 밤을 지키는 든든한 일꾼이 되어가는 따뜻한 이야기가 전개된다."
2022-10-26,10,우리곁에 깊숙히 들어온 편리한 상점인 편의점. 구매의 편리한 소통일뿐인 곳을 인간관계의 소통으로 바라본 시선이 신선했다. ...삶은 관계였고 관계는 소통이었다. 행복은 멀리 있지 않고 내 옆의 사람들과 마음을 나누는 데 있음을 이제 깨달았다... 코로나 사태로 관계가 끈어지고 소통이 어려워지는 시대를 살아가는 우리에게 독고 씨의 따스한 마음이야 말로 진정 필요하다. 홈리그 독고씨의 놀라운 변신이 가능했고 또한 그 주위를 변화시킬 수 있던건 마음 그 진정성이라 생각한다.
2022-10-25,8,"얼마 전 필자가 살고 있는 안양시에서 서평 공모전을 진행하였다. 성인 부문의 대상 작품은 '불편한 편의점(2021)'이었는데, 부랴부랴 아이들 잘 때 며칠 동안 쪼개 읽고, 마찬가지로 둘째가 낮잠을 자던 토요일 오후 1시간 동안 퇴고도 없이 서평을 작성해 제출하였는데, 그래도 좋은 결과가 있었으면 좋겠다는 생각이 든다. 아마 앞으로 쓸 내용이 서평 공모전에 제출한 내용과 많이 겹치지 않을까 싶어서 미리 밝힌다. 불편한 편의점은, 제목부터 불편하다. 왜냐하면, 편의점은 편하라고 있는 곳인데 왜 불편하다고 말하는가? 물론, 편의점은 사실 꽤나 불편한 곳이긴 하다. 왜냐하면, 인간미를 찾아보기 힘든, 자본주의의 상징 같은 곳이기 때문이다. 키 187cm인 필자로서는, 비좁아터진 편의점 복도에서 허리를 구부리거나 무릎을 굽혀서 진열대 아랫쪽의 물건을 꺼내다가 엉덩이로 뒤쪽 물건을 툭 쳐서 떨어뜨린 적이 한두 번이 아니다. 그리고, 항상 4캔에 만 원짜리 맥주를 찾느라 헤매였고, 계산을 해보니 아니, 그 광고 그림에 없는 맥주라며 다른 맥주를 가져와야 할인 적용된다고 하니, 편하라고 있는 편의점이 불편했던 적이 꽤나 많았다. 생각해보니, 장애인들은 편의점을 이용할 수조차 없다. 그러니, 편의점은 편의점이 아니다. 그런데, 소설 속에서 등장하는 불편함은, 이러한 불편함과는 다르다. 좀 더 따뜻한 불편함이다. 필자는 요즘 꽤나 시니컬한데, 인생에서 결국 필요한 건 돈 아니냐라는 생각이 머릿속을 떠나지 않고 살게 된 지 얼마 되지 않았기 때문이다. '돈은 뭐 먹고 살 정도만 있으면 될 뿐'이라며 교직을 선택한 필자로서, 돈이 정말 중요하다고 느낀 지 2~3년밖에 안 됐다. 인생을 정말 어떻게 살았는지...여튼, 재테크 관련 책을 섭렵하던 필자에게 '불편한 편의점' 속 따스한 불편함은 콧방귀를 끼게 만들기에 제격이었다. '소설은 소설일 뿐' 국어 선생님으로서 소설을 멀리하던 필자를 정당화하는 생각밖에 안 들었다. 그래도, 소설은 술술 읽히고, 따스했다. 마치 그 편의점을 이용하지도 않았는데, 이용한 것만 같은 느낌. 불편함을 느끼면서 좀 더 인간다워진 느낌. 물론 결말이 썩 맘에 들지는 않지만, '소설은 소설일 뿐', 뭐 그럴 수 있겠다 싶다. 뭐가 그리 중요한가. 소설 속 따스한 불편함을 가진 편의점 덕분에, 인간다움이 뭔지 생각해볼 수 있었는 걸. 소설을 읽으며 느낀 건, 역시 사람은 사람으로 치유된다는 점이다. '관심'과 '경청' 이 2가지 덕목이 소설 속에서 부각된다는 느낌이 들었다. 특히 '경청'을 권유하는, 말이 느린 독고 씨의 조언은, 본인의 말이 느리니 본인의 말을 좀 천천히 끝까지 잘 경청해달라는 부탁을 소설 속 인물들에게 하면서 동시에 독자들에게도 건네는 게 아닐까 싶다. 여러분들도, 여러분들 삶의 가까운 인물들을 좀 경청해보시라. 필자도, 작년에 집안에 큰 일이 생기면서, 비로소 36년 만에 부모님과 장문의 카톡도 주고 받고, 이런 저런 얘기를 주고받게 되었다. 관계가 살가워지진 않았지만, 그래도 이전보다는 더 대화가 통한다는 느낌을 받게 되었다. 소설의 내용이 어렵지 않아 술술 읽힌다. 청소년들이 읽기에 좋겠지만, 어떤 책이든, 그 책을 읽을 수 있다면 누구에게나 추천해야 한다고 생각한다. 책은, 많이 읽을수록 좋다고 생각하기 때문이다. 그리고 읽고 나서, 이렇게 글로 정리하는 것까지 완성이 된다면, 나는 '이 책을 읽기 전+서평을 쓰기 전의 나'에서 '이 책을 읽고+서평을 쓴 나'로 한걸음 성장한다고 생각한다. 앞으로도, 서평을 자주 쓸 예정이다. 그래서 서평단도 되어서, 책도 무료로 읽고, 서평도 써야지. 그러다 보면, 나도 조금은 더 행복해지리라 믿는다."
2022-10-25,9,"일단 책 표지가 너무 이뻐서 구매하게 되었어요! 읽다보니 술술 잘 넘어가서 단숨에 읽었더랬죠^^ 따뜻한 이야기며, 잔잔한 이야기라 좋았다.. 특별히 팩트가 있는것도 아니여도 괜찮은 책이였다. 큰아이에게도 추천해주고 주변 언니들에게도 추천해주었다. 추천해주어도 부끄럽지 않은 그런 책이라 뿌뜻합니다. 잠 안오지 않을때 읽었던 부분들을 다시 한번 읽고 나면 잠이 스스륵 잘도 온다"
2022-10-23,10,"이 책 너무 궁금한데 도서관마다 예약도 걸 수 없을 만큼ㅋㅋ 인기가 좋아서 구매를 하게 되었어요. 궁금해서 일단 사긴 했는데, 워낙 시간이 없다보니 언젠가 읽겠지~ 하는 마음이었거든요. 근데 와서 한번 여니까 닫을 수가 없더라고요~ 결국 오고 시간 날 때마다 읽어서 며칠만에 다 읽어버렸어요. 왜 인기가 많은지 알 것 같더라고요. 재밌게 잘 읽었습니다. 다음 권도 있다고 아는데 궁금해요."
2022-10-23,9,"친구의 권유로 펼쳐본 소설인데, 꽤나 재미있어서 단숨에 읽어버렸다. 사실 제목부터 좀 궁금증이 생겼다. “불편한 편의점”이라... 편의점이라는 것 자체가 그곳을 방문하는 고객의 편의성을 무엇보다 중요하게 여기는 상점인데(그래서 24시간 영업을 하는 것이기도 하고), ‘불편한 편의점’이란 뭔가 형용모순처럼 느껴진다. 물론 여기에는 이유가 있었고, 바로 그 이유가 이 소설의 핵심 소재다. 이야기는 편의점을 운영하는 영숙이 서울역에서 자신의 파우치를 잃어버리는 것으로 시작한다. 직접 전화까지 해서 파우치를 찾아준 것은 노숙인 독고였고, 그는 파우치를 훔쳐가려는 다른 노숙자들에게 맞으면서도 영숙의 눈앞에서 끝까지 그걸 지켜낸다. 처음에는 얼마의 사례금을 주고 얼른 떠나려고 했던 그를 붙잡고, 정말 파우치의 주인이 맞는 지까지 확인하는 확실함을 보이는 그에게서 뭔가 좀 다른 것을 느꼈고, 얼마 후 편의점에서 야간 알바를 하던 사람이 퇴직하자 영숙은 선뜻 그 자리를 독고에게 제안한다. 그렇게 시작된 독고의 편의점 야간 알바 생활은 흥미롭게 전개된다. 큰 덩치에 말도 더듬으면서 뭔가 곰처럼(소설 속에 그를 곰에 비유하는 표현이 자주 나온다) 보이는 그를 경계하는 사람들은, 시간이 지나고 그를 경험하면서 점차 그에 대한 판단을 바꾸게 된다. 무심한 듯 어수룩한 말투로 더듬거리며 독고가 건네는 말들은 젠 체 하는 느낌이 없이 듣는 사람의 마음에 들어갔고, 그들은 자신들의 삶을 괴롭히던 문제의 해결책을 그 안에서 발견한다. 책의 마지막 부분은 독고의 이야기다. 1인칭 시점으로 앞서 묘사되었던 이야기들을 회상하면서, 자신이 누구인지 기억하지 못했던 그가 점차 왜 노숙인이 되었는지를 떠올리는 내용이 이어진다. 약간은 충격적인 내용이었고, 어째서 그가 다른 사람들에게 그런 조언을 할 수 있었는지도 언뜻 비춰진다. 이야기가 따뜻해서 좋다. 애써서 무슨 감정을 불러일으키는 것이 아니라서 손발이 오그라드는 장면도 없다. 물론 소설이다 보니 작위적인 설정들이 보이긴 한다. 예컨대 약간은 반복적인 패턴이 차례차례 일어나는 식이다. 단, 이런 부분은 드라마화를 한다면 괜찮은 포인트일 수도 있겠다.(개인적으로는 충분히 도전해 볼만한 선택이라고 본다) 저자가 이야기 속에 담고 있는 메시지도 볼만하다. 나도 남을 도울 수 있음을 깨닫고 기뻐하는 주간 알바 시현의 모습이나, 특히 부모로서 자녀들과의 관계에 어려움을 겪고 있는 인물들이 여럿 등장하는데, 사실 문제를 푸는 해답은 그리 어려운 데 있는 게 아니었다. 가족의 말을 귀담아 들어주고 그에 맞는 반응을 하는 것. 무엇보다 이 모든 이야기가 편의점 주인인 영숙의 호의에서 비롯되었다는 점도 기억해둘 만한 부분이다. 그녀의 호의는 다리 위에서 뛰어내릴 생각을 하던 독고에게 다리는 건너가는 것이라는 새로운 깨달음을 얻게 했고, 다시 독고를 통해 편의점에 방문하는 많은 사람들의 삶의 무게를 조금은 덜어주는 결과를 낳기도 했다. 무엇보다 자신의 편의점 매출이 상승했다는 점도 중요하고. 주변에 권해주고 싶은 이야기다. 간만에 추천도서를 하나 추가해 본다."
2022-10-20,10,"깔끔한 판단력과 결단력으로 지금까지 인생을 무난하게 살아왔다고 생각했다. 하지만 자식의 문제는 늘 그녀를 고장 난 저울로 만들었다. 편의점을 정리해 아들놈의 사업인지 사기인지를 돕는다고 치자, 잃는다고 치자, 그럼 무엇이 이어질까? 그건 아마 남은 유일한 재산인 이 방 두 개 빌라겠지? 염 여사의 마지막 터전까지 빨리고 나서야 아들은 실패를 멈출지도 모르겠다. 시현의 수많은 알바 인생의 종착점이 편의점이 된 것은 어쩌면 자연스러운 결과였다. 그녀 자신이 편의점 애용자이기도 했고, 그동안 여러 알바를 거치며 겪은 일들이 편의점 업무 곳곳에 녹아 있었기 때문에 쉽게 적응할 수 있었다. 가게도 결국은 사람 장사다. 손님을 귀하게 대하지 않는 가게와 직원을 귀하게 여기지 않는 사장은 같은 결과를 얻게 된다. 망한다는 말이다. 그런 의미에서 청파동 이 편의점은 적어도 망하지 않을 것이다. “ 아들 말도 들어줘요. 그러면 ······ 풀릴 거예요. 조금이라도.” 그제야 선숙은 자신이 한 번도 아들의 말을 제대로 들어주지 않았다는 사실을 깨달았다. 언제나 아들이 자신이 원하는 대로 살기만 바랐지, 모범생으로 잘 지내던 아들이 어떤 고민과 곤란함으로 어머니가 깔아놓은 궤도에서 이탈했는지는 듣지 않았다. 언제나 아들의 탈선에 대해 따지기 바빴고, 그 이유 따위는 듣고 있을 여유가 없었다. 상처를 돌아보고 그것을 이겨내기 위한 노력 혹은 욕망이 그 사람의 원동력이 되고 캐릭터가 된다. 캐릭터를 보여주려면 캐릭터가 선택의 갈림길에서 어떤 길로 가느냐를 보여주면 된다. 독고 씨는 편의점 사장의 도움을 받아 서울역에서 나왔고, 사회에 재진입해 자신의 트라우마를 직면하려고 애쓰고 있었다. “확실한 거는······ 나는 원래 이렇게 살지 않았어요. 나는 사람들과 별로 나눌 게 없었던 것 같아요. 지금처럼 허물없이 대화를 나눈다거나 하는 이런 따뜻한 기억이 별로 없거든요.”"
2022-10-14,10,"요새 달러구트 꿈 백화점, 미드나잇 라이브러리 같은 책들을 보고 연관된 책으로 나오길래 구매했습니다. 일상 속에서 감동을 주는 책은 제 스타일이 아니라고 생각했고 다 비슷비슷한 얘기만 다룬다고 생각했는데 이 책은 그런식으로 까지 평범한 느낌은 아니였어요 달러구트는 판타지고 미드나잇은 해외작품이다보니 우리나라 현실배경에서 감동을 주는 책중에 제일 인기가 많다는 것은 좋은 느낌인 것 같아요 다만 2권도 나왔지만 지금 당장 바로 사고 싶은 느낌은 없습니다. 하지만 감동을 느끼고 싶은 사람이라면 추천!!"
2022-10-13,10,"안녕하세요 :) 원하는대로 이루어지는 깡꿈월드입니다. 늦은 저녁 귀가할 때면 24시간 편의점이 반갑습니다. 나를 기다리는 것은 아니지만 그곳을 지날 때면 누군가 있다는 생각에 무서운 마음이 조금은 덜어집니다. 힘들게 살아낸 오늘을 위로하는 편의점의 밤 1001. "" 불편한 편의점 "" 입니다. 누군가가 염 여사의 지갑을 주었다며 전화를 해왔다. 지갑을 찾았다는 반가움에도 마음이 편치 못했던 것은 지갑을 찾아준 이가 갈 곳 없는 노숙자였기 때문이다. 지갑을 돌려준다는데도 뭔가 불안하고 다른걸 요구할까 두려움이 번졌다. 그러나 지갑을 돌려준 그는 예상외로 아무것도 바라지 않았다. 사례를 거부한 사내에게 염 여사는 어떻게든 보상해주고 싶었다. 그래서 자신이 운영하는 편의점에 데려와 공짜로 끼니를 때울 수 있게 해주었다. 그는 알람이라도 맞춘 듯이 저녁 여덟시, 폐기 시간에 맞춰 와 도시락을 먹을 뿐이었다. 염 여사는 생각했다. 자신의 아들도 저렇게 정도를 아는 사람이면 얼마나 좋을까. 인정하기 싫지만 아들은 못난이에 준사기꾼이다. 며느리 역시 그걸 알게 되었는지 결혼 후 2년이 되어갈 때쯤 이혼을 했다. 이혼 후 3년간 아들은 남은 재산마저 다 털어먹고 초라한 꼴이 되었다. 어쩌면 노숙자보다 더 처량한 삶을 살고 있을지도 모를 아들이 걱정되었지만 그녀는 흔들리지 않기로 했다. 아직 구하지 못한 야간 알바생 대신에 염 여사가 편의점 카운터를 보던 날 사내 애들이 괜한 시비를 걸어왔다. 그때 마침 독고씨가 편의점에 없었더라면 피를 흘리고 있는 것은 독고가 아니라 염여사였을 것이다. 처음으로 보는 웃는 그의 얼굴은 눈가에서부터 흘러내린 피로 범벅이 되어 있었다. 자신을 희생하면서도 편의점을 지킨 독고씨 만큼 책임감 있는 직원이 있을까? 그렇게 그는 편의점 야간 알바생이 되었다. 알바생이 바뀐 후로 매출은 조금씩 상승하고 있었다. 분명 많은 사람들이 독고를 불편하게 생각함에도 불구하고 편의점을 찾는 사람들의 표정은 점점 밝아져갔다. 편의점을 팔아치우려 했던 염 여사 아들에게 독고씨는 점차 눈엣가시처럼 느껴졌다. 자신의 목표를 달성하기 위해 늙은 곽을 시켜 독고의 정체와 구린 과거를 파내보기로 했다. 그러나 얼마나 허술했던지 곽은 금세 독고에게 걸리고 말았고 그에게 모든 것을 털어놓았다. 서울역에서 노숙자를 만난 것과 성형외과에 간 것, 그리고 성형외과 원장이 독고를 죽이려 한다는 것까지 모두. 모든 사실을 들은 독고는 어차피 조만간 자신은 서울을 떠날 것이라고 말한다. 다시 한번 용기를 내 잃어버린 삶을 살아보겠다 말하는 그에게 숨겨진 비밀은 무엇일까? ""불편한 편의점""에서 확인해 보자."
2022-10-11,10,"어느 순간부터인지 주변의 관심이 불편해졌습니다. 세상에 흉흉한 일들이 많이 일어나기도 하고 사회적 믿음이 많이 깨져버린 것이 그 원인이겠죠. 하지만 모두를 못 믿고 불신하는 사회가 지속되면 집을 나서고, 다시 집으로 들어오기까지의 모든 것들이 스트레스로 돌아올 것입니다. 어쩌면 현재 진행 중인 스트레스 과잉 사회에서 [불편한 편의점]의 시사점은 생각해볼 거리인 것 같습니다. 편의점이라는 일상 공간에서 이루어지는, 어떻게 보면 일상적이지 않은 순간들을 책에서는 그리고 있는데요, 모든 상황들이 현실에서 볼 수 있을 법한 이야기들이라서 더욱 몰입하며 볼 수 있었습니다. 아직 따뜻한 정이 남아있는 현실과 서로에 대한 호기심은 있지만 이웃에게 섣불리 다가가지 못하는 요즘, 많은 생각을 하게 만드는 책입니다. 이번에 [불편한 편의점2]가 나와서  다시 한 번 읽어보니 또 마음에 남는 것들이 있네요. 일상에서 잠시나마 몰입하여 읽을 수 있는 소설을 찾는다면 추천합니다."
2022-10-09,10,"결국 삶은 관계였고 관계는 소통이었다. 행복은 멀리 있지 않고 내 옆의 사람들과 마음을 나누는 데 있음을 이제 깨달았다. 난 소설을 좋아하지 않는다. 감정적으로 예민한 스타일이다 보니 휘몰아치는 소설을 읽으면 소설 속 주인공이 되어 짧게는 일주일 길게는 그 이상 마음이 우울하고 힘들다.. 한마디로 잡생각이 많아진다.. ㅎ 후배가 권한 불편한 편의점은 삶에 대해 많은 생각을 하게 되었다. 특히 독고와 노숙자 캐릭터를 볼 땐 혼자 웃곤 했다. 사실 요즘 신랑과 사이가 좋지 않다. 이유는 신랑이 현재 실직 상태이기 때문이다. 물론 새로운 '사업'을 구상하고 있지만 하는 모습이 영 내 마음에 탐탁지 않다. 그러니 내 마음이 롤러코스터를 타는 느낌이다. 꼼꼼하고 계획적인 나와는 정 반대이다 보니 느긋하고 러프한 신랑이 제대로 사업을 준비하는 건지 마는 건지 내 마음은 너무 불안하기만 하다. 이번 사업은 집안이 휘청할 정도의 자금을 투자할 생각인데 말이다.. 그러니 내 눈에 탐탐치 않게 보이는 행동들이 보일 때마다 격려는 커녕 멸시의 눈빛이 나갈 수밖에 없나 보다. 삶이라는 게 좋은 일도 있으면 나쁜 일도 있고 사업이라는 게 철저하게 준비해도 운이라는 녀석이 받쳐주지 않으면 안 될 수도 있긴 하지만, 가장이고 큰 자금으로 사업을 해야 한다면 나는 눈이 돌아갈서 준비할 거 같은데.... 내 배우자는 어떤 마음일까? 너무 예민해도 문제, 너무 느긋해도 문제다. 그런 마음이 복잡한 상황에 읽은 불편한 편의점 <삼각김밥의 용도>에서 오선숙을 보면서 신랑에 대한 나의 마음을 다시 다잡고 <네 캔에 만원>에서 나오는 불운한 민식의 모습을 보면서 신랑의 모습이 생각났다. 그리고 독고를 보면서 행복은 멀리 있지 않고 내 옆에 사람들과 나누는 데 있음이 중요함을 들쳐 본다. 따뜻한 사람이 되도록 노력하자. 배우자의 부족함을 채우는 사람이 되도록 노력하자. 어찌 되었던 이번 인생에 내 배우자는 그분 한 분뿐이니... ^^"
2022-10-09,10,"""진짜 괜찮아요?"" 사내가 고개를 끄덕이곤 염 여사를 살폈다. 유심히 살피는 사내의 눈빛에 그녀는 잠시 자신이 무얼 잘못한 거라도 있나 걱정이 들었고 어서 자리를 뜨고 싶은 마음이 앞섰다. 그래, 이제 파우치를 돌려받아야 했다. ""고마워요. 그거 챙겨줘서."" (-13-) 염여사는 기특한하 마음과 허탈한 기분이 동시에 들었다. 고양이 손이라도 빌려야 할 정도로 도움이 절실하진 않다. 아니면 그에게도 우리 편의점이 한심해 보이는 걸까? 그녀는 독고 씨를 똑바로 바라보며 대화를 마무리하기로 했다. ""독고 씨. 먼저 스스로를 도우세요."" 그가 면구스러운 표정을 지으며 고개를 숙였다. 뭐 이런 걸로 주눅이 들 것까지야. ""그리고 도시락을 먹게 해주는 건 독고 씨를 조금이라도 돕고 싶어서예요. 그러니 여기서 소주를 먹는 걸 가만둘 순 없어요."" (-38-) 그렇게 일주일이 지났다.어김없이 여덟시면 똑같은 복장과 똑같이 엉거주춤한 걸음걸이로 그가 출근했다. 미련곰탱이의 '미련'을 떨군 것만 달랐다. 동작은 여전히 굼떠도 말더듬은 한층 나아졌고 그것만으로도 훨씬 정상으로 보였다. 게다가 기계처럼 반복했던 출근 후 교육사항을 하나하나 해치웠다. 야외 테이블과 실내 테이블을 청소하고, 빈 진열대에 상품을 채우고 폐기 상품을 정리하고,시키지도 않았는데 워크인 냉장고를 행주로 닦았다. (-73-) 잠시 뒤 독고 씨의 이해할 수 없는 행동이 시작되었다. 그는 여덟시로 근무시간이 끝났음에도 진열대 곳곳을 오가며 상품들의 오와 열을 맞추기 시작했다. 무슨 강박인지는 몰라도 그렇게 한 삼십 분을 물건들과 눈높이를 맞춘 채 땀을 흘려가며 반듯하게 상품을 진열하는 데 힘썼다. 괜찮다.그런데 어차피 손님이 없는 새벽 시간에 해치우고 근무가 끝나면 바로 퇴근하는데 좋지 않은가? 그는 꼭 선숙이 계산대에 자리를 잡고 나서야 느긋하게 진열장 저리를 했다. 그게 끝이 아니었다. 정리를 마치고는 다시 청소 도구를 들고 편의점 밖으로 나갔다. 야외 테이블을 걸레로 닦고 출입문 주변을 비질했다. 그러고 나서 야외 벤치에 앉아 출근하는 사람들을 물끄러미 바라보며 폐기 식품인 우유와 빵을 먹었다. 선숙은 독고 씨가 여전히 노숙 본능을 떨치지 못해, 쪽방으로 돌아가기 싫어 그런 거라 여기기로 했다. 그렇게 신경 쓰지 않고 자기 일을 하다 보면 어느새 그는 사라지고 없었고, 하루가 지루하게 흘러가기 시작했다. (-91-) 민식은 놈에 대해 조사하기로 했다. 어떻게 놈을 채용했는지 물어도 엄마는 웃기마 할 뿐 제대로 말해주지 않았고, 그래서 더욱미심쩍었다. 수상한 놈이자 방해물이 분명하기에 치워버려야 한다. 그러려면 놈의 뒷조사부터 해야 한다. 뒤를 캐 일러바치면 윤리의식이 강한 엄마는 틀림없이 놈을 내보낼 것이다. 민식은 용산에서 일할 때 친분을 쌓은 흥신소 곽씨에게 날이 밝는 대로 연락을 취해야겠다고 마음먹었다. (-191-) 결국 삶은 관계였고 관계는 소통이었다. 행복은 멀리 있지 않고 내 옆의 사람들과 마음을 나누는데 있음을 이제 깨달았다. 지난가을과 겨울을 보낸 ALWATS 편의점에서, 아니 그 전 몇 해를 보내야 했던 서울 역의 날들에서,나는 서서히 배우고 조금식 익혔다, (-253-) 소설가 김호연의 작품 『불편한 편의점』 이다.이 소설은 익히 40만부를 돌파한 베스트셀러로서,나의 기준으로 볼 때,베스트셀러를 터부시하는 경향이 있어서,1년이 진나 지금에서야 읽게 된다. 이 소설의 줄거리는 서울역 노숙자였던 이름도 집도 없는 알코올 치매를 가지고 있는 주인공 『 독거 』 와 편의점을 운영하는 편의점 주인 『염영숙 』 이 등장한다. 이 소설의 핵심은 우리 사회의 보이지 않는 선함이 우리 사회의 삭막함을 희석시켜준다는 데 있었다. 편견, 선입견, 고장관념으로 똘똘 뭉쳐진 대하민국 사회에서, 도거는 아웃사이더였다. 편의점 정직원이자 사장이었던 염영숙의 시선과 우연히 만나게 된, 유통기한이 지나면 자연스럽게 페기되는 식품처럼, 인생을 폐기한 거나 마찬가지인 ,집도 절도 없는 술에 쩔어사는 주인공 『독거 』 가 소개되고 있다. 두 사람이 만난 건 우연이었다. 파우치를 잃어버린 사람과돠 물건을 주은 사람이 만난 것이다. 한 사람은 편의점 사장이고,한사람은 노숙자였다. 편의점 사장 염영숙은 자신의 소중한 물건을 찾아준 보답으로 사례를 하지만, 독거는 거부하였다.마땅히 자신이 해야 할 일을 했다는 것을 어필할 뿐이다. 주는 것이 있으면, 받는 것이 있는 통상적으로 자본주의 사회의 생리에 벗어나는 두 주인공은 절망과 희망의 경계에 서 있는 인물이다. 공교롭게도 이 소설을 읽은 시점에,지하철 살인사건으로 떠들썩했다. 염영숙은 독거에게 마음이 쓰였고, 유통기한이 하루 지나 팔 수 없는 식품을 독거에게 주는 것으로 합의를 보게 된다. 즉 식품이라는 매개체를 이용하여,서로 관계를 맺고 싶었던, 은퇴하여, 새로운 인생을 살고 있는 염영숙의 배려였다. 염영숙은 독거에게 제안한다. 야간 알바로 독거를 쓰기로 말이다. 남들과 다른 그의 우직함과 똑똑함을 두 눈으로 보았기 때문이다. 야간 알바가 흔하게 마주하는 취객과 편의점 진상을 상대하기에 독거만큼 탁월한 존재는 없었고 야간 알바를 대신하여,자신이했던 야간 알바를 독거에게 맞기게 된다. 남들보다 성실하게 일하는 독거의 모습, 그리고 정리정돈과 깔끔함을 보여주는 독거가 자신의 인생 가치관에 적합하였기 때문이다. 단 게임을 좋아하는 아들 민식은 도거를 내쫒고 싶어한다.어쩌면 염여욱에게 자신의 아들과 성햐이 다른 도거의 독틈함에 이끌리지 않았나 싶을 정도이다. 소설의 문제의식은 말을 더듬는 독거의 변화에 있다.그리고, 우리는 자신과 비슷한 이들, 나의 또다른 모습을 보여주는 누군가를 혐오하고, 경멸한다는 것이다. 편의점에 오는 손님들이 독거에 대한 시선이 곱지 않은 이유는 여기에 있으며,우리는 사회적 약자르 보호하기보다, 가볍게 생각하고, 무례하거나 무시해도 된다는 생각을 안고 살아간다. 바로 불편한 편의점 곳곳에 스며드는 여러가지 장면들는 우리 사회의 한 단면들이 압축된 공간이다. 강한 자에게 약한 모습을 보이고, 약한 자에게 강한 모습을 보이는 위선과 모순으로 가득찬 서민이라는 정체성, 그들의 모습 뒤에 숨겨진 이익을 챙기려는 섭리가 있으며,그러한 것에서 벗어난 독거는 독특한 존재였다. 작가는 바로 이러한 문제의식을 가지고 접근해 나가고 잇다. 단순히 이웃간의 오지랖이 우리 삶을 희망으로 채워준다는 연민, 신파극에서 벗어나, 왜 우리는 염영숙이라는 존재가 생겨나고, 독거라는 이가 , 사라지지 않고 현재하는지, 편의점이 우리 삶에 편의를 제공하지 않다는 사실을 놓치면 안된다. 그리고 마지막 우리는 유통기한이 지나 ,누군가 먹지 않으면 페기되는 음식처럼 살아가고,그 페기된 음식을 필요로 하는 누군가가 있음을 잊지 말아야 한다는 것을 한 편의 소설에서 여실히 나타내고 있었다."
2022-10-06,10,"드라마건 영화건 스릴러 장르만 보고 책은 추리소설만 읽었던 터라 별 기대없이 읽었습니다 우연히 서점에 들렀다가 베스트셀러라길래 읽어보자는 마음이었는데 소소한 감동으로 마음이 따뜻해졌어요 저처럼 자극적인 것만 추구하는 사람들에게 간이 덜 된, 그렇지만 꼭 필요한 책이라고 느껴집니다 2편도 구입해서 보려고 합니다 작가님의 다른 책들도 궁금해지네요"
2022-10-06,10,"불편한 편의점은 구입후 단숨에 읽어나갈 만큼 몰입력이 있는 작품입니다. 편한 마음으로 가볍게 읽긴 했지만 작가가 던지는 메시지는 가볍지 않고 큰 울림을 주었습니다. 남은 인생에 대한 고찰과 살아온 날들에 대한 반성을 모두 해 볼 수 있는 큰 기회가 되었고, 메마른 감정에 단비와도 같은 기분을 느끼게 해 준 수작으로 평가합니다. 주변의 고마운 사람들에게 추천하고 싶습니다."
2022-10-05,10,"언제가부터 종이책은 거의 자기개발서,재테크책만 읽게 되었다. 가끔 도서관에서 에세이를 빌려서 읽고... 소설 특히 장르소설은 거의 e북으로 읽게 되고 킬링타임용이라고 생각했다. 구매하는 책들도 죄다 자기개발서 재테크(특히 제목에 돈 들어간책들)서적들이고 그중에서 의무감에 읽었는거같다. 그러다 올해 파친코,불편한 편의점을 읽게 되고 장편소설책을 읽으면서 많은 생각도 하고 또 평범한 일상을 보내고있는 나의 환경에 감사하게 되었다. '불편한 편의점'은 김호연 장편소설로 진짜 주옥같은 문장이 많다. ""가족한테도 손님한테 하듯...하세요. 손님한테 친절하게 하시던데 가족한테도 손님한테 하듯 하세요."" 요즘 지인들에게 '불편한 편의점'강추중.. 읽으면서 내가 느낀 불편한 감정들을 나의 가까운 친구,가족들도 나처럼 평범한 일상에 감사하고 행복감을 느꼈으면 하는 아주 큰 바램을 가져봅니다!!!!!"
2022-10-02,10,"화사한 벚꽃이 그려진 표지가 참 마음을 편하게 해주는데 제목은 '불편한'이 붙었다. 얼마나 불편하길래 그럴까. 그렇게 호기심으로 선택한 소설이다. 일단 이 편의점이 있다는 장소가 편하게 다가왔다. 오래전 어린 내가 많이 걸었던 동네여서. 남영동, 갈월동, 서울역, 동자동, 그리고 푸른 언덕이라는 뜻의 청파동이 등장해서. 교직에 있다가 퇴직하고 편의점을 차린 염여사는 부산에 가기 위해 서울역을 찾았다가 지갑과 신분증등이 들어있는 파우치를 잃어버리고 만다. 기차에 타고서야 그 사실을 알고 당황했지만 누군가 그걸 갖고 있다는 전화를 받고 다시 서울역으로 향한다. 노숙자로 보이는 남자는 도시락 하나 값을 파우치안의 돈으로 치뤄도 되냐고 미리 양해를 구했고 도시락을 먹고 있는 남자를 만났다. 역한 냄새와 떡진 몰골로 파우치를 돌려준 남자를 자신이 운영하는 편의점으로 데려온 염여사는 배가 고프면 와서 도시락을 먹으라고 말한다. 남자는 자신을 '독고'라고 했다. 오전에는 아들하나와 살고 있는 오여사가 일하고 오후에는 시연이 일한다. 야간을 맡아주던 성필씨가 다른 일을 찾아 떠나자 그 자리에 독고씨로 대체한다. 말도 더듬고 추레했던 독고씨는 말끔하게 변해 편의점 야간 근무를 시작한다. 염여사는 교직연금으로 굳이 돈을 벌 이유가 없었다. 편의점에서 일하는 사람들의 생계를 돕기위해 유지될 정도로만 벌었으면 하는 마음이다. 시현의 도움으로 편의점 일을 배운 독고씨는 의외로 빨리 일을 익혔고 아주 성실하게 일을 해나간다. 시현은 더 좋은 조건으로 다른 편의점 점장으로 나가고 그 시간대는 오여사와 독고씨가 나누어 맡는다. 염여사의 아들 민식은 돈만 쫓다가 사기를 당하기 일쑤였지만 여전히 일확천금의 꿈을 놓지 못하고 엄마가 하는 편의점을 팔아 사업자금을 대달라고 조른다. 오여사 역시 대기업을 다니다가 뛰쳐나와 외교관 시험을 준비하는 아들때문에 속을 썩는다. 그런 오여사의 하소연을 듣던 독고는 게임에 빠진 아들에게 삼각김밥과 함께 편지를 전하라고 한다. 그리고 아들 얘기를 들어주라고 한다. 낡은 동네에 이벤트도 별로 없는 작은 편의점에 독고씨가 오면서 작은 희망의 불씨들이 일어난다. 정작 본인은 알콜성 치매로 과거의 기억이 없는데 편의점에 들리는 사람들의 이야기를 들어주고 처방전 하나씩을 꺼내놓는다. 그렇게 사람들은 하나씩 희망을 찾아 가고 독고씨 역시 자신의 과거를 찾게 된다. 왜 이 책이 오래 독자들에게 사랑들 받는 베스트셀러가 되었는지 알게 된다. 책을 읽으면서 청파동 지도를 검색해서 한참을 들여다봤다. 정말 그 곳 어딘가에 'ALWAYS'란 편의점이 있을 것만 같아서. 독고씨는 떠났을지 모르지만 누군가 아직 불편한 편의점을 지키고 있을 것만 같아서. 독고씨의 과거가 드러나면서 여전히 부조리하고 비겁한 인간 군상이 지겨워졌다. 하필 그 무렵 코로나가 극성을 떨게 되고 독고씨는 사람을 살리는 일을 해보겠다고 길을 떠난다. 가슴이 뭉클해졌다. 왜 그가 서울역에 남아 노숙자가 될 수밖에 없었는지 알게 되자 그 곳에서 마주쳤던 노숙자들의 사연들이 갑자기 궁금해지기도 했다. 독고씨처럼 말할 수 없는 사연들이 있었겠지. 어쩌면 누군가는 독고씨처럼 희망을 찾아 그 곳을 떠날 수도 있지 않을까. 불편한 편의점의 염여사같은 사람을 만나. 참 아름답고 가슴먹먹한 감동을 주는 멋진 소설이었다. 2편에는 어떤 모습으로 그려졌을지 얼른 읽어보고 싶다."
2022-10-02,8,"하루에도 몇 번씩 자신의 운명과 속절없는 투닥거림을 하게 되는 것도 따지고 보면 하릴없는 넋두리에 불과하겠지만 이러한 투닥거림도 삶의 과정 중 하나라면 심한 마음고생 없이 빠르게 지나갔으면 하는 게 솔직한 바람이다. 이 땅에 사는 대다수 사람들의 생각이 그러하겠지만 말이다. 그러나 우리는 당신의 생각도 그러하냐고 차마 묻지 못할 때가 많아서 자신의 속내를 서로 내보이지도 못한 채 끙끙 속앓이만 하는 경우가 허다하다. 그리고 세상의 불행이란 불행은 모두 자신 혼자 떠안은 양 우울해하는 것이다. 바꿀 수 없는 자신의 운명을 원망하면서... 김호연의 소설 <불편한 편의점>을 읽는 독자라면 누구나 우리가 사는 세상이 마음먹기에 따라서 극락이 될 수도, 지옥이 될 수도 있음을 자연스레 깨닫게 된다. 이따금 만나는 누군가를 붙들고 자신의 속내를 툭 털어놓고 나면, 자신의 고민은 시나브로 깃털처럼 가벼워져서 다시 또 용기를 내어 살아갈 수 있겠다는 희망을 품게 되는 것이다. 이와 같은 마법은 자신의 고민을 가슴속에 꽁꽁 숨겨두느냐 그렇지 않느냐에 달려 있다. 말하자면 자신의 고민이 입술 안쪽과 바깥쪽의 그 실낱 같은 경계 어느 쪽에 위치하느냐에 따라 천국과 지옥이라는 극과 극의 상황이 연출되는 것이다. ""다섯 번째 불운까지 겪고 나니 민식은 더 이상 버틸 수가 없어져 엄마가 사는 청파동 집으로 기어들어가야 했다. 거기서 몇 해 전 돌아가신 아버지가 남긴 유산으로 엄마가 편의점을 차렸다는 사실을 알게 되었다. 그 유산에는 분명 그의 몫도 있었을 것인데, 엄마와 누나는 아무 언질도 없이 민식만 빼놓고 유산을 편의점으로 바꾼 것이었다."" (p.167) 소설은 그렇게 세상 사람들의 여러 고민을 안고서 청파동의 어느 편의점으로 향한다. 민식의 엄마이자 편의점 사장인 염 여사는 자신의 지갑을 찾아주었다는 이유 하나로 서울역 노숙인이었던 '독고' 씨를 편의점 야간 알바생으로 채용한다. 그러나 주변에 편의점이 하나둘 들어서면서 염 여사의 편의점은 경쟁에서 밀리게 되고, 상품의 구색을 제대로 갖추지 못한 까닭에 동네 사람들은 어쩔 수 없을 경우에만 찾게 되는 '불편한 편의점'으로 인식한다. 이러한 악조건 속에서 사장인 염 여사가 노숙인이었던 '독고' 씨를 채용한 것은 기존에 있었던 다른 직원들의 걱정과 불안을 부채질했다. 그러나 그들의 걱정과는 달리 '독고' 씨는 물건을 훔치려는 불량학생이나 다루기 힘든 취객도 능숙하게 다루고, 진상 손님까지 두 손 들고 떠나게 만든다. 이러한 신선한 바람은 여기에서 그치지 않는다. ""작가가 되고 읽은 여러 심리학 서적에서 인경은 감정적 상처에 대해 주목했다. 캐릭터는 결국 과거의 끔찍한 감정적 상처를 받은 경험이 있고, 그런 상황에서 무엇을 지키고자 했는가가 그의 앞날이 된다. 독고 씨는 눈을 감았고 등을 돌렸다. 하지만 현재 그는 회복되고 있으며 사람들과의 소통을 통해 상처를 돌아볼 용기와 힘을 조금씩 채우고 있었다."" (p.156) 편의점은 비싸다며 발길조차 주지 않던 동네 노인들도 '독고' 씨의 싹싹한 태도에 편의점 주변을 어슬렁거리며 배회하기 시작하고, 그에 따라 매출도 상승한다. '독고' 씨로 인한 주변 사람들의 변화는 다방면에서 나타난다. 오전 알바를 하던 오 여사는 게임에 빠져 사는 자신의 아들과의 소통 단절에서 벗어나게 되었고, 공무원 시험을 준비하던 또 다른 알바생 시현은 편의점 초보 알바생을 위해 포스기 다루는 법을 유튜브에 올려 더 좋은 조건으로 이직을 하게 되었고, 편의점 야외 테이블에서 늘 혼술을 하던 세일즈맨 경만은 술을 끊고 다시 가장의 자리를 찾아 들어가게 되었으며, '독고' 씨를 쫓ㅇ아내고 편의점을 팔게 하려던 아들 민식은 엄마와의 관계를 회복하였고, 마지막 글쓰기 장소로 청파동을 찾은 희곡작가 인경 역시 '독고' 씨와의 대화를 통해 다시 글을 쓸 수 있는 용기를 내게 된다. ""결국 삶은 관계였고 관계는 소통이었다. 행복은 멀리 잇지 않고 내 옆의 사람들과 마음을 나누는 데 있음을 이제 깨달았다. 지난가을과 겨울을 보낸 ALWAYS편의점에서, 아니 그 전 몇 해를 보내야 했던 서울역의 날들에서, 나는 서서히 배우고 조금씩 익혔다. 가족을 배웅하는 가족들, 연인을 기다리는 연인들, 부모와 동행하던 자녀들, 친구와 어울려 떠나던 친구들......"" (p.252~p.253) 김호연의 소설 <불편한 편의점>이 특별했던 이유는 단 하나, 소설의 주인공인 '독고' 씨를 통해 당신의 삶도 나의 삶과 크게 다르지 않다는 것을 배우게 된다는 점이다. 우리는 그 하나의 이유만으로도 한결 느긋해지고 여유로워지며, 어깨를 움츠린 채 세상 사람들의 시선에서 멀어지지 않아도 되는 것이다. 결국 자신의 삶이 특별하지 않아도 누군가에게 주눅 들지 않아도 된다는 사실, 당당하게 어깨를 펴고 그들과 소통할 때 삶은 살아볼 가치가 있음을, 그들의 속내를 알고 나면 비로소 언제나 흐림이었던 하늘이 맑음으로 바뀔 수 있다는 사실을 소설은 말해주고 있다. 가장 낮은 신분의 '독고' 씨를 통해."
2022-09-28,7,"이 책을 읽고 저도 모든 사람에게 친절하고, 상대방에게 도움이 되는(독고씨처럼 어떻게 사면 더 싼지, 이익인지 알려주고, 추운 겨울 야외 테이블에서 음식을 먹는 손님에게 온풍기를 틀어주는 것처럼) 사소한 것일지라도, 내가 할 수 있는 선에서 도움이 되는 사람이 되어야겠다고 생각했습니다. 여러 사람의 시점을 오가다 마지막엔 '독고'씨의 시점으로 쓴 게 인상깊었습니다. 독고라는 이름을 가지게 된 계기 등 새로운 정보가 추가되며 책이 시간 순서대로 다시 한번 쭉 요약되었어요."
2022-09-28,10,"이 책을 읽은 지가 벌써.. 근데 이제서야 뭘 좀 끄적여 놓으려고 뒤적거리고 있으니..쯧~ 좋아하는 작가님이라 아무것도 보지도 듣지도 않고 냅따 결제버튼 눌렀더랬는데 그에 반해 읽은 건 몇 개월 뒤였--;;; 난 초판으로 가지고 있는데 벗꽃 표지 너무 이뻐서 한 권 더 살까 살짝 고민하다가 그게 뭔 의미가 있겠나 싶어 마음 접었음. 아무 정보 없이 그냥 책 제목만 봤을 때는 저 편의점 주인, 이용하는 사람들 간에 불화 내지는 다툼이 끊이지 않는 그러다가 화해하고 배려하게 되고 그러다가 독자들은 뭘 좀 깨닫고 감동도 쪼매 하고, 대충 이런 내용 아닐까 라고 생각했었다. 진심..내가 책 읽으면서 그리고 다 읽고나서 얼마나 쪽팔렸던지. 이 단순함과 단세포적인 생각을 어쩔 꺼냐며. 편의점 사장인 염여사는 대구행 기차 안에서 파우치를 잃어버린 것을 알았고, 언제 어디서 잃어버린 것인지 기억을 더듬어 가던 중 자신의 파우치를 가지고 있다는 남자(독고 씨)로부터 전화 한통을 받는 것으로 이야기는 시작된다. 독고 씨에 대한 어느 정도의 선입견은 염여사나 책을 읽는 나나 별다르지 않았다. 그런데, 이 독고 씨, 뭔가 다르다. 아니 선입견을 한방에 꽈악 눌러준다. 여기서부터 나의 몰입은 시작되었던 것 같다. 독고 씨를 비롯 편의점을 드나드는 사람들의 사연들에 어느 새 나는 내 눈과 귀와 마음을 모조리 열고 같이 울고 같이 아프고 같이 행복하고 함께 극복해나가고 있었다. 중간중간 내 마음과 머리에 새겨지는 문장들 그리고 깨달음. 하..이래서 책을 읽는 거지 싶었던. 편의점 2도 냉큼 결제했었는데 아직 첫 장 열어보지도 않고 있는..며칠 내로 꼭 읽을 것이얌."
2022-09-27,9,"서울역 노숙자 ' 독고 ' 가 한 할머니의 지갑을 찾아주면서 이야기는 시작된다 . 독고는 중년 아저씨다 . 알콜성 치매에 본인 이름조차 기억을 못하는데다가 말이 어눌하고 덩치도 산만해서 미련 곰탱이 같은 구석이 있는 사람이다 . 마침 할머니가 운영하는 편의점에 야간알바가 그만두면서 갈 곳 없는 독고를 알바생으로 채용 한다 . 이 책은 이 독고 아저씨를 둘러싼 사람 이야기이다 . 여기 나오는 사람들은 저마다의 고난과 상처가 있다 . 취업 준비 , 사업 실패 , 가족과의 불화 등 일상에 지쳐 뾰족해진 사람들이 이 무딘 남자를 만나 자신도 모르게 둥글게 변해 간다 . 그리곤 독고 자신도 변한다 . 편의점에서 일을 배우고 사람들을 만나면서 세상을 다시 마주할 용기를 배웠다 . 마지막에 독고가 더이상 피하지 않고 나아가는 모습에서 한 마리의 나비가 떠올랐다 . 지난 몇 년간 서울역에서 웅크리고 있었던 번데기가 편의점을 통해 나비로 우화하는 데 성공했다 . 아직은 날갯짓이 서툴지 몰라도 곧 찬란하게 날으리라 . 이 책에는 실제 지명과 상표 , 최근 이슈들까지 가감 없이 등장한다 . 그 덕에 정말 우리 이웃 이야기처럼 정감이 간다 . 소설을 읽을 때 흔히 느끼는 ' 문학 속 세상 너네 이야기 ' 가 아니라 서울역 근처 청파동 편의점에서 실제로 일어난 일처럼 생동감이 느껴진다 . 역시 사람 사는 이야기가 제일 재밌다 ."
2022-09-27,10,"[ㅍㅕㄴㅇ ㅢ ㅈ ㅓ ㅁ]을 사전에서 찾아보면 '고객의 편의 를 위하여 24시간 문을 여는 잡화점. 주로 일용 잡화, 식료품 따위를 취급한다.' 라고 씌여있다.  영어로는 뭐라고 할까? 'convenience store'이다.  便:편할 편, 宜:마땅 의, 店:가게 점 즉, 편한 것이 마땅한 가게. 제목이 불편한 편의점이다. 편한 것이 마땅한 가게인데 불편하단다. 어딘지 말의 앞뒤가 맞지 않는 그래서 더욱 궁금하였다. 도대체 뭐가 불편할까. 무슨 이야기가 담겨 있을까. 보통 나는 책을 시작할 때 별 기대를 하지 않고 그냥 읽는다. 하지만 친구가 준 이 책은 펼치기 전 제목만으로도 기대감이 살짝 있었다. 또 베스트 셀러이기도 하여. 원래 가독성이 좋은 책이 베스트셀러가 되는 일이 많기에. 이 책은 편의점을 둘러싼 일반 사람들의 이야기이다. 코로나19라는 시대상도 담고 있다. 의료 사고를 둘러싼 사건도 담고 있어 현재를 살아가는 우리의 딱 지금 우리의 이야기다. '먼저 사장님, 염영숙 여사님이야기다. 염여사는 교사로 퇴직 후 동생의 조언에 따라 편의점을 운영 중이다. 이야기는 염여사가 대구로 딸에게 가는 기차에서 귀중품(카드, 현금 등)이 든 파우치를 잃어버리면서 시작된다. 파우치를 찾아준 것은 독고, 노숙자이다. 대충 사례금 좀 쥐어주고 끝낼 생각이었으나, 독고는 파우치를 제 주인에게 찾아주고자 노숙자간 싸움까지 불사하며 지켰다. 다른 노숙자로부터 온몸을 던져 싸우며, 얻어 맞으며 빼앗기지 않으려고 애를 쓰며. 그 사실을 알고 그냥 넘어가기가 어려워 자신이 운영하는 편의점으로 데리고 와 도시락을 준다. 편의점 도시락을 받아 먹는 모습은 '꼭 꿀통 파먹는 곰 꼴이다.' 이 한마디의 묘사로 독고의 모습이 한눈에 선하다. 염여사는 독고에게 언제든지 와서 도시락을 먹어도 된다고 했다. 당연히 폐기도시락이겠거니 생각했던 독고의 예상과는 달리 염여사는 아르바이트에게도 폐기 도시락 먹이지 않는다고 했다. 폐기 된 거 말고 새거 먹으란다. 염여사의 마음 씀씀이가 여느 장사치 같지 않음이 느껴지는 대목이다. '언제든지 와서 도시락을 먹어도 된다고 하다니' 무리수다. 노숙자들을 잔뜩 데리고 와서 편의점에 진을 치면 어쩌지? 매일매일 끼니마다 들이닥치면 어쩌지?하는 걱정부터 하는 시현이다. 하지만 독고는 그런 사내가 아니다. 자주 오지도 친구들을 데리고 와서 진을 치지도 않는다. 도시락 폐기 시간이 지난 시간에 와서 폐기해야하는 도시락을 먹는다. 나라도 그럴 듯 하다. 미안하고 또 고마울 것이다. 염여사는 교사로 퇴직했다. 평생을 교사로 산 사람의 습관? 누군가를 제대로 된 길로 이끌고 싶은 또는 제자리로 되돌려 놓고 싶은 그런 마음이 깔려 있는 듯 하다. 또 자신은 편의점이 꼭 필요한 사람이 아니지만 오전 시간을 맡은 오여사, 야간 시간을 맞은 성필씨는 생계가 달린 일이었고, 취준생 시현까지 이들은 모두 편의점이 꼭 필요한 사람들이니 편의점을 정리할 수는 없었다. 누군가에게 필요한 것이라면 그것이 꼭 내게 큰 득이 되지 않아도 해 주려 한다. 뉴스에 나오는 사람들은 자신의 이익이 된다면 타인의 재산은 물론 목숨까지도 어쩌구저쩌구 하지만 보통 사람들은 다른 사람도 생각하며 사는 사람이 대부분이다. 파우치 사건으로 독고와 시작된 인연은 또 다시 연결된다. 야간시간을 맡은 성필씨가 갑자기 그만두는 바람에 염여사가 야간 시간을 맡을 수 밖에 없었다. 어느날 염여사가 취객들에게 봉변을 당하던 중 독고씨의 도움을 받는다. 경우 바른 독고씨를 야간 알바로 고용하면서 편의점은 불편하게 변하기 시작한다. 취준생 시현을 괴롭히던 JS(진상)를 해치운 독고씨. 묵둑둑한 독고씨. 불편한 편의점인 듯 하지만 따뜻한 편의점이 되어 간다. 취준생 시현, 독고에게 편의점 일을 가르치다가 독고의 권유로 유튜브에 편의점 알바가 할 일을 상세히 친절하게 설명하는 내용을 올린다. 이 유튜브 영상을 계기로 시현은 타 편의점 점장으로 스카웃된다. 이제 편의점은 오여사와 독고씨가 나눠 맡게 되었다. 편의점은 독고씨의 친절한 설명, 배달서비스 덕에 동네 할머니 손님들이 아침을 채운다. 편의점은 불편하지만 따뜻해져 간다. 오여사 이야기 언젠가서부터 회사도 관두고 방안에만 있는, 게임에만 몰두한 오여사의 아들. 오여사는 언제나 아들이 자신이 원하는 대로 살기만을 바랐다. 모범생으로 잘 지내던 아들이 어떤 고민과 곤란함으로 어머니가 깔아놓은 궤도에서 이탈했는지는 관심이 없었다. 언제나 아들의 탈선에 대해 따지기 바빴고, 그 이유 따위에 귀를 기울일 생각은 없었다. 오여사는 독고와의 대화를 통해 자신의 아들의 말을 한 번도 제대로 들어주지 않았다는 사실을 깨닫는다. 독고는 이렇게 편의점 가족들의 인생에 조금씩 조금씩 따뜻한 영향을 주는 존재가 되어 간다. 경만이야기 경만은 편의점의 단골 손님이다. 팍팍한 하루의 정리를 편의점에서 마무리한다. 컵라면, 소주, 삼각김밥. 자신만의 참참참이다. 좋든 나쁘든 싫든, 자신만의 루틴을 가지고 산다. 이게 아닌데 하면서도 습관이 되어 계속한다. 누군가가 그거 아닌 듯 하다고 말해 주어도 밀어낼 뿐이다. 난 이미 익숙하므로. 경만에게 독고의 어줍잖은 참견은 귀찮다. 자신의 삶의 팍팍함을 스스로가 만들고 있는지도 모르지만 출구를 찾을 수 없다. 누군가의 힌트는 다만 참견일 뿐. 받아들이고 싶지 않다. 당장 나의 습관이 편하므로. 나의 일상이 피곤하고 풀리지 않음으로 계속 될 때, 그리고 어떻게 바꾸어야 할지도 모르겠고, 바꾸고 싶지도 않은 무기력함에 빠져 있다면 하루 15분만 무언가 작은 것부터 시작하는 것은 어떨까? 아침 일어나자 마자 이불개기부터, 방 하나 닦기. 이렇게 두 가지만하면 15분이면 족하다. 경만을 위해 금주를 시작하게 도와주는 독고. 금주가 되니 모든 것이 바뀐다. 매일 술 마시는 경만을 위해 독고는 옥수수수염차를 권한다. 자신에게 금주를 권한 독고때문에 마음 상해 더이상 편의점을 찾지 않는다. 새해가 되어 우울한 기분으로 하는 수 없이 편의점을 찾은 경만을 위해 야외테이블에 열풍기가 준비되어 있었다. VIP가 된 기분이다. 금주를 권하는 곰(독고)를 피하다 보니 혼술도 멈췄다. ""행복은 뭔가 얻으려고 가는 길 위에 있는 것이 아니라 길 자체가 행복이다. 그리고 네가 만나는 사람이 모두 힘든 싸움을 하고 있기 때문에 친절해야 한다. ""고. 인경이야기 연극 배우였던 인경이 시나리오 작가로 등단 후, 박경리 문학관에서 알게 된 인연을 계기로 희수샘의 딸의 서울 거처에서 3개월을 머물게 된다. 그 거처가 불편한 편의점 바로 앞,. 그녀가 관찰한 사람은 떡대 사내, 참참참 직장인. ""캐릭터를 보여주려면 캐릭터가 선택의 갈림길에서 어떤 길로 가느냐를 보여주면 된다. "" "" 진심 같은 거 없어도 그냥 친절한 척만 해도 친절해지는 것 같아요."" 손님한테 하듯 하세요. 가족도 손님 대하듯. 어느 순간 나도 그런다. 진심 같은 건 생각지 않는다. 내 마음 같은 건 내려 놓았다. 그냥 하이톤으로 친절하게 대한다. 그러면 직장에서도 친절한 누구가 된다. '친절해서 좋아요.' 소리를 듣는다. '가족에게도 손님 대하듯' 이 말에 진심 공감한다. 우리는 가족이 편하다고 함부로 마음을 내지르며 지내지는 않는지... 나의 그런 편한 행동들로 나의 가장 가까운 사랑하는 가족이 상처 받지는 않는지 생각지 않는다. 아니 늦게 생각한다. 후회로. 이제부터 우리 진심이 없더라도 그냥 친절하게 말하자. 물론 그렇게 말하다 보면 정말로 사랑하는 가족이 될 지도 모르잖는가. 인경은 사내에게 관심이 간다. 매일 독고와 독고의 과거 등을 이야기 나누며 수첩에 써 간다. 자신의 배우 인생을 쫑 낸 감독과의 대화에서 편의점 이야기를 무대에 올리자는 제안을 받는다. 그토록 쓰려고 해도 안 써지던 글이 일사천리다. 인생의 모퉁이는 생각지도 못한 곳에서 생각지도 못한 기회로 나타난다. 나의 인생의 모퉁이는 책이다. 생각지도 못한 우연한 책 한권에서 시작되어 두권 세권... 책들이 내게로 오고 내가 책에게로 가고 있다. 이렇게 원북원 도서 홍보까지 찾아서 하고 있다. 나름 만족한 삶을 살아가는 내게 약간의 무료하던 나의 일상을 꽉찬 풍만함으로, 즐거움으로, 보람으로, 나 자신을 대견히 여김으로 바꾸어 주고 있는 책들이다. 인경의 모퉁이가 된 편의점. 독고. 막힌 듯한 그녀의 인생이 뚫린다. 시원하게 뚫려서 이 책이 나왔는지도. 작가의 자신 이야기 인지도. 그녀의 인생이 주욱 뚫리길 바란다. 민식 이야기 민식은 염여사의 아들이다. 아버지의 유산으로 차린 편의점을 정리하고 자신의 사업 자금을 마련하고 싶어한다. 흥신소를 운영하는 곽를 고용하여 아무래도 수상한 독고를 미행시킨다. 미행 중 독고를 노리는 의사가 있다는 사실을 독고에게 말한다. 독고는 인경과 곽의 도움으로 자신이 의사였다는 사실, 또 왜 이 모양으로 흐트러진 인생을 살고 있는지를 기억해내고 과거를 정리할 계획을 세우며 야간 알바를 곽에게 넘긴다. 인생은 원래 문제 해결의 연속. 그리고 어차피 풀어야 할 문제라면 그나마 괜찮은 문제를 고르려고 노력할 따름이다."
2022-09-25,8,"오랫만에 소설을 읽었다. 그동안 아이들을 위한 책들만 사다가 내가 읽고 싶은 책을 골라보았다. 편의점이 왜 불편하다는거지? 라는 궁금증에 이 책을 골랐고, 책 속의 독고씨를 처음 만난 순간부터 그에 대한 호기심으로 쭈욱 읽어 나간 소설이다. 생각하지 못한 결말의 반전에 깜짝 놀랐다. 아~ 그랬었던거구나... 하는 끄떡임으로 마무리 되며 가슴이 몽글몽글한 순두부처럼 따뜻해진다."
2022-09-22,9,불편한 편의점 리뷰입니다. 계속 베스트셀러에 있었어서 한 번 읽어보고 싶었는데~ 다른 책들 읽느라 잊고 있다가 뒤늦게 구매하고 읽어봤습니다~ 김호연 작가님 여자분인줄 알았는데 아니더라구요. 남자분인데 각본도 쓰시고 필모그라피가 화려해서 놀랐네요~ 노숙인이던 독고씨가 편의점 사장님의 지갑을 찾아주게 되면서 그 편의점에서 일하게 되는 내용의 책이구요. 편의점이란 주제에서 여러 인물의 사연이 나와요~ 전 그 중에 아빠 얘기가 제일 기억에 남았어요 ㅎㅎ 참이슬 참깨라면! 독고씨의 과거 얘기 반전까지! 재밌게 잘 읽었습니다~
2022-09-22,10,"우리 주위, 동네에서 흔히 볼 수 있고 많이 이용하는 편의점을 중심으로 스토리가 이어지는 소설이다. 노숙자에서 편의점 야간 알바가 된 독고씨를 중심으로 쳅터마다 그곳에서 일하는 공무원 수험생 알바생, 가정주부 알바와 그의 아들, 학교 퇴직한 전직 교사인 사장님, 사장님의 아들, 작가 손님, 편의점에서 항상 라면과 소주를 먹는 평범한 직장인이자 가장인 단골손님 등 그들의 삶과 어려움을 풀어내고 있으며 독고씨가 그들을 세심하게 살피면서 도움을 주고 위로가 된다. 그러면서 자신의 잃어버린 기억도 되찾고 다시 자신의 삶으로 돌아가는 시점에서 소설이 마무리된다. 독고씨의 스토리는 처음부터 끝까지 다음을 궁금하게 만들었고 등장인물들의 삶의 어려움과 고민이 하나씩 해결될때마다 읽는 나도 행복해졌다."
2022-09-21,9,"다른 편의점에 비해 없는 것이 많은 불편한 편의점! 그런 편의점이 독고씨의 등장으로 변화되는 과정이 마음 따뜻하게 다가온다. 가족을 손님을 대하듯 친절하게 대하라는 독고씨는 가족도 인생의 여정에서 만난 서로의 손님이라고 말한다. 가족과의 아픈 과거를 경험한 독고씨이기에 이 말은 더욱 힘이 실리는 것 같다. 그리고 불편한 편의점을 손님을 편하게해주려면 불편해야하는 점원들의 수고라는 측면에서도 볼 수 있다. 편의점은 인간의 주유소, 잠시 들러 충전을 하는 곳, 잠시 멈추는 곳이다. 그렇기에 직원들의 불편함이 필요한지도 모르겠다. 삶은 관계이고 그 관계는 소통이며, 행복은 멀리 있지 않고 내 옆의 사람들과 마음을 나누는데 있다는 것을 불편한 편의점을 통해 생각해본다."
2022-09-20,10,"불편한 편의점도 따뜻한 이야기로 시작한다. 힘든 시대 일수록 사람들은 따뜻한 이야기를 통해 마음의 안정을 찾고 평안을 구하는 것이다. 한 60대 중년 여성이 지갑이 든 파우치를 잃어버린다. 한 노숙자가 그 파우치를 주운 다른 노숙자들에게서 그것을 빼앗아 전화를 하여 지갑을 찾아준다. 중년 여성은 그 노숙인을 자신의 편의점으로 데려가 도시락을 챙겨주며 매일 와서 그냥 먹으라고 한다. 그 노숙자는 매일 편의점에 가 도시락으로 허기를 채운다. 야간 알바생이 일을 그만두자 사장은 이 노숙인을 야간 알바생으로 채용한다. 가불해 주어 옷을 사 입히고 씻기고 쪽방을 구해준다. 야간 알바생은 이렇게 노숙인에서 벗어나 정상인이 되어 간다. 야간 알바생은 독고라 불리며 알콜성 치매로 기억을 잃고 노숙을 하고 있었다. 술을 마시지 말라는 사장님의 지시에 따라 술이 생각나면 옥수수수염차를 마시며 술을 끊는다. 편의점에서 일하며 힘겹게 살아가는 손님들에게 친철을 베풀며 사람들을 도와준다. 결국 기억을 찾고 용기를 내어 세상으로 나아가는 따뜻한 이야기이다. ""부끄럽지만 살기로 했다. 죄스러움을 지니고 있기로 했다. 도울 것은 돕고 나눌 것은 나누고 내 몫의 욕심을 가지지 않겠다. 나를 살리려던 기술로 남을 살리기 위해 애쓸 것이다. 사죄하기 위해 가족을 찾을 것이다."""
2022-09-19,10,"예전에는, 편의점말고, 편의방이라는 곳이 있었었다. 자리세랄까, 빈테이블에 앉은다음, 기계안에 차갑게 식혀놓은 beer 또는 라거 들을 가져오고, 또, 마른안주 또는 과일안주를 주문하면 맞춤식으로 차려진 접시를 가져다주는 것인데, 주변의 호프집보다는 조금 싸고(안주값이), 그 시절에는 편의점 앞에 간이테이블을 세팅한 다음, 거기서 알루미늄can을 까서 마시고 후딱 일어나는 그런 분위기가 형성되어 있진 않았던 것으로 기억하는데, 암튼, 집에서 혼술하는 것보다는 조금 안주값이 나가는 그런 공간이 있었었었다. 나도 예전에, 편의점에서 아르바이트를 한 적이 있다. 결국 학교 수업이며, 리포트며, 조별 과제 등등 몸을 둘로 나눌 수 없는 상황에 직면하게 되자 결국 알바를 길게 하지 못하고 그만 두게 되었었지만, 나름 페이가 많고 적고를 떠나서 그냥 즐거운 경험이었었던 것 같았다. 그런데, 그 기억의 영향이랄까.. 나는 안 그러려고 하는 편이지만, 그럴 필요도 없고, 그냥 물건만 구입하고 카드를 사용하든 현금을 지불하든 편의점 직원과 그렇게 마주칠 일이 없지만, 유튜브 짧은 영상이라든가, 아니면 편집본 등등을 보면, 진상이냐 아니냐는 정말 종이 한 장 차이인 것 같은 모습을 보여주는 장면을 많이 보게 된다. 나도 한번은, 편의점에서 유통기한이 지났지만, 집에 가지고 가서 드실것인지?? 라고 물으면서, 나에게 삼각김밥과 길다란 김밥을 몇 세트 얼떨결에 받은 적이 있었다. 그무렵, 나도 어쩌다보니, 지갑에 돈이 없어서 약간 허기가 느껴졌었는데, 겉으로는 사양하는 척 하였지만, 속으로는 정말 감사합니다!!! 고 말한 적이 있기도 하였었다. 편의점도 사람이 이용하는 곳이고, 그렇기에 이런저런 사연과 이야기가 늘 있을 수 밖에 없는 곳이다. 그렇기에, 그렇지~ 하고 한번 더 읽게 되는 부분이 분명 있긴 한 것 같았다."
2022-09-19,10,"서울역 홈리스로 살아가는 독고씨가 편의점 주인인 임여사를 만나면서 이야기가 시작이 되는데요, 제목 그대로 불편한데 자꾸 가고 싶어지는 묘한 편의점 이야기 입니다. 여러 개의 에피소드로 이루어진 옴니버스 형식으로 이루어져 있습니다. 각 에피소드에는 각자의 힘든 삶의 무게를 짊어진 여러 캐릭터가 등장하고 처음에는 기피하던 대상인 독고씨와의 소통의 영향으로 각자 나름대로 삶의 무게르 덜어냅니다. 독고씨 또한 사람들과의 소통으로 기억을 되찾고 놓아버렸던 삶을 다시 되찾기로 결심합니다. 서로가 서로에게 구원이 되는 결과를 가져오네요. 결국 인간관계는 소통이라는 느낌이 들었습니다. 아마 작가님이 하고 싶었던 얘기도 그것이 아니었나 싶어요. 여러가지로 힘든 상황에 오랜만에 가슴 땨뜻해 지는 작품을 만나 좋았습니다. 추천합니다."
2022-09-19,5,"히가시노 게이고의 나미야 잡화점의 비밀 이래 비스무리한 일상,힐링 류의 소설이 간간이 나오는데 이것도 그 중에 하나다. 성장정체, 높은 실업율의 한국 사회에서 편의점이라는 임시 거치소를 배경으로 평범한 이들의 삶을 어루만지는 글이다. 한번 보며 리프레시하는데 나쁘진 않지만 딱 그 수준이고 거기서 더 나아가진 않는다. 책을 간만에 음미하며 읽고 싶은 사람에게는 괜찮을듯."
2022-09-18,8,"초반에는 편의점에서 일하는 세명의 여성이 모두 나와 비슷한 것 같아 공감하며 읽었고, 좀 뻔하고 신선할것없는 구성이라고 생각될 때 쯤엔 등장인물에 대한 애정이 생기면서 저마다의 사연이 궁금해서 계속 읽게된것같습니다. 사람에대한 따뜻한시선과 오밀조밀 잘짜인 구성으로 자극적인 사건사고없이도 단숨에 완독할수있었습니다. 소통이 불러오는 감정 소모와 관계에서 생기는 불편함을 피해 점점 방어적인 개인주의자가 되어가는 제 모습을 다시한번 되돌아볼수있는 시간이었습니다."
2022-09-15,10,종이 쿠폰이 모여서 사본 불편한 편의점 후기입니다. 북클럽같은곳에서 무료로 볼 수 있긴 하지만 직접 읽어보고 싶어서 책으로 구매했어요. 읽다보면 많은 생각이 들어요. 제가 너무 편견에 휩싸여있지는 않을까. 첫인상으로 그 사람의 모든것을 판단하고 있지는 않을까. 불편하지만 사람다움을 알게되는 불편한 편의점 재밌게 봤습니다. 종종 읽어보고싶어요 ㅎㅎ
2022-09-15,10,"‘편의점 : 고객의 편의를 위하여 24시간 문을 여는 잡화점’ 편의점의 사전적 정의와는 거리가 먼 제목인 불편한 편의점, 누구에게 어떻게 불편한 것일까요? 김호연 작가님의 장편소설인 이 책은 우리 주변에서 한 번쯤은 만나볼 수 있는 사람들의 이야기여서 그런지 잔잔하면서도 제 마음속에 스며들었습니다. 주변에서 흔히 볼 수 있는 편의점이기에 별다른 생각이 없었는데, 책을 읽으면서 하나의 공간이 어떤 사람에게는 큰 의미가 될 수 있겠구나 알았어요. 물건이 필요해서 찾게 된 편의점에서 따스함을 느끼고 내 삶이 변할 수 있는 계기가 된다면 잊지 못할 장소가 되지 않을까요? 책이 제게 조금 더 의미 있게 다가온 것은 편의점의 배경이 청파동이어서 그런 것 같아요. 지금 살고 있는 곳으로 이사 오기 전에 살았던 곳이 청파동이에요. 처음엔 혼자였다 남편을 만나 결혼을 하면서 둘이 되고, 첫째 아들 5개월까지 산 곳으로, 저에게는 혼자였다 셋이 되어 나온 곳으로 의미가 있어요. 본인의 삶을 사는 것만으로도 벅찬 이들의 쓸쓸함에 독고 씨가 건네는 작은 관심이 그들의 삶에 조금씩 변화를 일으킵니다. 상대방의 이야기를 가만히 들어주면서 느리지만 천천히 자신의 진심을 전하는 독고 씨의 모습에 그들이 처음 가졌던 그에 대한 편견과 오해가 옅어지고, 그들 나름대로 본인의 삶을 위해 조금씩 노력을 하죠. 그들의 모습을 보면서 독고 씨는 독고 씨대로 본인의 과거를 기억해 냅니다. 자신이 지금까지 어떤 삶을 살아왔는지 반성하고, 새로운 삶을 위해 대구로 향하면서 이야기는 끝이 나요. “ 행복은 뭔가 얻으려고 가는 길 위에 있는 것이 아니라 길 자체가 행복이라고. 그리고 네가 만나는 사람이 모두 힘든 싸움을 하고 있기 때문에 친절해야 한다고 ” (P. 140) → 이 문장이 마음속에서 깊은 울림을 줬어요. 우리는 행복이라는 것을 쫓고 있지만, 지금 가고 있는 이 길 자체가 행복이라는 것을 알아차리고 매 순간 진심을 다해서 살아야 한다고 말하는 것 같았어요. 특히 뒤 문장이 많은 생각을 하게 했는데, 사람마다 각자의 사정이 있을 텐데 그것에는 관심을 가지지 않고 한 번의 말, 행동을 보고 그것이 그 사람의 전부인 양 치부했던 일들이 참 부끄러웠어요. 아직 나는 사람을 있는 그대로의 모습으로 보지 못하는구나... 나에 대해 사람들이 잘 모르는 것처럼 나도 그럴 텐데... 타인의 친절과 관심에 기분 좋았던 경험이 있기에 저도 그런 사람이 되고 싶다고 생각했어요. “ 결국 삶은 관계였고 관계는 소통이었다. 행복은 멀리 있지 않고 내 옆의 사람들과 마음을 나누는 데 있음을 이제 깨달았다 .” (P. 252) → 결국 가까운 사람들과의 진심 어린 소통이 중요하다는 것을 다시 한번 깨닫게 되네요. 돈, 명예, 성공 등도 삶을 살아가는데 중요할 수 있지만 그보다 중요한 것은 사람과의 관계라는 것... 예전엔 사람과의 관계가 뭐 그리 중요할까 생각하며 우선시하지 않았어요. 삶의 고비마다 나를 일으켜 세운 건 결국 가까운 사람들의 위로와 관심이었는데 그 당시엔 잘 몰랐던 거죠. 최근 많이 깨닫고 있는데... 내 옆의 사람들과 마음을 나누는 삶을 살아가고 싶네요. 마음이 힘들고 일이 잘 풀리지 않는다고 생각될 때가 있어요. 그럴 때 옆에서 이야기를 들어주고 토닥토닥해주는 사람 덕분에 기운을 내고 조금은 희망을 가지는 것이 아닐까요? 마음이 많이 주저앉았을 때 누군가의 위로 한 마디에 내가 왜 이러지 싶을 만큼 눈물이 펑펑 쏟아진 적이 있어요. 그 사람의 관심 덕분에 사람의 정을 느끼면서 마음을 조금은 추스를 수 있었던 것 같아요. 독고 씨도 주변 사람들에게 그런 역할을 하지 않았을까요? 삶을 포기하지 않고 조금은 변화된 모습으로 앞으로 천천히 나아가는 것만으로도 희망은 있으니까요. 성공하고 잘난 사람들의 이야기를 읽으면 동기부여가 되고 열심히 살아야지 다짐을 하는 반면, 나는 왜 이럴까 비교하면서 기분이 축 처질 때가 있어요. 흔한 소재에 주변에서 봤을 법한 인물들에게 많은 사람이 공감하고 위로를 받는 이유는 우리의 삶도 그들과 비슷하다는 생각에서 아닐까요? 기술이 발전하면서 무인 가게, 셀프 주문, 셀프 계산 등 기계가 사람을 많이 대체하고 있습니다. 편하고 인건비가 절약되는 반면 사람다운 따스함은 사라지는 것 같아요. 그런 시대를 살아가고 있기에 사람의 따스한 정이 그리워서 이 책을 읽고 마음속이 찡해지는 울림을 느끼는 것은 아닐까 싶어요."
2022-09-12,8,"익명성이 보장된 편의점..조용히 필요한 물건을 눈으로 스캔하고 말없이 계산만 하고 나오면 되는 곳.. 편의점은 그런 면에서 편하게 이용할 수 있다. 하지만 이야기 속의 불편한 편의점은 좀 다르다. 정체를 알 수 없는 노숙자 독고씨가 편의점 점주 염여사의 지갑을 주워주면서 편의점 야간 알바를 시작한다. 그리고 편의점을 방문하는 혹은 주변 인물들의 삶에 불쑥 옥수수 수염차를 삼각김밥을 건넨다. 타인의 개입이 불편하지만 그 불편함으로 인해 고된 삶의 등장인물들은 조금씩 변화를 맞이해나간다. 등장인물의 삶이 보통의 우리의 삶과 많이 닮아있어 어릴적 동네 아줌마들이 모여 나누는 동네 사람들의 이야기를 듣는 느낌이었다. 큰 사건, 엄청난 반전이 없어도 소소한 유머와 함께 재미있게 읽을 수 있는 책이었다."
2022-09-11,10,소설책을 오랜만에 읽었는데 시간가는줄 모르고 읽었습니다 평범한 일상을 볼수 있었고 소설이지만 현실성 있어서 좋았습니다 너무너무 재밌고 2편이 기대되네요 작가님 때문에 망원동 브라더스도 구매했습니다 이것도 재밌게 읽었습니다 김호연 작가님 팬됐습니다 ㅎㅎ 저의 주변분들에게도 정말로 추천하고 싶습니다 편의점이 정겹게 다가오네요 거기에나온 메뉴도 먹어보고 싶네요
2022-09-10,9,"아내의 추천으로 읽게 된 책이다. 사실, 난 문학 장르를 잘 읽지 않는다. 예전부터 그랬던 건 아니다. 토지 전집, 태백산맥-아리랑-한강 시리즈, 기욤 뮈소 시리즈, 각종 판타지 소설 등을 읽으며 밤을 새웠던 나였으나, 언제부터인가 안 읽게 되었다. 이 책도 사실 문학 작품인지라 읽지 않으려 했다. 하지만, 이 책이 창원의 책으로 선정된 사실을 알고 있었던 차에 아내까지 추천을 하니 읽게 되었다. 이야기는 한 중년 여성이 파우치를 잃어버렸단 걸 깨달으면서 시작된다. 그리고 그 파우치를 주운 노숙자와 전화 연결이 되어 파우치를 되찾게 되면서 점점 전개된다. 덩치는 크지만 어딘가 이상한 노숙자. 파우치를 돌려주기 위해 다른 노숙자와 싸우기까지 한 그 노숙자를 중년 여성은 자신이 운영하는 편의점으로 데려가 도시락을 먹이며 이야기를 나눈다. 이후 몇몇 사건이 전개되고 이를 통해 편의점에서 야간 알바로 일하게 된 노숙자 독고. 그는 무뚝뚝하지만 남에게 피해를 주는 사람이 아니었고, 곧 편의점 일에 적응하게 된다. 처음에는 편의점에서 같이 일하는 아르바이트 생들이 그를 탐탁지 않아 했다. 냄새가 나고, 말을 더듬는 그를 싫어한 것이다. 하지만 그를 알아가면서 하나, 둘 그의 도움을 받게 되고, 그들이 가진 편견을 깨게 된다. 그리고 그 과정을 거치면서 독고도 자신의 잃어버린 기억, 아니 감추고 싶었던 기억을 조금씩 찾아간다. 편의점과 거기서 일하는 사람들, 나아가 그 편의점을 이용하는 손님들의 스토리가 잘 어우러진 책 '불편한 편의점' 코로나가 심해져 어떻게 될지 모르겠어요. 하필이면 필생의 역작을 쓰니까 세상이 뒤집히고 난리지 뭐예요. -p. 247 책에 등장하는 작가 정 작가는 이렇게 이야기했지만, 어쨌든 이 책은 2021년 꽤나 핫했으니 잘된 일이다. 심각하지 않고 가볍게 읽을만했던 소설책."
2022-09-03,8,불편한 편의점결핍과 과잉은 결이 다르지 않다. 한 때 가난했던 사람도 부자가 될 수도 있다. 어느날 갑자기 노숙자로 전락한 주인공이 천사처럼 나타난 편의점주의 도움으로 갱생 의 길을 찾는다. 지금 경제적으로 매우 어려운 현실에서 노숙자로 전락하는 사람들을 종종 목격한다. 절망의 늪에서 허덕이면서 나락으로 빠지는 게 보통의 경우이지만 부단한 노력으로 갱생의 삶을 선택하는 경우도 발생한다 이책의 주인공이 독자에게 주는 메시지가  있다 아무리 힘든 상황이 닥쳐도  희망의 불씨는 살아 있기 때문에  현재의  삶을 쉽게 포기하지 말라는 전언을 한다 쥐구멍에도 볕들 날이 있다는 격언을 되새기면서 새로운 출발을 시도하면 좋은 결과가 따른다는 획신을 심어준다 희맘이 우리 곁에 늘 함께 한다는 사실을 잊지 말자
2022-09-03,6,결핍과 과잉은 결이 다르지 않다 한 때 가난했던 사람도 부자가 될 수도 있다 어느날 갑자기 노숙자로 전락한  주인공이 천사처럼 나타난 편의점주의 도움으로 갱생 의 길을 찾는다. 지금 경제적으로 매우 어려운 현실에서 노숙자로 전락하는 사람들을 종종 목격한다. 절망의 늪에서 허덕이면서 나락으로 빠지는 게 보통의 경우이지만 부단한 노력으로 갱생의 삶을 선택하는 경우도 발생한다 이책의 주인공이 독자에게 주는 메시지가  있다 아무리 힘든 상황이 닥쳐도  희망의 불씨는 살아 있기 때문에  현재의  삶을 쉽게 포기하지 말라는 전언을 한다 쥐구멍에도 볕들 날이 있다는 격언을 되새기면서 새로운 출발을 시도하면 좋은 결과가 따른다는 획신을 심어준다
2022-09-03,10,"아직 읽기 전이지만, 2편 나오고 기대감에 구매했어요! 따뜻한 책이라길래 오늘 저녁에 읽을 예정이에요!!!! 2편에 이어진다길래, 바로 2편 구매 예정입니다ㅎㅎㅎ . 아직 읽기 전이지만, 2편 나오고 기대감에 구매했어요! 따뜻한 책이라길래 오늘 저녁에 읽을 예정이에요!!!! 2편에 이어진다길래, 바로 2편 구매 예정입니다ㅎㅎㅎ . 아직 읽기 전이지만, 2편 나오고 기대감에 구매했어요! 따뜻한 책이라길래 오늘 저녁에 읽을 예정이에요!!!! 2편에 이어진다길래, 바로 2편 구매 예정입니다ㅎㅎㅎ"
2022-08-31,9,불편한편의점은 서울역 노숙지로 지내면서 지갑을 잃어버린 편의점사장  염여사의 만남에세 시작된다 노숙자 독고의 친절에 감동한 염여사는 독고를 편의점 직원으로 고용한다 처음에는 서툴고 힘든 편의점에서 평범한 이웃들과의 작은 갈등과 불편함 속에서 독고는 점차 과거의 기억을 되찿아간다 인간이 인간에게 할수 있는 작은 선행들 그리고 그선행의 연걸고리가  코로나이후 고독과 불안을 더욱  예민하게 느끼게된  우리들에게 사람들의 정을 더욱더 진하게 느낄수 있었다 편의점이 있던 작은 동네에서  인간이 인간으로 생존할수 있는 지구상의 모든 사람들에게 작은 희망의 씨앗이 널리 퍼지는듯한 기분이 든다 가볍고 쉽게 읽은 책이지만 그 감동만큼은 결코 가벽지가 않다 아니 죄송할건 없고요. 어쩌다 보니 불편한 편의점이 돼버렸습니다 우리 모두 조금씩 불편하지만 가장 아름다운 지구라는 땅에 조금씩 뿌리내리고 사는 매일의 다른 인생들 입니다 불편한 편의점 처럼
2022-08-31,10,지인이 추천해서 예스24에서 주문해서 1권 2권 다 읽었습니다. 읽고 나니 작가님이 너무 궁금해서 인터넷으로 작가님의 작품들과 프로필을 찾아보기도 했습니다. 첫부분은 독고의 존재 즉 등장부터 스릴러 또는 범죄 소설인가 하다가 중간부분에서는 편의점에서 독고의 생활들 그리고 마지막으로 밝혀지는 독고의 정체 그리고 소설 전반에 편의점의 에피소드 등 참 오랫만에 정감 있게 소설을 재미 있게 읽었던것 같았습니다. 베스트셀러는 괜히 되는것이 아니구나 싶습니다. 킬링타임용으로 좋고 여러번 읽으면서 독고의 감정도 느껴보는것도 좋을 듯 합니다
2022-08-30,8,소설입니다 그냥 읽기에 편안한 글입니다 미리보기를 통해 흥미가 당겨 구매했습니다 그 흥미는 시간이 지나면서 잔잔해집니다 약간의 따스함이 느껴집니다 그 외에는 그냥 무난합니다 뭔가 크게 감명받거나 하지 않았습니다 어려운 책이 아니니 누구나 다 잘 읽을수 있어요 2부의 내용이 어떻게 될지는 궁금하네요 1부와는 전혀 다른 이야기가 되지 않을까 추측만 해봅니다
2022-08-30,8,"19 세기 조선에는 세책방 ( 貰冊房 ) 이라는 , 요즘의 도서대여점 같은 곳이 여럿 있었다고 한다 . 세책방엔 어떤 책들이 있었을까 . 기록에 의하면 유교 경전 같은 선비들의 교과서가 아닌 흥미위주의 번역소설과 한글소설이 다수였다고 한다 . 아마 《 불편한 편의점 》 같은 책도 있지 않았을까 . 작품을 읽었을 때 드는 첫 느낌이 그랬다 . 적당히 재미있고 , 따뜻하고 , 감동적이고 . 커뮤니케이션이 발달하지 못한 조선시대라도 재미있다고 입소문 나서 세책방의 인기도서가 되었을 법하다 . 《 불편한 편의점 》 은 이번에 yes24 북클럽에 가입하면서 다운받은 책 중의 하나이다 . 워낙 유명해서 알고는 있었지만 신간으로 사기는 망설여지고 , 도서관에서 대출받기도 번거로워 포기하고 있었는데 이번에 북클럽 도서로 읽게 되었다 . 이 책을 쓴 김호연 (1974~ ) 작가는 시나리오 , 만화스토리 , 소설을 모두 쓴다고 한다 . 시나리오를 쓰는 작가라서인지 소설이 영화처럼 생생하게 읽혀서 일하다가 잠깐씩 봤어도 한나절 만에 완독할 수 있었다 . 소설의 공간적 배경은 서울시 용산구 청파동 어느 골목의 편의점 , 시간적 배경은 2019 년 가을부터 2020 년 봄까지이다 . 작품은 8 개의 에피소드로 이루어진 옴니버스 소설로 편의점 사장과 직원 , 손님들이 각각의 이야기마다 주인공으로 등장한다 . 편의점 사장인 70 대 퇴직교사 염 여사 , 편의점 알바이며 취준생인 시현 , 게임에만 빠져 사는 아들 때문에 힘든 오 여사 , 편의점 앞 테이블에서 매일 밤 혼술 하는 영업사원 경만 , 작가의 분신처럼 보이는 슬럼프에 빠진 작가 인경 , 하는 사업마다 실패하는 염 여사의 아들 민식 , 흥신소 일을 하는 곽 , 그리고 매 에피소드마다 등장해서 평범하다 못해 초라한 소시민들의 고민을 들어주고 해결해주며 자신도 치유해가는 독고 씨 . 이들이 작품의 등장인물이다 . 이야기는 염 여사의 잃어버린 파우치를 서울역에서 노숙하던 독고 씨가 찾아주면서 시작된다 . 이것을 인연으로 염 여사는 독고 씨를 편의점 야간알바로 채용한다 . 그는 알콜성 치매로 기억을 잃은 상태라 말과 행동이 어눌하지만 의외로 일도 열심히 하고 사람들에게도 친절하다 . 험상궂은 첫인상과 다르게 주변사람들을 편하게 만들어주고 그들의 말을 경청하며 적절하게 조언도 한다 . 취업이 안 되어 자존감이 약해진 시현은 그의 권유로 유튜브 채널을 운영하면서 새로운 기회를 잡고 , 은둔형 외톨이가 되어버린 아들 때문에 고민인 편의점의 다른 직원 오 여사는 독고 씨 덕분에 삼각김밥을 매개로 아들과 소통한다 . 슬럼프에 빠진 작가에게는 참신한 소재를 주고 , 소시민 가장 경만에게도 가정의 소중함을 일깨워주는 등 독고 씨는 청파동의 해결사가 되어간다 . 정작 자신의 문제는 해결해줄 사람이 없었지만 작품의 말미에 보면 그가 다른 사람의 고민을 듣고 해결해주면서 스스로도 치유하고 있었음을 알 수 있다 . 가벼운 마음으로 접했지만 그냥 읽고 잊어버리기엔 아쉬운 책이다 . 기억하고 싶은 몇 가지 문제에 대해 나름대로 답을 찾아보았다. 첫째 , ‘ 불편한 편의점 ’ 이란 어떤 의미일까 편의점은 소비자의 편의를 위해 만들어진 장소인데 작품 속의 편의점은 불편한 곳이라고 한다 . 이유가 뭘까 ? 작품에서는 물건을 제대로 못 갖추어서 손님들이 불편해하는 편의점이라고 하지만 이것은 표면적인 이유이고 아예 제목이 《 불편한 편의점 》 인 데에는 다른 이유가 있어 보인다 . 작품 속의 인물들은 모두 소통의 부재로 인해 고통 받는다 . 그중에서도 가족 . 그들에겐 가족이 사랑이고 고통이다 . 사랑하지만 서로에게 상처를 주고받는 가족의 모순적인 현실을 ‘ 불편한 편의점 ’ 이란 말로 표현한 듯하다 . “ 가족들에게 평생 모질게 굴었네 . 너무 후회가 돼 . 이제 만나더라도 어떻게 대해야 할지 모르겠어 .” ...... “ 손님한테 하듯 ...... 하세요 .” 불쑥 튀어나온 말에 그가 나를 돌아보았다 . “ 손님한테 ...... 친절하게 하시던데 ...... 가족한테도 ...... 손님한테 하듯 하세요 . 그럼 ...... 될 겁니다 .” (137/147) 전에 어디선가 사춘기 자녀를 대할 때 ‘ 조카 ’ 처럼 대하라고 하는 말을 들은 적이 있다 . 만나면 덕담해주고 용돈 주고 . 딱 거기까지만 하란다 . 자녀 뿐 아니라 배우자 , 부모 모두 마찬가지다 . 너무 사랑하고 가까워서 함부로 대할 수 있기에 어느 정도 거리를 두라는 얘기다 . 이 책에서는 편의점 손님처럼 대하란다 . 거리두기는 전염병 예방에만 필요한 게 아니다. 둘째 , 선한 영향력이란 무엇일까 퇴직 교사인 염 여사는 충분한 연금이 나오므로 굳이 힘들게 편의점을 운영할 필요가 없지만 직원들의 생계 때문에 가게를 접을 수가 없다고 한다 . 처음엔 입에 발린 말이 아닐까 했지만 사람을 귀하게 대하는 염 여사의 언행을 보면 진심이 느껴진다 . 염 여사는 편의점으로 돈을 왕창 벌고 싶다는 생각은 없었다 . 다만 매출이 줄어 망한다면 직원들이 갈 곳이 없어지는 것이 걱정될 뿐이다 . 하지만 이토록 경쟁이 심한 줄은 몰랐고 언제까지 버틸 수 있을 지도 알 수 없었다 . (20/147) 직원을 가족처럼 아끼는 어른다운 어른이다 . 평소에도 늘 넓은 마음으로 살아왔기에 노숙자도 편견 없이 대하고 그 영향을 받은 독고 씨도 주변을 선하게 만든다 . 바이러스만 강력한 게 아니다 . 선한 마음도 빠르게 전파된다 . 이런 영향력이 작품으로 전달되어 읽는 이의 마음을 따뜻하게 위로한다. 하지만 몇 가지 아쉬운 점도 있다 . 그 중 하나는 지나치게 동화적인 전개이다 . 편의점 알바가 유튜브로 금세 유명해져 좋은 조건으로 스카웃 된다든지 , 은둔형 외톨이 오 여사 아들이 삼각김밥과 편지 한 장으로 엄마와 사이가 좋아진다든지 하는 등의 소망하지만 좀처럼 현실에서 일어나기 힘든 일들이 독고 씨가 개입만 하면 쉽게 이루어진다 . 이쯤 되면 염 여사가 데려온 독고 씨는 그냥 노숙자가 아니라 톨스토이의 단편 < 사람은 무엇으로 사는가 > 에 나오는 하느님의 벌을 받고 지상으로 내려와 구둣방에서 일하는 미하일 천사처럼 보인다 . 다른 하나는 마지막 에피소드가 어설프다는 점이다 . 독고 씨가 기억을 찾는 부분이 생뚱맞게 코로나와 엮여 부랴부랴 끝나고 , 이미 중년인 그가 몇 년씩 노숙을 할 정도로 방황하는 이유도 설득력이 부족해 보인다 . 앞의 에피소드들이 동화 같은 결말이었다면 마지막 편은 시청률은 높았지만 뒷심 없이 끝나버린 드라마를 닮았다. 우리는 여러 가지 이유로 책을 읽는다 . 정보나 교훈을 얻으려할 때도 있고 재미와 감동을 찾기도 한다 . 사람들은 역경에 빠진 소설 속 인물을 응원하며 자신도 힘을 얻곤 한다 . 하지만 작중 인물들이 개연성 없는 행복을 찾는다면 잠깐은 즐거워도 마음속에 긴 여운이 남기는 어렵다. 몇 가지 미진함에도 불구하고 이 책은 여전히 잘 팔리고 있고 지금은 2 권까지 출간된 상태다 . 베스트셀러는 그 시대를 보여준다고 한다 . 비현실적인 줄 알면서도 많은 사람이 찾아 읽고 좋아하는걸 보면 작품 속 밥 딜런의 자서전에 나오는 말처럼 ‘ 모두들 힘든 싸움 ’ 을 하고 있나 보다 . “...... 행복은 뭔가 얻으려고 가는 길 위에 있는 것이 아니라 길 자체가 행복이라고 . 그리고 네가 만나는 사람이 모두 힘든 싸움을 하고 있기 때문에 친절해야 한다고 .” (79/147, 밥 딜런의 자서전 < 바람만이 아는 대답 > 중에서 )"
2022-08-25,10,김호연 작가님의 불편한 편의점 리뷰입니다. 표지가 예뻐서 호기심에 클릭해봤고 후기들도 다 좋아서 구입해보았습니다. 마음편하게 어디선가 일어나고 있는 일어날수 있는 일상 에피소드들을 엿본거 같아서 마음이 따뜻해지네요. 늘 자극적이고 급진적인 전개의 소설 위주로만 보다가 이렇게 힐링 작품을 보니 나름대로 재밌었습니다. 작가님이 글을 잘 쓰셔서 잘 읽히기도 하구요. 재밌게 잘봤습니다
2022-08-24,8,"오랜만에 읽은 소설.. 우리네 일상을 담은.. 살짝만 돌아보면 가까이 있는 일상들이라 이입이 잘되던 소설이었다. 누구에게나 사정은 있고, 삶은 결코 쉽지만은 않은 것 같다. <원플러스원>에서 가장의 무게.. 가족간에 대화가..소통이 얼마나 중요한지.. 다시한번 생각하게 했던 파트.. 순간을 살아가기 바빠서..정작 가까이 있는 가족과 소원해지고는 있지 않은지.. 나를 사랑해주고 있음을 느끼지 못한채 살고있진 않은지를 보게되었다. [결국 삶은 관계였고 관계는 소통이었다. 행복은 멀리 있지 않고 내 옆의 사람들과 마음을 나누는데 있다.] 살며 마음이 무거워지는것도 행복해지는것도 결국은 나자신부터 출발하는거지.. 잘 들어주는 경청이 참 중요하다도 느끼게 해준책.. 아이의 이야기도 어떤 선입견,고정관념 없이 들어주는 시간은 순간순간 필요하다"
2022-08-24,9,"[편의점이라는 공간] 24시간 영업. 스쳐가는 불특정 다수와 머물러 있는 직원들. 이 책을 읽기 전까지는 한 번도 '편의점'이라는 공간에 의미를 부여해 본 적이 없었다. 나에게 편의점은 언제 어디서든 발견할 수 있는 곳이면서도 굳이 갈 이유가 없는 곳이었다. 그리고 인력 낭비, 자원 낭비의 한 축을 담당하는 24시간 영업에 불만이 많은 사람이었다. 조금 불편하게 살면 되지 굳이 모든 편의점이 24시간 영업을 하면서 에너지를 낭비하고 사람들의 생활 습관을 흐트러뜨려야 하나 하는 반감이 속에 있어서 어쩔 수 없는 경우가 아니면 편의점 이용을 꺼렸다. 편의점이 24시간 불을 밝히고 있기에, 길을 잃은 누군가에게 전화를 빌려주는 편의를 제공할 수 있고 야근 후 귀가하는 어떤 가장에게 하루의 멍에를 조금이나마 내려놓을 수 있는 공간이 될 수 있으며, 직장을 옮기거나 취업을 준비하면서도 먹고 살 걱정을 해야하는 사람들에게 귀한 일자리가 될 수 있다는 것을 전혀 몰랐다. 시장보다, 마트보다 물리적으로도 심리적으로도 이미 가까워졌는데 나만 색안경을 끼고 있었구나 하는 깨달음에 조금은 당황했고 부끄러웠다. <맞닿아 있는 삶> 은퇴한 교사이자 편의점 사장인 염 여사. 주변의 귀감이 되는 사장이지만 스스로의 기준이 너무 높아 가족들에게 마저 쌓아올렸던 어떤 가면을 무너뜨리자 비로소 아들과 소통할 수 있는 기회를 얻게 되는 반쯤은 실패한 엄마. 집 나간 남편 대신 온갖 고생을 하며 외아들을 키워 좋은 대학을 보내고 좋은 직장에 취직하도록 도왔지만 갑자기 직장을 그만두고 영화를 찍겠다고 했다가 실패하자 히키꼬모리로 살고 있는 아들과의 불통으로 언제나 세상에 화가 나 있는 오 여사. 독고 씨와의 대화를 통해 피하고 싶었던 자신의 과오와 마주하고 경청하는 사람이 되려고 애씀. 공부원 시험을 준비하면서 편의점에서 아르바이트를 하는 시현. 스스로를 아싸라고 인식하고 조금은 패배자로 여기고 있지만 맡은 일에는 성실한 태도로 임해 결국에는 좋은 기회를 쥐게 되는 시현. 서울역에서 노숙 생활을 하다가 염여사의 지갑을 찾아준 것을 계기로 편의점에 고용된 독고 씨. 알콜 과다로 인해 잃어버린 기억을 찾아가며 인생에서 중요한 것이 무엇인지 배워가는 덜 자란 어른. 영업직에 종사하며 일에 매달리지만 가정에서도 회사에서도 설 자리를 잃어버리고 편의점 야외 테이블만이 자신의 휴식 공간으로 삼은 한 가장. 잘못된 단추의 시작을 알려준 독고 씨의 도움으로 소통의 부재로 인한 오해를 깨닫고 가정으로 돌아가는 이 시대의 보통의 남편이자 아빠. 이 외에도 참 다양한 사람들이 등장한다. 겨우 한 편의 소설에 온갖 사람들의 스토리가 담겨 있는데도 전혀 정신이 없지 않은 것은 '편의점'이라는 공간이 가진 특성이자 힘이 아닐까 싶다. 등장 인물들은 지극히 현실적인 사람들이다. 완변한 선인도 극악무도한 악인도 아닌 조금은 성공했지만 어느 부분에서는 실패했고, 마주하는 것이 두려워 피하다 보니 혼자가 되어 버리는 보통의 사람의 모습을 그대로 담고 있다. 이 책을 읽으면서 나는 염 여사가 되기도 했고 오 여사가 되기도 했고 때로은 독고 씨가 되기도 했다. 하나의 삶 안에 여러 사람의 모습이 함께 존재하기도 하고 하나의 삶이 여러 삶과 닿아 있기도 하다. 넉넉한 연금이 있어 혼자 살기에 무리가 직원들을 위해 적자가 나는 편의점을 끝까지 운영하는 염 여사의 삶은 누군가에게는 삶의 버팀목이 되어 주었다. 기대하지 않은 독고 씨의 배려로 인해 가장과 한 아이는 자신은 존중받을 만한 사람이라는 것을 깨닫게 되기도 한다. 나는 나로 살아가지만 아내이기도 하고 딸이기도 하며 한 사회의 구성원이기도 하다는 사실을 새삼 의식하게 된다. 밥 딜런의 할머니께서 하신 말씀처럼 모두가 저마다 힘든 싸움을 하고 있기에 우리가 만나는 모든 사람들에게 친절해야 한다는 것에 백만 번 고개를 끄덕이며 오늘 하루 넘치게 친절하기를 소망한다. 가볍게 읽었지만 묵직한 여운을 남기는 책."
2022-08-23,10,"도서관에서 몇번이나 빌려 읽으려고 해도 얼마나 인기도서인지 내 순서가 돌아올 틈이 없어 e북으로 구매해 놓고, 아들과 남편이 다 읽을 때 까지도 열어보지 않던 책을 독서모임에서 함께 읽게 되어 반나절만에 훌훌 읽고 말았다. 가볍게 읽었지만 묵직하게 남는 생각들이 많다. 청파동에서 대학원 생활을 했던 터라 너무도 익숙한 공간들 뿐 아니라, 더욱이나 소설인지 현실인지 알 수 없을 만큼 등장인물들 역시나 청파동 어딘가에서 만날 수 있을 것만같은 매우 현실적인 캐릭터들이라 뉴스를 보는 듯 현실감 있는 이야기 속으로 쏙 빠져들었다. 책을 읽으며 선한 영향력이라는 것은 뭔가 크고 대단한 그런 일들이 아니라, 나에게 주어진 일상 속에서 내가 만나는 사람들에게 베푸는 작은 선행으로 부터 시작되는 나비효과가 아닌가 하는 생각이 들었다. 캐릭터들이 가진 문제와 어려움들이 대부분은 소통의 문제, 대화의 부재로 생겨난 것들인 부분도 많은 생각을 하게 했다. 나는 나의 가족들을 어떻게 대하고 있는가? 나는 우리 아이들의 말을 들어주고 있는가? 이 이야기 속의 주인공들이 과거와 현재, 그리고 미래의 나의 모습이라는 생각이 든다. 가장 인상적인 부분은 인경이 자기에게 잘 해주는 희수샘에게 ""저한테 왜 이렇게 잘해주시는 거예요? 하고 묻는데 말한 이 부분이다. 밥 딜런의 외할머니가 어린 밥 디런에게 이렇게 말했다고 해요. 행복은 뭔가 얻으려고 가는 길 위에 있는 것이 아니라 길 자체가 행복이라고. 그리고 네가 만나는 사람이 모두 힘든 싸움을 하고 있기 때문에 친절해야 한다고"" 인경과의 대화 속, 진심같은 거 없이 그냥 친절한 척만 해도 친절해지는 것 같다던 독고씨의 말처럼 친절한 척 하다보면 정말 친절한 사람이 될 것만 같은 그런 생각, 친절한 사람이 되고 싶다는 열망이 생겨나는 순간이다. 오랜만에 읽은 소설인데 아주 재밌게 읽었다. 밥 딜런의 자서전도 한번 읽어봐야겠다."
2022-08-22,10,"누군가가 이 책이 기독교 문학이라고 해서 한 번 읽어보고 싶었다. 그리고 이 책이 베스트셀러이기도 해서 예스24에 주문해서 읽어보았다. 주인공의 이름은 ""독고"" 이며 원래 이 사람은 노숙자였는데 나중에 불편한 편의점 사장에게 발탁이 되어서 야간 타임에 불편한 편의점에서 일을 하는 알바생이 된다. 이 소설은 염여사라고 하는 편의점 사장이 자신의 중요한 물건이 든 파우치를 잃어버리는 사건에서 시작된다. 이 소설의 주인공 독고가 그 파우치를 가지고 있었고 그는 파우치 안에서 발견한 염여사의 전화번호로 그녀에게 전화를 걸어서 그녀에게 파우치를 무사히 건네준다. 그런데 이 노숙자는 잃은 물건을 되찾아준 것에 대한 사례도 받지 않으려고 하는 이상한(?) 노숙자였다. 그 사건이 발단이 되어서 노숙자 독고는 염여사가 사장으로 있는 편의점의 야간 알바생으로 취직이 된다. 이 소설은 노숙자 독고가 불편한 편의점의 알바생이 된 이후에 그를 중심으로 일어나는 사건을, 인물을 중심으로 엮어가고 있는데 그 내용이 참으로 따듯했다. 그래서 이 책이 베스트셀러가 된 것이라는 생각을 해봤다. 나는 유튜브를 통해서 ""이상한 변호사 우영우"" 라는 드라마가 시작할 때쯤 그 드라마를 잠깐 본 적이 있는데 나는 그 드라마를 정말 감명깊게 보았다. (나는 ""증인"" 이라는 영화에서 느꼈던 것과 비슷한 감동을 이 드라마에서도 느꼈다.) 아니나다를까 이 드라마는 그 후 대박을 터뜨렸다. 이 책을 읽으면서 그 ""이상한 변호사 우영우"" 라는 드라마가 떠올랐는데, 그것은 이 소설의 주인공인 독고를 통하여 우영우 변호사가 시청자들에게 던져주었던 것과 비슷한 감동을 느꼈기 때문이다. 그 느낌은 ""따듯하다."" 는 것이었다. 이 책의 에피소드들 중에 이런 내용이 있다. 어떤 중년 남자가 있었는데 이 남자는 직장에서도 가정에서도 전혀 대우를 받지 못하고 정말 하루하루를 힘겹게 살아가고 있었다. 이 사람에게 유일한 위안거리는 퇴근 후 불편한 편의점의 야외테이블에서 컵라면과 김밥과 함께 마시는 혼술이었다. 이 남자는 야외에서 술을 마시기 힘든 추운 날씨임에도 불구하고 습관처럼 직장에서 퇴근만 하면 불편한 편의점의 야외 테이블을 찾았다. 주인공 독고는 그런 불쌍한 남자를 위하여 전기난로를 그의 곁에 설치해주며 그의 마음을 위로해주었다. 그리고 그는 그 남자에게 알코올 중독이었던 자기가 술을 끊으면서 마셨던 음료수를 주면서 그 남자의 건강을 위하여 술을 끊으라고 권유해주었다. 그것이 계기가 되어서 술이 없이는 단 하루도 살아갈 수 없었던 그 남자는 점차적으로 술을 끊게 되었다. 그러자 그의 가족이 얼마나 좋아하는지 몰랐다. 그렇게 그의 가족은 잃어버렸던 가정의 평화를 되찾았으며 그 남자는 행복을 되찾았다. 그 남자가 한동안 불편한 편의점 출입을 끊었다가 다시 불편한 편의점을 찾았을 때 편의점 알바생 독고는 그에게 원플러스 원으로 판매되고 있던 초콜릿을 권한다. 그러면서 독고는 그 남자에게 이런 내용의 멘트를 던진다. ""청파동에서 제일 고운 아이 둘(남자의 쌍동이 딸)이 이 초콜릿을 가장 좋아하는데 언젠가부터 초코우유 원플러스 원만 사더라고요. 그래서 아이들에게 물었더니 그 초콜릿이 원플러스 원이 아니기 때문에 더 이상 살 수가 없다는 겁니다. 왜 그러냐고 물었더니 엄마가 아빠 힘들게 돈 버니까 돈 아껴 써야 한다고, 편의점에 가면 원플러스 원만 사라고 그랬다는 거예요. 거참 정말 아이들이 알뜰하다 싶었고 참 자알 컸다 싶었죠."" 그러면서 독고는 그 남자에게 이렇게 말해주었다. ""어제부로 이 상품 다시 원 플러스 원이 됐으니까, 오늘은 아버지가 사 가시면 되고, 내일부턴 딸들보고 사러 오라고 하세요."" 남자는 노숙자 알바생 독고의 말을 듣고 참았던 눈물을 터뜨리고 만다. 이런 따듯한 일들이 노숙자 알바생 독고를 중심으로 계속해서 일어나는 것이 이 책의 주된 내용이었다. 나는 책을 읽다가 놓치기 아까운 문장을 휴대폰의 카메라로 찍었다. 다음은 내가 카메라로 찍어놓았던 이 책의 명대사(?)다. ""밥 딜런의 외할머니가 어린 밥 딜런에게 이렇게 말했다고 해요. 행복은 뭔가 얻으려고 가는 길 위에 있는 것이 아니라 길 자체가 행복이라고. 그리고 네가 만나는 사람이 모두 힘든 싸움을 하고 있기 때문에 친절해야 한다고. "" ""진심 같은 거 없이 그냥 친절한 척만 해도 친절해지는 것 같아요."" ""휴, 엄마가 예수야? 교회 다니면서 다 이웃 사랑에 목 매야 해?"" ""꼭 크리스천이어서가 아니라 그게 세상 염치라는 거다. 사장이면 모름지기 직원들 생계를 생각해야 하는 거라고."" ""장사는 내가 좋아하는 거 파는 게 아니야. 남이 좋아하는 거 파는 거지."" ""매출은 거짓말을 안 해."" ""여러분 이 채널 이름이 편편채널이지만 사실 편의점 일은 힘듭니다. 일이니까요. 무엇보다 손님이 편하려면 직원은 불편해야 하고요. 불편하고 힘들어야 서비스 받는 사람은 편하지요. 저는 이걸 깨닫는 데에만 1년이 걸렸어요."" ""손님한테 친절하게 하시던데 가족한테도 손님한테 하듯 하세요. 그럼 될 겁니다."" 따지고 보면 가족도 인생이란 여정에서 만난 서로의 손님 아닌가? 결국 삶은 관계였고 관계는 소통이었다. 행복은 멀리 있지 않고 내 옆의 사람들과 마음을 나누는 데 있음을 이제 깨달았다. 노숙자 독고는 원래는, 오직 성공을 위하여 물불 가리지 않고 앞만 보고 달려갔던 의사였다. 그랬던 그가 의료사고로 인하여 직장과 가족까지 잃어버리고 매일 술로 자신을 서서히 죽여가다가 노숙자가 되었다. 그랬던 그가 염여사를 만나 불편한 편의점에서 일을 하며 그의 주변에서 힘겹게 살아가는 사람들을 도와주면서 놀랍게도 본인이 회복이 되었다. 이 책은 허구이지만 김호연 작가는 실화를 바탕으로 이 소설을 만들었을 것이라는 생각이 든다. 그래서 감동이 되는지도 모를 일이다. 나는 목사가 된 이후에 소설을 거의 읽어본 적이 없는데 이 소설은 내가 투자한 시간이 전혀 아깝지 않은 소설이었다. 시간이 되면 ""불편한 편의점 2"" 도 읽어보고 싶다."
2022-08-19,10,"scene#1 9호선 신방화역 지하 광장 모퉁이에 자리 잡은 GS25 편의점. 대기업이 밀집한 마곡나루 방향이 아닌, 공항시장 쪽으로 향하는 길목에 있다 보니 유동인구가 많지 않은 그곳. 여느 때처럼 생수를 사러 그곳에 들렀고. '2+1 행사'를 하는 아이시스 1.5리터짜리 물 세 개를 들어 계산대에 올린다. '사장님, 쓰레기봉투도 한 묶음 살 수 있을까요?' '어이쿠, 우리는 쓰레기봉투는 안 파는데... 죄송해요' '여기 6번 출구 에스컬레이터 타고 올라가면 바로 위에 GS25 거긴 파는 거 같더라고요' '아 그래요? 그러면 생수만 계산해 주세요' '아이고, 어차피 쓰레기봉투를 사실 거면. 물도 거기 가서 한꺼번에 사셔요. 들고 가시려면 무겁잖아요. 물은 내가 냉장고에 도로 가져다 놓을 테니까 그냥 올라가요 ^^' '아니에요, 죄송하니까 그냥 계산해 주세요.' '아이고~~ 그냥 거기 가서 같이 사시라니깐!' 쓰레기봉투는 온 김에 미리 사두려던 거고 급한 건 아닌데. 아! 불편하다 이 편의점! 김호연 작가의 '불편한 편의점'을 읽었다. 자가격리는 해제되어 자유의 몸을 얻었지만 '감기몸살 중에 마신 소주 한 잔이 가져다주는 몽롱함'처럼 아직은 바이러스 보균자의 몸이었기에 나의 허전함을 채워줄 무엇인가가 필요한 타이밍이었다. 격리 해제 후 첫 책으로 마주하기를 잘했다. 주인공 독고 알바의 어루만짐은, 아직 내 폐 속에 남아 그르렁거리는 기침과 기침 사이의 불완전한 내 호흡을 채워주기에 충분했고 그로 인해 지금은 다시 마음의 평온함을 빠르게 찾아가고 있으니 말이다. 문득 그런 생각을 해보았다. 우리 주변에서 우리에게 무의식적으로 베풀어지고 있는 작은 호의들은 언제나 그 자리를 지키고 있었지만, 내가 가진 것(결국은 가졌다는 착각이었음을 깨닫고 있는 과정이지만...)이 그들 본디의 친절과 미소를 평가절하하며 애써 밀어내고 있지는 않았었는지 말이다. 지붕 없는 천장과 같이 언제까지 오를 것만 같던 집 값으로 인해, 돈보다도 소중한 가치는 없는 것처럼 어리석은 생각들에 함몰되어 일상의 그 소중한 호의들을 애써 외면하고 지냈을 뿐이다. 이제 모든 것이 정상으로 돌아오고 있을 뿐이다. 원래 이것이 맞다. 작은 친절과 미소에 감사하며, 나의 마음을 헤아려주는 배려에 감동하고 그로써 오늘을 살아갈 힘과 순간을 마주할 힘을 얻는 우리였는데. 원래 우리는 그런 사람들이었는데. 이제 우리는 원래의 자리로 돌아와, '불편한 편의점' 사람들이 베푸는 옥수수수염차 한 잔에 마음을 가라앉힐 시간이다. 주인공 독고의 깨달음은 책으로만 읽어도 충분하다. 그리고 이제 앞으로 그런 유혹들이 다시 찾아온다고 하여도, 돈보다 귀한 가치는 '내 가족'이고 '나'임을 다시는 잊지 말아야 한다. 부동산은 글자의 뜻처럼 움직이지 않고, 늘 그 자리를 지킬뿐인데 우리만 아주 먼 곳으로 꿈같은 여행을 마치고 돌아오는 과정일 뿐이다. 참치 김밥은 생명을 다한 편의점 폐기 대상 상품일 수 있지만, '집'이 그것과 다른 것은 이 얼마든지 다른 생명의 호흡을 얻어 누군가의 '원 플러스 원'이 되어 줄 수 있기에. 그렇기에 우리는 '불편한 편의점'이 곳곳에 있는 이 시장에 계속 머물러야 하는 이유일지도 모른다는 생각과 함께 말이다. 나도 오늘 점심은 '참참참' 이다. 참깨라면. 참치김밥. 참이슬... 아, 아직 몸이 완전하지 않으니, 마지막 '참'은 참깨 두유로. 그나저나, 신방화역 GS25 사장님도 공무원 연금 받고 은퇴하신 선생님이시려나 ^^ 'ALWAYS' 행복하시길 부론 드림"
2022-08-17,8,간만에 웃으면서 책을 읽었네요. 얼른 다음장이 기다려지고 설레고 따뜻한 마음 한켠에 모락모락 그름이 피어나고..정말 책을 보면서 이렇게 호탕하게 웃은적은 없었네요. 어쩌면 독고는 천사같아요. 우리들 주변의 작고 소소한 문젯거리들을 해결하러온 천사요. 정말 다음편이 기대가 되네요. 영화나 드라마도 제작해도 될듯요. 독고의 영민함때문에 더욱더 재미나게 책을 읽어 내려갔네요. 각기 다른 인생을 살고 있는 서로 다른 사람들이 독고 주변에서 상처를 치유하고 일상으로 돌아가는 에피소드들 정말정말 좋으네요.
2022-08-17,8,모든 것을 잃고 재탄생하기 전까지는 의사라는 족속들이야말로 파렴치하고 돈만 밝한다는 고정관념을 한번 더 다지기 하는 내용이 가시처럼 걸린다. 남들보다 성실하고 열심히 공부해서 명문의대 나오고 오랜시간 경제적보상 없이 가난하게 수련받고 그 기술을 사람 살리는데 아낌없이 쓰고 50대에도 퐁당 당직을 서고 있고 월급은 삼성만큼 받는다. 누구에겐 대단히 큰 돈이고 누구에겐 노력과 기대에 차지 않는 돈이지만 어쨌든 그게 특권이라 욕받을 만큼은 아니지 않은가. 가장 중요한 건 책과는 달리 다 죽어가는 환자를 못살렸다고(살아나는게 이상한) 의사를 고발고소하는 환자들이 비일비재하다. 죽을 사람을 살리려고 눈핏줄이 터지고 다리통증 목디스크에 시달리며 주말에도 환자상태를 확인하고 보고받는다. 아무도 하지 않고 하지못할 그 일을 한 댓가로 고소고발장을 받고 경찰서를 가봤는가. 작가는 일부 악덕 성형외과의사들을 모델로 했겠지만 독자들은 그렇게 세분화해서 생각할 줄 모른다. 안타깝고 진부한 설정 때문에 별은 세개만.
2022-08-16,10,"아직 읽기 전이지만, 2편 나오고 기대감에 구매했어요! 따뜻한 책이라길래 오늘 저녁에 읽을 예정이에요!!!! 2편에 이어진다길래, 바로 2편 구매 예정입니다ㅎㅎㅎ . 아직 읽기 전이지만, 2편 나오고 기대감에 구매했어요! 따뜻한 책이라길래 오늘 저녁에 읽을 예정이에요!!!! 2편에 이어진다길래, 바로 2편 구매 예정입니다ㅎㅎㅎ . 아직 읽기 전이지만, 2편 나오고 기대감에 구매했어요! 따뜻한 책이라길래 오늘 저녁에 읽을 예정이에요!!!! 2편에 이어진다길래, 바로 2편 구매 예정입니다ㅎㅎㅎ"
2022-08-15,10,"가족끼린 그러는 거 아니란다. 서로 눈만 마주쳐도 설레고 가슴이 두근두근거리는 상황에서 '가족'을 연상시켜선 안 된다는 '묻지 않는 규칙'이라도 있는 것처럼 말이다. 설령 부부사이일지라도 끈적끈적하면서 달달해지면 안 된다니...그럼, '가족'이란 어떤 관계이고, 어떻게 대해야 하는 걸까? 여기 <불편한 편의점>에는 '불편한 가족'이 등장한다. 겉보기에는 그저 '노숙자'를 채용한 맘씨 좋은 편의점 사장님이 떡상을 하고, '의외의 인물'이 등장해서 어렵고 힘든 상황을 용케 헤쳐나가는 가슴 따뜻한 이야기만 있을 것 같지만, 책의 내용을 한꺼풀 벗겨내고 속살을 들춰내면 가족인데 '불화'로 인해 애간장을 태우고 속을 끓이고 마음에 상처받고 눈물마저 메마른 말 못할 사정을 간직하고서 '불행의 늪'을 허우적거리는 우리네 이웃들을 볼 수 있다. 그런데도 이 책은 따뜻하다. 곰처럼 우직한 주인공이 기대도 하지 않았는데 불쑥 나타나 어렵게 꼬여버린 문제를 속시원히 해결할 수 있는 '솔루션(해법)'을 툭툭 던져주기 때문이다. 편의점 알바를 하는 시현씨는 대학을 졸업하고 공무원 시험 준비중이다. 5급도 아니고, 7급도 아닌, 그저 평범한(?) 9급을 말이다. 설령 합격한다고해도 주민센터에서 허드렛일이나 할 것이고, 시덥잖은 자잘한 업무지만 주민들의 편의를 위해서 '투철한 봉사정신'을 발휘해야만 하는 하는 대표적인 '3D 업종'인 것이 9급공무원인 것이다. 그런데도 석박사에 해외유학까지 마치고 돌아온 '고급인재'들이 국가고시에 뛰어들어 경쟁률만 미친듯이 올려놓고 있는 것이 '노량진의 현실'이고, '대한민국의 비극'이다. 왜 이런 고급인력들이 한낱 쪼잔한 업무나 하는 '쪼랩 공무원시험'에 몰려드는 것일까? 먹고 사는 문제가 그만큼 심각해졌기 때문이다. 무릇 사람이란 '안정적인 돈벌이'를 하나쯤 챙기고 난 뒤에야 '인생'을 챙길 수 있다. 그런데 국내경기 뿐만 아니라 세계경기가 침체되고 '일할 사람'은 넘쳐나고 '일자리'는 태부족인 상황이 지속되니, '안정적인 직장'을 구하기가 하늘에 별따기 되어 버렸기 때문이다. 더구나 우리 나라 경제성장의 원동력이자, 급속한 발전의 배경이 되었던 '헝그리 정신'도 고학력, 고스펙의 시대가 도래하자 더는 기대할 수 없게 되었다. 한때, '아프니까 청춘이다', '열정페이' 따위가 헝그리 정신을 대체하기도 했지만, 왜 유독 '청년'에게만 아픔을 감당하라고 '강요'를 하느냔 말이다. 청춘은 불타오를 때 가장 아름다운 법인데, 가뜩이나 경기가 사그라들어 불태울 곳이 없는 청년들에게 '아픔'만을 강요하는 듯한 분위기는 정말이지 노땡큐란 말이다. 그런데 시현씨에게 '9급공무원'은 천직에 가깝다. 성적이 그리 우수한 것도 아니고 뛰어난 재능이 있는 것도 아니지만 '남들이 귀찮아하는 일'도 누구보다 친절하고 성실하게 해내는 천성을 타고났기 때문이다. 그런데 석박사 취준생들에게 치어서 번번이 공무원시험에 낙방을 하고 있다. 그래서 '편의점 알바'를 하고 있는 것이다. 물론, 편의점 업무가 쉬운 것은 아니다. 힘들고 어려운 일도 아니지만, 조금만 들여다보면 번거롭고 까다로운, 그리고 때로는 더러운(!) 일도 도맡아서 처리해야 하는 고충이 있기 때문이다. 바로 '음식물 쓰레기 처리'와 '진상 손님 처지'가 그렇다. 간신히 '포스기기 사용법'을 익히고, 매장관리에 익숙해질 즈음에 어김없이 찾아오는 'JS(진상) 손님'을 고객으로 맞이해야 하는 난관에 봉착하기 십상이기 때문이다. 그럼에도 친절하게 응대해야 한다. 조금이라도 실수하고 꼬투리를 잡히면 쌍욕이 날라오고 갑질을 쳐바르기 때문이다. 하루에 8시간 이상 꼬박 한 달을 일해야 겨우 150~200만 원의 월급을 손에 쥘 수 있는 박봉인데, 초딩부터 노인까지 다채로운 'JS 손님'들이 찾아와서 속을 긁어놓기 일쑤인 것이 '편의점 알바'다. 대한민국 헌법 어디를 뒤져봐도 '친절하고 착한 편의점 알바'를 개무시해도 된다는 문구가 없는데도 '진상들'은 꼭 매너도 없이 갑질을 하는 것으로도 모자라서 훈계에, 으름장을 늘어놓기 일쑤다. 그래서 '편의점 알바생'은 얼굴도 내놓고 다닐 수 없는 초라한 인생을 살아야 한다. 모르는 사이도 아닌 친구에게도, 심지어 가족에게조차 '취업했다'고 당당히 어깨를 펼 수 없는 부끄러운 직업이 되고 말았다. 그런 알바생인 시현씨에게 '노숙자 출신' 야간 알바에게 업무를 가르치라는 사장의 분부가 내려왔다. 냄새도 고약하고, 말도 느리고, 말투도 어눌하다 못해 더듬거리기까지 하는 노숙자를 채용하는 것부터 의심스러운데, '가르치기'까지 하라니...사장이 살짝 돈 것도 같지만, 그래도 지시는 지시니까 부닥쳐 보기는 했다. 그런데 웬걸, 의외로 잘 배운다. 물론 빠른 속도로 배우는 건 아니지만, 차근차근 '꼭 해야 할 일'을 꼼꼼하게 해내며, 진상손님을 처리(?)하는 요령까지 신박하게 보여주며 듬직한 일꾼의 모습을 갖춰나갔다. 그래서 보기보다 일을 잘한다고 칭찬을 해줬는데, 그가 말하길, 시현씨가 친절하게 잘 가르쳐주어서 배우기 쉬웠단다. 시현씨가 가르쳐주면 복잡하고 어려운 것도 쉽게 배울 수가 있다면서 말이다. 그 말을 들은 시현은 곰곰히 생각해본다. 나에게 '이런 재능이 있었나?'하고 말이다. 그리고 그가 자신에게 가르치듯 '너튜브'에 편의점 업무(포스기 사용법) 동영상 찍어 올려보라고 권했다. 자기처럼 느리게 배우는 사람에게 '시현씨의 가르침'은 딱 안성마춤이라면서 말이다. 듣고 보니 그럴 듯 했다. 속는 셈치고, 서툴지만, 동영상을 찍어 올려 보았다. 의외로 '조회수'가 가파르게 올라갔고, 고맙다는 댓글도 달리면서 나름 재미가 있었다. 그러던 어느 날, 한 통의 전화가 울렸다. 그리고 '편의점 점장'으로 스카웃을 하겠다는 제의가 들어왔다. 편의점을 새로 오픈하는데, 시현씨처럼 친절하고 꼼꼼하게 가르치는 사람이 '점장'이 되어, '관리'를 해주면 좋겠다면서 말이다. 알바에서 점장으로 승진한 셈이다. 아니, 이제는 당당히 얼굴을 들고 다닐 수 있는 '찬란한 인생'이 열린 것이다. 이렇게 어느 날 찾아온 '노숙자'로 인해 달라지는 인생들 이야기가 계속 이어진다. 특히, '가족끼리' 원만한 관계를 갖지 못하는 사람들에게 '관계'를 회복하는 방법을 툭하니 일러주기도 하고, 인생 자체가 '꼬여버린' 사람에겐 술 대신 옥수수수염차를 내밀며 '맑은 정신'으로 인생을 극복해보라고 응원해주기도 한다. 마치 '용한 점쟁이'라도 되는 양, 복잡하고 뒤틀린 속마음을 훤히 들여다보고 '진찰'한 다음에, '신의 손'으로 아픈 곳을 어루만져주는 용한 의사라도 되는 양 말이다. 아닌 게 아니라, 알콜성 치매로 기억을 잃어버린 주인공의 정체는 바로 '성형외과의사'였다. 그리고 자신의 실수로 환자의 생명과 가족의 사랑을 외면해버린 크나큰 실수를 저질러버리고 자기 자신을 폐인으로 만들어진 불우한 과거를 갖고 있었던 것이다. 그리고 지금은 선량하고 착한 '편의점 알바'로 성실하게 일하고 있지만, 사실은 지독한 이기주의자에 '가족'보다 돈을 더 중요시했던 '나쁜 사람'이었다는 사실을 차츰차츰 기억에 떠올리게 된다. 그리고 이야기는 계속 된다. 세상에 완벽한 사람이 있을까? 전지전능한 신이 아니고서야 '완벽'을 운운할 수는 없을 것이다. 하지만 우리 주변에는 착하고 친절하며 자기보다 남을 위해 성실하게 살아가는 사람들이 있다. 그리고 어려움에 처한 사람에게 자신을 희생하면서까지 도와주고 힘이 되어 주는 고마운 사람들도 참 많다. 그러면 그런 착한 사람들은 '완벽한 사람'이 아니란 말인가? 맞다. 그런 사람조차 '완벽'할 수는 없다. 왜냐면 사람은 누구나 '실수'를 하기 때문이다. 그리고 그 실수를 통해서 자기 잘못을 반성하고 다시는 실수를 반복하지 않으려는...다시 말해, '부끄러움'을 아는 사람으로 다시 태어나곤 한다. 그렇기 때문에 모름지기 사람은 염치가 있어야 한다. 염치란 '부끄러움을 아는 마음'이다. 그런 마음을 가져야 사람이 깨끗해진다. 세상이 아무리 더럽다고 해도 더러워진 손발과 얼굴을 '깨끗이' 씻을 수 있는 마음가짐을 갖고 있다면 우리가 사는 세상도 깨끗해지기 마련이다. 그러니 잘못을 했다고 심하게 나무랄 것이 없다. 정작 나무랠 '본질'은 부끄러움도 모르는 마음이니까 말이다. 잘못은 누구나 저지르고 뉘우치고 반성하면 바로 잡을 수 있지만, 부끄러움도 모르는 '몰염치'는 인간으로서의 최소한도 갖추지 못한 말종이기 때문이다. 그런데 가족 사이에 '염치 없는 인간'들이 종종 있다. 가족을 남보다 못하게 대하는 족속들이기도 하다. 남들 눈에는 친절하고 성실해서 '법 없이도 살 사람'처럼 착해보이는데, 정작 가족에게는 '인간말종'처럼 구는 썩을넘들이 있단 말이다. 그런 넘들은 차라리 '가족'을 남 보듯이 하는 것이 최선일 것이다. 부모의 유산을 '쌈짓돈'으로 여기고, '아내의 내조'를 당연한 희생으로 여기고, '자식의 미래'를 부모의 못다한 꿈으로 보상받으려는 철부지 들이 참으로 많다. 가족으로서 '자기 역할'도 못하는 못난이들이 ""가족인데 나한테 어떻게 이럴 수가 있어""라면서 푸념만 늘어놓곤 한다. 정작 자신조차 '다른 가족의 마음'을 헤아리지 못했으면서, 자기 자신의 속상함만 내세우며 가족 전체를 괴롭하는 얼뜨기들이 넘쳐나고 있다. 가족끼리 그러면 안 된다. 가족이니 더욱더 '부끄러움'을 알아야 한다. 자기 자신의 허물까지 보여주는 사이가 '가족' 아니냔 말이다. 그 허물을 보듬어주고 아프지 않게 달래주며 행여 남들에게 들키지 않을까 함께 감추고 묻어주는 사이가 가족이다. 그러니 가족끼린 '서로 부끄러운 사이'인 셈이다. 그렇다면 서로 서로 도와주고 힘이 나게 해주어야 한다. 그러기 위해서 무엇보다 '대화'가 필요하다. 자신의 부끄러운 속마음을 털어놓고 서로의 해결방법이 되어주며, 더러운 곳이 있다면 깨끗이 씻을 수 있게 도와주는 사이가 되어야 한다. 그래야 진정한 가족이 될 수 있고, 화목하고 행복한 가정을 꾸릴 수 있게 되는 것이다. 때론, 불편해야 할 경우가 있다. 흔히 '아날로그 감성'이라고 부르는 '불편한 그 시절'을 추억하는 것처럼, 불편해야 서로의 마음이 통하게 되는 순간이 찾아오곤 한다. 가족끼리 투닥거리는 것도 그 때문일 것이다. 너무 편한 사이일 때는 몰랐던 서로의 속마음과 속사정을 허물 없이 털어놓는 순간이 찾아오려면 '불편한' 무엇이 필요하게 될 지도 모른다. 그리고 불편한 것 중에 가장 불편한 것은 '가족'밖에 없다. 하지만 그 가족을 통해서 얻는 에너지야말로 이 힘겨운 세상을 버티고 이겨내는 힘인 것이다. 믿기 힘들다고? 아직도 의심스럽다고? 누구에게 업혀본 적이 있는가? 세상 가장 불편한 자세인데도, 엄마아빠 등에 업힌 아기는 세상 모르고 침을 질질 흘리며 편안한 잠에 빠져든다. 궁디 팡팡을 맞으면서도 골아 떨어지는 편안한 잠을 어부바 상태에서 맞이한다. 왜일까? 자신의 모든 것을 상대에게 맡겨 놓은 '가장 불편한 자세', 업힌 사람도, 업은 사람도 모두가 힘든 그 자세를 '가족끼리'는 해준다. 그게 사랑이기 때문이다. 그러니 가족끼린 그러면 안 된다."
2022-08-14,10,편의점을 경영하는 경영주가 어떤 사건을 만나고 그러면서 사람들 과의 관계가 이어져 나가면서 이야기는 펼쳐지는데 그러는 중에 책에 흠뻑 빠지면서 볼 수 있어서 너무 좋았습니다 그냥 주변에 있을 법한 이야기여서 더 몰입과 공감이 되었고 즐겁고 힐링이 되었습니다 마음 편하게 읽어봄직하다는 생각은 많은 사람들이 공감하는 것 같네요
2022-08-13,10,많은 책을 읽다보면 의외의 지점에서 놀래곤 한다. 뭔가 거창하고 대단한 하면서 흥미로운 스토리가 많은 사람들에게 공감갈거 같지만 결국은 그냥 소소한 우리들의 삶같은 얘기로 돌아오게 된다는 사실을.. 그건 예전이나 지금이나 앞으로나 사람이 존재하는 이상 변할거 같진 않다. 인간극장을 책으로 보는 느낌이 들기도 하고 독립영화 한 편을 감상한 것 같기도 하고 특별해서 본다기 보다는 너무 일상 같아서 너무 익숙해서 자꾸만 책을 들여다보게 되고 같이 함께 동행하게 되는 것 같다. 내 옆에서 늘 일어날 거 같은 스토리라서 그런가 그 다음편도 궁금하게 만든다. 익숙하다는게 이렇게 편하다는거 또 한 번 느낀다. 기적이란것도 결국 한 사람의 작은 날개짓에서 생겨나는 것이기도 하고 책을 통해 많은 사람들이 공감한다는 건 지금 당장은 아니지만 서서히 좋은 세상으로 조금씩 나아간다는 얘기이기도 하기에..
2022-08-12,6,"도입부에서 서울역 노숙자가 한 파우치를 주워 그 주인에게 연락을 해 돌려주는 내용으로 전개된다. 파우치의 주인공의 시점으로 전개되는데, 학교 선생님으로 정년퇴직한 후, 편의점을 운영하는 할머니였다. 할머니는 자신의 파우치를 돌려주기 위해 다른 노숙자들과 몸싸움을 하면서까지 지켜내는 모습을 보고 자신의 편의점에서 매일 오면 도시락을 무료로 제공해 주겠다고 한다. 그 노숙자의 이름은 독고이다. 독고 씨는 그 호의에 감사하며 항상 도시락이 폐기되는 시간에 맞추어 받아 갔다. 주인 할머니는 새 도시락으로 주라고 편의점 직원에게 당부했지만, 독고 씨가 너무 완강해서 어쩔 수 없이 폐기되는 도시락을 건네줬다. 어쩌다 야간근무를 주인 할머니가 하시는데 젊은 남녀 4명이 술 주정으로 할머니가 위험한 상황에 처하는데, 그때 마침 독고 씨가 나타나 경찰에 신고하고 할머니를 구해준다. 그 계기로 독고 씨는 편의점 야간 아르바이트를 하게 된다. 이렇게 편의점 알바를 하면서 만나는 사람들의 이야기가 전개된다. 여기 편의점은 우리 주위에 있을 것 같은 사람들이 나온다. 속 썩이는 아들을 둔 할머니, 아싸인 시현, 남편을 잃고 아들의 방황하는 모습에 힘들어하는 선숙, 눈치 보는 가장인 경만, 노숙자 독고 씨 등 각 챕터별로 각각 자신의 시점으로 이야기를 풀어낸다. 이 책의 등장인물들은 이 불편한 편의점에서 만난 독고 씨와 대화를 나누며 자신의 어려움들을 돌이켜보고 다시 회복해 나간다. 책 제목 그대로 편의점에 나오는 사람들은 인간관계에 있어서 불편함을 느낀다. 자신의 인간관계의 어려움을 지니고 살아가는데, 독고 씨와 불편한 대화를 하며 문제를 직면하고 발전해 나간다. 이 책을 읽으면서 여기 나오는 등장인물들은 우리들의 모습을 보여준다. 나 또한 인간관계에 있어서 불편함을 충분히 느끼며 살아가는데, 불편하다고 그것으로 끝나는 것이 아니라 인간관계는 힘들지만 그럼에도 그들이 있기에 나도 있는 것이다. 어떤 사람을 새로 만나는 데 있어서 불편함은 있겠지만 서로 이야기하면서 배워가고 나 자신이 발전하는 것을 정말 멋진 일인 거 같다."
2022-08-11,10,"궁금해서 책을 사 놓은 지는 꽤 됐다. 다른 책을 먼저 펼쳐보느라, 이제야 이 책 차례가 됐다. 그리고 이 책을 다 읽고나서, 사장님의 이 말에 크게 공감했다. ""아니다. 내가 아까 뭐라 그랬어. 사람들 불편해봐야 된다 그랬잖아. 그러니까 우리 편의점은 다시 불편해지는 게 맞아. 자네, 절대 돌아오지 말어.""(264쪽) 불편함은 무엇일까. 대부분의 사람들은 편하고 싶어하고, 지금보다 더 편해지고 싶어한다. 편함이 곧 바름이라고 생각하기도 한다. 하지만 분명 불편함이 있을 때에야 우리는 눈길을 돌리게 된다. 불편함에 한 번 더 움직이게 되고, 불편해야만 마음으로 옮아갈 수 있다. 이 편의점처럼. 누가 봐도 독거 씨는 참, 주변을 불편하게 만드는 사람이다. 하지만 이상하게도 그 불편함에 한 번 더 보게 되고, 이야기하게 되고, 그 이야기에 귀를 기울이게 된다. 그렇게 소통과 관계가 만들어지고, 그 관계 속에서 진짜 삶을 확인하게 된다. 참 이상하고 불편한 편의점의 독거 씨다. <쫌 이상한 사람들(미겔 탕코)> 그림책을 읽었을 때의 느낌과 비슷하다. 이상해서 기분 좋고, 이상해서 행복한 사람들. 그래서 더 이상하고 싶어지고 함께 그 이상함의 세계에 빠져들고 싶어지게 만드는. 그런 면에서 이 <불편한 편의점>은 불편해서 참 좋다. <보노보노처럼 살다니 다행이야(김신회)>에 나온 말을 자주 쓰는 편이다. '성격이 팔자다.'라는 말. 이 말이 한 번 마음에 들어오고 나서는, 모든 것에 이 말이 맞아 떨어진다는 느낌을 지울 수가 없었다. 그래서 꽤 오랜 시간 이 말을 자주 인용하게 되었는데. 독거 씨를 보면서 그런 생각을 했다. 알콜성 치매여도 기본적으로 갖추고 있던 자신의 모습(성격)은 달라지지 않았던 것. 애초에 독거 노인을 따라다니며 노숙 생활에 적응했을 때부터, 염영숙 여사의 파우치를 찾아주게 되고, 우연처럼 이 편의점에서 사람들을 만나게 되면서, 그 사람들과의 관계와 시간들이 사실은 원래 독거 씨의 진짜 모습이었겠구나 하는 생각(어쩌면 과거의 그 사건 때에도 독거 씨는 같았을 것이다. 미처 자신의 그런 모습을 스스로 알아채지 못했을 뿐). 그러니, 독거 씨의 대구행이 이해가 되고 고개가 절로 끄덕여질 수 있는 것이다. 독거 씨를 응원할 수 있고 마음 편히 독거 씨를 보내줄 수 있는 것이다. 그리고 독거 씨가 앞으로도 이 '불편함'을 오래 간직하고 주변 사람들을 더 불편하게 만들어줄 수 있었으면 좋겠다. 그런 불편함으로 이 세상이 지켜지고 유지될 수 있었으면 좋겠다."
2022-08-11,10,"이 책 왜 베스트셀러지? 하는 호기심에 주문해서 읽어봤어요… 이거 왜 이렇게 재미있죠? 중간에 읽으면서 좀 눈물도 나고 재미나게 읽었네요^^ 등장인물들 스토리도 너무 좋고, 책이 잘 읽혔어요… 작가님 이야기 재미있게 잘 쓰시네요… 2편도 나왔다고 해서 주문했고 오늘 받았어요… 기대중이예요… 안 읽어보신 분들 휴가기간에 재미나게 보실 수 있으실 것 같아 추천드려요~~~~~~~~^^"
2022-08-11,10,"요즘에는 이야기가 넘쳐나는 시대다 . 인스타그램 , 유튜브 등 각종 SNS 등을 통해 자신의 이야기를 표현하고 드러내는 사람들이 많다 . 예능 프로도 지난날의 이야기들을 소개하는 경우가 많다 . 심지어 여행 프로그램도 결국은 그 지역의 이야기를 소개하는 것이다 . 인간극장으로 대표되던 이야기 프로그램이 이제는 어디에서나 볼 수 있는 것이 되었다 . 작가는 이러한 이야기들을 만들어내는 사람이다 . 있을 법한 이야기들을 만들어내고 이야기를 잘 전달하는 사람이다 . 이제 무수한 이야기들을 어떻게 구성하고 잘 드러낼지가 작가의 중요한 능력이 된 것 같다 . 불편한 편의점은 그런 점에서 우리 주변에 있을 법한 이야기들을 잘 그려낸 것 같다 . 물론 노숙자가 편의점에서 일하게 되는 것이 결코 흔한 것이 아니지만 그 속에서 일어나는 에피소드들은 한 번쯤은 들어봤을 법한 이야기들이다 . 그리고 편의점은 우리의 일상 곳곳에서 손쉽게 볼 수 있는 곳이다 . 요즘은 비교적 시골에서도 편의점을 쉽게 볼 수 있다 . 이처럼 편의점은 평범한 소시민들이 이용하는 곳이다 . 편의점을 배경으로 이야기가 전개되다 보니 나와 같은 평범한 독자들은 더 친숙하게 이야기에 접근할 수 있다 . 이 이야기에서 감동을 받게 되는 부분은 바로 작은 친절이 한 사람을 , 더 나아가 주변을 바꿀 수 있다는 것이다 . 그것이 언뜻 보기에 큰 변화가 아닌 것 같으나 등장인물 개인에게는 매우 커다란 변화이다 . 잃어버린 물건을 찾으면서 만난 노숙자 . 알코올 중독으로 자신의 이름도 잘 기억하지 못하는 한 사람에게 기회를 주는 편의점 주인의 친절이 작지만 큰 변화를 만들어낸다 . 편의점 아르바이트생 , 회사원 , 가장 , 극작가 , 동네 주민 등 일상의 소시민들이 만들어내는 작은 변화의 이야기는 소소한 감동을 자아낸다 . 후반부에 스토리가 급진전되는 면은 조금 아쉽지만 그것을 그려내는 작가의 상상력에 대단함을 느낀다 . 그리고 한창 커지기 시작한 코로나 19 상황을 반영한 것도 독자들에게 시의성 있게 다가온다 . 연극이나 영화로도 만들어 볼만한 멋진 이야기였다 ."
2022-08-09,10,"왜 베스트 셀러 인지 알겠던 책 별 기대 없이 독서토론 모임에서 하자고 해서 구매 했는데 정말 눈깜짝할 사이 호로록 읽어버렸습니다 토론 하려면 한번더 읽고 내용을 정리해야 겠지만 전반적으로 책이 정말정말 따뜻하고 좋았습니다. 편견없이 바라볼 수 있는 시각, 그리고 다시 나아갈 수 있는 기회 편의점 사장님처럼 좋은 마음을 가진 어른이 되고 싶다는 생각을 하게 되네요 잘 읽었습니다, 2권도 나왔다고 하니 엄청 기대가 된다능!!!!"
2022-08-09,9,갈라진 길 위에 풀이 돋아나는 것을 본 것 같았습니다. 상처는 상처로 끝나지 않고 그 상처 위에 새로운 생이 자라나는 모습은 참 감동적입니다. 보통 베스트셀러는 거르고 보는 편이라 이 책도 만나지 못할뻔했습니다. 주변 사람들의 평이 좋아서 베스트셀러라는 꼬리표 대신 그냥 책으로 읽기 시작했습니다. 지금은 주변 사람들에게 추천해주고 싶은 책이 되었습니다. 좋은 책을 만나서 감사합니다.
2022-08-09,10,"아이를 재우며 밤에 읽은 ""불편한 편의점"" 이틀만에 완독을 했다. 읽으면서 나는 불편한 편의점에 무언갈 사러가는 동네 행인1도 되었고, 서울역을 스쳐가는 여행객1도 되었다. 우리 사회 어딘가에도 독고와 같은 사람이 있을 거고, 사장님과 같은 사람도 있겠지. 나도 나이가 들어 은퇴를 하고 여유가 생긴다면 내 인생만이 아닌 다른 이의 아픔도 보듬어 줄 줄 아는 어른이 될 수 있을까? 라는 생각을 하게 해 준, 오랜만에 편히 읽은 책. 지인들에게 충분히 추천해주고픈 책이다."
2022-08-07,10,김호연 작가님의 불편한 편의점 리뷰입니다. 한동안 이북만 구매하다가 정말 오랜만에 소장본을 구매하게 되었는데 표지부터 내용까지 정말 마음에 쏙 들었어요. 처음엔 인기작품으로 눈에 계속 보여서 살펴본게 다 였는데 책 소개를 보면서 지난 날 편의점 아르바이트를 하면서 겪었던 이야기들이 새록새록 떠오르며 공감하게 되더라구요. 내용이 너무 궁금해져서 바로 구매했습니다. 감동과 현실이 가득 담겨있어 정말 재미있게 읽었습니다.
2022-08-06,10,"이 책을 읽게 된 계기가 있다면 누구에게나 편리한 편의점이지만 왜 제목을 불편한 편의점이라고 했을까? 호기심에 읽게 되었다. 시작은 편의점 사장님이 지갑을 잊어버리고 나서 노숙자가 지갑을 찾아주는 이야기부터 시작이 된다. 노숙자는 지갑을 찾아줌으로써 편의점 사장님과 인연이 시작되는데, 아르바이트생들은 노숙자에게 일을 맡긴다는 것이 이해가 안 갔지만 나중에는 노숙자에게 인생의 상담을 하면서 의지하는 모습을 엿볼 수 있다. 노숙자가 있음으로써 편의점 운영도 잘 되어가고, 야간 알바가 안정적으로 자리를 잡아가면서 고민을 해결해주는 이야기이다."
2022-08-06,8,"분명 책 한권을 읽었을 뿐인데, 16부작 드라마 한편을 다 본 듯한 기분이다. 몇 년 전부터 갑자기 많이 생겨 지금은 주변에서 너무도 쉽게 볼수 있는 편의점. 별 생각없이 들렀던 편의점이 앞으로는 조금 다르게 다가올 듯한 느낌이 든다. 편의점 사장님을 비롯한 직원들. 그리고 편의점을 이용하는 손님들까지 어떤 사연들이 숨어 있을 지 궁금해질 듯... 이 책엔 기본적으로 착하고 선한 사람들이 등장해서 좋다. 아프고 조금 창피한 이야기들도 자연스럽게 드러내고, 그걸 해결하는 과정 또한 과하지 않아서 더 좋았다. 나도 모르게 미소짓기도 하고, 눈물 지으며 내 삶을 돌아보게 되었다. 지금 당장 삼각김밥에 편지 한장 써서 아들 책상 위에 올려 놓아야 할 듯... 한줄평 : <불편한 편의점2>도 빨리 읽고 싶다."
2022-08-06,10,"가족에게 추천받아서 읽게된 책 '불편한 편의점'!! 정말 잘 읽었습니다. 정말 다양한 사람들의 이야기가 나오고, 주인공을 중심으로 그들의 이야기가 이어지는 내용이라 사람들과 소통하는 주인공의 모습, 태도에 더욱 집중하게 되면서 잠시 타인을 대하는 저의 모습을 되돌아보는 계기가 되기도 했습니다. 휴가를 갈 때나 잠깐 쉴 때 가볍게 읽기 좋은 책인 것 같아요."
2022-08-05,10,코로나땜에 따분했던 시간을 불편한 편의점을 읽고 시간 가는줄 모르고 읽었는데 아내도 늦은 밤까지 완독하네요. ?? 다음편 기대할게요. 편의점에서 생기는 일들이 너무 진지하게 다뤄졌고 궁금증을 자아내며 정말 재미있게 읽었습니다. 강추합니다. 다음편은 또 언제 나오나요? 코로나땜에 따분했던 시간을 불편한 편의점을 읽고 시간 가는줄 모르고 읽었는데 아내도 늦은 밤까지 완독하네요. ?? 다음편 기대할게요. 편의점에서 생기는 일들이 너무 진지하게 다뤄졌고 궁금증을 자아내며 정말 재미있게 읽었습니다. 강추합니다. 다음편은 또 언제 나오나요?
2022-08-03,10,"고등학교 교사로 퇴직한 편의점 사장님이 우연히 서울역에서 노숙자 독고씨에게 잃어버린 지갑을 되찾으면서 편의점의 불편한 동행이 시작됩니다. 노숙자 독고씨가 매일 편의점에서 저녁도시락을 먹도록 허락하며 알바생이나 손님들은 불편해 하지만 우연한 기회에 독고씨가 불편한 편의점의 야간 알바생이 됩니다. 독고씨의 예상치 못한 능력이 빛을 발하며 이 편의점은 더이상 불편한 편의점이 아니고, 처음엔 독고씨에게 거부감을 느끼던 여러사람들이 독고씨의 말에 위로를 받고 힐링하며 마음을 열게 됩니다. 독고씨가 건네는 따뜻한 말에 저도 마음이 몽글몽글해지는것 같은 감동을 받은 책 입니다"
2022-08-01,8,"정호연 저 ""불편한 편의점"". 뜨거운 아이스 아메리카노 같은 건가..불편한 편의점이라니... 우리 동네 주변 200미터도 안되는 거리에만도 세개의 편의점이 있다. 일반 슈퍼에서는 찾을 수 없는 편의점만의 매력이 확실히 존재하긴 한다. 한푼이라도 아껴보려는 주부들에게도 매력적인 물건들이 종종 있다 이 책을 읽으며 편의점 도시락도 생각나고 삼각김밥도 생각나고.. 마무리가 좀 휘몰아치듯 순식간에 결말을 낸듯 해 살짝 아쉽지만 재미있게 읽었다."
2022-07-31,10,이다지도 더운날엔 책피서 길도 안막히고 숙소 예약필요없는 책피서로 초대합니다. 날짜 날씨 상관없는 연중프리 휴가계획 연속극만큼 재밌고 흥미진진합니다. 비대면시대에 걸맞는 편의점소재 익숙한듯 진부하지않고요 상상력이 있으신분 웰메이드 드라마 좋아하는분들 내머리로 복작복작 만들어읽게되 더 재미납니다. 내돈내산 2편도 기대하고 있습니다. 빨빨리여~~~
2022-07-30,7,"삶의 아래에서 안간힘을 쓰는 노숙자 독고씨의 모습에 마음의 미열을 느낀 염 여사는 그에게 손을 내민다 . 그녀 손의 따뜻한 온기에 하루하루의 희망을 얹은 독고씨는 점점 스스로를 챙기고 그 또한 타인에게 따뜻한 온기를 전달한다 . 편함과 불편함의 만남이 흘러가는 곳 , 책 속의 청파동의 편의점은 우리가 사는 세상을 돌아보게 한다 . 우리가 궤도에서 벗어난 나와 타인의 삶에 불편함을 느끼지만 말고, 또한 개인의 문제로만 보지 말고 관계를 통해 소통함으로 사회적 치유를 할 수 있는 방향으로 나아가자고 이 소설은 말하고 있다 . ""밥 딜런의 외할머니가 어린 밥 딜런에게 이렇게 말했다고 해요. 행복은 뭔가 얻으려고 가는 길 위에 있는 것이 아니라 길 자체가 행복이라고. 그리고 네가 만나는 사람이 모두 힘든 싸움을 하고 있기 때문에 친절해야 한다고.""(p.142)"
2022-07-30,10,"‘왜 <불편한 편의점>일까???‘, ‘불편하면 사람들이 잘 안 가지 않을까??? ‘, ‘도대체 어떤 곳이길래, 무슨 내용이길래 불편한 편의점일까??? ‘ 등등. 읽기 전에 내가 품었던 궁금증이다. 워낙 유명한 책이라 꼭 읽어보아야겠다는 일념으로 도서관 대출을 기다려보았지만 순서가 오지 않아 결국은 구매를 하게 된 책. 표지 디자인도 따뜻한 느낌이 들고, 읽으면서 마음이 따뜻해지는 책이라서 ‘진작 살 걸.’ 이라는 생각이 들 정도로 좋았다. 다른 곳에 시선을 빼앗기지 않고 몰입해서 읽을 수 있었다. 나에겐 그랬다. <불편한 편의점>에는 각자의 삶에서 고군분투하는 다양한 인물들이 임 여사가 운영하는 편의점을 중심으로 등장한다. 정년퇴직 후 “장사가 안 되는”(p.26) <always 편의점>을 운영하며 여러 사람에게 손길을 내미는 염 여사, 서울역 홈리스로 지내다가 염 여사가 운영하는 편의점에서 알바를 하며 잃어버린 자신을 찾아가는 독고씨, 같은 편의점 알바생에서 점장으로 스카우트된 시현씨, “돈을 벌기 위해 수단 방법을 가리지 않”(p.165)는 염 여사 아들 민식씨, “편견이 다 나쁜 건 아니다. 세상 늘 조심해야 해.”(p.90)라고 말하는 선숙씨,  “회복탄력성”(p.116)을 상실한 경만씨, “인생은 문제 해결의 연속”(p.142)이라고 믿는 극작가 인경씨, 성공하지 못해 발언권을 가지지 못한 전직 경찰 현 흥신소 사장 곽씨 등 다양한 인물들의 이야기가 전개된다. 어느 인물 하나 밉지 않고, 정이 가지 않는 인물이 없는 소설이었다. 각자의 사연에 마음이 애틋해지고 ‘그래서 그랬구나.’하고 공감이 가고. 그래서 위로해주고 싶은 마음이 들었는데 어느 새 내가 위로받고 있는 느낌이 들어 뭉클해지는 그런 소설이었다."
2022-07-30,10,"편의점에 드나드는 알바와 손님들 소시민들의 사연을 소개하는 소설 어느날 편의점 주인 아주머니는 파우치 잃어버리고 독고라는 서울역 노숙인 사내가 파우치 찾아주고서 그 인연으로 독고는 편의점에서 심야시간대 알바를 하게 된다. 독고는 알콜성 치매를 앓고 모두 그의 과거 궁금하지만 본인은 기억못한다. 소시민들의 사연을 독자들의 공감과 감동을 주었고, 재미와 감동과 궁금증 위트있고, 사람들이 좋아하는 포이니트<급똥!> 이야기를 흥미진진하게 이끌어가는 문체도 맘에 듬. 현대에 누구나 고민을 알고 살아가는 문제들, 모두들  잘 사는것 같지만 모두 병들어 조금씩 힘든부분이 있고, 홍반장처럼 적극성을 업시만 사실 그가 해주는일을 고작 말 들어준것 뿐이다. 그럼에도 사람들은 독고씨로부터 치유받고 이해받는다 그리고 그들은 가장 소중한 가치에 대해 다시 돌아본다."
2022-07-29,6,"어느 동네 한구석에 자리 잡힌 불편한 편의점을 무대로 이어지는 여러 사람들의 이야기. 자신의 정체를 본인도 알지 못하는 노숙자 독고는 염 여사와의 인연으로 그의 편의점에서 야간 아르바이트를 한다. 그 안에서 많은 사람들과 여러 가지 에피소드들로 엮이게 된다. 독고는 많은 이들에게 의문의 존재이지만 사람들은 일단 그와 말을 섞게 되면 그에게서 근원을 알 수 없는 편안함을 느끼게 된다. 이야기 속의 사람들은 사회에서 이른바 실패에 가까운 삶을 살지만 독고와의 만남을 통해 일종의 전환점을 맞게 된다. 개인적으로 결말은 자칫 호불호가 갈릴 수 있을 듯하다. 결말에 대한 나의 개인적 감상이 무색하게도 베스트셀러로 자리 잡은 이 책의 힘은 등장인물들의 다양한 삶에 있다. 나의 주변에는 존재하지 않지만 어째서인지 현실감이 느껴지는 등장인물들에게 쉽게 마음이 열리게 되어 글은 무리 없이 읽힌다. 리베카 솔닛은 자신의 책에서 이렇게 말한다. “익숙한 동화들은 결말에 이르러 제한된 가능성만을 보여 준다. 그 이야기들은 대부분 무언가를 얻는 것으로 끝난다. 부를 얻고, 안정을 얻고, 배우자를 얻고, 자식을 얻고, 화려한 권력을 얻는다. 심지어 오늘날에도 이런 것을 모두 가지지 못한 사람들은 교묘하게 혹은 노골적으로 실패자라는 소리를 듣는다. 그런 이야기에서 다른 방식으로 사는 삶, 다른 기준으로 측정된 삶이 들어설 자리는 없다.” 흔히 실패자라고 불리는 삶. 그리고 무언가 대단한 존재만이 그런 우리를 구해줄 거라는 막연한 믿음을 깨는 서사가 이 책 안에 존재한다. 현실적인 이야기 같지만 어딘가 모르게 현실적으로 느껴지지 않는 의문의 원인이 아닐까. 그럼에도 이야기 안에 자리 잡은 따스함과 위로는 많은 이들이 이 책을 찾는 이유라 할 수 있겠다."
2022-07-29,8,"<불편한 편의점 > 김호연. 나무옆의자 가족, 학교, 직장, 이웃 등 삶에서 맺는 관계에서 자유로운 사람이 있을까? ‘결국 삶은 관계였고 관계는 소통이었다.’(p.252) 인간이 살아가면서 부딪히는 많은 문제들을 해결하려면 소통을 잘해야 한다는 말이다. 그렇다면 소통은 어떻게 할 수 있을까? '불편한 편의점'에서 몇 가지 답을 얻을 수 있다. 우여곡절 끝에 외과의에서 노숙자가 된 ‘독고’는 'always 편의점' 점주인 '염영숙'에 의해 편의점 노동 종사자가 된다. 그는 일을 하며 주변 사람들의 인생 문제를 해결하거나 앞으로 나아가는데 크고 작은 도움을 준다. 문제 안에서 허우적거리느라 당사자에겐 보이지 않던 해결점이, '독고'에게는 보이는 것이다. 그 능력을 배우기 위해 '독고'를 들여다보자. 우선 그는 편의점을 불편하게 만든다. 하지 않아도 되는 일을 찾아서 하기 때문이다. 예를들면 할머니 고객의 상품을 배달해 드린다든지, 편의점 바깥쪽 탁자와 의자에 작은 난로를 갖다놓기도 하는 등이다. 마음 둘 곳 없는 사람들이 쉬었다가라는 배려다. 자신이 불편해야 손님이 편하다는 생각이다. 편의점 매출이 오르게 된 원인이다. '독고'의 소통 방법 중 다른 하나는 주변 사람에게 관심을 갖고 자세히 살피는 것이다. 고객이 좋아하는 상품이 뭔지, 편의점을 찾아오는 시간은 언제쯤인지, 어떻게 도와야 자존심 상하지 않을지... 이런 노력으로 가족에게서 따돌림 당한다고 괴로워하던 쌍둥이 아빠의, 가족에 대한 오해를 풀어줄 수 있었다. 나머지 소통법은 직접 읽으면서 찾아보길 권한다. 따뜻하고 배울만한 가치가 있는 책이다. 다만 이야기의 반전이 약해 결말이 짐작 가능한 아쉬움이 있다."
2022-07-29,9,이 책에서 주인공은 노숙자다. 우연히 편의점 사장을 도와주는 일이 생겨 편의점에서 일할 수 있는 기회를 얻는다. 편의점에 방문하는 다양한 사람들의 이야기가 전개되는데 그들은 다 삶의 애환이 있다. 그들이 갖고 있는 어려움을 주인공을 통해 해소된다. 제목은 불편한 편의점이지만 사람들의 깊은 속내를 다 끄집어 고민을 해결주는 곳이기 때문에 처음은 불편하지만 계속 찾게되는 신기하고 기이한 곳이다. 불편하지만 사람들이 계속 찾게 되는 이유는 사회에서 만남을 지속하지 않아도 되는 곳이라서 그런 것 같기도 한다. 편의점을 방문하는 것은 본인의 선택에 따라서 결정할 수 있고 주인공과 계속 볼 인연이 아니기 때문에. 여기서 나오는 이야기들이 지극히 현실적이라 쉽게 공감되는 부분이 많았다. 평소에 자기계발서 위주로 읽다가 부담없는 소설을 읽으니까 머리가 정화되는 기분이다. 2편도 나온다는데 꼭 읽어봐야겠다.
2022-07-29,10,"불편한 편의점 / 김호연 장편소설 / 나무옆의자 잔잔히 이야기에 희망을 담은 소설. 그 속에 우리 사회의 불편한 현실을 보여준다. 노숙자, 취업난 청년, 일 없이는 먹고살기 힘든 노인, 열정 페이로 일하는 예술인, 소통 부재의 가족, 과중한 업무에 시달리며 가족의 생계를 책임져야 가장 등. 다양한 계층의 모습을 속에 각자의 문제로 어려움을 느끼는 다양한 모습들이 나온다. 그 모습은 주변에 만나는 내 가족, 이웃의 모습일 수 있다. 그들이 가진 문제들은 자신에게는 가장 큰 고민거리이다. 사회가, 돈이, 가족이 나를 도와주지 않아 이렇게 만들었다는 듯 여긴다. 이 문제의 공통점은 관계의 단절에서 오는 것이라는 것을 이 책은 보여준다. 불편한 문제를 가진 사람들의 문제는 소통하지 못했기 때문이다. 이 책에 나오는 등장인물들 모두 자신의 문제를 가슴에 안고 혼자 괴로워했다. 하지만 문제의 해결은 관계에서 있었다. 그 시작이 무엇일까? 편의점 사장 여사의 파우치를 찾아준 노숙자 독고가 시작일까? 그 독고를 자신의 편의점으로 데려온 여사의 선행이 시작일까? 작은 행동의 변화로 관계가 이어지기 시작한다. 노숙자 독고의 말 한마디는 문제를 가진 사람들의 마음을 변화시키고 그 변화가 그 주변을 변화시켜나간다. 마지막에는 노숙자 독고에게까지 와서 변화를 이끈다. 따뜻한 소설이다. 불편하다 여겨 외면하는 문제를 누군가 알아봐 주고, 스스로 직면하면서 변화하게 만들어 주었다. 거기에는 관계의 중요성이 있었다. 하지만 여전히 불편한 소설이기도 하다. 가족 간의 소통 부재를 떠올리게 하거나, 경제적 어려움을 떠올리게 할지도 모른다. 정작 내가 아니더라도 우리 주변에 이 불편한 문제를 외면하고 있다는 것을 깨닫게 하고 있는지도 모른다. 청년 취업, 노인 일자리 문제, 사회에 만연한 비리와 사기는 여전하니까. 그 문제를 관심만으로 해결되지 못한다는 것을 알고 있기 때문일지도 모른다. 결국 삶은 관계였고 관계는 소통이었다. 행복은 멀리 있지 않고 내 옆의 사람들과 마음을 나누는 데 있음을 이제 깨달았다. 252쪽 처음에 독고의 말이 사람들을 변화시키지만, 마지막의 변화는 독고 스스로 변화를 가져온다. 내 마음을 열면 사람들은 마음을 느끼게 된다. 불편한 느낌은 관심일 것이다. 이제 가능성을 깨닫는다. 불편한데 자꾸 가고 싶은 편의점을 통해 사회의 불편한 모습을 자꾸 보게 만들다. 그래서 관심 갖게 하고 방법을 찾게끔 만들어 줄지도 모른다. 문제를 외면하지 말라고 말한다. 불편한 편의점을 통해 나의 불편한 문제를 돌아보라고. “아들 말도 들어줘요. 그러면…. 풀릴 거예요. 조금이라도.” 108쪽 “.... 진심 같은 거 없이 그냥 친절한 척만 해도 친절해지는 것 같아요.” 156쪽 느리고 약간은 더듬는 독고 씨의 말이 들려온다. 조금만이라도 들어주고, 그냥 친절한 척하며 변화를 시도해 보면 어떨까? 불편하지만 이 작은 시도가 나를 변화 시키고, 주변을 변화 시킬 것이라 믿어본다."
2022-07-28,10,지금이야 편의점이지만 옛날에는 구멍가게와 같은 거지 사람을 외모로 판단하면 안된다는 것도 더 절실히 알게 되었다 그런데 어디 요즘 세상이 사람 사는 건 다 어디나 비슷 내가 좋아하면 나도 좋아함을 받게 되고 내가 미워하는데 남이라고 나 좋아하겠나 당연 같은 생각이겠지 거울을 본다는 생각으로 말하고 듣고 행동하면 그게 맞는것 같다
2022-07-28,10,오랜만에 읽는 소설이였다 . 베스트셀러이기도 했었고  한번 사서 읽어보았는데 한두어시간만에 다 읽었다 ㅋㅋ 재밌고 따뜻했다 . 근데 벌써  불편한 편의점 2가 나온다해서 너무 좋다 2편도 재밌기를 기대한다 ㅋㅋ 불편한 편의점  . 내마음은 따뜻한 편의점 독고라는 인물이 나오면서 인간미를 심어주시는 사장님 이야기다. 인간 관계와 소통을 하면서 독고가 점차 사람들고 대화를 잘했고 오히려 독고 노숙자 인물이 다른사람들의 인생을 변화시켜주기도 했다 . 읽어보면  마음이 따뜻해진는 책이다.
2022-07-27,10,"오랜만에 읽은 소설책이었는데 나름 술술 읽혀서 어렵지 않게 읽을 수 있어 더 좋았던 '불편한 편의점' 예전에 살던 동네가 청파동이랑 가까운 곳이었어서 내가 아는 지명들이 나올 때마다 옛 이웃을 만난 것처럼 반가워서 더 재밌게 읽을 수 있었던 것 같다. 독고씨를 만나 치유받고 회복되는 주변 사람들의 이야기도 재밌었고, 끝까지 독고씨의 존재가 미스테리 했는데 마지막에 밝혀지는 것도 흥미로웠다 :) 조금 판타지적인(?) 면이 없지않아 있었지만 그래도 주변에서 있을 법한 이야기를 써놓은 것 같아서 더 몰입해서 재밌게 읽을 수 있었던 불편한 편의점 :) 오랜만에 재밌고 따뜻한 소설을 만난 것 같아 읽는 내내 즐거웠다!"
2022-07-27,10,"미디어에 빠져서 지내다 보니 글 읽는게 점점 어려워져서 정말 오랜만에 읽은 책이었다. 첫 시작이 너무 어려웠지만 한손 손에 잡히니 끝까지 읽는건 순식간이더라 가볍게 읽었지만 결코 마음이 가볍지 않았던 책이었다. 관계를 통해 배우고 소통하고 위로하고 위로받고 , 단순하면서도 제일 어려운 작은 관심, 책속의 염 여사님처럼 나도 그럴수 있을까? 책을 읽고 난 뒤 작은것부터 실천해보기로 했다. 아파트에 살면서 옆집의 이웃이 누구인지도 모르겠는 요즘이지만,, 엘리베이터에서 마주치는 어느분께라도 아이와 함께 인사를 한다. 모두 귀한 인연"
2022-07-26,10,"내가 이 책이 마음에 들었던 가장 큰 이유는 공감이다. 책 속에 다양한 인물이 나오기 때문에 많은 사람의 삶을 들여다볼 수 있다. 그중 마치 내 삶을 베껴놓은 듯한 인물의 이야기가 소개되어 반갑기도 했고, 또 많은 위로를 받기도 했다. 그리고 이야기의 결말은 마치 내 삶 또한 행복해지길 바라는 것처럼 멋진 답안을 보여주었다. 이 책을 읽은 후 편의점을 들를 때마다 왠지 나도 좋은 일이 생길 것 만 같아졌다."
2022-07-26,10,"내가 손님이라 하더라도 독고의 편의점은 참 '불편'해 보인다. 편의점이란 바쁘고 빠른 현대인에게 어떠한 설명도 필요 없이 개인적인 식사와 소비, 공간을 보장하는 장소가 아닌가? 이러한 곳에 독고의 존재는 단연 눈에 띄고, 마치 편의점 안에 작은 전통 시장이 들어서 있는 기분을 불러일으킨다. 팍팍한 세상의 잔혹함에 외로움을 느끼고 있는 독자가 있다면, 독고의 따뜻함에 위로를 받길 바라며 이 책을 추천한다."
2022-07-26,10,불편한편의점 김호연 저 오랜만에 책이란걸 읽게 만든 작품입니다 만화책만 보다가 재미있다는 말을듯고 이북으로 구매 했는데 정말 재미 있습니다 2편도 나왔다고 하던데 이북으로 가다리고 있습니다 아무래도 책을 만이 구입 하다보니 공간이 없어서 말이죠 도고 씨 너무 멋있는거 같습니다 여기에 나오는 인물들은 어찌 보면 주변 지인들 일수도 있다고 모든 사람이 이런저런 일이 있겠지만 소설로 남의 일상을 들여다 보는 느낌의 책입니다 그래서 더욱 공감 가는 책 이었던거 같네요 ㅋㅋ
2022-07-26,6,"현실을 배경으로 하고 있지만 현실과는 동떨어진 동화같은 이야기가 저는 어쩐지 작위적이고 불편합니다. 등장인물들은 현실의 탈을 쓰고 있지만 사실 흔치않은 사람들입니다. 의사출신의 노숙자 독고. 교사로 정년퇴직후 연금으로 생활이 가능하지만 아르바이트생들의 생계를 위해 편의점을 운영하는 염여사. 공시생으로 아르바이트를 하던 중 독고의 제안으로 유튜브에 영상을 올렸다가 편의점 정직원으로 스카웃되는 시현. 독고의 조언으로 갈등 중이던 아들과 화해하는 오여사. 회사와 가정에서 소외되어 외로운 마음을 독고로부터 위로받고 눈물을 흘리며 반성하는 경만. 전직 경찰이나 불미스로운 일로 경찰을 그만둔 뒤 경찰을 사칭하며 흥신소 일을 하다 독고의 제안으로 편의점 야간 아르바이트를 하게 된 곽. 에피소드들도 뭔가 어설픕니다. 독고의 파우치 에피소드, 편의점 불량배들과의 에피소드, 지하철 에피소드 등이 지나치게 현실성이 떨어져서 몰입이 힘들었습니다. 하지만 책을 덮고... 이 책이 왜 이런 반향을 일으키고 50만부가 넘게 팔리고 있는 걸까 하고 곰곰이 생각해보았습니다. 사람들이 어려운 현실 속에서 선량하지만은 않은 사람들과 부대끼며 피곤한 삶을 살아가고 있는데 책에서나마 어려운 현실이지만 좋은 사람, 선량한 사람들과 좋은 관계를 이루어 가며 예쁜게 살아가는 이야기를 읽으면서 또다시 희망을 품어보는 것 아닌가 하는 생각이 들었습니다. 작위적인 이야기에 칫칫거리며 읽어내려갔지만 그래도 어쨌든 감동코드에서는 항복의 눈물이 흘렀습니다. 저도 관계와 소통이라는 것에 희망을 품어보렵니다. ********* [책갈피] ""독고 씨. 먼저 스스로를 도우세요.""(p.38) 그저 아들이 자기 스스로를 도왔으면 할 뿐이었다.(p.101) 인경은 조바심이 났고 자신이 존중받지 못한다고 느꼈다. 그래서 한동안 건드리기만 하면 화를 낼 준비를 하고 살았는데, 진짜로 종종 화를 터뜨려 스스로 평판을 깎아내리고야 말았다.(p.141) ""... 사람들과 친해진 것 같아요. 진심 같은 거 없이 그냥 친절한 척만 해도 친절해지는 것 같아요.""(p.156) 신분증을 다시 만드는 순간 나는 살아야 할 것이고, 제대로 살게 된다면 또다시 고통받을 것이 분명했다.(p.232) 소통 불가에 일방통행인 나를 아내는 받아줬다. 오랜 시간. 나는 아내가 내 말에 수긍하는 줄 알았지만 그게 아니라 아내는 나를 견뎌주었을 뿐이었다.(pp.237-238) 인생은 원래 문제 해결의 연속이니까요. 그리고 어차피 풀어야 할 문제라면, 그나마 괜찮은 문제를 고르려고 노력할 따름이고요.(p.247) 따지고 보면 가족도 인생이란 여정에서 만난 서로의 손님 아닌가? 귀빈이건 불청객이건 손님으로만 대해도 서로 상처 주는 일은 없을 터였다.(p.252)"
2022-07-24,10,오랜만에 좋은 책을 발견한 거 같아서 기분이 좋네요 한동안 책을 안 읽었었는데 불편한 편의점에 접하고 나서 다른 책도 구매해야 되겠다고 생각했습니다 표지에 이끌려서 구매하고 내용이 좋아서 아주 만족한답니다 예스 24에서 책 자주 구매하는데 배송도 빠르고 배송상태도 너무 좋습니다 앞으로 책을 자주 읽어야 하겠습니다 좋은책 을 읽는 것은 항상 기분이 좋네요...
2022-07-24,10,"점점 편리해지고 빠르게 돌아가는 세상 속에 우리 모두는 달리지만 그 안에서 지쳐가고 자신만의 문제를 품은 채 살아가고 있다. ""행복은 뭔가 얻으려고 가는 길 위에 있는 것이 아니라 길 자체가 행복이라고. 그리고 네가 만나는 사람이 모두 힘든 싸움을 하고 있기 때문에 친절해야 한다고"" 행복이라는 길을 가고 있지만 그렇기에 그 안에서 모두가 힘든 싸움을 하고있기에 우리는 길 자체를 느끼기 보다는 무언가를 얻는데 힘을 쓰고 있어...쉽게 마음을 열기까지가 어렵지만.. 그렇기에? 우리는 아주 작은 관심과 따스한 진정한 위로를 받고 싶어할지도 모른다. 자기만의 싸움에 온 힘을 다해 가고 있기때문에 놓치고 있는 부분들을 온기를 품고 알려주는 그런 친절함. 불편한 편의점은 쉽게 볼 수 있는 편의점이라는 공간에서 독고씨에게 불편한 친절함을 받게 되고 처음에는 무조건적인 불편함을 느끼고 피하지만 결국엔 그 투박한 친절함으로 스스로의 싸움에 작지만 큰 위로를 받고 행복을 얻기위한 길이 아닌 행복이라는 길에 천천히 한발자국을 딛게되는 사람들의 그리고 독고씨 자신의 이야기를 품고 있는 책이다. 이 책은 한편 한편 쉽게 읽히지만.. 그 안에서 그들을 통해 독고씨의 투박한 친절함에 위로를 받게 된다. 독고씨의 과거는 용서할 수 없지만... 그 독고씨의 투박한 친절함에 위로를 받게되는... 참 불편한 편의점... ""강은 빠지는 곳이 아니라 건너가는 곳임을. 다리는 건너는 곳이지 뛰어내리는 곳이 아님을."" 그래....우선 옥수수 수염차나 마셔야겠다.."
2022-07-24,10,따뜻함은 모든 관계에 생명력을 불어 넣는다고 한다. 주인공 독고씨는 티나지 않게 만나는 사람들의 마음과 상황을 잘 파악하고.. 따뜻한 말들로 상대방의 입장에서 그들의 이야기를 해 주는거 같다. 이런 독고씨로 인해 소설 속 등장인물들은 나와 주변을 이해하게 되고 변화 함으로써 새로운 삶의 생명력을 얻는거 같다. 나는 누구에게 새로운 삶의 생명력을 주는 존재일 수 있을까..? 나도 누군가에게 그런 존재가 되고 싶다..
2022-07-23,10,"오랜만에 읽은 페이지 터너 소설책. 시간가는 줄 모르고 재밌게 읽었다. 아주 재미있는 책. 현실에는 없을법한 착한 소설. 그래도 소설에서라도 이런 착한 세상을 경험할 수 있어 좋았다. 아주 따뜻했다. 약간 유치하지만 충분히 매력적인 이야기들 이었다. 이 착가의 책은 망원동 브라더스? 이후 두번째 책인데, 둘다 비슷한 느낌이지만 불편한 편의점이 더 짜임새 있는 느낌적인 느낌. 드라마나 영화로 만들어져도 좋겠다."
2022-07-22,10,불편한 편의점 김호연 최근 가장 베스트셀러로 떠오른 책이어서 아주 읽고 싶었던 찰나 읽게 되었다 . 아 ... 재미있다 . ( 지난 가을 ) 어쩌다 보니 최근에는 읽은 책들 작가 님이 여자분인 경우가 반 이상이었다 . 읽는 작가의 작품을 연속 읽는 편인데 .. 최근에 꽂힌 작가가 여자 분이 많아서일 것이다 . 가끔은 좀 더 다양한 읽기가 아쉬웠는데 ... 그런 욕구를 충족해준 책이 이 책이다 . 뭔가 문체가 최근에 읽은 책들과는 좀 다르다 . 유머코드가 맞았다 . 이야기는 어찌 보면 가장 판타지 스럽다 . 서울역에서 맘좋은 할머니의 잃어버린 지갑을 찾아 준 노숙자 .... 그에게 도시락의 은혜를 베풀던 퇴직 역사교사 이신 편의점 사장님은 야간 알바 자리에 그 노숙자를 앉힌다 . 과거의 기억이 전혀 없는 노숙자는 이름인지 성인지 독고 ... 만을 기억하지만 알고 보면 일도 잘 하고 기억력도 좋고 정의감도 있으면서 사람들을 배려한다 . 청파동 언덕 약간은 후미진 곳에 없는 것 많은 불편한 편의점의 남다른 직원이 오면서 펼쳐지는 이야기들 ... 참 따뜻했다 . 어찌 보면 이야기는 몇 달 밖에 안 되는 시간의 이야기인데 등장인물도 그렇게 많지도 않은데 참 따뜻하다 . 맘 좋은 퇴직교사 출신 편의점 사장님 ... 직원들 월급 주려고 문을 여시는 좋은 분 ... 잘난 딸과 편의점을 넘보는 찌질한 아들 독고 ... 불편한 편의점의 독특한 직원 알고 보면 상당히 편안하게 해주는 사람 알바생과 단골 손님들 몇 명의 이야기가 왜 이리 좋은 것일까 나는 편의점을 그다지 많이 이용하지 않는 편이라서 이런 감성은 잘 못 느끼지만 ... 그냥 일상의 가까운 곳에 있는 곳을 소재로 삼은 이야기들이 아주 정겹다 . 물론 독고 ... 의 정체는 너무 좀 ... 판타지다 ... 그것이 살짝 아쉬울 뿐 읽고 싶어 읽었는데 ... 수리술술 잘 읽히고 금방 잘 넘어가고 유쾌하고 기분좋은 독서였다 . 작가님 좋은 글 많이 쓰시고 흥하시길 바란다 .
2022-07-22,8,제목에서주는 느낌과 다르게 요즘을 사는 우리사회의 다양한 사람들이 편의점을 통해 서로를 이해하는 따뜻한  작품이다 불편한 편의점이아닌 정감있는 편의점이다 주변에서 흔히 볼수있는 서민들의 모습이 주인공을 통해 상처를 공유하고 아픔을 이해하며 서로를 존중해주는 가치관을 잘보여주는 작품이다 어린학생부터 어른들까지 가벼운 소재에 인간미넘치는 이야기에 어렵지않게 다가갈수있는 단숨에 읽을수있는 흥미로움이 베스트셀러가된 비결이지싶다
2022-07-22,9,등장인문들은 우리사회의 다양한 인물들을 표현하고있다 흔히 주변에서 볼수있는 너무나 친근한 사람들의 삶의 모습들을 쉽게 접근해풀어나가는 작가의 익숙한방식에 가볍게 책장을 넘기며 부담없이 어린학생들부터 어른들까지 다양한 독자층을 흡수할수 있어서 베스트셀러로 등극한게아닌가싶다 코로나시국까지 요즘 사회상까지반영된 최신작소설이다.작가의 삶을 바라보는 따뜻한 시선에 감도받았다
2022-07-20,10,"사실 독자를 위로하거나 따뜻한 울림을 주는, 이런 수식어가 붙은 책을 그다지 좋아하지 않는 편입니다. 대체로 그런 건 책을 읽을 때만 인상적이고, 책을 덮고 나서도 기억나는 큰 임팩트를 주는 책은 드물다고 생각하기 때문입니다. 하지만 이건 결국 허구의 이야기, 그러나 우리의 삶의 이야기이도 합니다. 완전한 가상이라기 보다는 우리의 현실에 따뜻함을 한 스푼 정도 더한 이야기에 가깝습니다."
2022-07-19,8,"제각기 녹록지 않은 인생의 무게와 현실적 문제를 안고 있는 이들은 각자의 시선으로 독고를 관찰하는데, 그 과정에서 발생하는 오해와 대립, 충돌과 반전, 이해와 공감은 자주 폭소를 자아내고 어느 순간 울컥 눈시울이 붉어지게 한다. 그렇게 골목길의 작은 편의점은 불편하기 짝이 없는 곳이었다가 고단한 삶을 위로하고 웃음을 나누는 특별한 공간이 된다. 라는 설명에 이끌려 구매한 책. 인간은 역시 다채롭고 입체적이다."
2022-07-18,10,불편한건지 아니면 바닥을 금방 알아차려서 부끄러운건지 이런 편의점이 곁에있었다면 아마도 발걸음이 저절로 향하지않았을까 싶어요 매일마다 찾아갔을지도 모르죠. 숨기고싶은걸 다 알아차려도 그만큼 저를 토닥여주는 그런 곳이 아닐까싶어서 말이죠. 어떤사람은 불편한 마음으로 읽었을지도 있겠지만 아마도 따뜻하다 느끼는 저같은 사람도 있을거에요 누구든 좋으니 제 마음을 알아줬으면 좋겠다 내 등뒤를 밀어줬음 좋겠다 싶은 그런 기분이 들었답니다
2022-07-18,10,"정말 오랜만에 책을 읽었다. 삶에 치여 하루하루 보내는데 급급한 인생이었다. 그러다 우연히....정말 우연히도 예스24에 오랜만에 접속하여 이책을 구매 하였다. 뻔하디 뻔한 이야기일거라 생각했다. 읽으면서도 그런 생각을 했지만 그 생각은 점차 사라져갔다. 누구나 힘든시간이 있다. 나또한 매일이 힘들다. 사는게 바빠서, 돈벌기 바빠서, 돈 쓰기 바빠서...... 이런 가볍고도 항상 반복되는 일상을 이 책에서는 따뜻하게 그려낸다. 모든 등장인물의 감정이 느껴진자. 마치 내가 다겪어본 이야기 같다. 그렇기에 더욱 공감이 된다. 몰입이 되는 와중에 한쪽 가슴이 저려온다. 나의 상처가 아파온다. 하지만 그새 아물어 간다. 아니 이미 아물었지만 염증이 도진 듯한 느낌이 들었다가 이내 사라졌다. 이제는 더이상 아프지 않아도 될것처럼 가라앉았다. 이 책은 그런 책이다."
2022-07-17,8,"요즘 가장 핫한 베스트셀러인 이 소설은 한마디로 '관계와 소통'에 관한 이야기이다. 띠지에 실린 책 속 한 문장은 ""결국 삶은 관계였고 관계는 소통이었다""로 주제를 극명하게 보여준다. 읽기 전에는 관계와 소통에 대해서 할말이 많아 질거라 여겨졌는데, 막상 다 읽고 난 후 솔직히 아무 감동도 느낌도 없다. 이야기가 좋든가 싫든가 해야 할말이 생기는데 너무 무난해서 그런가....이런 글이 읽고 난 후 감상을 쓰기가 진짜 어렵다....;; 줄거리는 간단하다. 노숙자인 주인공이 어느날 할머니의 지갑을 찾아준 인연으로 편의점 야간 알바를 시작하게 된다. 편의점 일을 하면서 다양한 직원과 손님들을 만나게 되고 관계를 만들어가며 소통하는 이야기이다. 마지막엔 주인공이 노숙자가 되기 전 모습을 떠올리면서 과거를 반성하고 미래를 나아가면서 끝이 난다. 노숙자 같은 낯선 이방인과 어떻게 소통을 해야하고 어떻게 관계를 맺어가야 하는지를 마치 교과서처럼 보여주는 이 소설은 어려운 구조가 없어 술술 읽히는 반면에 교과서다운 무채색을 띄게 된다. 노숙자의 과거가 궁금하긴 하지만 이미 드라마나 영화를 통해 익히 보아온 뻔한 설정은 차라리 과거를 공개하지 않는게 나을뻔했다. 아니면 정말 교과서처럼 지극히 평범한 사람으로 설정했다면 오히려 관계와 소통이란 주제에 현실감까지 주지 않았을까? 중반까지 마치 우리 동네 편의점일 것 같은 현실감은 노숙자의 과거가 서서히 드러나면서 판타지로 장르가 바뀐다. 그로인해 동네 편의점에서 볼 수 있을것 같았던 평범한 사람들 마저 판타지를 위한 하나의 도구로 전락한 느낌이다. 그렇다고 너무나 '착한' 이소설을 폄하하고 싶진 않다. 다만, 끝까지 현실감을 유지했다면...하는 아쉬움이 크다."
2022-07-15,10,"삶은 관계였고, 관계는 소통이었다. p.252 사람이 살아가는 모습을 가장 잘 표현한 문장인것 같다. 사회성이 궁금한 사람이라면 꼭 읽어보길 추천한다. 푸른언덕 청파동의 always 편의점을 허브로 하여 엮어진 이야기... 누구나 문제를 안고 살아가고 해결하는 방법은 참으로 다양하다. 평탄한 삶으로 평범하게 사는 것이 제일 힘들고, 이런 삶을 위해 자식들을 부모의 이상향대로 몰아가곤 한다. 불편한 편의점에 모인 인물들은 우리와 같이 고민들을 안고 살아가지만, 어떤 신념을 가진자를 만나느냐에 따라 얼마나 성장하고 발전할 수 있는지를 보여준다. 역사선생님이었으나 은퇴하고 매출도 없는 아주 불편한 편의점의 사장님은 겉모습은 허연백발에 연약한 노인이지만 여러 사람의 인생을 구원하게 된다. 가장 큰 구원을 받은자가 독고이고... 이 독고씨는 우연하게도 또 다른 이들을 구원하게 된다. 세상을 따뜻하게 하는 것은 베품이고 이 베품을 나눌줄 아는자가 늘어나는 것이야 말로 세상을 아름답게 하는 것일것이다. 가족간의 관계를 힘들어 하는 우리에게 작가 김호연은 말한다. 가족한테도...손님한테 하듯 하게요. 그럼...된 겁니다. p251 우린 흔히 타인에겐 친절함의 가면을 보여주고... 가족에겐 무례함의 진짜모습을 보여준다. 얼마나 잘못된 행동이던가!!"
2022-07-14,10,"다음 카페에서 도서 추천글을 보고 구매하게 되었네요. 표지가 예뻐서 일단 맘에 들었고, 내용도 마음이 따뜻해지는 내용이라 재밌게 잘 읽었습니다. 주인공인 노숙자의 캐릭터 설정이 살짝 식상하면서도 특색이 있어서 흡입력이 있습니다. 사실 주인공이 자신의 과거를 찾아가는 설정은 굳이 있어야했나 싶기도 한데, 그 과정이 롤러코스터처럼 다소 급하게 진행된 감이 있어서 더 그런 느낌을 받는것 같습니다. 하지만 구성이 좋아서인지 순식간에 읽히는 재미가 좋네요. 앞으로도 작가분의 신작을 눈여겨봐야겠습니다."
2022-07-12,10,"책의 마지막 장을 덮자마자 독후감을 쓰기 위해 펜을 들었다 . 감동의 여운이 사라지기 전에 감상을 기록하기 위함이다 . 작품의 가치를 논하는데 적절한 기준이라 말할 수는 없지만 , 전국 서점 베스트셀러이자 2021 년 올해의 책으로 선정된 것은 그만한 이유가 있다 . 이 소설은 착하고 널리 읽혀야 한다 . 이 책의 등장인물인 염 여사 , 시현 , 오선숙 , 경만 , 인경 , 곽 씨의 모습에서 우리 또는 우리 이웃의 삶을 찾아내는 것은 어렵지 않다 . 각자 나름의 개성과 사연이 있지만 주변을 둘러보면 닮은 이 한둘은 금방 발견할 수 있을 것만 같은 보편적인 인간 군상이다 . 반면 주인공인 독고 씨는 여러 의미로 특별하다 . 평범한 이들과 어울릴 수 없을 것 같은 독고 씨가 편의점을 배경으로 주변 인물들과 관계를 맺으면서 편의의 극단을 추구하 ( 여야만 하 ) 는 편의점은 불편한 곳이 되어 버린다 . 본질적으로 감정의 매개를 차단함으로써 편의를 제공하는 시스템인 편의점에서는 사고 팔 수 없는 뜨거운 감정이 전달되고 , 왕래하며 , 전염된다 . 소설의 내용을 스포할 수 없기에 사건들을 언급할 순 없지만 제목의 의도는 쉽게 드러난다 . 타인에 대한 배려를 실천하기 위해서 우리는 기꺼이 불편해져야 한다 . 이 소설의 모든 시작은 염 여사의 작은 관심과 사랑이었다 . 기적은 바로 거기서 시작되었다 . “ 삶이란 어떻게든 의미를 지니고 계속된다 .” 는 것을 기억하고 도와주는 일 . 나도 할 수 있지 않을까 ? 책을 덮고 찾아간 편의점의 직원은 책을 읽기 전과 다름없이 동일한 분이었지만 , 이제 다르게 보인다 . 저 분은 어떤 사연이 있을까 ? 평소와 다르기에 조금은 불편했지만 용기를 내어 따뜻한 인사를 건냈다 . 내 마음이 조금 따뜻해졌다 . 기념으로 옥수수 수염차를 하나 샀다 ."
2022-07-11,10,"올 1월 책 리스트를 정할 때, 한 회원님이 이 책을 많은 사람들이 읽는 거 같다고 모임에서 하자고 하셨다. 그럴까요~ 하고 올해 리스트에 넣었는데 그 회원분이 오늘 '제가요?' 하신다ㅎㅎㅎ 시작부터 재밌다. 진지한 책들을 하다가 이 책을 읽으니 다들 어찌나 좋아하시는지~ 대체로 따뜻하고 재밌다고 하셨다. 어렵지 않게 일상을 풀어서 좋으셨다고. 노숙자에 대해서 다시 생각하게 했는데, 남자들은 다들 한번은 노숙자를 꿈꾼다는 말에 빵! 편견에 대한 부분에선 장애인에 대한 이야기가 많았다. 어린 아이들은 오히려 장애 친구들을 편견없이 대하는데 어른들이 어떻게 할 줄 모른다며 조심스러워만 하거나 어린애 취급을 한다는 것이다. 인공와우의 목적에 대해서도 누굴 위한 보청기인지 얘기했다. 소통에 대해 얘기할 때, 가족을 손님 대하듯 하라는 말에 찔렸다고 하셨다. 배우자와 자녀와의 소통 점수를 매겨보면 10점 만점에 몇 점을 주시겠어요 했더니 허걱 생각보다 짠 점수를 주셨다. 다들 화목한 가정으로 보였는데 막상 점수를 매기니 3, 4점도 있었고 평균이 5점 정도였고, 8, 9점은 조금 있었다. 배우자와 소통 점수에는 역시나 시댁이 평균 3점 이상 깍아 먹었고 말을 안하는 무뚝뚝한 아들이 자녀 소통 점수 깍아 먹고~ ㅎㅎㅎ 이 책은 완벽한 판타지 소설이다, 판타지와 현실의 경계에 있다, 현실에 있는 이야기다 등 의견이 갈렸는데 현실이라고 말씀하신 회원분 편을 들고 싶다. 개인적으로 위로와 희망이 필요한 시대를 살기에 판타지 같은 이 소설이 베스트셀러가 되는구나 했는데 아니라고, 현실에 있다고, 인간극장 같은데 나올 법한 이야기라고 하신 언니 말씀에 마음이 따뜻해졌다. 따뜻한 사람이 되고 싶은 노력을 어떻게 하시냐 했더니 왕언니 손을 들고 당당히 말씀하신다. ''매일 맛있게 따끈한 밥 차려 준다.'' 그렇지! 그럼 나도 따뜻한 사람이 되는 노력을 하고 있는 거네ㅎㅎㅎ 오늘도 신나서 방긋 웃으시며 독서모임을 즐기신 언니들~ 행복한 시간을 함께 나누게 되어 이게 뭔 복인가 싶습니다??"
2022-07-10,10,불편한 편의점 40만 독자가 선택한 책이라고 하길래 주저없이 구매했다!! 많은 사람들이 선택한 책은 뭔가 달라도 다르지 않을까?? 예상에 걸맞는 책일지 호기심이 올리왔다 무슨 내용일까 궁금했다 제목부터 특별한 불편한 편의점.. 불편한데 자꾸 가고 싶은 편의점이 있다! 힘들게 살아낸 오늘을 위로하는 편의점의 밤 정체불명의 알바로부터 시작된 웃음과 감동의 나비효과 정말 위로가 되는 책이다.. 많은 사람들이 읽길 바란다!!
2022-07-09,10,처음부터 흥미로운 이야기로 시작합니다. 몇 장 넘기지 않았음에도 서로를 배려하는 사람들의 이야기와 그 감동이 엿보이고요. 지인이 딸과 이 책을 읽고 나서 이야기를 나누었다는 말을 듣고  저도 바로 구매하게 되었습니다. 좋은 글은 여러 번 읽어도 좋은 글이라고 생각해요. 꼼꼼하게 읽어보고 시간이 지난 뒤 다시 펼쳐봐도 울림을 주는 글이라고 믿고 싶습니다.
2022-07-09,10,"가득 핀 벚꽃이 바람에 날려온다. always 편의점 앞 파라솔벤치에 여자 아르바이트생과 가게 앞을 쓸고 있는 남자. 불편한 편의점의 첫장을 넘겨본다. 작가 김호연 2013년 ""망원동 브라더스""로 세계문학상 우수상을 수상함으로 작품 활동을 시작했다. 2021년 초판 1쇄 발행을 시작으로 2022년 39쇄 발행 40만부를 기념해서 벚꽃 에디션까지 발행된 이 책은 정말 핫한 책이다. 각종 온.오프라인 서점에서도 늘 Best자리에 올라가 있다. 도서관에서도 대출하기까지 몇주를 기다려야만 했다. 드디어 내 손에 들어온 책^^ 재미있었다. 다음 내용이 궁금했다. 과연 ""독고""가 누구였을까.. 궁금해서 책을 내려놓을 수 없었다. 차례는 이렇다. 산해진미 도시락 제이에스 오브 제이에스 삼감김밥의 용도 원 플러스 원 불편한 편의점 네 캔에 만 원 폐기 상품이지만 아직 괜찮아 ALWAYS 엄영숙 여사는 기차를 타서야 자신의 파우치가 사라졌다는 것을 알게 된다. 그것을 주워 찾아준 사람은 ""독고"" 노숙인이었다. 다른 노숙인에게 맞아가면서까지 파우치를 쥐고 놓지 않았던 독고. 엄여사는 무엇으로든 보답하려 자신이 운영하는 편의점으로 독고를 데리고 간다. 여러 사건을 계기로 독고는 이 편의점에서 야간 알바를 하게 된다. 알바를 하면서 만나게되는 사람들과의 에피소드들로 이야기가 펼쳐진다. 이 책은 코로나 사태로인해 닫혀진 마음을 두드린다. 사람에 대한 따뜻한 시각이 한 사람의 마음을 열게 한다. 인물을 중심으로 각자가 처한 어려움과 살아가는 모습은 책을 읽는 우리들의 모습이다. 누구에게나 고난의 무게는 주어진다. 노숙자였던 ""독고""를 알아봐 준 엄여사의 따스한 눈이 절실한 시대에 살고 있다. 오늘 우리는 필요한 물건을 사고 결재하고 단순한 절차를 거치며 ""정"" 이나 ""마음""을 나눌 필요조차 없는 시대에 살고있다. ""편의점""이라는 장소도 사람을 환대하고 마음을 열게할 수 있는 장소가 될 수 있다는 것을 깨닫는다. 그곳이 어떤 곳이든  중요한 것은 장소가 아니라 ""사람"" 이라는 것을 알게 해 준 따뜻한 책이었다. -책 속에 좋았던 부분 ""밥 딜런의 외할머니가 어린 밥 딜런에게 이렇게 말했다고 해요. 행복은 뭔가 얻으려고 가는 길 위에 있는 것이 아니라 길 자체가 행복이라고. 그리고 네가 만나는 사람이 모두 힘든 싸움을 하고 있기 때문에 친절해야 한다고.""-p.140 내가 오늘 만나는 사람도 인생을 살아가기에 힘든 싸움을 하고 있다. 한 번 더 친절하고 한 번 더 미소지어줄 충분한 이유가 우리 모두에게 있다는 것을 생각해 본다. ""독고"" 씨가 있는 불편한 편의점이 있다면 그곳이 어디든 나도 가보고 싶다. 옥수수수염차 한잔 나누며 때론 울고 웃으며 이야기 나눠보고 싶다."
2022-07-08,10,"[20220708] 리뷰 읽는 내내 최근에 본 드라마 <우리들의 블루스>가 생각났다. 편의점이라 공간안에서 서로를 위로하고 위로받는 모습이 잔잔하게 그려지는게 영락없이 영화 한편을 본듯했다. 어떤 배우가 이 역할을 하면 좋을지 생각하며 읽어내려갔다. 우연을 가장한 모든 만남! 불편하지만 찰라의 말 한마디로 관계는 진전된다. 독고씨는 모든 인물에 중심이고, 편의점 주인 여사님은 인물들의 든든한 울타리였다. 노숙자 한명을 울타리에 넣는 순간 불편한 편의점은 추운 날씨 편의점 밖에서 소주한잔 걸치는, 컵라면 한그릇 먹는 하루가 힘든 사람들에게 온풍기를 가져다주는 독고씨의 마음만큼 따뜻한 위로의 장소가 되어버린다. 진로문제, 가족문제, 가장의 무게, 삶의 힘듬 등으로 세상살이에 지친 사람들께 위로의 한마디로 삶의 짐을 덜어주는 독고씨가 왜 저렇게 살고 있는지 궁금했다. 그의 과거가 밝혀지고 어쩜 용서할수 없는 인물에 대표적인 모습인데 죽어 마땅한 사람인데, 그럼에도 살아갈 이유가 분명한 사람이었다. 그런 그가 누구를 위로했다기 보다 자신의반성을 통해 위로받았다고 본다. 서울역에서 마지막 장면을 영화로 본다면 펑펑 울것같다. 그럼에도 불구하고........살아보겠다는 독고씨의 말과 그의 어깨를 두드려주시는 여사님의 모습은 세상 무엇보다 따스하게 다가왔다. 독고씨가 잘 되었으면 한다. 불편한 편의점에 등장한 모든 사람들, 코로나로 힘든 모든 사람들, 경기하락으로 힘들어진 모든 사람들 힘내시길 바래본다. 그럼에도 불구하고.....살아가기 충분한 세상이기에 기운내시길 바래본다. #불편한편의점"
2022-07-08,10,"지인이 이 책을 궁금해하여 선물해주었다. 선물해주고 나니 나도 궁금해졌다. 그 친구가 다 읽고 나면 빌려서 읽으려고 했는데 그 친구의 읽는 속도보다 나의 궁금함 속도가 더 빨라서 결국은 사서 읽었다. 쩝. 하지만 사서라도 읽기 잘했다는 생각이 드는 좋은 책이다. 동화책 읽는 것마냥 꿈을 꾸게 하는 이야기다. 세상 어딘가에 이런 곳이 꼭 한 군데는 있을 거라고.. 믿고 싶어지게 하는..^ㅎ p.53 또한 사장님은 시현과 같은 알바생에게 시켜야 할 일과 자신이 해야 할 일을 정확히 구분했고, 솔선수범했으며, 무엇보다 직원들을 귀하게 대했다. ' 사장이 직원 귀하게 여기지 않으면 직원도 손님 귀하게 여기지 않는다.' 요식업으로 일가를 이룬 부모님 아래서 자란 시현이 귀가 따갑게 들은 말이다. 가게도 결국 사람 장사다. 손님을 귀하게 대하지 않는 가게와 직원을 귀하게 대하지 않는 사장은 같은 결과를 엊게 된다. 망한다는 말이다. 옳은 말이다. 사장이 행한 행동만큼 직원은 손님한테 행한다. 나도 그래서 손님한테 최대한 친절하려고 노력한다. 내가 그렇게 대접을 받고 있으니까. 감사하게도..^ㅎ p.140 ""밥 딜런의 외할머니가 어린 밥 딜런에게 이렇게 말했다고 해요. 행복은 뭔가 얻으려고 가는 길 위에 있는 것이 아니라 길 자체가 행복이라고. 그리고 네가 만나는 사람이 모두 힘든 싸움을 하고 있기 때문에 친절해야 한다 고."" 이 문장은 크게 메모해두고 내가 불친절해질 때마다 꼭 읽어야겠다. 이 문장과 결이 비슷한 문장도 하도 읽어서 마음 속에 저장은 해뒀는데.. 자동반사적으로 나오지는 않아서.. 것도 다시 크게 메모해둬야겠다. p.247 ""코로나가 심해져 어떻게 될지 모르겠어요. 하필이면 필생의 역작을 쓰니까 세상이 뒤집어지고 난리지 뭐예요."" 정 작가가 마스크 위로 초롱초롱한 눈동자를 빛내며 말했다. 자신의 비극을 웃으며 말하는 그녀의 모습에서 알찬 기운이 느껴졌다. 그건 꿈을 품고 사는 사람이 가진 힘이 아닐까? 새벽의 편의점에서 우리는 이야기했다. 그녀는 내 과거를 캐내기 위해 자신의 과거도 많이 털어놓았다. 나는 자기가 하고자 하는 일에 절대 지치지 않는 그녀의 에너지가 부러웠다. 그래서 물었다. 대체 당신을 지탱하는 힘은 무엇이냐고? 그녀가 말했다. 인생은 원래 문제 해결의 연속이니까요. 그리고 어차피 풀어야 할 문제라면, 그나마 괜찮은 문제를 고르려고 노력할 따름이고요. 나는 지금 또 어떤 문제 앞에 서 있다. 어차피 풀어야 할 문제라면.. 그나마 괜찮은 문제를 골라야 할텐데.. 나는 어째 늘 어렵기만한 문제만 고르는 것 같다. 꼭 풀 수 있었으면 좋겠다. 꼭 그랬으면 좋겠다. 부디 내가 아직 지치지 않은 것처럼, 그녀도 아직은 지치지 않았기를.."
2022-07-05,10,"편의점, 그것도 불편한 편의점이라니 나같음 절대 가지않았을것이다 다만 역설적이게도, 이곳은 세계에서 가장 따뜻한 편의점일 것이다 행복은 무엇일까? 돈?명예?지위? 아니다!! 바로 내곁에 있는 사람들과의 교감, 의사소통과 서로 마주보고 따뜻하게 웃는것이 행복일것이다 이 책에는 많은 등장인물이 나온다 걱정이 없어보일것같은 사람들도 겉으로 보여지는 것만이 아닌, 내면에서는 많은 고민과 걱정을 가지고있다 그것을 꺼내어 말할수 있게 하는 사람이 바로 독고이다!!"
2022-07-04,7,"집 근처 서점에서 갈 때마다 눈길이 갔던 책! 베스트셀러 코너에서 처음 봤을 때 '어~ 이 책은 뭐지?' 였다. (내 기준에) 유명한 작가도 아닌데 이 책은 무슨 특별함이 있길래 사람들에게 인기가 있나 싶은 마음에.. 책을 펴서 앞부분만 읽어봐야지 했는데, 생각보다 빠른 속도감과 몰입감에 꽤 많은 부분을 읽고 서점을 나왔었다. 한동안 잊고 있었는데, 지인이 생일선물로 책을 사 주고 싶다고 어떤 책을 읽고 싶냐고 물어봤었다. 주저없이 이 책을 읽고 싶다고 했었고, 지인도 똑같다고 해서  한참 웃었던 기억이 난다. 서점에서 앞부분을 읽었지만, 다시 한번 정독하고 싶은 마음에 다시 첫장부터 책을 읽기 시작했다. 큰 줄거리는 청파동에서 편의점을 운영하는 퇴직교사 염여사가 서울역에서 지갑이 든 파우치를 잃어버린다. 그 파우치를 노숙자인 독고씨가 찾아주게 되면서 인연을 맺게 되고.. 결국 독고씨는 염여사의 도움으로 편의점 야간 알바를 하게 된다. 어수룩하고 행동이 굼뜨는 독고씨지만 그만의 철학이 있었고, 그는 주변 사람들과 소통을 하면서 따뜻함을 나눠준다. 노숙인이라고 하지만 독고씨는 비범함을 가진 사람이였다. 서울역에서 염여사가 잃어버린 파우치를 찾으러 왔을 때 그가 한 행동을 보면 알 수 있다. 다른 노숙자들에게 맞아가면서까지 파우치를 지킨 것부터, 주인에게 잘 돌려주기 위해 꼼꼼하게 확인을 한 것까지, 사실 어지간한 책임감이 아니면 할 수 없는 행동이기 때문이였다. P. 15 염여사는 고마운 마음으로, 독고씨를 자기가 운영하는 편의점으로 데려온다. 그리고 배고플때마다 여기에 와서 마음껏 도시락을 먹으라고 한다. 폐기된 것을 먹겠다는 독고씨에게 염여사는 제대로 된 것을 먹으라고 이야기를 하지만, 독고씨는 꼭 저녁 8시 이후, 폐기된 도시락이 나올때를 맞춰 와서 그 도시락을 먹고 주변 정리까지 하고 돌아갔다. 편의점 야간알바 자리가 비면서 독고씨는 염여사의 추천으로 알바를 시작하게 된다. 저녁 알바 시현씨가 바코드 찍는 법, 정리하는 법 등을 독고씨에게 알려준다. 처음에는 무슨 말인지 못 알아들던 독고씨였지만 며칠이 지나자 능숙하게 업무를 처리하기 시작한다. 물론 손님을 응대하는 법이 미숙하긴 했지만.. 늘 시현씨에게 반말 비슷하게 하고 까탈스럽게 굴던 제이에스 오브 제이에스를 한방 먹이는 부분은 어찌나 통쾌하던지.. 독고씨는 시현씨에게 유튜브를 해 보라고 한다. 진짜예요... 시현 씬 가르치는 데... 재, 재주가 있는 거 같아요.. 머리에 바로바로 들어왔어요. P.75 침착하게 잘 가르치는 시현의 능력이 뛰어나다며.. 독고씨의 그 말이 마음에 와 닿은 시현씨는 정말 바코드 찍는 법부터 영상을 찍어 올리게 되고, 새로운 편의점을 오픈하는 고용주로부터 점장 자리를 제안받게 된다. 시현씨 본인도 알지 못하던 시현씨만의 능력을 독고씨는 정확하게 알아본 것이였다. 오전 알바 선숙씨는 대기업을 다니던 아들이 갑자기 직장을 그만두고, 주식에 사업에 손을 대다가 망하고 방에서 게임만 해서 이만저만 속상한게 아니였다. 독고씨를 마음에 들어하지 않다가, 아들과의 속상한 일을 독고씨에게 다 풀어낸다. 이야기를 다 들은 독고씨는 아들의 이야기를 들어주라고 한다. 그러면서 게임할 때 삼각김밥이 좋다며 아들에게 삼각김밥을 주라고 본인이 직접 사서 건네준다. 근데 김밥만 주면.... 안돼요. 편지... 같이 줘요. 아들한테.. 그동안 못 들어줬다고, 이제 들어줄테니 말.. 해 달라고.. 편지 써요. 그리고... 거기에 삼각김밥.. 올려놔요. P.109 회사에서 짤리지 않기 위해 버티는 중인 경만씨. 회사에서도 집에서도 설 자리를 잃어가는 중년의 아저씨이다. 술집에 가는 비용이 부담스러워 편의점 야외 테이블에서 참참참(참깨라면+참이슬+참치김밥)을 먹는 게 유일한 낙이다. 그런 그에게 독고씨가 옥수수염차를 권하며 술을 끊으라고 한다. 독고씨를 편의점 점주로 오해한 경만씨는 되려 독고씨의 충고가 불편해 지면서, 편의점을 멀리하게 된다. 그 이후 집에 일찍 가게 된 경만씨는 가족들과 함께 보내는 시간이 많아지면서 다시 가족과의 거리가 가까워지게 되고 술을 마시지 않게 되었다. 오랜만에 경만씨를 본 독고씨가 경만씨가 모르는 이야기를 전해준다. 엄마가.. 아빠 힘들게 돈 버니까.. 돈 아껴 써야 한다고... 편의점에 가면... 원 플러스 원만 사라고.. 그랬다는 거예요. 거참, 정말 아, 알뜰하다 싶었고... 애들이 참... 자알 컸다 싶었죠. P. 133 배우에서 작가로 전향한 인경씨~ 생각보다 작가로서의 삶이 성공하지 못해 괴로운 그녀는 박경리 문학관에서 만난 교수님의 제공한 숙소에서 3개월간 소설을 쓰기로 한다. 그리고 우연히 들린 편의점에서 독고씨를 만나게 된다. 독고씨와 이런 저런 이야기를 하다가 새로운 소설 소재를 발견하게 되고, 다시 재기를 노릴 수 있게 되었다. 바로 독고씨가 근무하는 ""불편한 편의점""에 대한 이야기.. 염여사의 아들 민식씨는 편의점을 팔고 사업을 하고 싶어서, 흥신소에 일하는 곽씨를 고용해 독고씨 뒷조사를 시킨다. 며칠동안 독고씨를 미행하던 곽씨는 되려 그의 인간적인 면에 끌리게 되고, 자신이 미행하면서 알게 되는 내용을 독고씨에게 전해준다. 독고씨와의 만남을 통해서 그는 흥신소를 그만두고, 독고씨가 떠난 뒤 비는 편의점 야간알바를 하면서 제2의 인생을 살기로 결심을 한다. 노숙자라고는 하지만, 이렇게 사람들의 마음을 토닥여주는 이 사람.. 도대체 누구일까? 노숙자가 되기 전에 보통 사람은 아니였을 거 같은데.. 마지막 장 "" ALWAYS""에 보면 독고씨는 누구였으며, 왜 노숙자가 되었는지를 알 수 있다. (궁금하신 분은 꼭꼭 책을 읽어보시길...) 기억을 되찾아 편의점을 떠나는 독고씨와 그를 따뜻하게 배웅해 주는 염여사. 편의점이란 사람들이 수시로 오가는 곳이고 손님이나 점원이나 예외없이 머물다 가는 공간이라는 걸, 물건이든 돈이든 충전을 하고 떠나는 인간들의 주유소라는 걸, 그녀는 잘 알고 있었다. 이 주유소에서 나는 기름만 넣은 것이 아니라 아예 차를 고쳤다. 고쳤으면 떠나야지. 다시 길을 가야지. 그녀가 그렇게 내게 말하는 듯했다. P.243 편의점을 자신의 부를 위한 수단이 아니라, 편의점에서 일하는 사람들의 생계수단이라고 생각했던 염여사. 그래서 폐기도시락이 아닌 제대로 된 도시락을 제공했던 염여사. 염여사의 이런 따뜻한 마음이 편의점에 스며들어 있었기에, 독고씨의 따뜻한 충고들이 여러 사람들에게 선한 영향력을 미치지 않았나 싶다. 독고씨처럼 손님을 대한다면 되려 불편함을 느끼는 사람들도 있을 수 있다. 내가 잘 알지 못하는 사람이 나에게 관심을 가지는 것이 익숙하지 않기 때문에.. 갈수록 삭막해져 가는 세상 속에서, 염여사와 독고씨가 나오는 소설을 읽고 나니.. 아직은 세상은 따뜻하고 인정 넘치는 곳이구나 싶은 마음이 들어 좋았다. 따뜻한 위로를 받고 싶다면.. 이 책 정말 강추한다."
2022-07-03,10,불편한 편의점은 청파동에 있는 Always 편의점에서 만나게 되는 다양한 사람들의 이야기를 다루고 있습니다. 그리고 이야기의 첫 시작은 소설속 인물 중 한 사람인 임영숙 여사로부터 시작을 합니다. 그리고 그곳에서 만나게 되는 또 다른 인물 독고라는 사람을 통하여 새로운 이야기의 전개로 연결되는 과정들이 읽는동안 흥미로웠습니다. 그리고 임영숙이라는 인물에 대하여 알 수 있는 내용들을 읽어보면서 느낀점은 돈에 대한 큰 욕심없이 지금의 삶에서 얻을 수 있는 것에 큰 만족을 하면서 살아가고 있다는 것에 저에게 많은 교훈으로 다가오기도 하였습니다. 그리고 이곳 편의점에서 만나게 되는 사람들. 하나하나의 각 사람들이 살아가는 이야기를 읽어갈 수 있었습니다. 그리고 지금의 현실에서도 볼 수 있을 내용들이어서 읽는동안 많은 공감이 저절로 되었습니다.
2022-07-03,10,"입소문을 탄 건지, 홍보가 좋았던 탓인지는 몰라도 어쨌든 장기간 베스트셀러에 오르고 리뷰가 200건이 넘어가는 책을 보면 읽을지 여부는 둘째치고서라도 일단 호기심이 생길 수 밖에 없다. 그렇게 내내 궁금해 하던 책이 생기면 일단 어떤 내용인지 찾아보게 마련인데, 정말 희한하게도 이 책만큼은 그걸 안했었다. 왜 그랬는지 그 이유는 나도 모르겠다. 오로지 제목만으로.. 마치 청소년 소설처럼 무언가 극복해가는 이야기겠거니 하고 추측하며 책장을 넘기기 시작했다. 이야기는 역사 교사를 은퇴한 70대 여성 염영숙 여사가 부산행 KTX를 타고 가던 중 자신의 모든 것(지갑, 도장 등)이 담긴 파우치를 분실했다는 사실을 알게된 직후 공중전화에서 걸려온 통화에서 한 남성이 파우치를 보관하며 있다는 말을 들으며 시작된다. 둘은 이후 서울역에 위치한 공항철도 부근 한 편의점에서 만나기로 약속하는데, 참 첫만남부터 범상치 않다. 통화 당시에도 말을 아주 어눌한 발음으로 더듬 거리며 간신히 말하던 이 남자는 떡져있는 장발에 색깔 구분이 안가는 면바지와 얇은 스포츠 차림이어서 한 눈에 노숙자임을 알 수 있었다. 모든 세계에서 약육강식의 지배가 당연한 것은 아니지만, 모든게 아쉬운 그들에게 있어선 이 방식을 안 써먹을리가 없다. 염여사가 가던길을 되돌아와 이 노숙자를 발견한 순간 하이에나 같은 3명의 노숙자는 그 노숙자가 보관하고 있던 염여사의 파우치를 강탈하고 이를 놓치지 않기위해 육탄전이 벌어진다. 다행이 끝까지 사수한 노숙자는 코피와 콧물이 범벅인채로 염여사와 마주하게 되고, 그 순간에도 함부로 건네줄 수 없다며 지갑 속 주민등록증을 꺼내 신분확인을 요구한다. 확실히 해야 한다며. 그렇게 아웅다웅하다 파우치를 돌려받고 지갑 속에 있던 4만원을 사례비로 건네지만 인사를 하고 그대로 돌아서서 가버린다. 그런 노숙자가 염여사의 눈에 다르게 보이기 시작한다. 이 노숙자의 이름은 '독고'이다. 이게 성인지, 이름인지 알 수 없지만 남들이 그렇게 부른다고 해 소설 속에서 그는 '독고'로 통한다. 그러고 보니 마지막까지 그의 진짜 이름이 나오지 않았다. 그걸 리뷰를 쓰는 이 순간에서야 생각났다는 점도 특이하다.(그게 궁금하지 않을 정도로 재미있긴 했다.) 독고는 노숙을 하며 술에 찌들어 있는 탔에 알콜성 치매가 있었다. 그래서 자신이 누구인지 자기 자신도 몰랐다. 어쨌든 자신에게 도움을 준 독고씨를 그냥 두고 볼 수 없었던 염여사는 다짜고짜 자기랑 어디 좀 가자며 독고를 데리고 빠른 걸음으로 이동한다. 염여사는 퇴직 후 남편이 남긴 유산으로 청파동에서 'Always'라는 편의점을 운영하고 있다. 딸은 결혼을 했고, 아들은 허세가 가득한 골치덩어리이다(내내 편의점 중 일부는 아버지가 남긴 자신의 유산이라며 어떻게든 팔아치워 사업자금에 대려고 시시탐탐 노린다). 어쨌든 자기 자신은 퇴직연금을 받으며 한 몸 건사할 수 있지만, 평생 아이들을 지도해오고, 현재도 교인 생활을 충분히 하는 그녀는 벌이가 시원치 않은 편의점을 그만 둬버리면, 자신이 고용하고 있는 직원(또는 알바생)들이 일자리를 잃어버린다는 생각에 그저 그 직원들의 급여를 줄 수 있는 딱 그만큼만 벌면 된다는 생각으로 오늘도 하루 하루를 살아가는 인상좋은 할머니이다. 이 편의점에는 24시간을 3교대로 나눠 3명의 직원 또는 알바생을 고용해 운영되고 있었다. 공무원 시험준비와 알바를 병행하며 서른을 코앞에 둔 시현이, 집나간 남편과 그를 똑 닮은(?) 외아들을 둔 50대 말많은 아줌마 오선숙, 두 아이를 둔 가장으로 편의점 근처 반지하에 살며 갑작스런 실직으로 Always에서 1년 넘게 야간 알바를 하던 50대 중반 성필씨가 그 주인공이다. 타이밍이 좋다고 해야되는 건지 성필씨가 지인을 통해 중소기업에 재취직하게 되며 야간 알바를 그만 두게 된다. 성필씨 덕분에 염여사는 걱정없이 편의점을 운영할 수 있었다고 해도 과언이 아닌데 사람 구하기 어렵다는 야간 알바를 구해야 할 처지에 놓인다. 여기저기 수소문도 하고 여기저기 고장나기 시작한 70대인 염여사도 스스로 야간시간대에 편의점을 지켜보지만 사람구하기가 영 쉽지 않다. 그러던 어느날 새벽 술취한 남녀 4명이 들어와 거친 욕설이 섞인 대화를 하다 염여사의 교사시절 지도 본능을 건드리고 마는데, 그 덕분에 염여사는 혼자서 4대 1로 싸워야 하는 위험한 상황에 놓이고, 때마침 나타난 독고가 염여사를 구해주게 된다. 두 사람의 첫 만남 이후 사람 좋은 염여사가 독고에게 매일 와서 돈 내지 말고 도시락 먹고 가라며 배려해 준 덕분에 꼬박 꼬박 편의점을 찾다가 염여사가 새벽에 일한다는 정보를 알게되고 걱정되서 찾았던 것이다. 결국 염여사는 독고에게 야간 알바자리를 제안하고, 가불을 해주며 그의 외모를 다듬게 하고, 머물 곳 또한 마련해준다. 염여사의 선택은 아주 옳았다. 독고가 야간 시간대에 편의점에서 일하게 되며 만나는 사람들과의 사연으로 본격적인 이야기가 시작된다. 앞서 말한 3명의 직원들(성필씨는 특별출연인가 보다.) 외에 염여사의 아들, 그리고 쌍둥이 딸을 둔 40대 영업사원, 배우하다 작가로 전향한 30대 후반 여성, 그리고 흥신소 60대 남성이 차례 차례로 등장한다. 앞서 염여사가 독고와 만나는 장면을 자세하게 말한 이유는 자신도 자기가 누군지 모르는 그의 행동이 Always의 야간에서 펼쳐지는 이야기에 많은 영향을 끼치고 있기 때문이다. 소설의 마지막 까지 독고의 나이가 어떻게 되는지, 이름이 무엇인지는 나오지 않지만 아마도 40대가 아닐까 추청해 본다. 그렇다면 노숙자가 되기 전까지 무언가 일을 했을 것이고, 그의 행동은 머리로는 기억하지는 못해도 몸이 스스로 기억해서 움직였을 것이기 때문이다. 이 소설이 특이한 점이(적어도 나에게서는) 또 하나 있다. 처음 독고가 편의점에 나타나고 편의점에서 일하게 되며 독고와 가장 많은 이야기를 나눈 것은 염여사와 시현이다. 이 둘이 독고의 진짜 정체를 알아내려고 그렇게 노력을 해도 안되서 포기하는 데, 평소라면 진짜 그의 정체가 뭐지 하며 궁금했을 텐데도, 매번 달리 등장하며 쏟아지는 사연이 너무 재미있어(정확히는 각자 힘든 상황이라 재미있다기 보다도 글이 너무 잘 읽힌다고 해야 될 것 같다.) 어느새 독고의 정체에 대한 것은 생각나지도 않았다는 점이다. 그렇게 잊어버리고 있었는데, 마지막 장에 묻지도 않았는데, 궁금했던 사실을 선물처럼 풀어낸다. 아주 대 반전이 일어난다. 총 8개의 장으로 나뉜 이 소설은 염여사와 독고가 만나고 편의점 야간알바를 하게된 계기 그리고 노숙인의 정체가 밝혀지며 독백하는 독고이야기인 마지막장을 제외하면 총 6명의 사람 즉, 6개의 사연이 들어있다. 깨끗이 씻고, 떡진 머리는 깔끔하게 자르고, 깨끗한 새 옷으로 갈아입었어도 처음엔 노숙자 티가 쉽게 벗겨지지 않았고, 어눌한 말도 쉽게 고쳐지지 않아 등장인물마다 부딪히지 않고 넘어가는 법이 없었지만, 어느샌가 모두들 그의 언동을 통해 묘한 감정의 변화가 생기며 새로운 변화를 맞이하게 된다. 이 6개의 스토리는 마치 얼마전 종료된 우리들의 블루스에 만났던 감동과, 드라마 심야식당에서 만났던 따뜻함과 편안함이 섞인 옴니버스 같다.(안 그래도 중간에 '그거 심야식당'아니냐?!' 하는 말이 나와 얼마나 웃었는지 모른다.) 참고로 이 소설에 등장하는 작가는 아무래도 이 책의 진짜 작가 자신을 모델로 하지 않았나 싶다는 생각이 계속 든다. 마지막에 독고는 염여사의 배려로 편의점 일을 하며 자신의 정체를 모두 기억해내고 진짜 마지막 삶을 찾아 떠나게 된다. 그러면서 그는 이 편의점이란 공간을 그게 무엇이든 간에 그 곳을 찾는 모든 사람들이 충천을 하고 떠나는 '인간들의 주유소'라고 말한다. 내가 보기엔 인간 주유소에서 그는 Always를 찾는 사람들을 위한 '인간 충전기'가 아니었나 싶다. 그렇게 다른 사람들에게 충전해주며, 그 자신도 충천을 하고 있었다. 자신의 진짜 마지막 삶을 위해서 말이다. 이 책을 2/3 정도 읽었을 즈음에 볼일이 있어 잠시 책을 덮고 외출을 하고 돌아오는데, 나머지 이야기가 너무 궁금해 빨리 가야겠다는 생각이 들었다. 그런 생각이 든 게 정말 오랜만이었던 것 같다. 각자 힘든 사연들도 그것을 보며 함께 지치지 않게 너무 읽기 편한 글이었던 것 같다. 왜 스테디셀러인지 이젠 절로 고개가 끄덕여진다."
2022-07-02,10,"베스트 셀러에는 다 이유가 있다. 우선 읽기 너무 편한 글이었다. 과장되지 않은 설정과 일상에서 오는 편안함을 느낄 수 있는 책이다. 책의 표지부터 편안함을 주었다. 제목의 ""불편함""이 나에게는 너무나 편안함으로 다가왔다. 소설 속 사건의 인물들의 시점에서 묘사되는 분위기는 나에게 따뜻함을 가져왔다. 일을 마치고 늦은 밤 가볍게 읽고 강하게 위로받는 내용이다. 이 리뷰를 쓰면서도 당장 편의점으로 가고싶다."
2022-06-27,10,"글이 읽기 너무 편안하다. 우리네 일상.. 주변에서 쉽게 접할 수 있는 공간에서 벌어지는 특별하지만 친숙한 캐릭터들의 이야기가 .. 부담스럽지 않게 다가왔다. 단숨에 읽어내려가고 나니 한편의 잔잔한 영화를 본 듯하다. 배역도 내 맘대로 정해서 상상의 나래를 펼치며 읽으니 더욱 몰입감이 좋았다. 일상 속에서 벌어질 법한 이야기들을 토대로 저마다의 이야기를 풀어가면서 독고씨로 인하여 문제가 해결되고 그리고 독고씨도 그들을 통해 회복되고 치유되면서, 각박한 우리네의 현실 속에 따듯함이 피어오르게 하는 책이었다."
2022-06-26,10,글이 매끄럽고 편안하다. 우리네 인생살이 등장인물들을 통해 잘표현해주고 있다. 큰 사건이 터진것도 아닌데 어딘지 모르게 재밌다.겨속 읽어봐야지. 그냥 손님들인데 친구끼리 이야기할 정도의 깊이 있는 대화를한다. 좀 선을 넘는 분위기다. 인생의 진짜 모습을 잘묘사했다. 독고씨의 사연이 너무 절절하다 의료사고. 김호연 작가님의 책 하도 유명해서 샀는데 그 명성 그대로네요 잘 읽었습니다. 도움이 될까해서 채 몇권만 여우와 토종씨의 행방불명 바다를 병들게 하는 플라스틱 우린 1회용이 아니니까 종이로 사라지는 숲이야기 아이 몸에 독이 쌓이고 있다 자미원국88
2022-06-25,10,"이 책은 원북원 부산 2022년 선정 도서이다. 이미 이전에 책을 접하여 읽은 상황이지만 책을 읽고 재미가 있었기에 홍보단을 신청하였다. 이 책은 편의점을 둘러싼 일반 사람들의 이야기이다. 코로나19라는 시대상도 담고 있다. 의료 사고를 둘러싼 사건도 담고 있다. 현실적인 문제를 우리의 일상 속에 넣어 편안하면서 즐거운 독서의 시간으로 우리를 이끈다. '먼저 사장님, 염영숙 여사님 . 염여사는 교사로 퇴직 후 동생의 조언에 따라 편의점을 운영중이다. 염여사가 대구로 가는 기차에서 귀중품(카드, 현금 등)이 든 파우치를 잃어버리면서 시작된다. 파우치를 찾아준 것은 독고, 노숙자이다. 대충 사례금 좀 쥐어주고 끝낼 생각이었으나, 독고는 파우치를 제 주인에게 찾아주고자 노숙자간 싸움까지 불사하며 지켰다. 그 사실을 알고 그냥 넘어가기가 어려워 자신이 운영하는 편의점으로 데리고 와 도시락을 준다. "" 아무튼 꿀통 파먹는 곰 꼴이다."" 이 한마디 묘사로 독고의 모습이 한눈에 선하다. 언제든지 와서 도시락을 먹어도 된다고 한다. 무리수다. 노숙자들을 잔뜩 데리고 와서 편의점에 진을 치면 어쩌지? 매일매일 끼니마다 들이닥치면 어쩌지?하는 걱정부터 하는 시현이다. 하지만 독고는 그런 사내가 아니다. 자주 오지도 친구들을 데리고 와서 진을 치지도 않는다. 도시락 폐기 시간이 지난 시간에 와서 폐기해야하는 도시락을 먹는다. 나라도 그럴 듯 하다. 미안하고 또 고마울 것이다. 염여사는 교사로 퇴직했다. 평생을 교사로 산 사람의 습관? 누군가를 제대로 된 길로 이끌고 싶은 또는 제자리로 되돌려 놓고 싶은 그런 마음이 깔려 있는 듯 하다. 또 자신은 편의점이 꼭 필요한 사람이 아니지만 직원들은 편의점이 꼭 필요한 사람들이니 편의점을 닫지도 않는다. 누군가에게 필요한 것이라면 그것이 꼭 내게 큰 득이 되지 않아도 해 주려 한다. 뉴스에 나오는 사람들은 자신의 이익이 된다면 어쩌구저쩌구 하지만 보통 사람들은 다른 사람도 생각하며 사는 사람이 대부분이다. 편의점 장사는 잘 안되지만 오전 시간을 맡은 오여사, 야간시간을 맡은 성필씨는 생계가 달린 일이었고, 취준생 시현까지 모두 가족같은 사람들이었기에 편의점을 정리할 수는 없었다. 야간시간을 맡은 성필씨가 갑자기 그만두는 바람에 야간 시간을 맡은 염여사. 취객들에게 봉변을 당하던 중 독고씨의 도움을 받는다. 경우 바른 독고씨를 야간 알바로 고용하면서 편의점은 불편하게 변한다. JS를 해치운 독고씨. 묵둑둑한 독고씨.  불편한 편의점인 듯 하지만 따뜻한 편의점이 되어 간다. "" 진심 같은 거 없어도 그냥 친절한 척만 해도 친절해지는 것 같아요."" 손님한테 하듯 하세요. 가족도 손님 대하듯. 독고가 곽에게 해준 조언이다 가족에게 손님 대하듯 하면 가족과도 서로 상처주지 않는 관계가 될 것이다. 인생의 모퉁이는 생각지도 못한 곳에서 생각지도 못한 기회로 나타난다. 편의점의 등장인물들은 편의점을 모퉁이 삼아 인생이 변한다.  나의 인생의 모퉁이는 책이다. 생각지도 못한 우연한 책 한권에서 시작되어 두권 세권... 책들이 내게로 오고 내가 책에게로 가고 있다. 이렇게 원북원 도서 홍보까지 찾아서 하고 있다. 나름 만족한 삶을 살아가는 내게 약간의 무료하던 나의 일상을 꽉찬 풍만함으로, 즐거움으로, 보람으로, 나 자신을 대견히 여김으로 바꾸어 주고 있는 책들이다. 인경의 모퉁이가 된 편의점. 독고. 막힌 듯한 그녀의 인생이 뚫린다. 시원하게 뚫려서 이 책이 나왔는지도. 작가의 자신 이야기 인지도. 그녀의 인생이 주욱 뚫리길 바란다. 인생은 원래 문제 해결의 연속이니까요. 그리고 어차피 풀어야 할 문제라면 그나마 괜찮은 문제를 고르려고 노력할 따름이다."
2022-06-25,10,주문해서 책을 받아놓고도 읽고있던 인문사회관련 책이 있어서 좀 늦게 책을 펼쳤어요.근데 단숨억 쭉 읽고 리뷰를 남김니다.진지한 내용을 무겁지 않은 문체로 풀어나가서 읽는내내 마치 편의점에 내가 같이 있는 착각이 들더군요..다 읽고 나서 여운이 꽤 길게 가더군요.아무때나 꺼내서 읽어보면 좋겠다는 생각이 들었어요. 좋아요 좋아요 좋아요 좋아요 좋아요 좋아요 좋아요 좋아요 좋아요 좋아요 좋아요 좋아요 좋아요 좋아요 좋아요
2022-06-23,10,선물하려고 같은 책을 재구매하였어요~~~ 시간이 없어서 아직 읽어 보지를 못 했지만~~~  중학생에게 선물했더니   너무 좋아해서 기분이 좋습니다~~~~~ 책을 몇 권 구입했는데 어서 빨리  시간내서 빨리 읽어봐야겠어요~~ 오늘도 도서구매 할 것이 있어 들어 왔네요~~~~~~ 근데 온라인 주문이라 그런지 책 앞표지가 찢어지거나 오염된 게 계속 배송 되는데 신경 좀 써주시기 바랍니다~~~~
2022-06-22,10,재미없는데도 여러 이유들로 베스트셀러가 되는경우가 많아서 베스트셀러를 잘 안사는편이였는데 이건 진짜 베스트셀러였다!내용이 스스로 생각해 보게 만들어서 내가 다채로워지는 느낌이였다.내용중에서 등장하는 캐릭터들은 주변에서 볼법한 캐릭터들인데 그중 현실에서도 볼법한 밉던 그들이 이해가 되는 신기한경험을 했다.디자인도 너무 사랑스러워서 꼭 사서 소장해가지고 두고두고 보고싶은 볼수록 매력있는책이다!
2022-06-21,10,"어른들을 위한 동화는 없을까? 누군가 물어본다면 <불편한 편의점> 책을 추천해주고 싶다. 처음 몇 장을 넘길 때만해도 왜 재밌다고 하는 걸까 싶었는데, 옴니버스 형식의 에피소드를 하나씩 읽어나가다 보면 나도 모르게 미소 지고 있는 내 모습을 발견했기 때문이다. 어딘가에 존재할 것만 같은 'always' 편의점에서 벌어지는 일상 속 이야기들은 치열하게 살아가는 현대인들에게 큰 위안을 준다. 무엇보다 우리 곁에서 볼 수 있는 일반적인 설정과 주인공들의 선택에 고객을 주억거리게 된다. '편의점'이라는 공간은 정말 매력적이다. 편의점의 목적 자체가 '오래 머무는 곳'이 아닌 '떠나기 위해 잠깐' 들려 '필요한 것'을 취하는 공간이기 때문이다. 잠깐 머물다 가는 '편의점'에서 최선의 선택을 하며 살아가는 우리네의 모습은 오랜 여운을 준다. 매 장마다 화자가 전환되어 물 흐르듯 에피소드 형태로 이야기가 진행되는데, 마지막 장을 넘기고 나면 하나의 큰 퍼즐이 완성된 플롯에 감탄을 하게 된다. 물론 결말의 반전이 현실과 다르게 너무 해피엔딩이라는 게 매우 아쉽지만 말이다. 그럼에도 현실이 아닌 소설 속에서라도 '정의'에 대한 가치가 우선되는 것이 오히려 맞지 않나 하는 생각이 들었다. 이 소설은 편의점을 운영 중인 염 여사가 '지갑이 든 파우치'를 잃어 버린 뒤, 그 파우치를 서울역 노숙자였던 '독고씨'가 줍게 되면서 시작된다. 70대 할머니와 중년의 노숙자라니, 정말 언밸런스한 조합 아닌가! 처음에는 말 더듬는 독고씨가 너무 답답했는데 시간이 지날 수록 성장하는 그의 모습을 보면서 말을 더듬는 그의 모습조차도 사랑스럽게 느껴지게 된다. 제일 이 소설에서 공감이 갔던 장면은 코로나 19 시대의 지하철 진상에 대한 묘사였다. 통괘한 사이다 같은 대사. ""너무 크게 떠드니까 궁금해지잖아"". 정말 큰소리로 통화하는 지하철 빌런을 보면 해주고 싶었던 말을 독고씨가 외쳐주었다. ""왜 남의 통화는 듣고 쓸데 없는 질문을 하는거야? 너 미친놈이야?"" ""들리니까."" 타깃이 무 자르듯 말했고 그 단호함에 잠시 사내가 멍하니 그를 바라보았다. ""당신이 이번 주말 ... 어느 골프장 가는지 관심... 없었는데 너무 크게 떠드니까... 궁금해지잖아..."" 책을 읽는 도중 편의점에 방문하면 괜스레 옥수수수염차, 참이슬, 참깨라면, 참치마요 삼각김밥 등 책에 언급된 상품들을 곁눈질하게 되었다. 술술 잘 읽히는 가벼운 소재에 진한 감동을 받을 수 있는, 마음이 따뜻해지는 책이었다. 인생에서 누구든 잘못된 선택을 할 수 있고, 그 순간을 후회할 수 있다. 그 순간을 바로잡기 위해서는 많은 용기가 필요하다는 것을, 그리고 너무 늦지 않게 바로 잡을 필요가 있다는 사실을 이 책의 결말을 읽으며 다시금 생각해보았다."
2022-06-20,8,이 책을 서점에서 여러번 마주치다 예스24에서도 자주 보게되어 재미가 있나싶어 구매했다. 진짜루~ 내용이 쉽고 지루하지 않아 편하게 한번에 읽어버렸다. 어디선가 보고 들은듯한 드라마 같은 이야기가 흥미로웠다. 누군가의 선의를  항상 의심부터하는 마음을 잠시 부끄러워했다. 나도 누군가에게 희망을 줄 수 있는 지혜로운 노인이 되고 싶어지는 아직은 세상은 아름답다는 풋풋한 동심이 생겨났다. 독고씨의 과거가 디테일이 약해  못내 아쉬웠지만 내 상상으로 마무리해본다.
2022-06-19,8,"< 불편하지만 사람의 정이 느껴지는 따뜻한 편의점 > 2022년 원북으로 선정된 책이라서 도서관에서 빌리려고 했는데 예약이 많아서 빌릴 수가 없다. 마침 중고서점에서 책을 발견하고 횡재했다는 심정으로 샀다. 읽어보니 선정된 이유를 알 수가 있었다. 염영숙 여사는 교직생활 퇴직 후 조그마한 편의점을 운영하고 있다. 처음에서는 장사가 잘되었으니 근처에 다른 편의점이 생기면서 매출이 급감하여 겨우 유지하고 있다. 수익을 바라지 않고, 직원 월급만 줄 수 있으면 다행이라 생각하며 운영하고 있다. 어느날 부산으로 가는 도중에 지갑든 파우치를 잃어버린다. 어디서 잃어버렸는지 통 알 수가 없었는데 갑자기 전화가 온다. 어눌한 말투에 노숙자임을 한순간에 알 수가 있었다. 급히 서울역으로 돌아온 염여사 노숙자인 독고라고 불러달라는 사람을 우여곡절에 끝에 편의점에 취직을 시킨다. 다른 사람들은 큰일난다고 했지만 오랜 교직생활동안 경험한 사람보는 안목을 믿는다. 그런데 매출이 늘어나고, 노숙자라고 폄하했던 사람들까지 감동을 받으면서 잔잔한 나비효과가 발생한다. 독고 자신도 술로 잃어버린 자기 기억을 되찾는다. 전개는 편의점에 관련된 사람들 한 명씩 이야기로 이루어진다. 가장 먼저 주인인 염영숙 여사, 알바인 시현, 선숙, 고객인 경만과 인경, 주인 아들인 민식, 독고 뒷조사를 맡은 곽씨, 마지막에는 독고의 이야기이다. 잔잔한 감동을 주면서 재미가 있어서 금방 읽힌다. 개인적으로 《나미야 잡화점의 기적》 같은 감동을 받았다. ""그거에요 들어주면 풀려요."" ..... "" 아들 말도 들어줘요. 그러면..... 풀릴 거예요. 조금이라도."" 선숙은 그제서야 자신이 아들의 말을 한번도 제대로 들어준 적이 없음을 깨달았다. - p108 - 편의점이란 사람들이 수시로 오가는 곳이고 손님이나 점원이나 예외없이 머물다 가는 공간이란 걸, 물건이든 돈이든 충전을 하고 떠나는 인간들의 주유소라는 걸, 그녀는 잘 알고 있었다. 이 주유소에서 나는 기름만 넣은 것이 아니라 아예 차를 고쳤다. 고쳤으면 떠나야지. 다시 길을 가야지. 그녀는 그렇게 내게 말하는 듯했다.      - p243 -"
2022-06-18,10,"봄꽃담은 책표지위 끌렸고, 울동네도 몇개나있는 편리한 편의점의 일상을 보고팟다 시작은 서울역 할머니의 핑크색 파우치였는데, 끝은 코로나 의료봉사ㅡㅡ;; 거기다 우리지역 지금생각해도 갇혀서 갑갑했던 벌벌떨며 꼼작않았던 2020년ㅡㅡ 독고씨를 중심으로 편의점에서 벌어지는 일상 소통관계를 그려논편하게 잘 읽어내려가는 소설였습니다.. 독고씨의 과거 떠올리기는뭔가 추리소설 느낌도 들었음"
2022-06-15,8,불편한데 자꾸 가고싶은 편의점이 있다? 라는 키워드와 주제로 책의 내용이 이어지는 도서입니다. 편의점 아르바이트생과 편의점을 방문하는 손님들과의 이야기로 이루어지는데 정말 일상생활을 배경으로 이어지는 이야기 이다보니 보다 현실감 있고 일하면서 스쳐지나가는 누군가는 모두 자신만의 이야기가있고 스토리가 있어 보통의 사람이라는 것들을 다시한번 일꺠워주는 책이라고 생각합니다.
2022-06-15,10,"이런 코시국에 가슴이 참 따뜻해지는 이야기였습니다. 독거 노숙자를 야간 알바로 앉혔더니 생각과 다르게 여러 사람의 이야기를 따뜻하게 잘 들어주면서 고민 해결사처럼 되었다는 이야기 입니다. 매일 오가는 사람들의 저마다의 사연을 들어주면서 해결해주는 모습이 참 훈훈했더랬습니다. 빨리 이 코로나 시국도 해결되어 편의점 앞에서 맥주도 기울이고, 사람들끼리 얼굴을 보고 웃는 날이 왔으면 하네요"
2022-06-14,10,김호연 작가님의 불편한 편의점 정말 정말 재밌게 잘 읽었습니다 요즘 벚꽃 에디션으로 다시 출간이 됐던데 그 책도 구매를 하고 싶지만 불편한 편의점을 소장하고 있기게 꾹 참고 있는 현실이네요 서울역에서 노숙인 생활을 하던 독고라는 남자가 어느 날 70대 여성의 지갑을 주워준 인연으로 그녀가 운영하는 편의점에서 야간 알바를 하면서 이야기는 시작됩니다 잘 읽었습니다
2022-06-14,10,책 사서 읽어도 리뷰는 안 쓰는데 이 책 리뷰는 꼭 쓰고 싶었어요 큰 기대 없이 산 책인데 읽는 내내 마음 훈훈 편안해지고 다 읽고 나면 여운이 남는 그런 책이에요 올해의 책으로 선정된 이유를 알겠어요 불편한 편의점 같은 책 또 어디 없을까요? 간결하게 표현해도 이 책의 임팩트는 표현 가능한데 리뷰를 150자 이상 써야 등록이 된다고 하네요 오마이갓
2022-06-13,10,추리소설만 읽다가 오랜만에 읽은 일상물이었는데 예상외로?? 재미있었습니다.1주일 동안 읽으려고 했다가 2일만에 읽었다는... 챕터마다 새로운 등장인물과 주인공에 얽힌 이야기둘이 풀어지는데 그렇다보니 더 몰입이 잘된거 같아요! 또 주인공의 비밀들이  나중에 밝혀지는데 그 챕터 마다 마다 주인공의 비밀들을 생각 해보면서 읽기도 좋은거 같아요. 읽으면서 등장인물들의 행동이 쉽게 상상이 되고 내용에 관해 생각도 많이 할 수 있는 좋은 책입니다.
2022-06-11,10,오랜만에 따뜻한 책을 만났습니다. 지갑을 잃어버리면서 펼쳐지는 이야기들 교사인 편의점 사장님 길거리에서 살던 노숙자 아저씨 편의점에서 일하는 사람들 각자 사연들이 있고 편의점 사장님은 본인 상황도 어려운데 아들 보다도 직원들이 가족같고 직원들을 잘 헤아려주고 보듬어주고 아껴주는데 너무 보기 좋았고 요즘 남에게 관심을 갖고 살기 힘든데 작은 관심으로 많이 변화되는 모습에 따뜻함을 느꼈습니다. 평소에 편의점을 잘 가는데요. 동네 CU편의점 사장님이 생각 났습니다. 항상 밝게 웃어 주시고 서비스도 주시고 DC도 해 주셨는데 이사하는 관계로 2-3달 못 갔는데요. 편의점 제품도 좋은게 많아서 자주 갔었는데 근처에 편의점이 멀리 있어서 못 가네요. 요즘은 마트로 다니는데 편의점 처럼 따뜻함은 덜합니다. 책 재밌게 잘 봤네요.
2022-06-07,7,"[불편한 편의점 - 김호연] 사라진 것들이 오래 남는다. 사람의 기억은 이상하다. 이것까지 저장하니까 용량이 부족하지. 살펴 보면 한숨이 절로 새게 하는 가벼운 기억이 꽤 많다. 예컨대 펌프하면서 땀을 비오듯 흘렸던 전학 간 경수의 얼굴이라든지, 불콰한 얼굴로 오는 애들마다 새우깡 몇개를 나눠주시던 술꾼 세광슈퍼 아저씨라든지, 닭도 튀기고 슈퍼도 하는 오성슈퍼 냄새라든지 하는 것들이다. 오성슈퍼는 들어서면 오른편에 있는 부엌에 꼬꼬 소리가 가득했고 수많은 생명의 죽음을 암시하는 커다란 칼과 도마로 쓰는 새까매진 나무 밑둥이 어쩐지 서늘하게 했지만, 닭을 튀기는 달콤하고 기름진 기름 냄새가 가득해서 따뜻하기도 했다. 닭 주문이 들어왔는지 사장님이 닭을 잡고 있는 순간에는 눈을 질끈 감고, 과자가 가득한 매대 사이에 주저 앉기도 했다. 세광슈퍼는 사라지고 세광이가 누구인지 알 길도 함께 사라졌지만, 오성슈퍼 사장님은 지금도 오성닭집으로 이름을 바꿔 닭집만은 운영하고 계시는데, 작은 마을에 온갖 치킨 프랜차이즈는 다 들어서서 닭집에서 닭을 튀길 일도 별로 없을 뿐더러, 그곳에 다시 가보기가 겁나서 가보지 못했다. 과자를 사러 가면 친절한 사장님이 우리집은 딸이 없어. 아줌마도 딸이 필요하거든. 하시며 자체적으로 1+1 행사를 해주셨는데, 그 따스했던 기억의 지금은 어떨지 확인하는 것이 무섭다. 잔돈이 부족해서 울상 지으면 모른척 해줄게. 하면서 과자를 검은 봉다리에 넣어주시고 어여가. 하시던 그 분을 기억하지만, 그 분은 30대가 되어버린 꼬마 손님을 기억하지 못할테다. 그 기억의 불일치가 그럴 수 있지. 그럴만 하지. 싶으면서도 한편으로는 서운하다. 그래서 굳이 그 불일치를 확인하러 나설 자신이 없다. 생각해 볼 필요도 없이, 세광슈퍼나 오성슈퍼는 불편한 가게들이었다. 요즘 시대에는 주인 아저씨가 낮술의 흔적을 가득 담은 얼굴로 안쪽 방에 앉아, 어 왔냐? 하면서 바깥 쪽을 내다보는 구멍가게가 살아남기 어렵다. 그런 구멍가게들은 한결 같이 <추격자>에서 영민이 미진(서영희 분)을 죽였던 작은 동네 가게랑 소름끼치게도 똑같은 구조를 공유한다. 마치 짜고 친 것처럼. 판매 규모도 작고, 물론 발견한 순간 장땡을 잡은 것이지만 간혹 유통기한 넘은 (좀처럼 과자는 유통기한 넘기가 쉽지 않다) 과자도 나온다. 말하자면 불편한 슈퍼다. 요즘에는 작은 마을에도 하나로마트, 00 슈퍼마트 같은 대형 마트들이 들어서서 이제 그 흔적을 찾기가 쉽지 않다. 그래서 예의 슈퍼들과, 아줌마, 세일러문 다이어리 쪼끄만거 어디있어요? 하면, 글쎄다. 어디 뒀지. 거 어디 찾아봐라잉. 아줌마 바쁜게. 같은 대화가 자연스러웠던 새싹문고 같은 존재들이 기억 속에서 유독 생생한 것이 더 아이러니하다. super 하지 않은데 슈퍼라고 당당히 이름 붙여놓은 아이러니들. 불편하고 그리하여 현존하지 않게 된 것들. 그것들은 모두 어디로 갔을까. 현실에서 사라진 불편한 것들이 기억에 남는 이유는 무엇일까. 김호연 작가의 <불편한 편의점>을 읽으며 슈퍼하지 않은 슈퍼들을 떠올렸고, 사라진 것들이 오래 남는 이유의 실마리를 발견했다. 대놓고 감정을 유도하는 텍스트들을 정말 싫어하는 편이다. 안 좋아하는 것이 아니라 싫어한다. 나는 스크린 앞에서 <7번방의 선물>을 보면서 울고, 매트 헤이그의 <미드나잇 라이브러리>를 읽으면서 마음 찡해하면서도, 돌아서서는 눈알을 굴리는 유형의 청자다. 신파라고 해서 다 나쁜가. 하면 아니라고 대답하면서도, 신파 혹은 그에 가까운 코드가 포함되어 있으면서도 괜찮은 작품이 무엇인가 하면 또 눈알을 굴리는 유형의 감상자다. 그런 의미에서 대놓고 표지에 나 따뜻해요, 나 뭉클해요, 위로를 드려요. 가 느껴지는 이 작품, <불편한 편의점>을 선택하는 것은 쉬운 일이 아니었다. 베스트셀러가 된 데에는 이유가 있고, 주변 사람들의 안목을 믿는 편이라, 고민 끝에 결국 이북으로 읽기로 하고 tts로 틈틈히 들었고, 작품은 꽤 괜찮았다. 그러나 아쉬운 점이 없다고 하면 거짓말이다. <참을 수 없는 존재의 가벼움>이 소설의 형태를 빌린 에세이였다면, 이 작품은 에세이 내지는 일기의 형태를 빌린 소설이다. 있음직하지만 현실적으로 어려운 일들을 빌려 적당한 유머코드, 숏폼에 익숙해진 현대인이 접근하기 쉬운 분량이 돋보이고, 일상적 대화를 조합해 유도한 가독성, 전국민이 예외 없이 겪었던 팬데믹 상황을 섞어 몰입도를 높인 것이 인상 깊다. 우리가 잊고 지내는 따뜻한 것들을 조명하기에 더 없이 적합한 장치들이고, 적확한 문법이다. 세상에는 어렵게 쓰여져야 하고 그만큼 어렵게 독해되어야 하는 글들도, 이렇게 쉽게 읽히는 글들도 있기 마련이다. 그러나 휙휙 읽힌 글들이 품은 것들은 쉽게 사라지기도 한다. 사라져버린 따뜻한 것들처럼. 따뜻한 것들이 점점 사라지는 도시에서 그것들의 추억도 쉽게 소비되는 것이 아쉽다. 한편 쉽게 읽히는 데에 반해 어렵게 쓰여졌을 수도 있겠다는 생각이 들기도 한다. 작품은 불편한 편의점을 중심으로 언뜻 세어봐도 열명이 넘는 여러 인물들이 등장하고, 그들이 겪고 있는, 그런데 독자도 역시 공감할만한 인생까지 다채롭게 그려낸다. 무엇보다 살면서 한번도 떠올리지 않았던 불편한 가게들의 따스한 기억까지 소환해내는 것은, 이 작품처럼 따뜻한 작품들이 그렇지 않은 작품들보다 더 수월하고 성공적이게 해내는 대단한 순기능이고, 그만큼 공감할 수 있도록 짜놓은 망이 촘촘하다는 뜻일 것이다. 가끔은 이런 어렵게 쓰여졌을 글이 쉽게 읽히는 것이 독자로서도 서운하다. 물론 현재 독서의 목표가 책과 가까워지는 것라면 강력히 추천한다. 불편한 편의점을 통해 작품 속 인물들은 모두 저마다 예기치 못한 성장을 이룩하지만, 따뜻한 기억이라고 해서 세광슈퍼와 오성슈퍼, 새싹문고의 추억은 나의 성장의 어떤 부분도 담당하지는 않았다. 불편한 것이 오래 기억에 남은 아이러니는 그것이 유의미하기 때문이 아니라, 무의미하기 때문에 더 빛난다. 그러니까 그 기억들은 그 자체로, 아무것도 아닌 자체로, 그대로 내게 의미 있는 모양이다. 성장이 눈부시고 뭉클하지만 꼭 그래야 불편한 편의점이 의미 있는 것은 아니다. 우리 삶에는 무용하고 무의미하며 급기야는 불편하기까지 하지만 오래 남는 순간들이 있고, 때로는 그런 순간이 한 시절의 화룡점정이 되기도 한다. 물론 현혹되지 않아야 한다는 카피라이트가 오래 남고, 뭐시 중헌디? 로 중헌 것을 따지는 것이 좀처럼 낡지 않는 차가운 세상에서, 따뜻함으로 일관하는 섬과 같은 외딴 곳이 방문객들에게 따뜻함을 나눠주고, 궁극적으로는 관련된 모든 인물의 성장을 이루어 유익한 장소로 남는다는 동화 같은 이야기도 아름답다. 그러나, 세광슈퍼 앞에 목욕탕 의자에 앉아 눈깔사탕을 먹으면서 금산이 어둑해지는 것을 빤히 바라 본다던지, 오성슈퍼 사장님 아들이 찍찍 슬리퍼를 끌고 외출하는 소리를 들으며 슈퍼 옆 골목에서 개미들에게 과자를 던져준다던지 하는 것들 역시 의미 없이도, 유익하지 않아도, 아름답다. 유의미해야한다는 압박에 시달리는 사회와 그 사회의 처연한 단면을 지켜 보며, 오랜만에 마른 땅에 비를 뿌리는 차창에 앉아, 대형마트에서 산 양파링을 주워 먹으면서, 작게 중얼거렸다. 불편한 동네 구멍 가게를 그리워하며 대형마트 출신 과자를 먹는 것만큼이나 삶은 모순적이고, 농담과 같다고. 그러니 무의미해도 괜찮다고. 그것으로 축제를 열자고. 문득 다음에 엄마 집에 가면 오성닭집에서 닭을 튀겨 먹어야겠다는 다짐을 했다. 벌써 개구리가 운다."
2022-06-07,10,편의점에서 일어나는 일상들.... 기차안에서 파우치가 없어짐을 안 염여사가 걱정하며 파우치의 행방을 생각하는중에 한통의 전화를 받고 시작되는 이야기 나의 일상에서도 편의점은 항상 존재한다 세명의자녀가 대학을 입학하고 편의점 알바를 시작하여 부모가 주는 용돈이 아닌 자신들의 손으로 일해서 돈을 벌어본곳 그래서 더 편의점이 나에게는 친숙하다 그런데 제목을 보면서 불편한 편의점 편의점이 불편하면 어떻하지 하면서 책을 구입했다 처음부분부터 나의 마음을 잡아 끌었는데.... 독고씨가 가족을 만나는지가 않나와서 여운이 남는 것 같다 다 읽고도 책이 내 손에서 떠나지 못하는 이유인듯 여튼 간만에 재미있는 책을 읽었다~
2022-06-02,9,"- 개인적으로 ""망원동 브라더스"" 이후 김호연작가의 두번째 작품 - Always편의점과 관련된 사람들의 릴레이 독백 ---> 미나토 가나에가 생각남 - 염영숙여사 --> 시현 --> 오선숙 --> 경만 --> 정인경작가 --> 강민식 --> 흥신소곽씨 ---> 독고씨 - 제이에스 오브 제이에스 (진상중의 진상), 옥수수수염차 - 행복은 뭔가 얻으려고 가는 길위에 있는 것이 아니라 길자체가 행복 + 네가 만나는 사람이 모두 힘든 싸움을 하고 있기 때문에 친철해야 한다고 ---> 밥 딜런 - 결국 삶은 관계였고 관계는 소통 - 편의점이 불편해야 손님이 편하다 - 재미있게 읽었지만 독고씨의 과거 직업과 가족과의 관계는 무언가 약하다는(?) 생각..."
2022-05-28,10,"불편한 편의점은 워낙 추천을 많이 받았다. 추천 받고 나서 검색하니까 삽화도 딱 내가 좋아하는 색감, 아기자기함이었다. 그래서 홀린 듯이 결제를 하고 봤다. 편의점 주인의 시점으로 시작되는 이 책은 사람이 과몰입하게 되어버린다. 내가 꼭 그 주인공이되어서 독고씨의 인상이 점차 바뀜을 느꼈다. 뭐 노숙인? 싶었던 나는 어느새 독고씨란 사람이 점점 괜찮은 사람을 느끼고 한 번 씩 서울역을 지날때 흘끗 노숙자들을 바라보게 된다. 그리고 생각했다. 우리집 앞 편의점은 어땠지? 다들 각자의 인생을 살고있고, 그 인생엔 희노애락이 다 있다. 이 책을 보고있자니 평생 관심없던 사람들의 인생도 궁금해졌다. 따스하고 사람사는 냄새가 나는 책이다."
2022-05-26,9,"편의점이 우리 주변으로 다가온 지 꽤 되었다 . 일상의 한 부분처럼 필요한 물건이 있으면 편의점으로 간다 . 특히 심야 시간에 더 빛을 발한다 . 편의점에서 일하고 있는 사람 중 나이 든 사람을 별로 보지 못했다 . 다른 곳보다 시급이 적어 알바생이 자주 바뀐다 . 그런데 체격이 곰처럼 크고 듬직한 사람이 야간을 맡고 있다면 편의점 점장으로서는 믿을 만하리라 . 신분증 , 신용카드 , OTP, 통장 등 모든 것이 들어있는 파우치를 잃어버렸을 때 노숙자가 찾아준다는 게 가능할까 . 독고 씨로 불리는 그가 나타나는 순간부터 이 소설은 판타지로 보였다 . 실제로는 이런 일이 가능하지 않기 때문일 것이다 . 물론 내가 지극히 평범한 사람이라는 가정 하에 말하는 거다 . 부산을 향하는 기차 안에서 염영숙 여사는 파우치가 사라진 걸 알았다 . 이어 전화가 걸려와 파우치 주인을 묻는다 . 배가 고프다며 편의점 도시락 먹으면 안 되겠냐고 해서 그러라고 했더니 도시락값이 찍혔다 . 다시 출발한 서울역으로 향했다 . 몸에서 냄새가 심하게 나는 노숙자였다 . 염 여사는 그를 데리고 자신이 운영하는 편의점으로 데리고 가 산해진미 도시락을 데워 주었다 . 알바생 시현에게 이 남자가 오면 언제든지 도시락을 챙겨주라고 말했다 . 매일 정해진 시간 , 도시락 폐기시간에 맞춰 찾아와 도시락을 먹고 갔다 . 그리고 야간을 책임져 주던 성필 씨가 그만두게 되자 독고 씨에게 편의점을 맡아 달라고 한다 . 단 , 술을 마시지 않을 것과 가불해 줄 테니 돈으로 목욕탕에 들러 씻고 새 옷을 사 입으라고 말했다 . 이렇게 독고 씨는 편의점에 없어서는 안 될 사람이 된다 . 염 여사의 편의점을 책임져 줄 뿐 아니라 시현이 근무하는 시간대에 찾아오는 JS( 진상 ) 손님을 해결해 준다 . 노숙자 출신이라며 대놓고 싫어하는 선숙 씨에게도 아들과의 일을 듣고 조언해주는 사람이다 . 진상을 대할 때는 강하게 , 친절이 필요한 할머니들에게는 배달 서비스까지 해줄 줄 알았다 . 좋은 곳에 투자하겠다며 편의점을 팔라고 재촉하는 염 여사의 아들 민식에게는 대차게 , 민식이 고용한 흥신소 곽의 미행을 못 본 척 눈감아주고 , 필요한 제품이 없어 불편한 편의점이라고 부르는 한밤에 찾아오는 작가 인경에게 줄 산해진미 도시락을 몰래 숨겨놓기까지 한다 . 반말하는 사람에게는 반말로 , 편의점 대표의 아들이라며 계산하지 않은 남자에게는 계산할 때까지 물건을 주지 않는 것 , 술 마신다며 가족이 싫어하고 무시한다고 생각하는 의료기기를 파는 사람에게도 조언을 아끼지 않는다 . 오히려 도움을 주기까지 한다 . 그런 그에게 어떤 사정이 있었기에 노숙자로 살게 되었으며 알코올 중독으로 자신의 이름도 , 가족도 기억하지 못하는 것일까 . 궁금할 수밖에 없다 . 편의점 일을 배우며 점점 기억이 돌아와 자기의 직업을 , 가족들이 생각해 낼 수 있었다 . 자기가 어떤 인간이었는지 비로소 깨닫기 시작한 거다 . 결국 삶은 관계였고 관계는 소통이었다 . 행복은 멀리 있지 않고 내 옆의 사람들과 마음을 나누는 데 있음을 이제 깨달았다 . (252 페이지 ) 평범한 이야기 같은데 , 읽다 보면 마음이 따뜻해진다 . 우리 주변에서 자주 볼 수 있는 편의점과 그 시간을 지나고 있는 다양한 사람들의 다양한 사연은 곧 우리들의 이야기이기 때문일 것이다 . 각자 가지고 있는 고민 , 미래를 위해 공시생으로 있든 , 새로운 투자처를 마련해 돈을 벌고 싶든 우리 주변에서 있음 직한 사람들이다 . 누군가는 공무원 준비를 하며 편의점에서 일할 것이고 , 누군가는 돈벌이 안 하는 가족들을 대신해 편의점에서 일하고 있을 것이다 . 우리가 이웃을 어떻게 보아야 하는지를 묻는다 . 나와 상관없는 사람이라고 하여 너무 무관심하지는 않았는지 , 우리가 나아가야 할 방향을 묻는다 . 물론 작은 친절이 과도한 관심으로 변해 불편함을 유발할 수도 있다 . 서로의 경계를 지키며 할 수 있는 것을 해주는 것 . 소통에서 오는 관계의 변화가 필요한 시점이라고 말하는 것 같았다 . # 불편한편의점 # 김호연 # 나무옆의자 # 책 # 책추천 # 책리뷰 # 도서리뷰 # 북리뷰 # 소설 # 소설추천 # 한국소설 # 한국문학 # 벚꽃에디션 # 올해의책 # 예스 24 올해의책"
2022-05-26,10,"불편한 편의점에서 일어나는 조금은 불편한 사램들의 이야기가 정말 감동적입니다. 서울역에서 노숙인 생활을 하던 독고라는 남자는 어느 날 한 여성의 지갑을 찾아준 인연으로 그녀가 운영하는 편의점에서 야간 아르바이트를 하며 이야기가 시작됩니다. 선생님을 오랫동안 한 편의점주인은 사람을 제대로 보는 눈이 있었던 걸까요? 덩치는 곰 같이 크고 알코올성  치매로 과거를 기억하지 못하는 데다 말도 어눌하고 행동도 굼떠 과연 손님을 제대로 상대할 수 있을까 의구심을 갖게 하는데 웬걸, 의외로 그는 일을 꽤 잘해낼 뿐 아니라 주변 사람들을 묘하게 사로잡으면서 편의점의 밤을 지키는 든든한 일꾼이 되어갑니다. 편의점 야간 알바생 독고씨와 이 편의점을 이용하는 고객, 또 편의점 주인과의 따뜻한 이야기들이 펼쳐지는데 정알 재미도 있고 감동적입니다. 친구들에게도 선물하려고 합니다. 좋은건 함께 나누고 싶습니다."
2022-05-24,10,잔잔하게 재미있을 수 있다는걸 보여주네요. 마음이 평온해지고 따뜻해지는 책입니다. 더불어 자극적이지 않으면서도 이렇게 독자를 몰입감있게 빨아들이는 책이 있다는게 신기했어요. 삶을 대하는 자세에 대해서도 다시 한번 돌아보게 되는 좋은 책입니다. 앞으로도 이런 소설들이 많이 많이 나오기를 기대합니다. 작가님의 다른 소설들이나 책들도 읽고싶어요!!!
2022-05-20,10,"재밌다고 입소문 난 '불편한 편의점'을 드디어 읽게 되었다. 왠지 모르게 손이 잘 가지 않았는데 첫 장을 넘기는 순간, 마지막 장까지 막힘없이 술술 읽었다. 특별한 사건 없이 일상의 이야기가 흘러가는데 전혀 지루하지 않고 등장인물들의 이야기 하나하나가 공감 가면서도 따뜻했다. 특히 출간한지 얼마 안 된 현대 소설이라서 익숙한 브랜드와 장소들이 나와 실제로 어느 동네에 이런 편의점과 사람들이 존재할 것만 같은 느낌이 들어 더욱 이야기에 몰입하게 만들었다. 그리고 현실과 밀접한 배경에 비해 이야기의 흐름은 너무나 이상적이라서 마치 판타지 같았다. 개인주의가 우선시 되는 요즘 같은 시기에 타인에게 마음을 열고 미소 짓는 모습은 내 마음 속 깊은 곳까지 따뜻하게 만들어 주었다. 이 책이 인기를 끌었던 이유는 지금 우리에게 가장 필요한 이런 따뜻한 모습이 담겨있기 때문이 아닐까 생각된다. 고된 일상에 지쳐있을 때 소소한 행복을 느끼고 싶다면 이 책을 읽어보기를 추천한다."
2022-05-19,8,"요즘 각종 서점과 인터넷 서점에서 상위권을 차지하고 있는 불편한 편의점이 이번 우리 모임의 책이었다. 가장 먼저 든 생각은 표지가 참 예쁘네 요즘 이런 책들이 많네 라는 점이었고, 얼마 전 읽었던 달러구트의 꿈백화점과 느낌이 비슷했는데, 삽화를 그린 분이 왠지 같지 않을까 싶었다. 책의 내용은 전혀 달랐지만 소위 말하는 인류애를 충전시켜주는 내용이라는 점에서는 두 책이 비슷했다. 요즘 이런책들이 심심치 않게 인기를 끄는 것이 삭막한 사회에 지친 현대인들의 작은 쉼터같은 책이 아닐까라는 씁쓸한 생각도 들었다. 모든것을 잃고 노숙생활을 하며 알코올성 치매로 모든 기억을 잃고, 오로지 삶만을 연명해가던 독고라는 인물이 그에게 손을 뻗어 준 한 사람에 의해 다시금 사회의 틀로 돌아오는 과정을 이 책은 담고있다. 그 과정에서 그도 누군가의 상처를 보듬어주고, 그 또한 그 과정에서 상처를 극복하며 과거를 찾아간다. 종극에는 그렇게 찾은 본인 본연의 모습으로 타인에게 도움을 주기 위해 기차를 타는 모습으로 이 책은 완결된다. 사회와 타인과 격리된 인간은 그저 삶을 연명할 뿐, 타인과의 교류가 인간을 어떻게 인간답게 만드는지, 그리고 타인에 대한 관심이 각자에게 어떠한 의미를 가지는지에 대해 생각해볼 수 있는 마음 따뜻한 책이었다."
2022-05-17,8,지난번에 구매해서 선물하고 중등 아이가 읽겠다고해서 이번에 재구매했어요. 중고등 아이들이 읽기에도 적당한 분량에 내용도 따뜻하고 작은 생각 포인트들도 있어서 참 좋은 거 같아요. 요즘 아이들 학습 관련 아니면 편하게 책 한 권 읽어내기도 힘든데 내용도 그렇고 자주가는 편의점에 이런 따뜻한 이야기가 숨어있는 것도 맘에 들고요. 주인공 독고씨도 좋았지만 염여사라는 캐릭터도 무척 마음에 드네요. 주변에 이런 어른들이 많았으면 좋겠어요.
2022-05-17,10,""" 이런 점은 좋았어요 "" - 가독성이 매우 좋다. 시원시원한 전개와 스토리 덕에 글이 술술 읽힌다. 그리고 시작부터 끝까지 다음 내용과 결말이 궁금해지게 만드는 매력이 있었다. 추리소설이 아닌데 추리소설급 이상으로 책을 놓지 못하게 한 건 [불편한 편의점]이 처음이었다. - 작가 스스로 어떤 내용을 전달하고 싶은지 분명하게 알고 있는 느낌이었다. 누구보다 이 책을 잘 이해하고 있는 느낌. 그래서 인물들의 대사와 감정선이 장황하게 늘어진다거나 방황하는 느낌이 없었다. 깔끔한 느낌 덕에 작가가 전달하고자 하는 바를 있는 그대로 완연하게 받아들일 수 있었다. - 개인적인 의견으로는, 예상할 수 없는 반전 요소와 적절한 감정선이 드러나는 결말 마무리도 좋았다. "" 이런 점은 아쉬웠어요 "" 딱히 없음 "" 그래서 결론은... "" 사람 사는 이야기를 참 재밌고 담백하게 풀어냈다. 누구나 이 세상이 험난하다는 것을 알지만 그렇다고 있는 그대로 우울하고 비참하게 그려내면 너무 슬프지 않은가. 그래서 작가는 조금이나마 따뜻한 시선으로 그려냄으로써 독자에게 위로를 건넸던 게 아닐까 싶다. 사람에게 받은 상처를 다시 사람에게서 위로를 받고, 세상을 등지겠다고 생각하다가도 또 다른 모습의 세상으로 인해 다시금 힘차게 살아가는, 그런 아주 현실적이고 당연한 인간들의 모습이 공감을 불러일으켰다. 많은 이들이 울고 웃을 수 있는 휴먼 드라마 장르의 정석! 이 세상을 살아가는 누구에게나 추천할 수 있는 도서다. "" 기록으로 남기고 싶은 부분"" 251p 따지고 보면 가족도 인생이란 여정에서 만난 서로의 손님 아닌가? 귀빈이건 불청객이건 손님으로만 대해도 서로 상처 주는 일은 없을 터였다. 252p 결국 삶은 관계였고 관계는 소통이었다. 행복은 멀리 있지 않고 내 옆의 사람들과 마음을 나누는 데 있음을 이제 깨달았다. 266p 강은 빠지는 곳이 아니라 건너가는 곳임을. 다리는 건너는 곳이지 뛰어내리는 곳이 아님을. [서평과 관련된 기타 사담 및 SNS 소통 계정] 네이버 블로그 : https://blog.naver.com/mylk6369/222735986817 INSTAGRAM : @mayo._.book"
2022-05-15,10,"1. 소설이지만 한편의 실화를 읽는 듯한 친숙함이 이야기 곳곳에 가득하다 . 어딘가에서 언제든 충분히 있을법한 이야기가 , 편의점이라는 익숙한 공간을 배경으로 펼쳐지는 만큼 , 소설이 뿜어내는 자신만의 매력이 보다 가까이서 전해지는 듯한 인상이다 . 2. 다양한 인물들이 저마다의 색깔과 매력을 한껏 발산하는 덕에 지루할 틈이 없다 . 인물 각자의 서로 다른 사연들과 얽히고설킨 관계망을 하나하나 곱씹어나가다 보면 어느새 소설의 결말이니 , 지루할 틈 없이 그야말로 순식간에 한 권 뚝딱인 셈이다 . 3. 이런 유형의 이야기가 전달하는 따스함이 ‘ 불편한 편의점 ’ 에도 역시 가득하다 . 어찌 보면 딱히 새로울 것 없는 따스함이지만 , 이런 따스함이 언제나 기분 좋은 따스함의 형태로 전해진다는 사실만큼은 불변의 진리인 듯싶다 . 자연스레 이 책이 전하는 감동과 위로 , 소소한 재미 역시 기분 좋은 따스함이 되어 다가온다 ."
2022-05-13,10,책 표지부터 사람들을 끌어당기는 기분 좋은 책이네요. ㅎㅎ 예스 24의 베스트셀러에 있고 사람들이 많이 이야기하는 책이라서 기분좋게 바로 구매 하게되었습니다. ㅎㅎ 읽으면서 바쁜 일상생활 속에서 스트레스받아 힘들고 지친 마음을 위로해주는 느낌을 받았어요. ㅎㅎ 한번 읽기 시작하면 금방 빠져들어서 계속 보게 되네요. ㅎㅎ 선물하고 싶어지는 책이에요. ㅎㅎ
2022-05-13,10,"소설은 실업 , 빈곤 , 소외 문제로 힘겨운 시간을 보내는 우리 시대의 모든 인물을 투영해주며 이렇게 말해주는 것만 같았다 . 여러분의 이웃을 한번 둘러 보라고 소설을 읽으며 이전에는 생각하지 못했던 다른 세대의 어려움을 공감해볼 수 있는 시간을 제공하며 아버지 세대의 고달픔과 젊은 청년의 절망감을 느껴보고 잠시나마 따뜻한 시선을 건네볼 기회를 준다 . 정치에서 세대를 나누고 있지만 , 이 책은 나누어진 세대를 하나로 이어준다 . 그리고 이 책에서 가장 이상적이었고 무엇보다 내가 나이가 들면 꼭 이런 좋은 어른이 되고 싶은 목표에 부합한 인물인 염여사를 통해 이상적인 어른의 모습을 만나볼 수 있었던 게 가장 좋았고 정말 닮고 싶다 . 그리고 독고처럼 어려움에 처한 손님을 외면하지 않고 함께 극복하기를 도와주는 모습은 코로나 팬데믹 이후 ' 타인을 배려하는 마음 ' 이 좀처럼 보이지 않는다고 느끼는 이때 지금 우리는 서로에 관한 관심이 필요한 시기 같다 . 나는 얼마나 주변을 밝히고 있을까 ? 밥 딜런의 외할머니가 어린 밥 딜런에게 이렇게 말했다고 한다 . 행복은 뭔가 얻으려고 가는 길 위에 있는 것이 아니라 길 자체가 행복이라고 이 말이 이 책에서 이야기하고 싶은 핵심이 아닐까라는 생각을 하면서 꼭 이런 삶을 살고 싶다 . 그리고 네가 만나는 사람이 모두 힘든 싸움을 하고 있기 때문에 그들에게 친절하게 대하고 배려하는 삶으로 살기를 희망한다 . 이 책을 마무리하면서 꼭 이 책을 영화로 만나고 싶다 . 작가님의 다른 책도 꼭 만나봐야겠다고 결심하며 이렇게 따뜻하고 행복한 책을 통해 나 자신이 위로 받았기에 너무나 좋은 시간이 되어 감사하고 불편한 편의점의 제목이 반전이었다는 생각을 하면서 이 기회를 통해 보석 같은 책을 선물로 받았다."
2022-05-10,10,"불편한 편의점 술로 인해 기억을 잃고 서울역에서 노숙자로 지내고 있는 독고는 우연히 염여사와 만나면서 Always라는 편의점에서 야간 알바를 하게된다. 기억을 잃으면서 말까지 어눌해진 독고! 편의점 알바를 하면서 사람들을 불편하게 만들었고 그의 불편함이 그들의 마음을 움직이게하고 그들의 가슴을 따뜻하게 어루만져주며 일어나는 놀라운 변화! 재미와 즐거움, 나를 행복하게 만드는 책이다"
2022-05-09,10,"아주 가슴 따듯해지고 기분좋아지는 한권의 보석같은 책이다. Yes24 올해의 책 사실 별기대없이 베스트셀러에 올라있는 책이고 또 표지가 아름다워 선택한 책이다. 불편한 편의점이 어떤 의미인지 궁금하기도 했다. 말자면 유명 프랜차이즈 편의점에 밀린 한물간 편의점으로 제품구성도, 행사상품도, 또 시설도 부족한게 많은 그런 편의점을 배경으로 펼쳐자 사람사는 이야기다. 소설은 ALWAYS편의점 점주 염여사의 잃어버린 파우치를 찾아준 노숙자 ""독고""와  인연으로 이야기는 시작된다. 알콜성 치매로 과거 기억이 없이 서울역을 전전하다 자신을 챙겨주시던 ""독고""라는 어르신을 기억하기위해 그 이름을 가지고 살아간다. 자신의 파우치를 찾아준 독고에게 보답하기위해 자신의 편의점에서 도시락을 챙겨주다 야간 근무자가 급하게 필요하게 되면서 그를 채용한다. 주변의 반대도 있었지만 그가 빠르게 적응하면서 서서히 그에대한 편견을 긍정적으로 만든다. 오후근무자 시현, 오전근무자 오여사 뿐 아니라 편의점 손님들까지 그의 변화 만큼 긍정적인 에너지를 전해준다. 올웨이즈 편의점을 통해 새로운 기회를 얻고 새로운 삶을찾아간다. 독고 역시 술을 끊고 편의점생활과 더불어 과거의 기억들을 되찾으면 결국 편의점을 떠나 자신이 과거에 등돌린  삶으로 다시 걸어간다. 이야기속 주인공들의 바라보는 시점들이 바뀌면서 같은 사람에 대한 이야기지만 더욱 입체적이고 객관적으로 바라볼 수 있게 해주는 듯 하며 ""독고""라는 인물의 긍정적인 변화를 극대화시켜준다. 가족간의 화해 그리고 사회와의 화해를 담은 이야기 5월 가정의 달에 꼭 맞는 이야기인 듯 하다."
2022-05-08,8,"정말 정말 구하기 어려웠던 책 ‘불편한 편의점’ 신간도서라 어려웠을 수도 있지만 책 자체가 꽤나 인기도서 인 듯 했다. 원래는 도서관에서 대여할 생각으로 선정 했지만 결국 구매까지 한 ‘불편한 편의점’ 이 책을 고르게 된 기본정보는 어딘가 불편한 노숙자가 일을 시작하며 겪게되는 이야기가 궁금했기 때문이다.최근 장애인 시위가 출근길 화두로 떠오르면서 나는 ‘불편한’ 것들에 관심이 갖기 시작했다. 그들은 왜 시위를 할까?의 궁금증으로 시작한 검색은 많은 것을 생각하는 계기가 되었다.생각해보니 학교다닐때 한 반에 한 두명 씩은 있었던 몸 혹은 정신이 불편한 친구들은 20살이 넘고나서 볼 일이 적어졌다. 장애 시설은 종종 본 것 같지만 실제 이용하는 것은 본적이 거의 없었던 것 같다. 이런 생각들을 갖고 있던 중 만나게된 책 ‘불편한 편의점’ 각자의 이야기로 풀어나가는 형식으로 어렵지 않은 스토리 형식라 술술 읽을 수 있었다. 특히 자신의 지갑을 찾아주었단 이유로 ‘독고’씨를 본인의 편의점에 일자리를 준 사장님이 감사했다. 픽션이지만 괜한 감동이 있었다. 노숙자에게 일자리를 준다니..나라면 할 수 있을까 라는 생각이 들었다. 이 책을 읽고, 우리사회는 편함에 너무 익숙해져 ‘불편함’을 어려워 하고 있는 것 같다는 생각이 들었다. 사실 지금의 사회는 너무 편해진 것이 아닐까도 싶다. 어릴적엔 이런것들을 당연하게 감수하고 불편하다 생각하지 않았었던 것 같은데..그래도 희망적인 것은 ‘독고씨’의 주변인들과 같은 사람들이 있다는 것이다. 그리고 이 책이 인기도서라는 것. 많은 사람들이 이 책을 보며 감동하고 뭉클해 한다는 것은 그만큼 열린 마음에서 나오는 것이지 않을까 생각해본다."
2022-05-08,10,소설을 읽는 내내 웃다가 울다가. .마음이 따뜻해짐을 느꼈어요.살짝 반성도 좀 하게 되구요^^사춘기 아들 말을 먼저 들어줘 볼려구요^^잔잔한 감동이. .ㅎㅎ마지막에 집중하느라 밤새 다 읽어버리게 되더라구요.처음으로 리뷰 라는걸 써보게 되네요.독고씨가 가족을 만나 행복하길 바라는 마음이 너무 간절해서 책을 덮고도 한찬 여운이 냠더라구요. .ㅋ잘 읽었습니다^^♡
2022-05-07,10,누구나 한번쯤은 일상 생활속에서 경험해 본것이 있는 사소한 이야기를 너무나 재미있게 읽었습니다. 구매 후기를 보고 한번 망설였지만 사랑님이 가져와서는 먼저 읽어보고는 재미있다고 하여 호기심도 나고 하여 읽게 되었는데 너무나 재미있어서 잠시도 책을 놓을수가 없던 찐 도서였어 요 다시 한번 여유롭게 읽고싶어서 직접 구매하였답니다. 급하게 읽었다가 조용히 나만의 시간에 잔잔한 음악을 들으면서 읽다보니 더욱더 마음 한켠이 뭉클함을 다시 한번 더 느끼게 되었답니다. '불편한 편의점'을 다독할때 마다 내 마음 속에도 벚꽃의 아름다움과 향기로움이 물들어가는 기분이드네요 *^^*
2022-05-06,9,벚꽃 에디션이라 표지도 너무 예쁘네요 실제로 있음 가보고 싶은 편의점이네요 도서관에서 빌려 보려고 기다리고 기다리다 못참고 구매해서 보고 있습니다 찬찬히 읽고 있는데 편안하게 잘 읽어지는 책이네요 독고씨는 나중에 어떻게 될지 궁금하네요 그리고 시현씨는 결국엔 공무원시험에 합격할까요? 오여사 아들은 또 어떻게 될지..... 시간내서 어서 읽어야겠네요 불편하지만 따뜻한 느낌의 편의점인 듯 했어요 다음엔 편안한 편의점이 나올까요? 궁금하네요 암튼 좋은 책 잘 읽고 있습니다
2022-05-02,10,예스24에서 책을 구매하는건 아이책 구매를 주로 하게된다.그리고 책을 사더라도 책 한권을 끝까지 읽어내는게 쉽지 않았다.근데 이 책은  이쁜 벚꽃 표지에 이끌려 나에게 주는 생일 선물로 구매하여  몇일이 지나도록 안읽다 이틀만에 다 읽었으니 놀랍기도 하고 기쁘기도 하고 뿌듯하고 여러 감정이 들었다. 엄여사와 독고 아저씨 같은 분이 있는 한 세상은 계속 따뜻할 거라는 것을 알게 되었다.요즘 내 마음을 알아주지 않는다고 느껴지는 남편과 소통의 문제가 있다고 생각하고 있었는데 손님한테 하듯..하세요 라는 독고 아저씨의 말은 내 마음에 훅 하고 들어와서 박혔다.오늘은 소통 안되는 남편과 참깨라면.참치김밥 참이슬.참참참 세트를 먹으며 소통을 해 봐야겠다.소통이 잘 되면 행복하다. 이책은 나의 인생책이다.불편한 편의점이 아니라 따뜻한 편의점.이 편의점에는 인생이 있다.
2022-04-30,10,바쁜 일상에 치여 사람간의 정이란 것이 있음을 망각하고 있었다.. 주인공의 부족한 점이 주변시선에선 다소 떨어져보이고 모자라 보일수 있었을 것이다. 하지만 그 부족한 점들이 편의점을 찾는 사람들에게 주는 다양한 힐링(?)과 깨달음을 주는 것을 느꼈다. 비록 바쁜 일상이지만 모든 것이 사람간에 이루어지는 것.. 바쁘다는 핑계로 나하나 쯤이야 하는 변명으로 외면 했던 타인도 나와 다르지 않은 더불어 사는 사람인 것을 다시금 생각하게 해보는 책이다. 읽다보니 어느새 완독!! 너무 술술 읽혀서 시간가는줄 모르고 오랜만에 후다닥 읽었던 기분좋은 책이다..!! 작가님 필력에 감탄을 금치 못하였고 차기작이 기대된다!!
2022-04-26,6,"벚꽃표지 버전까지 나온거보면 인기 많은 책일거다 싶어서 읽기 시작했다. 가볍게 후루룩 읽긴 좋은 책 근데 문장력이나 스토리라인이나 뭐나 차라리 ebook소설이 낫다고 느껴질 정도였다.. 가볍게 읽기 좋아서 평이 좋은건가? 다읽고 나니 좀 갸우뚱한 책. 예사 북클럽으로 읽어서 좋았는데, 만약 사서 본거라면 더 아쉽게 생각했을듯.. 인기 좋은 이유는 알겠는데 평이 좋은 이유는 모르겠다.."
2022-04-25,9,"ㅇ 책속으로 위로와 응원이 필요한 세상이다. 코로나는 사람들에게 이러한 위로와 응원을 더욱 갈구하게 된 촉매제가 되었다. 이 책은 한 불편한 편의점에서 서로가 서로에게 위로 받고 응원받으며 다시금 새로운 삶을 살아갈 용기를 얻게 되는 모습을 그리고 있다. 2시간 남짓이면 읽히는 재미있는 소설책이지만 그 여운은 결코 가볍지 않다. 결국 위로와 선이라는 건 내가 먼저 용기내어 손 내밀고, 누군가 한사람의 작은 선행이 나비효과가 되어 엄청난 파급력을 가지는 게 되는 것 아닐까? 그리고 그 선행은 점점 더 많은 사람들을 선하게 만들고, 세상을 아름답게 만드는 작지만 큰 힘을 가지게 된다. 사람들은 싫든 좋든 서로 서로 관계를 맺고 있고, 그 관계 속에서 희노애락을 느끼며 살아가고 있다. 비록 나 라는 사람은 작고 보잘 것 없지만, 나의 작은 행동이 누군가에게 도움이 되고 위로가 되는 것을 경험하며 삶의 존재 가치를 깨닫게 되는 것이다. 드라마 스물다섯 스물하나, 나의 해방일지... 그리고 불편한 편의점 까지.. 하루하루를 살아가는 평범한 우리에게 지금 그 모습으로 괜찮다고, 니가 어떤 모습이든 나는 널 끝까지 응원하겠다고.. 그렇게 누군가의 응원이 필요하고, 그 응원으로 다시금 용기얻어 오늘 하루를 이겨나가는 힘이 필요한 지금이다. 봄 에디션 커버처럼 예쁘고 따뜻한 책 한권으로 위로 받았던 봄날의 향긋한 시간이었다. ㅇ 책속에서 밥 딜런의 외할머니가 어린 밥 딜런에게 이렇게 말했다고 해요. 행복은 뭔가 얻으려고 가는 길 위에 있는 것이 아니라 길 자체가 행복이라고. 그리고 네가 만나는 사람이 모두 힘든 싸움을 하고 있기 때문에 친절해야 한다고. - 밥딜런 자서전중에서 상처를 돌아보고 그것을 이겨내기 위한 노력 혹은 욕망이 그 사람의 원동력이 되고 캐릭터가 된다. 캐릭터를 보여주려면 캐릭터가 선택의 갈림길에서 어떤 길로 가느냐를 보여주면 된다. 결국 삶은 관계였고 관계는 소통이었다. 행복은 멀리 있지 않고 내 옆의 사람들과 마음을 나누는 데 있음을 이제 깨달았다."
2022-04-23,7,아직 시험 기간이라 책을 읽지는 못했지만 사은품으로 같이 시킨 퍼즐은 조각도 적고 다 맞추고 나니까 너무 그림이 예뻐요. 제가 완전 좋아하는 풍경 그림이애요. 책 표지도 생각했던 거 보다 더 예쁘고 책 두께도 적당하니 시험 끝나고 학교가서 하루종일 보면 다 읽을 것 같아요. 학교 가서 하루 종일 읽을 생각하니까 좀 설레네요 ㅎㅎㅎ.. 이 거 말고도 다른 책도 시켰는데 그것도 얼른 보고 싶네욯ㅎㅎㅎㅎㅎ
2022-04-22,10,너무 어려운 책은 몇날 몇일을 같은페이지가 넘어갈줄 모르는데 이건 한꺼번에 다 읽기가 아까워서 책을 덮었다가 이틀만에 읽었다. 오랫만에 기분좋은 책을 만났다. 편의점을 지나다가 한번쯤 다시 돌아보고 하고 편의점에 일하시는 분들을 한번씩 생각해보게하는 마력를 지닌책이다. 이책이 계기가 되어 다른책도 구매해서 읽었다.  좋은 영향을 준 도미도~~
2022-04-22,10,"우리 집 앞에 편의점이 생겼다 . 어르신들이 많이 사는 곳이라 편의점이 있으리라고는 상상도 못할 공간에 . 그런데 손님이 많다 . 내가 편의점을 좋아하는 이유는 가까이에서 , 다양한 간식을 손쉽게 구할 수 있기 때문이다 . 좋아하는 컵라면과 삼김도 즉석에서 먹을 수 있고 , 가볍게 친구와 과자에 맥주 한잔할 수 있는 공간도 있기 때문이다 . 어느 날 , 아델과 함께 대화를 나누다가 주변 사람들에게서 겪는 불편한 감정에 대하여 이야기한 적이 있다 . 그때 아델이 ' 불편한 편의점 ' 에 대한 이야기를 한다 . 소설을 즐겨 읽지 않는 나는 , 그 이야기에 공감을 하고 그 책을 빌려서 읽기 시작한다 . 책이 술술 읽힌다 . 공감 . 편의점을 운영하는 염 여사가 어떤 사내 (?) 를 만나면서 펼쳐지는 이야기다 . 지하철의 거지로 등장하지만 , 여러모로 반전을 보여주는 인물 , 독고 . 편의점에 드나드는 사람들의 사연 , 그들에게 ' 독고 ' 가 주는 따스함이란 . 그리고 기억을 잃었던 독고 씨의 정체가 옅게 드러나기 시작한다 . 스스로 과거의 자신을 마주하게 된 독고 . 그리고 그와 함께 울었다 . 큰 기대없이 넘기던 책장이 멈출줄 모르고 넘어간다 . 늘 조금 더 따뜻한 사람이고 싶은데 잘되지 않을 때가 많다 . 실수를 하고 후회한다 . 그리고 또 바보처럼 반복한다 . 하지만 , 너무 자책하지는 않으려고 한다 . 우리가 사는 이 시대는 너무 많은 사람을 만나고 , 의도하지 않게 많은 이벤트를 겪게 된다는 걸 알기 때문에 . 웃으면서 , 그리고 울면서 독고 씨와 동거한 시간 . 즐거웠다 . 가볍지만 , 가볍지만은 않은 !"
2022-04-21,10,밤에 잠이 오지 않아 유튜브로 책 읽어주는 유투버를 옹해 접하게 되었다 자려고 들은 건데 다음 날까지 내용이 궁금해 견딜 수가 없어 마로결제했고  그 자리에서 전체를 다 읽었다. 시작은 호기심잉었고 마짐작에는 아 하는 탄식이 나오도록 재밌었다. 왜 제목이 불편한 편의점인지 찾는 과정도 재밌었다. 결말가지 다 읽고 나면 그렇게 신선한 결말은 아니지만 독자가 지루하지 않게 책을 끝마치게 하는 것도 작가의 능력인 것 같다
2022-04-21,10,"""손님한테... 친절하게 하시던데... 가족한테도... 손님한테 하듯 하세요. 그럼... 될 겁니다."" - <불편한 편의점> 251쪽 소설은 한번에 읽는 걸 좋아하는데, 한창 바쁠 때 책상 한 켠에 두고 읽다 보니 띄엄띄엄 읽었다. 다시 제대로 읽고 싶어서 책을 묵혀 두었다가 서평을 쓰려고 책을 찾아 보니 책띠 뒷면에 거뭇거뭇하게 뭐가 묻었다. '이게 뭐지' 싶어 들여다보고 긁어보니 초콜렛인지 초콜렛음료인지가 묻은 모양. 참 나...... 책도 그렇고 무슨 물건이든 잘 관리하지는 못하면서, 상하고 더러워지면 남 못지 않게 속상해하는 불편한 성격을 가진 나는 초콜렛 묻은 띠지를 보면서 좀 서럽다. 그러다가 문득 그런 생각이 들었다. 굳이 띠지에 뭐가 묻어야 한다면, 이 책에는 초콜릿이 묻는 게 제일 어울린다고. 어렵지 않게 지친 마음을 다독여 준다. 기분 좋게 달고 쌉쌀한, 손끝을 데우는 따뜻한 초콜렛라떼 같은 책이다. 구 학교 교감, 현 편의점 사장인 염 여사가 서울역 홈리스 독고 씨에게 도움을 받고, 그 보답 겸 구제 차원에서 독고 씨에게 편의점 아르바이트 자리를 제안한다. 그 이후 편의점에서 일어나는 작은 기적들에 대한 이야기다. 새롭지도 탁월하지도 않을지도 모른다. 하지만 특별할 것 없는 청파동 골목 사람들의 이야기는 내 마음에 특별하게 내려앉았다. 서로의 상처를 들어주는 일. 위로가 될 무언가를 고민하는 일. 내 삶에 희망을 갖는 일. 당연하지만 현실에서는 그리 당연하지만은 않은 이야기라서일까. 나는 다음 장이 궁금하기보다는 설렜고, 가슴이 두근거리기보다는 따뜻해졌다. 독고 씨의 선택도 그랬다. 누구나 생각할 수 있는 '다음'이고, 아무나 할 수는 없는 '다음'이다. 사실 이 책은 옆자리 동료분께 추천받았다. 선물하고 추천하기에 책만큼 조심스러워지는 물건도 없어서 그분도 ""아닐수도 있지만""을 세 번쯤 반복하며 추천했고, 나도 ""아닐수도 있지만""을 세 번쯤 반복하며 읽어보겠노라 했다. 추천받은 책을 읽은 후 ""그 책 너무 좋았어요!""로 시작하는 한담을 (특히 근무시간에) 나누는 건 얼마나 행복한 일인지!"
2022-04-20,9,선물받아 읽어보고 재미있어서 저또한 선물하려 구매했습니다. 내용이 쉽고 스토리라인이르 중학생들에게도 추천해줬습니다. 한번 열고나니 덮을 수 없을 정도로 스토리 라인이 탄탄하더군요. 인물에 대한 묘사가 따뜻하고 발전해나가는 모습이 꼭 청소년 소설 같기도 합니다. 중고딩 그리고 가볍게 읽기 원하는 성인분들에게 강추합니다.불편한 편의점 재미있어요!!!
2022-04-19,10,"<불편한 편의점>은 동네 편의점에 노숙자가 아르바이트를 하게 되면서 생기는 이야기를 다루고 있다. 처음 책 소개글을 봤을 때 신선하면서도 재미있겠다란 생각을 했었다. 다만 책을 읽을 짬이 좀처럼 나지 않아서 계속 그 자리에 두고 있었다. 그러던 중 베스트셀러가 되고, 사람들이 입소문을 타면서 '어떤 책이길래 그러지?'란 생각을 하게 되었다. 더이상 늦어지면 아예 읽지 않을 것 같아서 급히 다시 책을 집어들었다. 가방을 잃어버린 염여사가 노숙자인 독고를 만나 그를 편의점 점원으로 채용하고 성실하게 수행하는 모습을 읽어가면서 정말 판타지스러운 설정이 아닌가 생각되었다. 악독하지 않은 사장과 사장의 믿음을 배신하지 않는 직원, 그리고 사람의 진정성을 이해하는 동네 주민들, 편견을 가지고 시작했으나 대화를 통해 편견을 극복하는 이용객들.. 어쩌면 일상이어야 할 모습들이 낯선 판타지처럼 느껴졌다는 것은 내가 얼마나 각박한 현실을 살고 있었고, 그런 소식들을 접하고 있었던가.. 싶었다. 사실 중간에 믿음을 배반하는 사건이 일어날거라고 생각했었기 때문이다. 마지막 독고의 이야기까지 다 읽고나서  이 이야기들이 더이상 책 속에만 등장하는 것이 아닌 우리 주변에 따뜻한 이야기들로 채워지면 좋겠다란 생각이 들었다. 글 속에 등장하는 이 문장이 이 책의 주제가 아닌가 싶다. ""결국 삶은 관계였고 관계는 소통이었다. 행복은 멀리 있지 않고 내 옆의 사람들과 마음을 나누는 데 있음을 이제 깨달았다."" 개인적으로는 편의점을 주로 이용하지 않는 사람이라 편의점 안에서의 추억이나 기억은 없지만 앞으로 지나다가 편의점을 발견하게 되면 이 이야기를 떠올릴 것 같다. 오랜만에 따스함과 인간애가 가득찬 이야기였다."
2022-04-16,10,"Yes24로부터 책을받고 오랜만에 책을구입했을때의설렘과 새책의 깨끗함에서 오는 정돈된 마음을 느꼈다. 책표지가 예뻐서 한참을 찬찬히 책을 쓰다듬으며 요리조리보다 책장을 펼쳤는데 작가님의 프린팅된 사인 글씨체에 또한번 책이주는평화로움을느꼈다. 며칠을그냥마치장식처럼가장잘보이는곳에책을그냥두고왔다갔다하며 기분좋은설렘으로 쳐다만보다가, 어느새벽 꿈꾸다 잠에서 깨고 그때부터읽기시작하여 아침까지 다읽어버렸다. 어느지점에선 웃음이나오고 또어느지점은나와비슷해서눈물을뚝뚝훔치며 그새벽에 미친사람이 따로 없었다. 만병통치약같은 옥수수수염차가 절실히 필요할때였다. 때때로 온정신으로도저히살수없을때가있다. 그러나 그날만큼은 인간으로서의 아름다운 마음만 가득채워져 나에게 빛이나는것만같았다. 곧일상으로 돌아왔지만 그빛은 아직은 흐미하게 반딧불이 처럼 깜빡이고있다."
2022-04-15,10,베스트에 있길래  잠시 검색해보고  무겁지 않은 내용일 듯 하여  주문  한 책!  각자의 사연이 있는 사람들이  같은 공간에서 한 사람에게 위로를 주고 받는다는 쉬운 이야기를 마음 따뜻하게 잘 읽었습니다  영 책이 손에  안잡히던 저에게 간만에  시간을 잊게 해준 책이었네요  주변 어딘가에서  일어날 것 같은 이야기들이 오히려  저에게는 더 맘이 가는 ~~ 쉼을  주는 그런 책 이었습니다
2022-04-15,10,편의점에서 일어날 수 있는 일을 주저리 주저리 이야기하는 내용이었는데 너무 공감이 가고 저자신도 편의점에서 일도 해봤었기 때문에 그시절의 추억이 묻어나는 아주 재미있고 이런저런 애피소드가 있었던 것 같아 더욱 애착이 가는 것 같습니다. 편의점 아르바이트를 하는 사람한테 손님들 일부만이 반말로 이야기해서 아르바이트하는 사람들을 힘들게 하는 사람들이 있는데 아르바이트하는 사람은 일을 해서 먹고살기 위해서 참아야 합니다. 편의점사장님과 기존아르바이트생 바로밑에 새로운 아르바이트생에게 수습교육을 가르치는 것은 기존아르바이트생의 몫으로 돌아간다. 사람을 상대하면서 물건을 팔아 생계를 이어가는 소상공인들의 삶도 볼 수 있습니다.편의점 아르바이트생 서현과 새로온 독고씨가 편의점에서 손님들과 벌어지는 사건들이 웃픈 날의 연속이지만 아주 재밌게 이야기하고 있습니다.
2022-04-12,10,"벚꽃 에디션 구매해서 표지도 예쁘고, 내용도 흥미로워서 재미있게 읽었어요 술술 잘 읽히네요 베스트셀러가 될 만한 매력을 가지고 있네요 편의점이라는 친숙한 소재로 편의점이 왜 불편할까 라는 아이러니한 제목에 대한 의문을 가지고 책을 읽기 시작해서 마지막에는 여운을 남기는 소설이었습니다. 결국 삶은 관계였고 관계는 소통이었다. 행복은 멀리 있지 않고 내 옆의 사람들과 미음을 나누는데 있다."
2022-04-10,10,벗꽃 에디션 전애 구입한 책인데... 솔직히 기대 없이 책이 이쁘고 단락단락 나눠져 있어서 읽기 편하겠다 생각 해서 산건데^^ 이 책안에 인간관계의 이면과 살아 가는거에 있어서 지혜와 길라잡이가 된거 같아요 다 자기들 고민과 생각이 있는것처럼 나만 힘들다 생각 하는데 다들 각기 다른 고민과 고뇌가 있다는걸 다시 한번 느끼게 되어서 참으로 좋은 시간 이였습니다... 감사해요! 망원동브라더스도 한번 볼까해여 ㅋㅋ
2022-04-10,8,청파동의 조금 불편하고 특별한 편의점과 그 동네 사람들의 이야기를 담은 책인데 진짜 재미있네요. 저마다 한 가지씩의 힘겨움을 품고 사는 사람들이 편의점이라는 공간에서 오해와 이해의 과정을 겪으며 속내를 열어가는 이야기들이 참 따뜻해요. 유머는 덤이고요.^^ 수많은 사람들을 만나고 헤어지고 매일의 반복되는 삶을 살아가는 속에서 특별한 인연을 알아보는 눈. 내가 받은 만큼의 선의를 의심 없이 되돌려 줄 수 있는 염여사의 마음씀이 나에게도 남아 있나하는 생각을 잠시나마 해보게 되었던 시간.
2022-04-08,4,"기대도 별로 하지 않은 채 책을 다 읽었다. 완독한 지금 이 책이 베스트셀러로 팔린다는 생각에 참 안쓰러울 정도다. 소설로 봐야 되는 책은 주독자층이 2-30대 초보독자들이 아닐까 싶을 정도로 유치했다. 플롯도 거의 다 미리 읽혔고, 또 결말도 억지로 반전을 도모한 것 같아 별로 와닿지도 않았다. 갑자기 이런저런 인물들을 투입시켜 이야기를 끌어나갔지만 시도만 좋았다고 말할 수 밖에 없다. 이런 형편없는 책이 출간되어 베스트셀러가 되고 그런 걸 보면 진짜 소설은 죽었다는 말이 연상된다."
2022-04-08,8,". 소싯적에 편의점 아르바이트를 한 적 있다. 꽤 오랫동안 일해 당시 편의점에 납품 차 들르던 던힐 아저씨나 경마지 아저씨에게 꼬마 점주님""이라 호칭되기도 했다. 손님이 몰릴 땐 매대 앞 담배나 우유 등을 가져가며 돈만 놓고 가는 사람들도 적지 않았기에 로스 방지를 위해 간단한 바코드 번호도 곧잘 외웠었다 (88006611, 디스!!) 나이가 지긋한 부부와 그들의 두 자녀, 이렇게 네 식구가 운영했던 그 작은 편의점엔 늘 이야깃거리가 끊이지 않았다. 딸내미는 당시 갓 스무 살 된 나보다 정확히 열 살이 많았고, 여덟 살 터울의 잔소리꾼 오빠와는 상극이었다. 근처 스포츠센터 수영 강사와 썸을 타기도 했고, 자기보다 여섯 살 어린 남자친구에게 야! 소리를 들어가며 꽤 긴 연애를 했다. 종종 잔소리꾼 오빠에게 나를 팔고 데이트를 즐겼던, 어둑어둑한 지하 술집에서 담배를 피우면서 ""꼬맹아, OO이 얘기는 오빠텐 비밀이다""라며 술을 사주었던 호리호리한 키맵시의 그 언니는, 지금 어디서 뭘 할까.. 새벽 내내 그곳을 지켰던 턱수염이 꺼칠하고 바스러질 듯 마른 몸의 할저씨와 사람 좋은 웃음을 지으며 막 폐기된 각종 삼각김밥을 한데 넣고 고추장과 참기름으로 비벼내 끼니를 챙겨주셨던 할줌마는?.. 다들 어떻게 지내고 계실까.. . 내겐 두 살 터울의 오빠가 하나 있다. 나도 그다지 멀쩡한 손가락은 아니지만, 오빤 우리 가족에겐 참 아픈 손가락이다. 학교 다닐 때부터 어렴풋이 풍기던 불량기는 갓 성인이 된 후에는 더 심해졌다. 부모에게 막 대하고 밖에선 저자세를 취하는, 비겁한 그의 스탠스가 못마땅해 나도 참 괄괄히 많이도 짖어댔다. 나도 술을 좋아하지만, 술에 대한 의존성과 중독성이 심각하냐 아니냐에 대한 내 기준은, 다음날 일상에 지장을 주느냐의 여부이다. 오빠는 술을 한번 마신 날엔 멀쩡히 잘나가던 회사를 며칠씩 걸렀고, 그래서 오래 다니질 못했다. 맛있는 안주를 곁들이며 한잔하는 것을 즐기는 게 아니라, 안주 없이 술을 들이켜고 신세한탄을 하거나, 그마저도 뜻대로 되지 않으면 그냥 하루 종일 방에 누워 잠만 자고 눈을 떴을 땐 다시 술을 찾았다. 그게 반복되고 상황이 심각하다는 걸 안 엄마와 내가 알코올중독 치료병원에 입원을 시키기도 했었지만 호전되지 않았고, 돈은 돈대로 날리고 엄마 속은 문드러지고 그걸 지켜보는 내 인내심이 한곗값에 다다랐을 즈음, 오빠는 스스로 독립을 했다. 분기에 한번, 해 넘어갈 때 한번 하던 연락마저 거의 끊긴 지금, 아마도 별반 달라지진 않았을 거라 생각한다. 그저 어떻게든지 벌어먹고 크게 불편치 않은 삶을 살길 바랄 뿐. . 책 '불편한 편의점' 은 ""모.. 몰라요"" 만 할 줄 아는, 이 한마디 말조차 더듬더듬 뱉어내는 독고 씨의 목소리가 뇌를 간질이는 따뜻한 이야기다. 독고 씨는 알코올 중독자며 노숙자이다. 자신의 이름조차 몰랐던 독고 씨에게 이름을 물어봐 주고, 그 이름을 불러주고, 그가 인간답게 살아갈 수 있도록 해준 편의점 사장님의 배려에서 시작되는 이 소설은, 그를 중심으로 한 주변 인물들의 평범하고 현실적인 삶을 그린다. 때론 고독하기도 서글프기도 한, 특별할 것 없는 우리네 이야기를. 초반 독고 씨의 상황을 맞닥뜨렸을 때, 오빠에 대한 기억들이 한꺼번에 몰려와 연신 마른 세수를 했다. 그래서일까. 삶의 밑바닥까지 떨어져 목숨을 저버리기 직전까지 갔음에도, 자신을 찾아가고 주변까지 챙기며 정상적인 삶의 궤도에 들어서려 애쓰는 독고 씨의 분투가 참 눈물겨웠다. 각 에피소드 속 또 다른 주인공들의 녹록지 못한 하루하루에 마음이 짠해지기도, 그들이 독고 씨로 인해 마음을 고쳐먹고 근심이 사라져가는 부분에선 코끝이 찡해지기도 한 이 소설이 '해피엔딩'이라 난 참 좋았다. 집 앞 편의점에 들러 점원에게 먼저 인사를 건네고 네 캔에 만 원짜리 맥주를 사들고 귀가하고 싶어진다. [책 속에서] 편의점이란 사람들이 수시로 오가는 곳이고 손님이나 점원이나 예외 없이 머물다 가는 공간이라는걸, 물건이든 돈이든 충전을 하고 떠나는 인간들의 주유소라는걸, 그녀는 잘 알고 있었다. 이 주유소에서 나는 기름만 넣은 것이 아니라 아예 차를 고쳤다. 고쳤으면 떠나야지. 다시 길을 가야지. 그녀가 그렇게 내게 말하는 듯했다. P.243 ""손님한테 하듯 ... 하세요."" 불쑥 튀어나온 말에 그가 나를 돌아보았다. ""손님한테.. 친절하게 하시던데... 가족한테도... 손님한테 하듯 하세요. 그럼.. 될 겁니다."" (중략) 따지고 보면 가족도 인생이란 여정에서 만난 서로의 손님 아닌가? 귀빈이건 불청객이건 손님으로만 대해도 서로 상처 주는 일은 없을 터였다. P.251"
2022-04-07,10,한사람의 도움이 또 다른 사람의 인생을 구제하고 씨줄이 되어 점점 많은 사람들이 행복해지는 인간관계에 대해 놀라움과 감동을 주는 행복한 소설이다.. 가까운 사람에게는  어려운 말도 모르는 사람에게는 왜 이렇게 잘 하는지 ...정작 가까운 사람에게 상처주고 소통하지 못해 관계가 멀어지는 가족관계... 손님에게 친절하듯이 가족에게도 친절하게 해보라는 곰같은 아저씨의 말이 가슴에 남는다... 물건이 많이 있지 않아 불편하지만 직원을 생각하고 사람을 중히 여기는 편의점 할머니의 교육관에 그곳에 거쳐가는 많은 사람들이 자아와 행복을 찾아 자신의 길을 가는 모습에 마음이 흐뭇하고 따뜻했다...
2022-04-07,8,"제목만 보고는 요즘 너도나도 다 쓰는 에세인줄 알고 별로 보고싶지는 않았다. 그러다가 우연히 한번 보게 되었는데 소설이네~~ 그것도 상당히 재미있는 소설.. 사람과 사람사이의 관계에 대해서 얘기한다. 편의점을 지나쳐가는 사람들 코로나 시대에 사람과의 접촉이 없이 혼자 살아가는 사람들 이 책을 보고서 점점 자기 중심적이고, 이기적으로 살아가게 되는 현실에서 사람과의 관계에 대해 다시 한번 생각해보게 된다. 가볍게 읽기 좋다~~ 재미읽게 술술 읽었다~~"
2022-04-06,10,"뒤늦은 후기를 씁니다. 벛꽃 에디션이 나온 것을 보고 이 책을 읽었을 때 감동이 되살아나서 적어봐요. 일상속에서 볼 수 있는 편의점, 출출할 때 감밥이나 샌드위치를 편하게 사먹을 수 있는 곳을 감성에 젖을 수 있는 문체로 소설로 풀어낸 책입니다. 코로나 19로 삭막해져 가슴 한 쪽이 굳어져 가는 느낌을 가지는 이 때에 한번 읽어보면 좋을 듯한 소설이에요. 작가의 다른 책들에도 관심이 가게 되었네요 : )"
2022-04-05,10,재이있음..이야기가 지루하지도않고 구매한날 퇴근하니 집앞에 책이와있네요 그날 다읽음..ㅜㅜ 집중도 잘되고 어려운내용도없고 한번시작하니 못끊어서 그냥 다읽음 ㅎ 조금 아쉬운점은 주인공 독고에대한 결론이좀 허무? 했다는건있지만 다르게보면 극히 현실적일수도있겠다는생각임 한편으로는 손님중에 나랑비슷한사람도있구나싶기도하고 왠지편의점가서 옥수수수염차를하나사서 마시고싶다는생각도들고 ㅎㅎ
2022-04-04,10,"노숙자 출신 독고씨가 야간 알바를 하기 시작하면서 불편해진 편의점과 그 편의점을 팔아서 그 돈으로 자신의 사업을 시작하기위해 그 편의점을 시시탐탐 노리는 편의점 사장아들, 독고씨는 사장아들에게서 편의점을 지킬수 있을까??? 처음에는 독고씨를 불편해하지만 차츰 친절한 그에게 도움을 받아 행복을 찾아가는 편의점 식구들, 손님들 이야기가 재미있었다. 김호연 작가의 글은 깔끔하면서 유쾌했다. 망원동 브라더스라는 책이 동네이야기 시즌1 이라면 불편한 편의점은 동네이야기 시즌2 라고 하는데 시즌1도 꼭 읽어봐야 겠다. 행복은 뭔가 얻으로고 가는 길 위에 있는 것이 아니라 길 자체가 행복이라고 그리고 네가 만나는 사람이 모두 힘든 싸움을 하고 있기 때문에 친절해야 한다고 P. 140 발 딜런의 외할머니께서 발 딜런에게 했다는 말 불편한걸 불평해 하지 않고, 나이가 들면 들수록 말을 적게하고 남을 도울줄 아는 사람이 되어야겠다."
2022-04-04,10,"반전이 있는 전개와 사회의 고정관념 및 문제점을 잘 풀어낸 책입니다. 작가의 문장력 및 표현력이 매우 우수하여 잘 읽었네요 작가 덕분에 평소 내가 가졌던 고정관념의 무서움을 인직할 수 있었습니다. 또한 맨 마지막에 ""강은 빠지는 것이 아니라 건너는 것이며 다리는 뛰어내리는 것이 아니라 건너는 것이다""라는 표현이 뭉클한 감동을 줍니다. 소설이지만 현실에서 일어날 일을 바탕으로 전개되기 때문에 읽을 가치가 충분히 있는 책입니다."
2022-04-03,10,도서관에서 계속 예약이라 언제 내차례가 올지몰라 구입해서 읽었다. 책을 사서 처음읽다가 후회한적이 많아 늘 미리보기를 읽어보는데 이 책은 미리보기를 읽고 그 다음이 너무 궁금해서 꼭 읽고싶었다. 책을 읽느라 좋아하는 드라마도 안보게 된날 허허 꽤 괜찮은책. 많이 괜찮은책. 모두들 한번은 읽어보길바란다. 나는 독고씨를 만난다면 어떨까.. 나는 제이에스를 만나면 어떨까 그냥 그런생각이든다.
2022-04-03,10,"난독증을 사라지게 만드는 흡인력과 공감할 수밖에 없는 현재 배경의 이야기가 캐릭터 몰입에도 탁월하게 기여한다. 문장이 끝까지 읽히는 건 기본이고 내러티브에 눈물을 펑펑 흘리면서 몰입했다. 마지막 페이지까지도 인사이트가 남는 소설. 이런 소설책은 내 개인 취향이기도 하지만 베스트셀러가 지속된다는 건 많은 독자의 취향이기도 한 것. 잘 읽히고 여운이 남는 책, 추천하고 싶은 이런 책 많이 나왔으면 한다. 2021년 내가 읽은 최고의 소설책이 2022년 이후에도 오래 사랑받기 만을 바라본다."
2022-04-02,10,"불편하지만 ""가고싶은 편의점"" 기억을 잃은채 방황하는 노숙자 독고씨를 염영숙여사가 세상에 꺼내주면서 시작되는 책. 독고씨는 자기를 꺼내준 은사 염 여사를 시작으로 편의점에서 일하고 있는 직원들과 편의점에 방문하는 손님들에게 큰 ""위로""를 준다. 이책에서 참깨라면 참이슬 참치김밥을 ""참참참""조합이라고 하는데 편의점을 자주 이용하는 사람이지만 한번 해서 먹어보고 싶어졌다. 그리고,정말 책이 재밌어서 이 책을 빨리 읽기가 싫었다.. 음미하면서 읽고 싶은 책.. 이 책은 내 인생 베스트셀러중 하나가 되었으며, 저자가 쓴 책 망원동브라더스에도 관심을 가지게되서 읽어볼 생각이다."
2022-04-01,10,"우리 나라 포털 사이트의 뉴스를 읽다가 기사에 대한 감정을 선택할 때 사람들이 가장 많이 선택하는 항목은 '화나요'인 것 같다. 요즘 우리 모두는 다들 바쁘고, 힘들고, 무엇보다 화나 있다. 내가 하는 일이 내 존재 자체가 인정받지 못한다고 느끼고 나만 빼고 세상 사람들 모두 다 잘 풀리는 것 같다. 어디서나 흔하게 볼 수 있는 편의점에서 작은 기적들이 일어난다. 그 기적들은 사람들의 마음을 어루만지고, 마음 깊은 곳의 응어리를 풀어주고, 또 풀어진 응어리가 또 다른 기적을 물고 온다. 물질적으로 크게 부족한 것이 없는 세상에서, 우리가 진정 필요한 것이 무엇인가 잠시 생각해 보게 만든다. 때로 그것은 12가지 반찬의 편의점 도시락 하나일 수도 있고, 1+1 행사일 수도 있고, 4개에 만원하는 수입맥주일 수도 있고, 따뜻한 핫바나 참참참일 수도 있다. 어쩌면 그것은 삼각김밥과 같이 전해받은 편지일 지도 모르고, 한겨울에 위스키를 닮은 옥수수수염차일 지도 모르고, 그냥 옆에 앉아 들어주는 누군가일 지도 모른다. 나 외에도 많은 사람들이 옴니버스 식으로 얼키고 설킨 이야기들 가운데 어느 주인공의 마음 울림에 공감하며 짧은 눈물과 떨림을 동반한 얕은 한숨을 토해냈을 것 같다."
2022-03-31,10,"불편한 편의점 이지만 따뜻한 편의점 같기도 하다. 단순히 물건을 사는 공간인 편의점이지만 그 속에서 사람을 바라보는 시점을 일반적이고 평범한 사람이 아닌 기억을 잃은 서울역 노숙자 출신의 인물을 설정함으로 좀더 깊이있게 집중하게 된다. 그래서 인지 우리의 일상과 주변을 좀더 깊이있고 밀도있게 바라볼 수 있게 된것 같다. 우리가 아는 이야기, 모르는 이야기, 깊이 공감하는 이야기가 한데 얽히고 설켜서 잘 짜여진 책 한권이 이루어져있는 것 같다. 우리는 옛날과 다른 형태의 주거와 가족형태등을 가지고 변화했지만 그 속에 있는 어떤 가치들은 변하지 않고 계속 유지되는 것 같다."
2022-03-31,9,나무옆의자 출판사에서 출간된 김호연 작가님의 불편한 편의점 리뷰입니다. 정말 오랜만에 한국 소설을 사보는 것 같아요. 논픽션을 선호해서 소설은 잘 읽지 않는 편인데 서점에서 표지가 예뻐 눈여겨 보았다가 미리보기를 보고 사게 되었네요. 일단 정말 책장이 술술 넘어갑니다. 편의점을 찾아오는 다양한 등장인물들의 재미있고 때로는 엉뚱한 스토리에 읽으면서도 자주 씩 웃게 되었습니다. 작가님의 다른 작품도 궁금하네요.
2022-03-31,8,"이번 달 책모임은 '불편한 편의점'! yes24 2021년 올해의 책 4위를 한 베스트셀러인데, 이번에 알게 됐다. 제목은 특별히 튀지 않지만, 과연 베스트셀러답게 내용은 재미있고 술술 읽힌다. 어딘가 이상한 노숙자 독고씨와 편의점 사장님의 만남을 시작으로 편의점과 관련된 사람들의 이야기가 펼쳐진다. 한 챕터당 한명의 주인공을 내세운 옴니버스식의 구성이라고 볼 수도 있는데, 큰 줄기로 주인공 독고씨의 이야기도 진행된다. 편의점 아르바이트생, 다양한 연령대의 편의점 손님 등 주변에서 흔히 볼 수 있는 인물들이 등장해서 그런지 읽기 쉽고 흡입력이 엄청나다. 한 챕터만 봐야지 하고 폈다가 거의 마지막까지 단숨에 읽었다. 독고씨의 미스테리가 있어서 이 책이 더욱 흥미로워지긴 하지만, 독고씨의 정체가 드러나는 부분은 앞의 이야기와 서술 방식이나 이야기 결이 달라서 약간 힘이 빠지긴 했다. 그래도 코로나 상황 속 현재 이야기를 담아내려 한 점이 느껴져서, 혹시 나중에 다시 읽으면 어떤 느낌일까 궁금하다. 책 내용 중에 극작가가 등장해서 그런지, 읽으면서 어쩐지 대학로 연극을 떠오르게 하는데, 이 책도 나중에 연극이나 뮤지컬로 만들어지지 않을까 싶다. 가볍게 읽을 수 있으면서도 웃음과 감동이 있는 책을 찾는다면 추천하고 싶다."
2022-03-31,10,"'불편한 편의점' 이번 독서 모임 도서는 불편한 편의점이다. 요새 책 좋아하는 사람들은 대부분 읽었다는 소설로, 우리도 한 번 도전하기로 했다. 특히 '망원동 브라더스' 를 집필한 김호연 작가의 책이라 더 믿음이 가는 부분도 있었다. 한 작가의 작품을 연달아 읽는 것은 꽤나 만족스러운 결과를 가져다 준다. 불편한 편의점을 읽고 보니, 이제 주변 환경이 더 생동감 넘치고 이야기가 가득해 지는 기분이다. 요새처럼 여행은 커녕 친구도 쉽게 만나지 못하는 상황에서 소설 속으로 여행을 떠나는 일이 정말 멋졌다. 독서 모임원들은 한 목소리로 '앉은 자리에서 금방 읽어 버린' 책이라고 말했다. 정말 빠르게 이야기 속으로 빠져드는 기분이다. 원래 이처럼 일상을 무대로 이야기를 담아내는 소설을 좋아한다. 약간의 상상력만 가미되면, 세상은 참 풍성해지는 것 같다고 생각한다."
2022-03-30,8,"편의점이 우리들의 생활 공간에 밀접하게 들어와 있다는 것을 이 책을 통해서 알게 된다. 우리가 편의점을 단순하게 물건을 소비하기 위해서 가는 곳이지만, 그 반대 쪽에서는 이 사회의 많은 고용을 담당하고 있는 것도 새삼 알게 해준다. 일본 소설인 ""편의점 인간”을 통해서 편의점의 구체적인 동작 시스템을 알 수 있었고, 이 책에서는 좀더 사람들과 생활을 보여준다. 한편으로는 선한 행동의 전파력을 보여주는 책이다. 이 책에서는 서울역에서 노숙자와 편의점 점주와의 만남에서 시작한다. 이야기의 중심이 자연스럽게 편의점으로 옮기면서 3교대를 하고 있는 편의점 알바들의 이야기로 옮겨진다. 그리고 편의점 알바가 평생 직장도 될 수 있지만, 사정에 의해서 그만두게 되고, 또 다른 알바를 고용한다. 자영업자의 고민이 사람을 채용하는 것이라고 하고, 이 책에서도 적당하게 속사정이 공개된다. 그리고 과감하게 노숙자이만 신뢰할 수 있는 이 책의 주인공 역할을 하는 사람에게 알바의 자리가 제안되고 받아들여진다. 이 책은 소단원들이 각자 한 명씩 주인공이 되어 나온다. 먼저 교사를 정년퇴임하고 남편의 남은 재산으로 편의점을 하고 있는 점주가 나온다. 점주가 착한 점주여서 자기가 고용하고 있는 직원들에게 최선을 다하는 모습으로 등장한다. 그리고 가족 중에 문제를 일으키는 아들이 등장한다. 아들이 헤프닝을 일으키지만 영향력이 크지 않음을 알 수 있다. 세분의 직원이 소개되고 각자 사정이 나온다. 공무원 시험을 준비하는 직원은 유튜브에 편의점에 대한 동영상을 게재하고 좀더 상위 직급으로 스카우트되어 간다. 손님들도 두 분 등장하는데, 영업사원과 작가가 나온다. 불편한 편의점은 작가의 작품제목이도 하다. 심야 식당과 다르게 어떻게 작품이 소개될지 궁금했는데, 이 책이 그 작가의 작품이라고 봐야 할까! 끝부분은 드디어 노숙자의 정체가 밝혀지고 새로운 길을 찾아 떠나는 것으로 나온다. 약간 끝마무리가 미진한 느낌이 드는데, 어쩌면 내가 책을 자세하게 읽지 않아 빠트린 것 일수 있다. 장르가 스릴러도 빠질뻔하고 흥미로웠지만, 적당한 선에서 잘 멈춘 것 같다. 작은 이야기이지만, 일단 재미있는 소설이고 다음으로 좋은 메시지를 전달해주는 소설이다."
2022-03-30,7,"불편한 편의점은 오프라인/온라인 서점에서 자주 보았던 책이다. 계절에 따라서 책 표지가 눈으로, 벚꽃으로 바뀌어서 나왔는데 표지만 보아도 편의점의 겨울과 봄을 함께 한 기분이 들었다. 이 책은 서울역 노숙자였던 독고씨가 염 여사의 지갑을 주워준 것을 계기로 편의점 알바를 하면서 만난 사람들의 이야기를 담았다. 짧게 스쳐가는 관계(판매자-구매자)지만 이 편의점 알바생의 작은 위로가 우리들이 나아갈 수 있는 원동력이 되었다. 그리고 코로나 때문에 일상이 된 마스크와 라텍스 장갑이 독고씨의 비밀을 풀어 줄 열쇠가 된 것이 재미있었다. 다소 뻔하고 예측 가능한 전개이긴 하지만  쉬운 문장과 일상적인 내용으로 공감가는 이야기가 많았고 또 갈등이 원만하게 해결되기 때문에 <달러구트 꿈 백화점>처럼 마음 편하게 읽을 수 있는 소설이었다."
2022-03-30,9,"<망원동 브라더스>에 이어 두 번째로 읽은 김호연 작가의 소설로, 이번 책모임을 통해 다시 한 번 보게 되었다. <망원동 브라더스>와 마찬가지로 주말 하루에 훅- 쿡쿡대며 읽어낼 수 있는 정겹고 유쾌한 동네 이야기였다. 물론, 이렇게 단정하자니 살짝 걸리는 게 묵직한 후반부지만. 이야기를 풀어내기 시작하는 앞 부분은 미스터리하지만 강단있고 왠지 믿음이 가는 독고 씨의 등장과 함께 발생하는 시원유쾌명랑한 이야기들의 연속이었다면, 독고 씨의 정체 밝히기가 중점이 되는 중후반부에서부터는 그 농도가 조금쯤 무겁고 질척해져서, 아픔과 고통에 공감하며 고개 끄덕이는 한편 너무 나가지 않았나, 반전의 요소라면 요소지만 너무 과하게 급하게 훅 풀어낸 건 아닌가, 하는 아쉬움이 어쩔 수 없이 조금 남았다. 그래도 표지 에디션만 세 계절째 바뀌고 있는 만큼 오늘날 모두에게 감동과 재미를 주고 있는 소설임에는 틀림없다고 생각한다. 취업난, 나이듦, 가족 내 불화 혹은 소통의 부재, 직업적, 경제적 성공과 지켜야 할 선, 그리고 코로나와 마스크의 시대- 이 모두를 담아내는 소설이었다. 무더위와 코로나를 이겨낼 힘을 줄 수 있을, 그런 책이 아닐까 생각한다."
2022-03-28,8,"청파동 골목에 자리 잡은 작은 편의점 ALWAYS. 어느 날 서울역에서 살던 사내가 야간 알바로 들어오면서 편의점에 변화의 바람이 일기 시작한다! 외면에서 느껴지는 불편함과 편견을 이겨내게 만든건 독고씨의 착한 사마리아인 같은 행동이 발단이었지만 계속 그에게 관심을 두고 새로운 시작을 기도해주는 건 염 여사의 내려였다고 생각한다. 지지리도 말 안 듣는 아들놈과 오지게도 잘난 딸년보다 요즘은 함께 읽하는 직원들이 가족 같고 편하다. 이 이야기를 읽으면서 부족한 사회 제도를 메우는 선한 사람들의 노력이 생각났다. 온전히 모든 걸 기억하고 있는 건 아니지만 출퇴근 길에 항상 보이는  '빅이슈' 잡지 판매자 들만 떠올려보더라도 이미 사회 제도밖으로 나간 사람들에게 손을 내밀고 다시 제도 안으로 들어와 제도의 혜택을 받을 수 있도록 기반을 만들어 주는 좋은 기억이지 않은가. 여기서는 수익이 나지 않은 작는 편의점 Always가 그역할을 대신한다. 사회 제도가 약자를 보호하지 못하고 제도 밖으로 내몬다는 것이 좋은 현상은 아니지만 이런 이야기를 읽다보면 픽션이더라도 살한 인간미있는 사회를 살고 있구나 싶어 마임으 푸근해진다. 사장님은 시현과 같은 알바생에게 시켜야 할 일과 자신이 해야 할 일을 정확히 구분했고, 솔선수범했으며, 무엇보다 직원들을 귀하게 대했다. "" 사장이 직원을 귀하게 여기지 않으면 직원도 손님을 귀하게 여기지 않는다. "" 학교에만 있던 미성숙한 아이들이 처음 접하는 사회이자 어른은 아르바이트를 통해서라고 생각한다. 그때 만나는 어른이 모두 염 여사와 같은 사장님이라면 얼마나 좋을까. 조금이라도 적게 주고 더 많은 일을 시키고 주인의식을 가지라고 말하는 어른이니라. 꿈 같은 생각이지만 그런 아르바이트라면 어린 나이에 사회적 제도 밖으로 내몰리는 아이들을 붙잡을 수 있는 공간이 될 수도 있을 것 같은데. 행복은 뭔가 얻으려고 가는 길 위에 있는 것이 아니라 길 자체가 행복이라고. 그리고 네가 만나는 사람이 모두 힘든 싸움을 하고 있기 때문에 친절해야 한다고. 처음에는 난데없이 등장한 노숙자 독고씨의 정체도 궁금하고 어느 순간 다시 알콜중독에 빠져 실수하게 되지 않을까 걱정하며 읽다가. 개개인의 이야기 긍정적으로 풀리면서 편안한 마음으로 읽게 되었다. 그때 너무 긴장감이 부족해 보였던 걸까 독고씨의 정체를 파헤치려는 노력이 들어간 순간 범죄현장을 관찰하는 것 같은 긴장감과 함께 책을 읽게 되었다. 누가 되었든 곁에 있어 위로가 되어준 사람의 정채가 알수록 모호해지는 게 모르는 범죄자의 정체를 알게되는 것 보다 거부감이 들었다. 기억과 현실 사이에 놓인 빙벽이 녹아 내리고 있었고, 서서히 빙하 속 매머드 같은 덩어리들이 목격되기 시작했다. 내 기억의 시체들, 그것들이 좀비처럼 일어나 나를 덮치고 있었다. 불편한 편의점을 무대 위에서 만나게 되도 좋을 것 같다는 생각을 했다. 정 작가의 작품이 무대에 올라 성공적이길 바라는 마음일지도..."
2022-03-27,9,포장을 하실때 책 조심히 다루주셔야죠 이게뭡니까 이럴꺼면 제가 뭐하러 새상품을 구매했겠어요 다음에는 상품 조심히 다뤄주시기바랍니다 제발 책 내용은 교훈이 가득했습니다 첫단락부터 계속 읽었네요 비행기내에서 계속 시간가는줄모르고 읽었습니다 이렇게 술술읽히는건 오랜만이네요 봄같은날씨에 어울리는 책입니다 다들 읽어보시기바랍니다 포장을 하실때 책 조심히 다루주셔야죠 이게뭡니까 이럴꺼면 제가 뭐하러 새상품을 구매했겠어요 다음에는 상품 조심히 다뤄주시기바랍니다 제발 책 내용은 교훈이 가득했습니다 첫단락부터 계속 읽었네요 비행기내에서 계속 시간가는줄모르고 읽었습니다 이렇게 술술읽히는건 오랜만이네요 봄같은날씨에 어울리는 책입니다 다들 읽어보시기바랍니다
2022-03-27,10,"술술 읽히는 책이지만 중간중간 감동이 있는 책, 짧은 이야기들이 모여 있지만 결국 하나의 스토리인 책, 드라마 한편을 보는듯 눈앞에 장면들이 바로 그려지는 책, 소설이지만 소설같지 않은 책, 그리고 주변 사람들에게 추천해주고 싶은책입니다. 특히 배경이 되는 숙대 동네에 대한 추억이 있는 숙대 졸업생에겐 중간중간 들어있는 그 동네만의 느낌들이 더욱 그려져서 좋았습니다"
2022-03-26,10,"1. 불편한 편의점이 있다. 그리고 그 편의점을 이용하고 싶은 내가 있다. 2. 각기 다른 주인공의 시선에서 전개되는 이야기가 재미있다. 그들만의 삶이 있고, 이야기가 있고 그 안에 공통분모는 편의점 단 하나뿐이다. 장편소설이지만 2시간만에 다 읽어버렸을 정도로 흡입력 있는 소설이다. 주인공이라고 말 할 수 있는 '독거'씨의 편의점 알바일기 정도로 볼 수 있다. 그리고 그 편의점 알바 시현이, 편의점 사장님, 점원, 편의점 단골 고객, 앞집 새로 이사온 손님. 정말 편의점의 이야기다. 박찬호의 GS 도시락이 맛있고 인기좋은 12찬 도시락이 잘 나가고 옥수수수염차는 1+1이고 잘 사먹던 초콜릿이 더이상 행사를 하지 않아 못 사먹는. 그런 이야기다. 슬프다기엔 우리 현실이고 애틋하다기엔 억척스럽다. 3. 이 이야기의 화자는 각양각색이다. 그 중 가장 마음에 든 화자는 아무래도 쌍둥이 자매를 둔 영업팀 직원 아저씨가 아닐까. 참참참 (참깨라면, 참치마요, 참이슬) 조합으로 매일 저녁 혼술을 즐긴다. 5000원 정도의 돈으로 본인을 위로하는데 독고씨의 존재를 불쾌하게 생각한다. 그리고 독고씨로 인해 위로받는 에피소드에서 눈물이 날 뻔했다. 마지막 줄이 마음에 들었다. 원플러스원. 책이 술술 읽히는 건 작가의 재능이다. 읽기 어려운 글이 나쁜 글이라는 말이 아니다. 그저 이렇게 쉽게, 읽히는 글에 마음까지 동하게 하는 소재를 쓰는 작가님이 대단할 뿐이다. 4. 아쉬운 점이 있었다면 독고씨의 정체가 끝까지 미스터리였으면 어땠을까 하는 생각이다. 편의점 알바를 그만두고 나서는 독고씨의 내용이 물론 들어가는 게 맞겠지만 그의 정체를 모를때가 더 재미있게 느껴졌다. 정체를 알고 나서 보는 독고씨는 내가 시현의 이야기를 듣고 있을 때만큼 매력적이고, 어딘가 어리숙하지만 정이있고 상상속에 그려지는 독고씨만큼 좋지 않았다. 장편소설이지만 충분히 금방 읽는다. 한국인이면 너무나 알만 한 내용들이 가득하다. 그래서 웃기고 슬프고 어딘가 짠하고 어딘가 씁쓸하다. 옥수수 수염차가 마시고 싶어지는 울적한 책??"
2022-03-26,6,"<불편한 편의점>은 기대 없이 봤는데 너무 재밌어서 막 자랑하고 싶은 책이다. 소설을 읽는 이유는 여러 가지가 있겠지만, 우선 재밌어야 한다. 지적 자극이든, 긴장감이든, 인간에 대한 깊은 통찰이든, 철학적 사유든, 뭐든지 간에 재밌고 매력이 있어야 한다. <불편한 편의점>은 우선 잘 읽히는 책이다. 그만큼 재밌는 책이다. 책을 잘 읽히게 쓴다는 건 쉬운 일이 아니다. 독자의 공감을 불러일으켜야 한다. 공감이 안되면 아무리 쉬운 문체라도 안 읽히고 재미없다. 구성도 뛰어나고 글의 맥락과 문체에 숙련도가 있어야 한다. 왜 이런 말을 하냐면 표지만 봤을 때는 그저 오락 소설 정도로 생각했기 때문이다. 내용도 유치할 수도 있겠다는 생각도 했다. 물론 내용이 무겁거나 심각하지는 않다. 가볍고 재밌다. 그러면서 무겁다. 어릴 때는 동네마다 슈퍼마켓이 있었다. 말이 좋아 슈퍼마켓이지 그냥 동네 구멍가게였다. 우리 동네 슈퍼마켓 이름이 아직도 기억난다. 대성슈퍼. 그러고 보니 '대성슈퍼'라는 이름은 우리 동네뿐만 아니라 거의 대부분의 동네에 하나쯤은 있었던 슈퍼마켓 이름이다. 프랜차이즈도 아닌 데, 왜 죄다 슈퍼마켓은 '대성슈퍼'였을까? 나중에 크게 성공하라는 뜻에 모두 감동한 걸까? 아니면 '대성'이 대한민국의 기치였을까? 나는 동생 손을 잡고 대성슈퍼에 종종 아이스크림을 사러 갔다. 갈 때마다 나이가 지긋하신 주인아주머니가 반겨주셨던 기억이 난다. ""아이고, OO네 집 꼬맹이들 왔구나. 오늘은 뭘 사러 왔을까?"" ""안녕하세요? 아이스크림 사러 왔어요."" 돌이켜보면 돈이 조금 모자를 때에도 아주머니는 아이스크림 2개를 우리 남매의 고사리 같은 손에 꼬옥 쥐어주셨다. 대성슈퍼에는 어린이 할인이란 게 있었다. 지금은 대한민국의 대성슈퍼는 거의 사라졌다. 늙고 병들어 대부분 은퇴했다. 대신 동네마다 편의점이 들어섰다. 편의점에는 정말 없는 게 없다. 과자, 빵, 일회용 도시락에 김밥까지. 게다가 양말에 속옷, 그리고 콘돔도 있다. 대성슈퍼에 없는 것들이 편의점에는 차고 넘쳐난다. 그러나 어린이 할인은 없다. 외상도 없고 우리 집을 속속들이 아시던 아주머니도 없다. 가만히 생각해보면 편의점은 대한민국 2022년에 무척 잘 어울린다. 편의점이 1980년에 생겼다면 어땠을까? 어린이 할인도 안되고 외상도 안 되는 정이라고는 눈곱만큼도 없는 편의점은 망했을지도 모른다. 손님에게 관심도 없고 어느 집 누구네 자식인지 신경도 안 쓰는 편의점은 1980년의 눈으로 보면 너무 새침하고 깍쟁이 같다. 그러나 2022년의 눈으로 보는 편의점은 편리하다. 나의 익명이 보장되기 때문이다. 나의 신분은 곧 계급으로 나뉘는 사회. 명함에 불안이 걸려 있는 사회에서 자신의 노출은 곧 불편함이다. '대성슈퍼'에서 나는 누구누구의 자식인지 모두가 알고 있으며, 그래서 늘 친절해야 하며, 등이 굽어서도 안된다. 표정은 늘 밝고 명랑해야 하며 공부도 잘해야 한다. 2022년에 그런 '관심'은 곧 '불편함'이다. 익명성의 보장. 2022년에 편의점이 편한 이유이다. <불편한 편의점>은 김호연 작가의 무려 5번째 소설이다. 나는 김호연 작가의 책은 처음이다. 읽다 보면 박민규 작가가 생각나기도 한다. 사회 약자들의 이야기이고, 약자들이 삶을 이겨내는 방식이 세상의 논리에 순응하거나 전복하는 게 아니라, 각자 나름대로 삶에 대한 소중한 의미를 찾아간다는 면에서 그렇다. 거기에 위트 있고 재밌는 문체는 덤이다. 둘 다 한번 잡으면 순식간에 끝까지 읽게 되는 점도 비슷하다. 두 작가 모두 못생겼다는 점도 닮았다. 물론 당연히 다른 점도 있다. 박민규가 남자답다면, 김호연은 여성스럽다. 음악으로 비유하면 박민규는 약간 찌질 음악의 대명사 장기하와 닮았고, 김호연은 청춘의 아픔을 대변하는 옥상달빛과 닮았다. 나는 소설에도 ost가 있다면 박민규의 <삼미 슈퍼스타즈의 마지막 팬클럽>에는 장기하의 <느리게 걷자>가, <불편한 편의점>에는 옥상달빛의 <희한한 시대>가 잘 어울린다고 생각한다. <불편한 편의점>은 편의점에 드나드는 알바와 손님들, 즉 소시민들의 사연을 소개하는 소설이다. 어느 날 편의점 주인아주머니는 파우치를 잃어버린다. '독고'라 불리는 서울역 노숙자가 우연히 파우치를 찾아준다. 그 인연으로 독고는 편의점에서 심야 시간대에 알바를 하게 된다. 독고는 알콜성 치매를 앓고 있다. 모두 그의 과거가 궁금하지만 '독고' 자신도 기억하지 못한다. 편의점이란 사람들이 수시로 오가는 곳이고 손님이나 점원이나 예외 없이 머물다 가는 공간이란 걸, 물건이든 돈이든 충전을 하고 떠나는 인간들의 주유소라는 걸, 그녀는 잘 알고 있었다. 편의점이 안락한 곳은 아니겠지만 딱히 불편할 이유는 없다. 그런데 김호연의 편의점은 왜 불편할까? 'ALWAYS' 편의점이 불편해지기 시작한 것은 '독고'라는 서울역 노숙인 사내가 야간 알바를 하기 시작할 무렵부터다. 독고가 말을 더듬어서일까? 불친절해서일까? 몸이 느릿느릿해서? 아니면 커다란 덩치의 사내가 위화감을 조성하기 때문일까? 아니다. 그것 때문에 불편한 게 아니다. 독고 씨가 알바 혹은 손님의 삶에 참견하기 때문이다. 옛날의 '대성슈퍼'처럼 대놓고 인생의 훈수를 두는 건 아니다. 약간의 관심만으로도 몹시 불편한 세상 아닌가. 매일 소주 먹는 사내에게 소주 대신 옥수수수염차를 건네며 술을 줄이라고 한다. 새벽에 도시락을 찾는 여자를 위해 따로 도시락을 빼놓는다든가 겨울에 야외 테이블을 이용하는 손님에게 난로를 켜준다. 손님들은 한편 고마운 마음도 있으면서 덩치 큰 사내의 관심이 불편하다. 다른 편의점으로 갈까 하다 집에서 가까워 어쩔 수 없이 'ALWAYS' 편의점을 이용한다. 매일 밤마다 편의점에서 참참참(참라면에 참치김밥에 참이슬)을 먹는 손님, 새벽에 도시락을 먹으러 오는 손님, 공무원 시험을 준비하는 동료 알바 청년, 하루 종일 컴퓨터 게임만 하는 30대 아들을 둔 아주머니. 편의점에 머무는 소시민들의 삶이 소개된다. 모두 나의 이야기 아니면 내 주변의 이야기다. 현대에 누구나 고민하고 안고 살아가는 문제들. 모두 잘 사는 것 같지만 모두 병들어 있는 사람들. 독고 씨는 편의점에 드나드는 손님과 알바에게 많은 도움을 준다. 그렇다고 독고의 액션이 큰 건 절대 아니다. 홍반장같은 오지랖과 적극성은 없다. 사실 그가 한 일이라고는 그들의 말을 잘 들어준 것뿐이다. 그럼에도 사람들은 독고 씨로부터 치유받고 이해받는다. 그리고 그들은 가장 소중한 가치에 대해 다시 돌아본다. <불편한 편의점>은 크게 두 개의 축으로 이야기가 전개된다. 하나는 편의점을 중심으로 한 소시민들의 이야기이고, 또 하나는 독고의 과거를 추적하는 이야기가 흥미진진하게 다뤄진다. 소시민들의 사연은 독자들의 공감과 감동을 불러일으키고, 독고에 대한 과거 행적에 대한 추적은 독자들로 하여금 궁금증을 자아낸다. 약간 서스펜스와 스릴러가 가미된 감동 휴먼 드라마 느낌이다. 재미와 감동과 궁금증으로 책을 한번 잡으면 끝까지 읽게 만든다. 그만큼 재밌다. <불편한 편의점>은 표지를 봤을 때 딱! 오락 소설 같은 느낌이다. <심야 식당>이 생각나고, <나미야 잡화점의 이야기>가 떠오른다. 표지를 보면 가벼운 킬링 타임용 정도로 생각된다. 맞다, 킬링 타임용. 무거운 주제도 아니고 어려운 철학적 고찰도 없다. <불편한 편의점>은 위트 있고 재밌다. 사람들이 좋아하는 감동 포인트가 있고 이야기를 흥미진진하게 이끄는 문체의 매력도 충분하다. 그럼에도 <불편한 편의점>은 독자를 불편하게 만든다. 익명성이 철저히 보장되는 편의점. 사람들은 외롭지만, 이제 혼자가 편한 것이다. 어느새 대성슈퍼는 망했다. 너무 손님 속을 속속들이 알려고 했기 때문일까. 친구, 가족으로부터 외면받거나 스스로 주변을 외면하는 사람들. 점점 자기 자신에게로 침전하는 사람들. '편의점'이라는 테마가 현대를 살아가는 소시민의 압축판 같다. 대성슈퍼는 대성하지 못하고 망했지만 우리 주변에는 편의점이 있다. 편의점에는 어린이 할인도 없고 외상도 없지만, 1+1 상품이 있고 참참참(참깨라면, 참치김밥, 참이슬)이 있다. 그리고 그곳에도 분명 사람이 있다. 모두가 부동산으로 돈을 벌려고 한다. 대한민국의 모든 가치는 부동산으로 치환된다. 열심히 일하는 것도, 올바르게 사는 것도, 모두 허튼짓이 되어버렸다. 21세기 최고의 가치는 부동산이다. 그 부동산, 즉 돈이 없어 가난한 자들은 익명성이 보장되는 편의점을 찾는다. 그게 편하니까. 편의점을 찾는 사람들을 치유해 주는 독고의 행동은 사실 자기 자신을 치유해 가는 과정이기도 했다. 그들에게 했던 말은 모두 독고 자기 자린에게 하는 말이었다. 김호연은 이제 '대성'이 아닌 'Always'를 말한다. 항상성. 삶의 가치가 저 높은 아파트에 걸려 있는 게 아니라고 한다. 가치는 항상 내 옆을 지키는 사람들에게 있다고. 소설은 독고라는 사내의 과거를 추적하지만, 사실은 현대인이 잃어버린 관계의 소중함을 추적하고 밝혀내고 무릎 꿇리고 있다. 그걸 회복하는 게 행복이라고 말한다. 결국 삶은 관계였고 관계는 소통이었다. 행복은 멀리 있지 않고 내 옆의 사람들과 마음을 나누는 데 있음을 이제 깨달았다. <극한직업>의 이병헌은 <기생충>의 봉준호가 될 수 없다. 뒤집어 말하면 봉준호 또한 이병헌이 될 수 없다. 김호연은 톨스토이가 될 수 없다. 톨스토이 역시 절대 김호연이 될 수 없다. 톨스토이의 소설이 위대하다면 김호연의 소설은 아름답다. 소설이 할 수 있는 일, 바로 인간의 이야기를 소설로 담아내는 일이라고 생각한다. 인간의 냄새가 물씬 풍기는 <불편한 편의점>. 오랜만에 좋은 소설을 만나 좋았다."
2022-03-26,10,제목만보고 끌렸다 나미야 잡화점같은 느낌이랄까 서점에서 몇장 읽다가 소설책은 이제 안사려고했는데 다음얘기가 궁금해서 사버렸다 금새 읽어버려 아깝지만 읽는동안의 편의점동네 느낌은 돈주고살수없으니까 청파동 숙대앞 서울역 충정로 해방촌 보광동 서부역 만리동고개 후암동 남산 용산역 동호대교 압구정까지 꽃피면 함 걸어볼란다 아는길이나오니 더욱 친근하다 문득 나도 독고씨같은사람 되고싶다 편의점 알바도 하고싶다 이런생각이 저런생각에 빠지게도하고 통쾌하기도한 책였다 지인책도 아닌데 리뷰써보기 첨이다 작가님 뉘신지 모르지만 감사요
2022-03-25,8,"과하게 흥행하는 작품은 그 시기에 잘 읽지 않는 편이다. 남들이 다 먹고 자랑하니까 나도 먹고 싶어지는 허니버터칩처럼, 남들이 다 재밌게 읽었다고 하니까 나도 그런 기대감을 가지고 읽게 될까봐서다. 아무튼, 이 작품은 꽤 오랜시간 서점사 상위권에서 내려오지 않았고 새로운 커버 에디션이 나오고 여전히 SNS에서도 핫하다. 벚꽃 표지가 아니었다면 아마 나는 이 책을 오늘이 아닌 더 먼 훗날에 읽었을지도 모른다. 이래서 구매 충동을 유발하는데 표지도 한몫하는 게 아닌가 싶기도 하고... 동네 편의점에 얽힌 사람들의 사연을 하나로 묶은 장편소설이다. 이 세상에 존재하는 사람만큼 사연도 존재한다. 아무런 문제가 없어보이는 사람도 다 사정이 있다. 그리고 그런 사정들은 우리 주변에서도 흔히 볼 수 있는 것들이 많다. 미묘하게 다를지는 몰라도 공감을 유발하는 데에는 아주 탁월하다. 아마도 이 책이 사람들 사이에서 오랜 기간 인기를 가졌던 이유가 그것에 있지 않나 싶다. 일상에서 늘 마주하는 사정들, 쌓여가만 가는 타인에 대한 불만들, 남의 문제라고만 생각해왔던 착각. 아마 이 책을 읽어본 사람들은 감동도 감동이지만 이기적이었던 자신을 되돌아보며 반성도 많이 하지 않았을까 싶다. 물론 반성이 행동으로 옮겨졌을지는 모르겠지만. 내가 어떤 상태였는지 인지하는 것만으로도 이미 한발짝 성숙해진 게 아니겠는가. '불편한 편의점'은 말 그대로 불편함이 가득한 편의점이 아니라, 우리가 불편하다고 여겼던 것들을 끄집어 내어주는 장소로 선택되었다. 사람들이 불편해하고 기피하고 혐오하는 것들에 대해 직설적으로 조언해주는 '독고'라는 캐릭터가 이야기의 중심도 잘 잡아주고, 그의 비밀스런 과거가 이야기가 뒤로 갈수록 뻔하거나 힘을 잃지 않도록 해줌으로써 완성도를 높였다. 오랜 시간 인기가 있는 책은 그 이유가 다 있는 법인가보다. 아직 읽어보지 못한 사람이 있다면, 이번 기회에 예쁜 벚꽃 에디션으로 구매해서 읽어보는 것도 좋을거라 생각한다."
2022-03-25,10,"언젠가 예능에서 김영하 작가는 우리가 문학을 읽는 이유로 나와 다른 삶을 볼 수 있고 나에게는 감동적인 이야기이지만 타인에게는 그저 그런 이야기일 수도 있기에 나와는 다른 관점을 알 수 있다는 점을 꼽았다. 대게 문학작품은 살아가는 이야기가 대부분이므로 그것이 누군가에게는 공감으로 누군가에게는 반감으로 다가올 수 있다는 것이다. 김호연 작가의 두 번째 동네이야기인 『불편한 편의점』 도 나의 옆집이나 누군가의 지인의 이야기인양 친근하게 다가왔다. 먼저 제목에서도 알 수 있듯이 편의점이 사건이 일어나는 주 무대이다. 지금은 과다경쟁이라는 말이 나올 정도로 길 건너 한 개씩 있을 정도로 흔한 편의점이기에 배경이 주는 친숙함이 소설을 읽는 재미로 다가왔다. 뿐만 아니라 편의점이 서울의 오래된 동네 청파동의 묘사가 탁월해 마치 우리 동네 앞과 같은 친숙함을 주고 있다. 다음으로 덩치가 큰 주인공 독고를 보며 오전 편의점 알바인 선숙은 노숙자 출신 곰탱이가 편의점에서 스무 날 밤을 새우며 ‘의성마늘 햄과 쑥 음료’를 아무리 먹어도 사람이 될 거라 믿지 않는다는 독백을 한다. 덩치가 큰 독고를 보고는 곰탱이지만 의성마늘 햄과 쑥음료를 먹는다는 발상이 재미있다. 이런 위트 넘치는 문장이 소설을 읽는데 재미를 더해 준다. 마지막으로 편의점의 주인인 영숙과 아르바이트를 하는 시현, 선숙, 편의점의 손님인 경만, 인경 등 편의점을 무대로 다양한 사람들이 등장하며 그들 각자의 삶에 대한 이야기가 서로 맞물리면서 소설의 진행을 입체적으로 읽을 수 있었다. 소설은 부산으로 향하던 영숙이 지갑 등이 든 파우치를 잃어버리면서 시작된다. 그 파우치를 서울역 노숙자인 독고가 습득을 하여 그녀에게 돌려준다. 비록 노숙자에 알콜성 치매로 과거를 기억하지 못하긴 하나 그의 심성이 올곧은 것을 느낀 영숙은 그에게 편의점 야간 아르바이트를 제안하면서 독고는 과거를 청산하는 기회를 얻는다. 영숙의 편의점에는 공무원 준비를 하는 시현이 오후 아르바이트를 백수 아들과 함께 살고 있는 선숙이 오전 아르바이트를 맞고 있으며 역사 교사로 정년퇴임 한 영숙 자신은 연금으로 생활이 가능하므로 편의점의 수익은 아르바이트 급여를 충당할 수 있을 정도면 족하다고 여기며 살아가고 있다. 그러나 여기 편의점을 중심으로 한 인간관계는 겉으로 보기에 잘 돌아가는 것처럼 보이나 모든 인간관계가 그러하듯 저마다의 문제를 가지고 있다. 공무원 준비를 하는 시현은 높아진 경쟁률에 힘들어 하며, 남편이 집을 나간 선숙은 결혼생활을 실패하고 다니던 직장까지 그만둔 아들과의 불화에 힘들어 한다. 편의점의 손님이자 의료기기 영업사원인 경만은 성과가 신통치 않아 줄어든 용돈으로 퇴근 후의 술 한 잔을 하기 힘들어지자 편의점에서의 나름을 혼술을 즐기는 것으로 대신하고 있으며, 배우를 그만두고 작가의 길로 들어선 인경은 글이 써지지 않아 고민을 하고 있다. 이 모든 문제는 다른 모습을 하고 있어 보이나 모두가 소통의 부재로 인한 문제들로 보였다. 아이러니 하게도 그 문제의 해결에 중심이 되는 인물은 알콜성 치매로 과거를 기억하지 못하며 말도 더듬거리면서 하는 노숙자 출신의 독고였다. 그러니까 말을 더듬는 독고가 소통을 가장 잘 하면서 그들의 상처를 보듬어 주는 것이다. 다음은 아들과의 불화로 힘들어 하는 선숙과 독고의 대화이다. “내가 말이 너무 많았죠? 너무 힘들어서…… 어디 하소연할 데도 없고……. 독고 씨가 들어줘서 좀 풀린 거 같아요. 고마워요.” “그거예요.” “뭐가요?” “들어주면 풀려요.” 독고와 선숙의 대화 들어주면 풀린다는 말이 인상적이었다. 독고는 선숙의 문제를 해결해준 것이 아니다. 그저 그녀의 힘듦을 들어준 것뿐이었다. 그럼에도 선숙은 다시 일어설 힘을 얻은 것이다. 별일 없는 날을 위해 얼마나 많은 별일을 겪어야 하는지는 당사자 외에는 아무도 모른다. 그럼에도 어김없이 새로운 날은 찾아오고 같은 일상을 되풀이 한다. 그러는 동안 멍들고 다친 이는 점차 지쳐가는 것을 애써 모른 척하기란 쉽지 않다. 그럴 때 독고와 같이 그저 들어주는 이가 있다면 좋겠다는 생각이 들었다. 더불어 나도 누군가에게 들어주는 이가 되어야겠다는 불편한(?) 생각을 하게끔 한 『불편한 편의점』 이었다."
2022-03-24,10,"‘불편한 편의점(김호연 글, 나무옆의자 펴냄)’은 편의점 사장, 알바, 고객, 사장 가족과 그 고용인의 이야기가 옴니버스식으로 구성되어 있다. 각자의 인생 이야기를 작가가 잘 요약하여 설명해 주니 이해도 쉽고 상황에 따른 스트레스도 덜 받는다. 이 책의 최대 장점은 각 등장인물의 이야기가 마무리될 때마다 애매하지 않게, 확실하면서도 긍정적인 싸인을 알리는 마침표를 찍어 준다는 것이다. 그래, 요즘 내게도 이런 게 절실히 필요했어! 비록 이 모든 것이 소설 속 상황이라 할지라도 희망을 꿈꾸게 하고, 다행이라고 안도할 수 있는 일들을 경험한다는 것은 요즘 같은 사회 분위기에는 몹시 귀하단 생각이 든다. 행복은 뭔가 얻으려고 하는 길 위에 있는 것이 아니라 길 자체가 행복이라고. 그리고 네가 만나는 사람이 모두 힘든 싸움을 하고 있기 때문에 친절해야 한다고. (본문 p.140) 결국 삶은 관계였고 관계는 소통이었다. 행복은 멀리 있지 않고 내 옆의 사람들과 마음을 나누는 데 있음을 이제 깨달았다. (본문 p.252)"
2022-03-23,10,"해당 리뷰는 김호연 작가님의 <불편한 편의점>을 읽고 쓰는 글입니다. 본 리뷰에는 작품에 대한 스포일러를 비롯한 지극히 개인적인 감상평이 포함되어 있으므로 읽기 전에 주의해주시길 바랍니다. 불편한 편의점은 베스트셀러로 워낙 유명한 작품이어서 너무 읽어보고 싶었었는데요, 이번에 벚꽃 에디션이 새로 출시되어 표지가 더 이뻐졌더라구요. 종이책 상품권이 많이 모여서 이번 기회에 구매하게 되었습니다. 내용도 무겁지 않아서 술술 읽히고 너무 잘 읽었습니다. 배송도 빠르고 좋았어요!"
2022-03-22,10,<불편한 편의점> 재밌게 잘 읽었네요... 이 책은 처음부터 슬슬 막힘없이 읽혀져서 좋았고 그래서 집안일도 미뤄두고~ㅋ 손에서 놓지않고 정신없이 읽었네요 편하게 읽었는데 다읽고 나서는 생각이 많아지는 책이더라구요 나에게 주워진 범위안에서만 욕심부리고 최선을 다해야겠다는 생각을 가졌네요 책을 읽으면서 잠시나마 힐링하는 행복한 시간이 되어서 좋았습니다.
2022-03-21,10,자녀가 초등 고학년 이상이면 가족 모두가 흥미롭게 읽을 수 있는 소설입니다. 작년에 초5 아들과 중3 아들 그리고 40대 엄마와 50대 아빠가 한 권의 책을 가족 모두가 읽고 공유한 즐거움은 소설 아몬드 이후 다시 맞은 행운이라 생각됩니다. 누구나 읽을 수 있는 소재와 내용으로 겸손과 배려를 배울 수 있었습니다. 우리 가족에게 좋은 추억을 선물하신 작가님에게 감사드리며 같이 봐준 우리 아이들과 배우자에게도 고맙다는 말을 꼭 해야겠습니다.
2022-03-21,10,아이도서 주문하면서 베스트샐러에 있는거 봤기도했고 이번 벚꽃에디션으로 도서가 출간되었길래 반신반의하면서~ 오만쿠폰 다때려넣어 주문했는데 왼걸 학창시절 재미난 소설책 읽을때 하루만에 다읽어 내던 나의모습을 몇십년이 지난지금~~ 다시 마주했어요 너무 젬있고 가슴이 뭉글해지고 눈시율이 붉혀지는 책이였습니다 작가님의 다른책도 읽어보고 싶네요 매마른 세상속에서 따뜻함을 느낄수 있어서 행복했습니다~
2022-03-20,10,"망원동 브라더스를 읽고 김호연 작가의 불편한 편의점을 구매하여 단숨에 읽어 버렸네요. 개인적으로 보는내내 이작품들이 영화나 드라마로 나왔으면 좋겠다는 생각을 많이 했는대요. 망원동 브라더스의 김부장과 불편한 편의점의 독고 아저씨를 생각하면 저는 이 배우가 저절로 오버랩 되어 상상속의 영화를 만들며 재밋게 봤습니다. 그 배우는...... 바로 김지훈 배우님 ! ㅎㅎ  어떻신가요 ? 얼굴이 떠오르지 않는 분들은 한번씩 꼭 찾아보시고 생각해봐 주세요 ^^ 망원동 브러더스도 그랬고 김호연 작가님의 작품은 많은 분들의 마음속의 판타지를 제대로 보여준것 같아요, 이세상 어느 곳에선가 이러한 에피소드들이 꼭 있었으면 바래 봅니다. 힘들어 지친 일상에 있는 우리들을 위로하는 따듯한 작품이니, 꼭 한번 읽어보세요 !"
2022-03-18,10,김호연 작가님의 책을 처음 읽게되었습니다... 항상 외국 작가의 작품만 읽어온 저는...참 소중한걸 잊고 있었구나 생각했습니다... 주변의 소소한 일들을... 무엇인가 답답한 마음이 풀렸다고 할까요? 어찌보면 내 얘기처럼... 다시 열심히 살아야겠습니다! 내가 사랑하는 내 가족들과의 행복한 삶을 위해~~~ 김호연 작가님 고맙습니다^^ 다른 작품들도 얼릉 읽어봐야 겠네요 ㅎ
2022-03-17,7,"구매하고 나니 이렇게 예쁜 벚꽃 에디션이 나오다니...털썩~따스한 이야기였어요. 가독성도 좋아 금방 읽어요, 뒷부분이 살짝 아쉽기는 하지만(다소 진부할수 있어요), 마지막에 또 중요한 화두를 던지네요. 늘 딱딱한 책만 읽다 이렇게 말랑말랑, 따스한 봄볕 만큼이나 무장해제 되는 그런 책이었어요. 아무 것도 아닌 것에 주목하는 힘이라는 것을 떠올리게 되네요. 무튼 따스했습니다. 좀 더 주위를 살펴봐야겠다는 생각이 들었다."
2022-03-16,10,불편한 편의점. 몇달전부터 계속 핫해서 장바구니에 담아뒀던 책이다. 그리고 표지 일러스트가 내가 sns팔로우하신 분이라 더 관심가게 지켜보게되었다. 아~ 이분이 이거 그리셨구나 하구! 그러고서 그때 겨울분위기 표지도 맘에들었는데 어느날 갑자기 화사하게 바뀌었더라? 하고 보니 봄이다.봄. 너무 예쁘다. 전에도 밤 특유에 어둡고 서늘하고 따뜻한 분위기가 좋았는데 이것도 이거 나름 진짜 봄에디션인거같다. 그리고 추가로 구매하면 퍼즐까지 준다길래. 아 퍼즐갖고싶은데 하고 고민하다가 넘어갔다 ㅎㅎ 한장한장 넘기고있는데 잘넘어간다. 잘산거같다.
2022-03-14,9,"참 재미있게 읽었습니다. 각박한 세상에 환한 빛이 되어 준, 지금 이 순간 어딘 가에 있을 또다른 독고씨를 생각합니다. 제가 원하던 따스한 소설이었습니다만, 소제목 산해진미에서 수저란 표현이 계속 거슬립니다. 보통, 숟가락+젓가락 = 수저라고 많이 쓰입니다. 사전을 찾아보니 숟가락의 다른 표현이라고도 나오더군요. 저만 거슬리는 건지요..."
2022-03-13,10,"자식을 모두 출가 시켰지만 생각과 다르게 헛똑똑이에 겉멋에 살아가는 아들이 걱정인 70대 염 여사 평범한 인생을 살고 싶은 취준생, 아니 고시생 20대 시현 남편이 닮지 않은 아들이 남편을 닮아가는 모습에 불안하고 초초한 서른 살 백수 아들을 둔 50대 오 여사 성실함과 친절함, 체력으로 한때는 흙 수저 자신의 삶을 자부했지만 떨어지는 체력에 성실함과 친절은 무능력과 비굴함으로 변화는 현실에 살고 있는 어깨가 무거운 40대 가장 경만 꿈을 향해 달려왔지만 냉혹한 현실에 치여 꿈을 포기하기 전 마지막 동아줄을 잡고 있는 20대 작가 인경 부유하고 총명한 집안에 기대를 채우지 못한 헛똑똑이 이혼남이자 염 여사의 걱정거리 아들 40대 민석 어디서부터 기억을 잃었는지 서울역 노숙사에서 염 여사의 편의점 야간 아르바이트생으로 취업한 독고 우리 주변에서 쉽게 찾을 수 있는 우리와 같은 세상을 살아가고 있는 반짝이지 않은 사람들의 일구어낸 반짝이는 인생 이야기 소설을 읽는 동안 가슴이 먹먹해지다 눈시울이 붉어지다 웃음이 터져 나오다 마음이 따뜻해 오다 다양한 감정이 뒤 썩여 전혀 불편하지 않은 편의점을 만나게 했다. 베스트셀러 호평에는 분명한 이유가 있었다. -내돈 내산 리뷰 입니다.-"
2022-03-13,10,"오랜만에 소설을 읽었는데 소소한 재미와  감동이 있어 넘 좋았어요 요즘 시대를 살아가는 이유 중 하나는 행복을 찾고 느끼는건데~~~~ 어떤걸 찾아야되는지 어떤게 더 중요한지 알게되는것  같아요 그리고, 이집 편의점 도시락 소주 라면 넘 잘 먹었어요 소소한 행복과 함께~~~넘 좋았어요 김호연 작가  최고입니다~ 다른 작품도 찾아서 보고싶어요~~♡♡ 행복은 멀리 있는게 아니죠~~~^^"
2022-03-13,8,"대걸레같이 떡이 져 있는 장발의 사내는 얇은 스포츠 점퍼와 더러워져 베이지색인지 갈색인지 모를 면바지를 입고 있었다 . 그런 그가 매우 정성스러운 젓가락질로 도시락 속 비엔나소시지를 집어 먹고 있었다 . 확실히 , 노숙자다 . 염 여사는 마음을 다잡고 다가갔다 . 잃어버린 지갑을 돌려준 것을 인연으로 염 여사의 편의점 Always 에서 일하게 된 노숙자 독고 씨 , 그리고 그와의 만남을 통해 조금씩 변해가는 사람들의 이야기와 독고 씨의 정체 (!) 가 옴니버스 형식으로 담겨 있는 이 책 , < 불편한 편의점 > 을 드 . 디 . 어 만났다 . ‘ 드디어 ’ 라는 표현을 한 것은 지난 한 해 이 책의 표지와 제목 , 그리고 리뷰를 너무나도 많이 마주했기 때문이다 . 청개구리 기질이 튀어나왔던 것인지 몇 번이고 호기심이 일면서도 읽지 않았던 책을 얼마 전 후배들의 연이은 추천 ( 나란히 앉은 둘이 번갈아 추천을 해주었다 ) 에 못 이기는 척 읽게 되었다 . 그렇게나 추천을 한다면 어디 시간을 내서 읽어주겠어 , 조금은 도도하게 ( 이 표현이 맞을는지 ) 책장을 펼쳤던 나는 멋쩍게도 책을 펼친 그날 마지막 장까지 단숨에 읽어버렸다 . 산해진미 도시락 제이에스 오브 제이에스 삼각김밥의 용도 원 플러스 원 불편한 편의점 네 캔에 만 원 폐기 상품이지만 아직 괜찮아 ALWAYS 제목마다 염여사 와 독고씨 의 인연이 시작되고 , 편의점에서 일하는 시현 과 오여사 가 자신의 이야기를 풀어내고 , 참참참의 조합 ( 참깨라면 + 참치김밥 + 참이슬 의 만남인데 나는 참참 정도로 한번 시도해볼까 생각중이다 ) 을 찾아낸 경만 과 아이들이 , 어딘가에서 무대 위에 이 이야기를 올리고 있을 인경씨 가 , 옆에 있으면 등짝을 한 대 쳐주고 싶은 민식 과 이제는 누군가의 뒤를 몰래 쫓지 않고 밤의 편의점을 든든히 지키고 계실 곽씨 아저씨 그리고 드디어 베일을 벗은 독고 씨의 이야기가 엮여있다 . “ 소주 한 병 시켜줘요 ?” 독고 씨의 작은 눈이 커졌다 . “...... 진짜요 ?” “ 근데 이게 마지막 술이에요 . 이거 먹고 술 끊는 조건으로 우리 가게 일 좀 봐줘요 .” ( 중략 ) 두 사람은 건배로 고용 계약을 마무리 지었다 . 산해진미 도시락 순간 시현은 정신이 번쩍 들었다 . 어쨌든 자신이 이 사내에게 진짜 도움을 준 거고 , 자신은 그걸 자랑스러워해도 되는 것이었다 . 제이에스 오브 제이에스 “ 그거예요 .” “ 뭐가요 ?” “ 들어주면 풀려요 .” 선숙은 눈을 똥그랗게 뜨고 자기 앞에 선 사내의 말을 경청했다 . 삼각김밥의 용도 오늘 밤은 ‘ 참참참 ’ 이다 . 지난 몇 개월간 선택해온 경만의 최적의 조합이 바로 이것이었다 . 참깨라면과 참치김밥에 참이슬 . 이것이 경만의 1 선발이자 절대 후회하지 않을 하루의 마감이고 빈자의 혼술상 최고 가성비가 아닐 수 없었다 . 원 플러스 원 “ 아니 , 죄송할 건 없고요 ...... 좀 불편하네요 .” “ 어쩌다 보니 ...... 예 , 불편한 편의점이 ...... 돼버렸습니다 .” 불편한 편의점 ” 장사는 ...... 내가 좋아하는 거 ...... 파는 게 아니야 . 남이 좋아하는 거 ...... 파는 거지 .“ ” 남들도 좋아한다니까 ?“ ” 매출은 ...... 거짓말을 안 해 .“ ” 흥 . 두고 보시지 .“ 네 캔에 만 원 괜찮냐고 ? 곽은 고개를 끄덕인 후 정신없이 핫바를 씹어 삼켰다 . 그리고 새 맥주를 따 한 모금 크게 들이켠 뒤 ...... 울음을 터뜨렸다 . 자기도 모르게 터진 울음이 그를 그렁거리게 만들었고 어느덧 어깨까지 들썩이게 했다 . 폐기 상품이지만 아직 괜찮아 역지사지 . 나 역시 궤도에서 이탈하고 나서야 깨우치게 된 단어다 . 내 삶은 대체로 일방통행이었다 . 내 말을 경청하는 사람들이 널려 있었고 , 남의 감정보다는 내 감정이 우선이었으며 , 받아들이지 않는 자는 내치면 그만이었다 . ALWAYS 아직 이 이야기를 만나지 않은 분들이 있을 테니 스포일러를 자제하며 , 글에서 만난 사람들의 대화를 , 그들의 생각을 한 줄씩 적어본다 . 아마도 이 글을 읽은 분들이라면 아 , 그래 이런 장면이 있어지 하며 반가워할 수도 또 읽지 않은 분들께는 티저영상처럼 호기심을 줄 수도 있지 않을까 불편한 편의점 Always, ‘ 에이 , 그런 곳이 어디 있어 ? 소설에나 있는거지 ’ 소설은 소설일 뿐 오해 (?) 하지 말자 , 생각할 수도 있지만 그 곳에서 만난 사람들은 묘하게도 나와 내 이웃의 한 단면을 닮아 있다 . 어쩌면 그러기에 더욱 이야기에 빠져드는 것이 아닐까 싶다 . 따지고 보면 가족도 인생이란 여정에서 만난 서로의 손님 아닌가 ? 귀빈이건 불청객이건 손님으로만 대해도 서로 상처 주는 일은 없을 터였다 . 결국 삶은 관계였고 관계는 소통 이었다 . 행복은 멀리 있지 않고 내 옆의 사람들과 마음을 나누는 데 있음 을 이제야 깨달았다 ."
2022-03-13,10,"올해 완독한 첫 책. 완독이란 표현이 맞는건지는 잘 모르겠다, 눈으로 읽는 책이 아닌 오디오북을 들은 거라. 요즘 베스트 셀러에 올라온 책이라 궁금하기도 했고, 언제부터인가 소설보다는 자기계발서에 빠져있던 터라 오랜만에 소설이 한 권 읽고 싶었다. 오디오북은 생소해서 별로이지 않을까 생각했는데 전혀 아니었다. 아무래도 한 사람의 낭독이 아닌 전문 성우분들이 연기해서인지 듣는 즐거움이 매우 컸으며 나에겐 신세계였다. 제 별점은요, 별 다섯개. 오디오북이 끝나고 뭔가 아쉬움이 남았다. 내용이 아쉽다는게 아니다. 소설이 '끝' 났다는 사실이 못내 아쉬웠다. 그 사람들의 이야기가 더 듣고 싶고, 독고씨를 더 오래 만나고 싶었기에. 나도 그 편의점에 가고 싶다. 독고씨를 만난다면 나에게도 왠지 따뜻한 위로와 조언을 해 줄 것만 같아서. 문득 그런 생각이 들었다. 이 책이 이렇게나 마음에 와닿는 이유가 뭘까, 아마도 지금 우리가 처해진 상황때문이지 않을까... 지금까지 없던 바이러스. 코로나 19가 이렇게 삶을 피폐하게 만들지 처음엔 미쳐 알지 못했다. 워낙 타고난 집순이이기도 하고, 혼자 조용히 무언가를 하며 많은 시간을 보내는 타입이라 그렇게 또 내 생활을 하다보면 어느새 이 상황이 끝나 있을 줄 알았는데, 세상에나... 1년이 지나고 2년이 지났다. 처음엔 친구들과의 만남도 미루고 외출도 자제했지만 슬슬 나도 지쳐간다. 가끔 외롭고 이따금 공허하다. 코로나 블루라는 신조어가 괜히 생긴게 아니었다. 그래서일까? 마음대로 사람을 만나지도 못하고, 함께 시간을 보내며 일상을 공유하기도 힘들어진 요즘, 독고씨가 전해주는 위로와 조언들이 더 마음을 울렸다. 왠지 무기력하고 자주 우울한 기분이 든다면, 조용히 앉아 이 책을 한 번 읽어보면 어떨까. ""나처럼 조금은 위로받을 수 있을거에요."""
2022-03-13,6,"달라구트 꿈백화점. 처럼 가벼운 마음로운 읽으려고 샀어요. 편견없이 읽으려고 후기를 안 보는 편인데 처음에는 작가님이 인간의 본성에 대해 전하고 싶은 이야기가 있다라고 느꼈는데, 점점 스토리가 산만해지고, 진부해지는 느낌이었어요. 그리고, 마지막엔 속죄가 너무 쉽다는 생각에 화가 나기도 하구요. 사람마다 생각은 다르지만, 적어도 제 기준에는 그렇습니다."
2022-03-12,7,"오랜 기간 베스트셀러라 언젠간 읽어봐야지 했다가 독서모임 책으로 선정되어 읽었는데 너무 가벼운 웹 소설 느낌이라 솔직한 말로는 내 취향은 아니었다. 최근 유사한 소재의 책이 많이 나오고 있는데(아마도 위로, 라는 부분에 대한 현대인들의 필요성과 공감이 많아져서인 듯.) 유사한 주제를 다룬 책들 중에서는 아직까지도 내게는 '나미야 잡화점의 기적'이 베스트로 손꼽힐 만큼 재미있었다. 그래도 작가가 불편함, 편의점, 위로, 노숙자 라는 소재를 참 잘 엮었다는 생각이 들게 만들었던 올해의 여덟번째 책."
2022-03-09,10,작년에 나왔을 때부터 제목에 끌려 살까말까 고민하다가 이제야 결국 읽었습니다. 정말 힘들 때 아껴 읽으려고 킵해두었던 책이었는데 그새 베스트셀러가 되어있네요. 제가 책 보는 눈이 있나봐요. 미드나잇 라이브러리도 그렇고..뿌듯뿌듯.^^ 많은 분들이 리뷰에서 말한 것처럼  이 책 읽다보면 주인공인 독고 씨로는  마동석 씨가...편의점 주인인 염여사님은 윤여정 씨가 떠오르는 건 어쩔 수 없네요. 작가님이 두 분을 생각하고 글을 쓰신 것 같아요. 특히 독고씨~~^^ 큰 덩치에 네모난 얼굴... 반쯤 감긴 눈...ㅋㅋㅋ 작가님 덕분에 마음따뜻해지는 시간이었습니다. 이거 드라마나 영화로도 나오면 정말정말 좋을 것 같아요. 진심~~~~입니다. 더 풍성하고 감동있게 멋찐 영상으로도 기대합니다. 이건 정말 찐이거든요.
