stars,date,review
4,2026-06-06,"""They say they have the right to do whatever they want, but hey, that's not how life works. Life's not meant to be comfortable and convenient all the time."" Mrs. Yeom didn't know what to make of the homeless man who found her purse, protected it from several thugs, and even refused to give back the purse until she had verified her identity. On the one hand, she was hesitant to trust someone who clearly is homeless and likely has done unsavory things in his past...but on the other, he behaved so honorably and with such respect that she couldn't help begrudgingly admire him. ""The drive to face and overcome personal traumas shaped a persons motivations and defined their character. To reveal a character, one simply needed to show the path they choose at life's crossroads."" And so Mrs. Yeom makes her decision and allows the homeless man into her shop and provides him a meal. Through this one simple act of kindness, a second chance is born. ""But getting back on track wasn't easy, and this world wasn't the kind of place where staying on track guaranteed you'd end up somewhere good."" By trusting her instincts and providing kindness, Mrs. Yeom unwittingly sets the ball rolling and soon everyone experiences their lives becoming a tiny bit brighter. I went into this book completely blind - I thought the title and cover looked interesting - and I took a chance...and wow. This was a beautifully done book. Throughout this book, we follow several characters who interact with Mrs. Yeom's convenience store and with Dok-go (the homeless man who she helped). Each character has their own worries, struggles, hopes, and dreams. We get to see how a simple act of kindness - even one as small as providing a listening ear - can make a world of difference. I will say that after the first few perspective changes, the audience does get an idea of how the rest of the book will go but it was still a rather enjoyable ride. Throughout this book we follow several characters as they interact with Dok-go (the homeless man from earlier), and each one learns"
4,2025-06-28,"The Second Chance Convenience Store begins with a simple yet profound premise: Yoon, the owner of a small convenience store in Seoul, offers a homeless man named Dokgo a chance at redemption by giving him a job. At first, Dokgo is clumsy and unsure, struggling to adapt to the rhythms of store life. But as days pass, his quiet warmth and sincerity begin to touch the lives of customers, turning the store into more than just a place of transactions—it becomes a refuge, a community, and a mirror reflecting the struggles and small joys of everyday people. What makes this novel so compelling is its ability to find depth in the ordinary. Dokgo, an alcoholic suffering from dementia, carries no memory of his past, yet his presence becomes a quiet force of connection. The customers, each carrying their own burdens find solace in his unassuming kindness. The convenience store, often dismissed as just another mundane stop in our busy lives, transforms into a microcosm of society, where loneliness, resilience, and fleeting human connections intersect. Originally published in 2021, in a world still reeling from the isolation of the pandemic, this story feels like a gentle reminder of the humanity we have lost and the bridges we can still rebuild. I read this book in a week that I have to travel for work which is not ideal. I find the book to be such a slog read but later found the beauty in taking my time with it and immersed with what the book is trying to deliver. Beyond being a heartwarming tale, this book offers a subtle critique of how we navigate the world. Too often, we judge people by their surfaces: the homeless man is just another statistic, the convenience store worker merely a background figure in our daily routines. Dokgo’s character challenges these assumptions. His past, though obscured by his condition, hints at a life once as full and complex as anyone else’s. The novel forces us to confront our own biases, asking: How many people have we overlooked simply because they do not fit neatly into our worldview? The beauty of this story lies in its quiet realism. There are no dramatic twists; just the slow, sometimes messy process of people learning to see one another. Dokgo’s growth isn’t marked by sudden epiphanies but by small, earned moments of trust. A customer who once eyed him warily begins to exchange casual greetings; the store owner, initially skeptical, starts to rely on him. These shifts feel genuine, making the emotional payoff all the more satisfying. That is not to say the novel is without flaws. Some might argue that certain plot points feel contrived or that the ending wraps up a little too neatly. Yet, these criticisms hardly diminish the book’s impact. What it lacks in narrative perfection, it makes up for in emotional resonance. What struck me most was how the novel reframes the spaces we take for granted. This book urges us to pause, to look closer, and to recognize that even the most momentary interactions can hold meaning. I honestly like its original, far more fitting Korean title which translates to ""The Inconvenient Convenience Store"" as it captures the essence of the book better. Nevertheless, if you are looking for a book that blends warmth with wisdom, one that celebrates the extraordinary in the ordinary, this is it. It is a story that stays with you, gently nudging you to be a little kinder, a little more present because you never know whose life you might be unwittingly part of."
3,2024-10-16,Chyba wolałabym te książkę bez rozwiązania zagadki „bezdomnego” :(
3,2024-03-03,"Desde hace un tiempo, me gusta tener en mis estanterías libros reconfortantes, que te ofrecen calma y un buen rato, sin requerir demasiado esfuerzo por tu parte. Libros cuyo principal objetivo diría que es hacerte sentir bien a través de historias inspiradoras y que animan a seguir adelante. ‘La asombrosa tienda de la señora Yeom’ es, sin duda, una de esas novelas. Tiene como centro una tienda de conveniencia en Seúl, cuya dueña, una profesora de historia jubilada, mantiene más que por lucrarse económicamente por seguir ofreciendo un salario a sus empleados, que dependen de ella. Al inicio, la señora Yeom conoce a Dokgo, un hombre sin hogar y con amnesia, a quien ofrecerá trabajo a pesar de la opinión de quienes la rodean. Así, aunque yo pensaba que la señora Yeom sería protagonista, esta cobra un papel secundario mientras que Dokgo y su evolución serán el centro. A través de los diferentes capítulos conoceremos a diferentes personas que, tras su paso por la tienda, su vida cambiará. No con grandes milagros, sino gracias a la interacción con Dokgo y acabarán tomando decisiones que hasta entonces nunca se habían planteado. También muestra como las relaciones con los hijos una vez son adultos pueden ser complicadas, la enorme carga que supone sentirse alejado de los tuyos y bosqueja problemáticas actuales como la corrupción, las adicciones o la hipocresía. Lo dicho al inicio, una historia bonita y luminosa, sin grandes giros y de estilo muy sencillo, eso sí no muy realista en algunos temas. Una novela sobre las segundas oportunidades, de esas que te deja con el corazón calentito, motivación para enfrentarte a un cambio. Un libro que recomiendo mucho a aquellas personas que les gusten las novelas feelgood o necesiten un libro-abrazo en este momento."
5,2022-07-03,"옥수수수염차 한잔이 그리워지는 마음이 따뜻해지는 소설이었다. Loved it. Even though the story could be easily predicted, I still enjoyed the storytelling and the characters. A well-written feel-good story. I also would love to see this as a tv mini-series or a stage play."
4,2025-12-27,"Mrs. Yeom, the aging owner of a Korean convenience store, hires a homeless man as her night shift manager, after the man returns her stolen purse. Initially seen as a bad move by her other employees, the man nevertheless proves to be surprisingly adept at his job. Told through a series of heart-warming anecdotes, most readers will likely come away satisfied, despite the mundane, and sometimes clichéd, stories. Click for full version. Like most of BookTok, I was not immune to the hype for cosy episodic South Korean novels set in convenience stores, and managed to acquire a number of them in a few months. With the current political climate, we could all use stories that run on good vibes and a cosy setting. Who wouldn't wish for their life to be changed for good, with just a few well-placed words of wisdom from the kindly shop assistant who sells them discounted yoghurt. While I did initially intend to pace my buying frenzy, lest I got distracted by all the cute covers, I am proud to have finally cracked at least one of them open. Three cheers for reading goals running out of time, or it would have languished on my shelves for another few [insert random time period] . And luckily for me, I was in the right mindset to enjoy all the repetitive but cosy stories where customers and coworkers got a free healing therapy session. At times, it almost made me go out to the neighbourhood store, in search of a nice little chat. But then I recalled I'm Eastern European and can only stomach such a cute atmosphere in fiction. It was a pleasant read with a gentle bit of wish-fulfilment thrown in, that had even me believe in karma for a while. That said, it never got me into the addiction phase that would lead me to finish the book in one sitting. Plus, I guess all the pandemic references (mask-wearing, social distancing, etc.) got a bit outdated by now. To be fair, the book was first published in 2021, when these things were still very relevant. Score: 3.7/5 stars This was one of those books that can hit all the right spots if read at the right time, which was definitely the case for me. It is, however, a type of literature that can easily drift into boring territory if it takes up too much time, as I found when I jumped straight into the sequel. ---------------- Review of the sequel"
5,2025-05-14,"4.5 ⭐ This hit hard.... I don't think I saw the slice of life trope in any books except Korean books. 8 chapters, 208 pages of wholeness. It's a cozy read absolutely worth your time! ⋆ ˚｡⋆୨୧˚𝕻𝖗𝖊-𝖗𝖊𝖆𝖉˚୨୧⋆｡˚ ⋆ I love Korean everything; drama, films, skincare, music so I wanted to try books. Huge thanks to Netgalley and Harper Perennial and Paperbacks 💚💚"
4,2024-10-15,"La novela me ha dejado muy buena sensación al llegar al punto final. ¿Feel good? Oh, yes!!! El “asombrosa” acompaña al sustantivo “tienda” en el título, pero quien me ha parecido verdaderamente asombrosa es la señora Yeom y quien ha roto el asombrosómetro ha sido Dkgo, cuya arco de personaje me ha rascado el corazoncito. Una historia inspiradora y asombrosa. Muy asombrosa."
4,2024-03-14,"En el tren de camino a casa, la señora Yeom descubre que ha perdido su cartera. En ese momento, recibe una llamada de un hombre que dice haberla encontrado y acuerdan encontrarse en la estación de Seúl para que la mujer pueda recuperarla. Este hombre, que se presenta como Dokgo, vive y duerme en la calle, y la señora Yeom decide agradecerle el gesto invitándolo a comer lo que quiera de la tienda de conveniencia de la cual es propietaria. Sin embargo, lo que empieza como un simple gesto de gratitud para devolver el favor que ha recibido, acaba convirtiéndose en mucho más. Dokgo, que no recuerda nada de su pasado, parece guardar mucho en su interior, y su simple presencia ayuda a todos los que lo rodean. Parece tener un efecto sanador en los demás y consigue mejorar la vida de todo el que trabaja o pasa por la pequeña tiendecita veinticuatro horas de la señora Yeom. “La asombrosa tienda de la señora Yeom” es un libro tierno y dulce, lleno de luz, de esos que te ayudan a reconciliarte un poco con el ser humano. Dokgo es un personaje misterioso, y mientras va recobrando poco a poco su memoria y aprendiendo de sus errores, comienza a recuperar el deseo de vivir, y su resiliencia ante las adversidades de la vida, no solo influyen en él, sino que sirve de inspiración a los que lo observan, primero con desconfianza, luego con incertidumbre y finalmente como si fuera un consejero o un maestro cuyas enseñanzas debieran seguir. Me ha sorprendido bastante descubrir que el mensaje que Dokgo trata de trasmitir a todos siempre pasa por animar a las personas a expresarse, a que entiendan la importancia de comunicarse los unos con los otros, de entenderse, de hacer el ejercicio de ponerse en los zapatos del otro, ya que normalmente la falta de comunicación entre las personas en sociedades como la surcoreana, suele ser un tema bastante recurrente en las novelas que he leído, partiendo las problemáticas que se dan de esta dificultad para expresarse. Me ha gustado ver como Kim Ho-yeon relaciona la mayoría de los problemas que las personas padecen como consecuencia de esta. Sé que con la literatura asiática no soy objetivo, porque me apasiona todo lo que encuentro en ella, pero, curiosamente, historias con tonos similares que podrían llegar a parecerme cursis o, incluso, moralistas, nunca me lo parecen cuando están contadas por autores asiáticos. Y es que tienen un algo especial para contar historias llenas de luz, lo hacen de una manera tan particular, que incluso para lectores como yo, que prefiero leer sobre la oscuridad del ser humano, consiguen cautivarme. En el caso de Kim Ho-yeon, me ha transmitido sentimientos tiernos y dulces, contados de una forma preciosa, dejando en evidencia cuales son las cosas realmente importantes de la vida. Al leer la novela he entendido porque fue un éxito de ventas brutal en Corea del Sur, y es que creo que consigue trasladar esas enseñanzas y buenas energías que Dokgo le trasmite a los personajes que lo rodean al propio lector, y eso permite que este se sienta parte de ese grupo variopinto de personajes que se cruza con Dokgo y consigue, con ese breve contacto, ser más feliz. En definitiva, “La asombrosa tienda de la señora Yeom” es un novela agradable, que se devora siempre con una sonrisa en la cara, una historia que sirve como canto a la vida, para que disfrutemos de esta y tengamos la certeza absoluta de que existen las segundas oportunidades. Preparando la reseña descubrí que existe una segunda parte, esperemos que la editorial en España no tarde mucho en traerla."
4,2026-03-02,"The Power of Kindness ""Kindness is the language which the deaf can hear and the blind can see."" — Mark Twain Welcome to the Always Convenience Store, a place where the business is not so good but kindness is free and abundantly shared among employees and customers. In the Always Convenience Store everyone counts - people function like a whole family simply because they are there and care for one another… The Second Chance Convenience Store is a simple story where we can feel the power of kindness in people’s lives. It’s a treat for hearts 💓 NOTA: A correspondente edição em português intitula-se A Loja Coreana das Segundas Oportunidades"
4,2025-04-07,"A quiet, wholesome novel about how strangers become friends and now kindness can change the trajectory of a person's life. This novel made me feel calm in the way Before The Coffee Gets Cold did. It's light and heartwarming. Thanks to Harper Perennial for the gifted book."
3,2025-02-11,"2,75 Fajna do przesłuchania w jeden wieczór, ale nic czego bym już nie czytała. Szkoda, że zostało przedstawione kim był bezdomny. Wolałabym żeby zostało to tajemnicą"
5,2022-11-04,"“Aku teringat kenangan saat duniaku runtuh disini 4 tahun lalu. Namun, kali ini aku tidak sendirian.” Buku ini sangat heartwarming dan berhasil membuatku nangis. Cerita tentang Dokgo, tunawisma di stasiun Seoul yang mendapatkan kesempatan bekerja di minimarket Always. Kehadiran Dokgo pada awalnya dianggap sebagai suatu penyakit, momok menakutkan yang ingin dijauhi masyarakat akibat keterbatasan dan penampilannya. Tapi, seiring dengan berjalannya waktu kehadiran Dokgo seakan menjadi penyembuh, pembawa harapan bagi teman se-pekerjaannya maupun para pembeli yang mampir ke minimarket ini. ""Minimarket adalah tempat orang-orang datang & berlalu silih berganti. Pembeli dan karyawan tanpa kecuali. Beliau tahu bahwa Minimarket adalah pom bensin bagi manusia. Di 'pom bensin' ini, aku tak hanya mengisi bahan bakar, tetapi juga memperbaiki mobilku. Jika sudah baik, aku harus pergi. Aku harus kembali ke jalan.” Buku ini bukan hanya bercerita mengenai bagaimana Dokgo membantu para teman pekerja dan pembelinya, tapi seiring dengan berjalannya waktu juga mengungkapkan misteri di balik kehidupan Dokgo, orang seperti apa dia sebelumnya? Mengapa dia berakhir tak punya rumah dan hidup miskin di stasiun Seoul? Cerita dalam buku ini semuanya membekas, terutama cerita Dokgo sendiri. Mungkin karena aku se- invested itu dengan karakter Dokgo and I truly admire him in a deeper level. Habis baca buku ini, aku sesak. Sesak dengan kebahagiaan dan sesak dengan seberapa banyak pelajaran yg aku dapati sehabis membaca buku ini. Buku ini berharga banget, pembaca gak akan pernah bosen membaca setiap halamannya, dan ini bukan novel biasa, ini cerita yang mungkin bisa mengubah hidupmu sama seperti Dokgo mengubah hidup orang-orang yang ditemuinya."
4,2025-06-21,"""شكراً لأنك أحييتِ شخصاً كان لابد له من أن يموت.. أشعر بالخزي.. لكنني سأحاول أن أعيش"". . رواية لا تعتمد على أحداث مشوقة ولكنها تدور حول شخصية، وهذه الشخصية هي أساس الرواية. البطل الذي تدور حوله الأحداث هو ""دوكغو"" الذي لا يعرف ما هو اسمه ويجهل ماضيه أيضاً، نتعرف عليه في صفحات الرواية كما يتعرف هو على نفسه في الوقت ذاته. تظهر الشخصيات تباعاً، تدخل في حياة هذه الشخصية شيئاً فشيء، تنفر منه في البداية إلى أن يلمس قلوبهم بفعل بسيط ولكنه دافيء.. وبالدفء أي شخص يمكنه أن يتغير للأفضل من تلقاء نفسه. هناك شخصيات ملهمة في هذه الحياة و""دوكغو"" هو أحد هذه الشخصيات، يجعلك تعيد نظرتك للأشياء من حولك إلى أن تصل لطريقة يصبح الألم فيها شيء قابل التعامل معه بدلاً من الانغماس فيه حد العمى.. كالعادة تغمرني الأعمال الكورية بمشاعر أكثر من قدرتي على الإستقبال، تثقلني أحياناً بألمها وأحياناً تسعدني بلطفها.. شعرت باللطف والإلهام أنا أيضاً أثناء قراءتي للرواية إلى أن وصلت لآخر فصل وهو جزء الكشف عن الحقيقة. كان مؤلم على عكس جميع الفصول التي تسبقه. ولكن هذه هي الحياة! وبالنسبة للترجمة جميلة جداً.. ♥️"
3,2025-05-05,"I myk, kolejny azjatycki tytuł wpisujący się w pewien schemat (chwytająca za serce problematyka, ujęta możliwie prosto i bezpośrednio) - odhaczony. Naprawdę doceniam, jak zgrabnie rozwinęły i ""skleiły"" się nagromadzone wątki. Nie potrafię jednak wykrzesać większych pokładów zachwytu - zapewne za sprawą klimatu, z którym trudno nawiązać mi bardziej emocjonalną więź 🙁"
3,2024-03-12,"Książka z wielkim urokiem, pełna prostoty, uważności i wrażliwości. Chociaż nie do końca spełniła moje oczekiwania, ale nie zmienia to faktu, że początek mocno mnie zaangażował. Dość lekka, a co więcej wzruszająca lektura, w której zakończenie chwyci za serce nie jedną osobę. Oczekiwałam może, że dotrze do mnie dużo bardziej pod względem emocjonalnym lub będzie bardziej uniwersalna, co nie zmienia faktu, że spędziłam przy niej bardzo miło czas. W niektórych momentach była zbyt przeciągnięta, co u mnie wzbudzało poczucie monotonności tej historii, więc wydaje mi się, że nieco krótsza forma sprawdziłaby się tutaj znacznie lepiej, a na pewno była bardziej angażująca dla czytelnika."
5,2025-05-03,"O carte minunată! Ultimul capitol, cel în care aflăm identitatea lui Dok-go, m-a rupt în două, pur și simplu!! O scriitură lejeră, cu mici perle de înțelepciune care te lovesc din senin. O serie de personaje diverse rupte direct din realitate. Și un puternic accent pe empatie și conexiune umană. Mi-a plăcut foarte mult și emoțiile pe care mi le-a stârnit m-au făcut să-i dau 5 ⭐. Nu este chef d'oeuvre, dar categoric este o carte care îți merge direct la suflet. Mai avem nevoie și de astfel de lecturi pline de speranță din când în când. ❤️"
3,2025-07-08,"* 3⭐️0🌶️ * Mrs. Yeom, a retired history teacher and the owner of a struggling convenience store near Seoul Station, experiences a life-changing encounter when a homeless man named Dok-go returns her lost wallet. Recognizing his inherent goodness, Mrs. Yeom impulsively offers him a job at her store. Despite the initial skepticism of her existing employees, Dok-go's kindness and willingness to help quickly win over the community. He becomes a trusted confidante and a source of advice for those around him, ultimately helping Mrs. Yeom save her store from financial ruin. However, Mrs. Yeom's son, eager to sell the store, hires a detective to uncover Dok-go's past, which he seems desperate to forget. * Read if you like: novella, BIT, second chances, self growth and selflessness, unlikely friendship, redemption, kindness, feel good stories"
4,2024-10-25,"Este libro es perfecto para una tarde de lluvia, de esos que te envuelven en calidez. A medida que avanzas y conoces a los personajes, te adentras en sus vidas sin darte cuenta de en qué momento te has encariñado con ellos, y entonces no quieres que la lectura termine. Es una historia corta, sin grandes complicaciones, pero con un profundo mensaje de resiliencia. Cada capítulo cuenta una historia diferente en la que este exindigente, sin proponérselo, empieza a transformar las vidas de quienes compran en la tienda de la señora Yeom. Su influencia les brinda una perspectiva distinta, haciéndolos reconocer sus errores y buscando enmendarlos."
4,2026-06-22,"Tan acostumbrada a novelas ligeras y rápidas de leer, he disfrutado de leer este libro poco a poco. Disfrutando de verdad del momento de la lectura. Es de esos libros que te dejan el corazón calentito y te hacen valorar tu propia existencia."
4,2025-05-25,دايما بحب فكرة ال convenience stores و بستغرب إنها مش عندنا فى مصر .. مكان تقدر تاكل أو تشرب اللي انت عايزه و ممكن تسخن الاكل أو تقعد تسترخي و أنت بتشرب الزبادو باللبن الكيوت ده 😂❤️ هتعمل ايه بقي لو روحت واحد من المحلات دي و لقيت البائع شخص مشرد ريحته مش حلوة شبه الدب و مش بيتكلم كتير بس في نفس الوقت بيقولك على عروض ١ + ١ و بيجبلك الدفاية في الشتا عشان متكنش سقعان ؟ رواية لطيفة جدا و رتمها سريع .. من الحاجات اللى كنت ببتسم و أنا بقراها و بفتكر كل ما أقرا التفاصيل إن الحياة فيها حاجة كتير صغيرة و جميلة زى المتجر المزعج ده بالظبط ❤️
4,2024-02-11,"Cuando vi el titulo de esta novela lo primero que pensé fue en esas típicas tiendas chinas, 24 horas que encontramos en cualquier sitio, y la verdad que no iba mal encaminada. La novela comienza cuando un vagabundo encuentra la billetera de la Señora Yeom en la estación de Seúl. Yeom en la propietaria de una tienda 24 horas, al principio desconfía de este personaje, tiene prejuicios por las pintas y por la forma de actuar pero con el paso del tiempo queda soprendida con su comportamiento, tanto que decide darle una nueva vida, le contratará en su tienda para el turno de noche y es aquí donde de nuevo aprendera a ser humano. A lo largo de los capítulos que componen esta novela, iremos conociendo diferentes personajes, donde nos contarán su vida, una vida que puede ser la de cualquiera, haciendo que sean capaces de pensar de otra manera. Pero no solo viviremos las historias de otros personajes sino también la suya propia, ira recordando su pasado, un pasado que enterró durante mucho tiempo y que llego a olvidar. La narración es muy ágil, cada personaje tiene su capítulo, decir que la traducción es muy buena y el lenguaje no es nada extraño. Una novela que te hará reflexionar y aprender de la vida de otras personas."
4,2025-08-25,"This book is what I mean and need when I say I want cozy healing book with the usual tropes but make you feel for the characters & deeply care for them. Its not just a simple slice of life book, its more than that, its the drama of the second chance given to them to live. A simple premise of a store owner, Mrs Yeom offered a job to a homeless man, Dokgo after he helped her from being robbed. A simple act of kindness that led to various connection of the ordinary people through the warmth of the convenience store and the man at the front of this. The Second Chance Convenience Store reads like a drama with each chapters featuring characters with their own stories to tell from Mrs Yeom, a retired teacher opens a convenience store & her struggle to maintain the store but want to protect it for her employees. Sihyeon, a part time employee on her time to sit for civil exams looking for job security, Mrs Oh whom struggled to communicate with her son after he was fired from his job, and many others As with other similar healing fiction, this book does not shy away from the format of the loosely connected stories but what stands out about this book is the fleeting moments of ordinariness & how one man at the center lend this unexpected advices gave them the chance to find what they are looking for. A convenience store is not merely a stopover for fast food or snacks, its a space for connection, it could be a haven for others who just want a break from the chaos or stress from their job, with Dokgo, this mysterious man, a recovering alcoholic with dementia, the store is a source of comfort for some as he helped them realize things. What also interesting is the mystery surrounding Dokgo, we dont know what is his background, how he became homelese, what caused him to seek alcohol & this alcoholism induced memory loss & affected his speech. As he worked at Always Convenience Store, he slowly regained normalcy in his life & when we finally know of his past, it all made sense. We all deserved second chance in our lives, its never too late & to slow down at times. A heartfelt, comforting stories of the mundane life of ordinary people just living their best. Thank u Times Reads and Definitely Books for the review copy A mix of drama, slice of life and mystery,The Second Chance Convenience Store by Kim Ho Yeon was a story of redemption, slowing down in a busy world and forming connections in a small community. I have talked about my thoughts on the book previously and how I was pleasantly surprised by the book. I expected cozy slice of life books in the realm of the healing fiction we get nowadays but instead of the typical formulaic story, this served so much deeper than what we see on the surface. The mystery about Dokgo adds more flavour and depth to the characters we are reading, it made me feel much closer to them. At its core, this cozy inconvenient convenience store is a place of warmth and comfort, a place to find your footing and realize whats precious to you I found that books set in convenience store interesting. Like Sayaka Murata's novel Convenience Store woman touched upon the societal issue of conforming to the society, what is normal and whats not, the repetition of works in a store gave one woman's security and she is content with it. Convenience Store by the Sea by Sonoko Machida had almost similar vibe to this book but more on the store itself and the quirks rather than the drama. While there are also the magical market in Rainfall Market, a mysterious market that only opened by a ticket which can change people's life while its not conbini, its still a charming setting for those who dreamed of changes. Another kind of book that I want to talk about is Supermarket by Satoshi Azuchi that dealt more with capitalism and the business politics of chain supermarkets, its a place people converge to buy stuffs but also a placeof workers doing their job, a pretty unique book Kim Ho Yeon crafted a story and space where characters meet and formed connections, its a lovely book with interesting cast of characters and you will like Dokgo as a man of the forefront of the story Thank you Times Reads for the review copy"
4,2023-01-09,"Selesaiiiii! Dan sukaaa 🤩🤩🤩. Sejujurnya bingung mau ngomong apa tentang novel ini 🤭. Yang pasti aku cukup suka dengan terjemahannya apalagi di bagian awal bacanya terasa ringan juga heartwarming. Aku suka karena cukup banyak quotes yang bagus. Kalau buatku pribadi novel ini isinya seperti hal-hal yang kadang bisa terjadi dalam hidup kita, meskipun nggak sering terjadi tapi paling nggak pernah terjadi, dan jadi semacam pengingat lagi barangkali aku lupa 🤭. Karena aku bingung mau ngomong apa jadi aku akan bagikan beberapa quotesnya. Seperti kata Nyonya Yeom, “Hari ini ia mendapat kebaikan dan membalas kebaikan yang ia dapat. Nyonya Yeom pun memutuskan untuk menganggap bahwa itu sudah cukup untuk membuat harinya menjadi lebih baik.” . ‘Kebahagiaan bukanlah sesuatu yang ada di atas jalan menuju sesuatu, tapi kebahagiaan adalah jalan itu sendiri. Dan kau harus bersikap baik karena semua orang yang kau temui sedang berjuang keras’.” (Dalam autobiografi Bob Dylan-“Chronicles”. (Hal 209). . Hidup adalah rangkaian penyelesaian masalah yang terus-menerus. Kalau memang harus menyelesaikan masalah, ia hanya mencoba memilih masalah yang baik untuk diselesaikan. (Hal 368). . “Rasanya akan menjadi lega jika ada yang mendengarkan ceritanya.”— “Tolong dengarkan juga cerita anak Ibu. Dengan demikian… semuanya akan menjadi lega. Meskipun sedikit.” (Hal 160). . Hidup adalah hubungan, dan hubungan adalah komunikasi. Aku sekarang menyadari bahwa kebahagiaan itu tidak jauh dan bisa ditemukan saat berbagi pikiran dengan orang-orang di sekitar. (Hal 375). . “Bos yang tidak menghargai karyawan membuat karyawan tidak menghargai pelanggan.” (Hal 78)."
3,2024-02-14,"Sinceramente, esperaba más. La primera mitad del libro es una maravilla, pero justo cuando llegué a ese 50% leído, necesitaba que cambiara un poco, que no fuera todo igual (no digo más para no espoilear) y justo cambia, sí, pero a peor. La segunda mitad del libro se me ha hecho aburrida, sentía que se había perdido la “chispa” de la primera mitad del libro. Y el final me ha parecido terrible, no me ha gustado nada. Es cierto que tengo un trauma todavía no superado con todo lo relacionado con la pandemia (mi salud mental se vio muy afectada y ahí seguimos trabajando para ir a mejor), pero de todas formas me ha parecido un final flojo, muy flojo, de aprovechar ese momento histórico para dar fin a la historia, sin buscar realmente un final acorde al personaje o a la propia historia. Casi hubiera preferido un final MÁS abierto si cabe. No me ha gustado nada, una pena 😢"
5,2025-07-31,من أمتع ما سوف تقرأ من أعمال مترجمة
4,2024-09-24,"ME EMOCIONÓ Libro propuesto por mi club de lectura para el mes de septiembre. Desde el inicio me llamó la atención porque jamás había leído una novela coreana y me ayudó a dilucidar un poco algunos aspectos culturales que me llamaron mucho la atención. Es una narración que en cada capítulo tiene un relato distinto, siguiendo un hilo conductor, estos relatos son muy del día a día lo que facilitó que empatizara con los personajes, por más de que pertenezcan a un contexto completamente diferente al mío. Arranco con los pros & cons Lo que me gustó: 🍙 Aprendí mucho con el libro sobre un país que desconocía completamente y sirvió de disparador para que continuara investigando por mi cuenta. 🍙 La evolución del personaje principal está muy bien planteada a lo largo del libro. 🍙 Hay un planteo sobre distintos valores realizados de manera muy sencilla, pero que termina enterneciendo profundamente. 🍙 Un relato en particular logró emocionarme hasta las lágrimas, valoro muchísimo los libros que me movilizan de esa manera. 🍙 Es una novela muy ligera de leer. Lo que no me gustó tanto: 🍘 Me hubiera gustado una vuelta de tuerca más al cierre del libro. 🍘 Hubo un relato que me aburrió bastante, quizás porque la temática sobre la que giraba no me interesa en lo más mínimo. Más allá de esto, creo que es un libro ideal para leer en los momentos que uno necesite de una lectura que sea un mimo al corazón."
3,2025-11-28,"Mit einem kleinen 24h-Laden ""Always"" bessert sich Frau Yeom ihre Rente auf. Die Geschäfte laufen nicht so gut und es reicht gerade so. Als sie ihre Tasche verliert, lernt sie einen Obdachlosen kennen, der diese für sie findet und verteidigt. Nach anfänglichen Zweifeln lässt sie den Dok-Go genannten Mann in der Nachschicht arbeiten. Wir lernen in jedem einzelnen Kapiteln immer wieder Charaktere der Umgebung kennen und am Ende gibt es einen Twist, den ich nicht erwartet habe. Die zunächst nett klingende Geschichte hat den Feel Good Vibe der asiatischen Literatur, die gerade nach Deutschland kommt, mit einem dunklen Twist. Teilweise war es für mich harte Arbeit, dran zubleiben. Aber es hat mich am Ende doch bekommen. 3,5 Sterne mit leichter Tendenz zur Abwertung zu drei Sterne."
4,2025-05-15,الرواية بسيطة في فكرتها، لكنها غنية بالمشاعر الصغيرة التي تظهر في الحوارات العفوية بين بطل الرواية والزبائن. أكثر ما جذبني هو كيف أن الكلام القليل أحيانًا يقول كل شيء — جملة واحدة يمكن أن تغيّر نظرتك للشخصية أو تلمّح لماضيها. أحببت الإحساس بالهدوء الذي تمنحه الرواية، وكأنك تقرأ في زاوية متجر صغير أثناء الليل. ليست مثالية، وبعض اللحظات كانت أبطأ مما يجب، لكن الحوارات والدفء الإنساني غطّى على ذلك بجدارة.
4,2025-01-16,Por vezes tudo o que necessitamos na vida é de uma mão amiga e de uma segunda oportunidade.😉💖
5,2025-04-06,"Una historia que no me esperaba y que me ha asombrado. Muy fácil de leer, muy bonita y con grandes valores. El personaje principal es de estos que se te quedan dentro. La recomiendo"
4,2024-05-19,3.5*
4,2022-11-02,My rating 4.5/5 เรื่องคืออ่านเพลินมากๆ ตอนแรกคิดว่าเรื่อยๆมากๆเลย แต่พอมาถึงจุดที่เครื่องติด ก็คือว่างไม่ได้เลย อยากอ่านตลอดเวลา ฟีลของเรื่องคืออบอุ่นมาก ให้ข้อคิดต่างๆมากพอควรเลย และที่สำคัญคืออยากกินอาหารเกาหลีมากกกกกก
3,2024-02-16,Gostei! Bem healing literature mesmo. De vez em quando uma leitura leve faz bem :)
3,2025-01-23,"3,5"
4,2025-11-08,"Una bella favola natalizia. Tanti buoni sentimenti che però sono messi giù sulla pagina con il dovuto garbo e con una certa cognizione di causa, quindi: sembra esserci del buonismo, eppure c'è tanto realismo. Storie di ultimi (se non proprio di miserabili) e di alcool, di ripartenze e di periferia, di alienazione e di ricerca del successo e di famiglie che si sbriciolano. Last but not least: i primi mesi di Covid sono descritti con lo stesso garbo di cui sopra, nessun catastrofismo, nessuna sentenza messianica, nessuna pretesa del tipo ""questi sono gli eventi che finiranno nei libri di storia"". Ancora un last but not least: un bel protagonista, una figura fuori da qualsiasi cliché."
3,2025-08-14,"Kaip ir viršelis taip ir istorija - nuspėjama, bet labai miela. Visos reikalingos varnelės, kad ramus vakaras būtų dar ir su jaukiu skaitiniu: nesuprasti žmonės, stereotipinis benamių vertinimas ir viena gera siela, kuri suteikia jiems šansą. O tas benamis, gavęs šansą, dar ir kitų gyvenimus pagerina. Holivudas? Holivudas, tik su korėjietiška ramybe. Žinokit, labiausiai man patiko tiek daug korėjietiškų maisto pavadinimų. Kadangi veiksmas vyksta mažoje krautuvėjė, tai ten visokie dienos patiekalai pardavinėjami ir užimą didelę scenos dalį. Googlinau, galvojau ar skanu, ar pasigaminčiau namie. Autentiško Gimbap labai paragaut norėčiau. Patiko toks visiškai tv serialo siužetas su skirtingais gyvenimais, vis iš kitur atsirandančiais veikėjais, problemom, kuriuos apjungia keistas, lokį primenantis benamis. Jauki, ramybės knyga. Man čiut per lengva, bet susiskaitė jaukiai."
3,2026-05-01,"Η κυρία Γιομ, χάνει την τσάντα της κι αυτός που της την επιστρέφει είναι ένας άνθρωπος του περιθωρίου, που παλεύει να αρθρώσει μια λέξη λόγω του αλκοόλ. Όταν ένα βράδυ, διώχνει τους ληστές, του προτείνει να δουλέψει τη νυχτερινή βάρδια αρκεί να σταματήσει να πίνει. Όλοι θεωρούν λάθος την επιλογή αυτή, αλλά η καθημερινή επαφή με τους πελάτες και τους ανθρώπους, αλλάζει τη ζωή του Ντόγκου προς το καλύτερο. Αυτό το μικρό και ευκολοδιάβαστο βιβλίο, δείχνει πως η καλοσύνη της κυρίας Γιομ, κι η πίστη της στους ανθρώπους, βοήθησε τον Ντογκο να ενσωματωθεί. Καμία φορά, μια απλή κίνηση, μπορεί να βοηθήσει έναν άνθρωπο στην πιο δύσκολη στιγμή του. Τα διάφορα περιστατικά που αναφέρονται, βοηθούν τον αναγνώστη να δει την πραγματικότητα πίσω από την εικόνα, και η ανάγκη της κυρίας Γιομ να βοηθήσει είναι λυτρωτική. Δεν είναι ένα βιβλίο που θα σας παρασύρει με τον έντονο συναισθηματικό κόσμο του, αλλά σίγουρα θα σας δείξει ότι δεν έχει χαθεί η ανθρωπιά."
5,2022-11-20,เวลาอ่านนิยายแนวฟีลกู๊ด อบอุ่นหัวใจนี่เราจะหวั่นใจก่อนอ่านทุกที ถ้านิยายยัดเยียดความอบอุ่นมากเกินไป เส้นเราจะกระตุก อ่านไม่สนุกทันที ส่วนเล่มนี้ไม่เป็นอย่างนั้น 😁😁 จังหวะจะโคนเรื่องราวกำลังดี ทยอยปล่อยความอบอุ่นออกมาเป็นระยะ สลับตลกบางครั้ง ซึ้งบางที ไม่ถึงขั้นน้ำตาร่วง 😝😝 ความทรงจำมีทั้งข้อดีและข้อเสีย สามารถเยียวยาและทำลายเราได้ 🧠🧠 คุณทกโกสูญเสียความทรงจำเดิม ได้รีเซ็ทตัวเองใหม่ เปลี่ยนเป็นคนรับฟังและไม่ตัดสินคนอื่น ผู้คนรอบตัวคุณทกโก แบกรับความทรงจำมานาน ความผิดหวังทับถมก่อกวนใจ คอยตัดสินผู้อื่นโดยไม่รู้ตัว การได้พูดคุยกับคุณทกโกเหมือนได้ทบทวนตัวเองดึงสติกลับมาพร้อม ๆ กับคุณทกโกระลึกความหลังได้เช่นกัน อดีตคุณทกโกไม่เปลี่ยน แต่ปัจจุบันคุณทกโกเปลี่ยนไปแล้ว อนาคตย่อมแตกต่างไปจากเดิม เอาใจช่วยให้คุณทกโกเดินทางถูกได้ตลอดรอดฝั่งนะคะ 🥰🥰
5,2025-07-10,I love when books have that one palpable moment where you know change is coming. You know something big is going to happen but maybe not what precisely. This is the moment where there is sudden light in an otherwise dark and desperate time. That being said I also love when change and the kindness of strangers intersects. How better to explore two exquisite topics than to intermingle them. The Second Chance Convenience Store is this intermingling in exemplary form. Mrs. Yeom a retired history teacher turned convenience store owner will be that kind stranger. Her benefactor you might wonder? An unhoused man named Dokgo. Mrs. Yeom receives a call while on the train just as she’s realized her wallet is missing. Dokgo has found her purse and wants to meet her to give it back. As Mrs. Yeom returns to Seoul Station she sees a man fighting off attackers to save her purse. She and Dokgo form a friendship and she invites him to eat from her store as much as he wants no strings attached. Dokgo comes everyday when he knows the store will be throwing out expired meals. He refuses to eat the fresh ones though this is not what Mrs. Yeom intended when she invited him. The pair become further bonded over time and when Mrs. Yeom’s night employee quits she is left to take in this burden. One night some rough and rowdy customers attempt to scare and injure Mrs. Yeom when Dokgo steps in to save the day again. It becomes clear to Mrs. Yeom what she must do. Soon to the detriment of Mrs. Yeom’s other employees Dokgo becomes their newest coworker. Dokgo with no memory of his previous life slowly gains confidence and begins to provide kind acts and kind words to those in need creating a safe space for the neighborhood to congregate and thrive. Read this book if you like -interwoven stories -chance life changing encounters -the kindness of strangers -second chances -unlikely friendships -sage advise -descriptions of a place you might have never been (this novel is based in Korea)
3,2025-04-13,"ARC received in exchange for an honest review. A series of interlinking stories centering around a 24 hour convenience store and the homeless man who touches the lives of several people who either work there or are customers. A short read, but I'm left feeling a little underwhelmed. At times this felt very lacking in substance or direction and also a little self indulgent. While Dokgo is an intriguing character, I also find it extremely unlikely that he wouldn't remember anything of his past just as a result of drinking alcohol for an extended period of time. I'm well aware of Karsakoff's but still, this read more like a soap opera plot point than something genuine. Beyond this mysterious aspect of his personality I also thought he was a little one dimensional and as the lynch pin for the plot, he just isn't developed enough to carry the overall story. The frequent change in POV surprisingly didn't bother me in this. I've come to expect this kind of storytelling with popular translated Korean literature and the chopping and changing between characters, I think, actually helped to keep the pacing up and keep me interested enough to carry on reading. If I wasn't overly keen on a chapter (such as the one around the screen writer - ironic, given this appears to be a self insert from the author) I knew the plot would soon move on, so I didn't mind investing a few pages in a character I didn't enjoy. I do get the overall impression that this has been translated into English purely to get on the current hype for supposed Korean 'healing fiction'. However, it really lacks a lot of the heart and message that I've read from the more popular books of that genre. Still interesting enough to read, but if you've read from this genre before don't expect anything new or original."
4,2024-04-26,"Quando un libro scelto per caso riesce a farti ricredere su più di una convinzione. Come non amo osare nella vita e non amo i cambiamenti, così in lettura non amo gettarmi fra le pagine di nuovi autori. Questo libro è stata una scoperta inaspettata. Una bellissima scoperta, un vero toccasana per l'anima. È giunto forse nel momento giusto, e forse non è cosi perfetto come lo hanno visto i miei occhi. È una storia semplice, una fiaba moderna che potrebbe anche appartenere al filone natalizio tanto trasuda buoni sentimenti. Non è mai sdolcinato, mai banale. È una storia di redenzione, di consapevolezza, di apertura verso il mondo e verso il prossimo. Il minimarket in questione, forse proprio perché mini, permette di approfondire meglio le persone che vi gravitano intorno. La proprietaria, una donna anziana, aiutata da un senzatetto, gli offre un lavoro e innesca un meccanismo a catena che porterà a scoprire, poco per volta, tutti personaggi e le conseguenti buone azioni che li riguardano. Il cerchio si chiude nel migliore dei modi, con Dokko, il senzatetto, che recupera la sua identità, inaspettatamente grazie all'arrivo del COVID, e riprende in mano la sua vita."
4,2024-02-13,"Apenas 48 horas me duró la lectura de este libro que supuso un oasis tan increíble de paz, tranquilidad y ternura que, simplemente, no podía soltarlo. Cada capítulo se centra en la historia de uno de los clientes de la tienda en la que Dokgo entra a trabajar y me ha parecido muy bonito cómo se desarrolla la historia de cada uno de ellos. Alegrías y tristezas, sueños y frustraciones que se juntan y entremezclan dando pie a relatos de la vida cotidiana llenos de esperanza. Quizás lo único que no ha acabado de convencerme al 100% ha sido la resolución al misterio del pasado del propio Dokgo. Es verdad que ya me había imaginado algo parecido pero me quedé, como quien dice, con la ""miel en los labios"" ya que me habría gustado que el autor fuera un poco más allá, saber más aún al respeto. En resumen, ha sido una lectura muy de confort; tierna, emotiva y llena de encanto. La magia de los detalles, la sencillez y la superación personal al servicio del lector. Muy recomendable 🥰"
4,2025-05-21,قلما تلامسني رواية اقرأها وتنثر البهجة والسعادة في يومي، رواية بسيطة ومؤثرة بطابع إنساني دافئ تقدم لنا رؤية مختلفة للحياة من خلال عدسة مكان بسيط: متجر بقالة. غلاف جميل ملفت للنظر وعنوان غريب ومثير جعلني اتساءل ما المقصود منه إلى أن تبين لي بنهاية الرواية أنه متجر حي مختلف لا يقدم حسومات جيدة كما تعودوا الزبائن ولا يمكن لهم المساومة على السعر أيضاً لذلك كان هذا المتجر مزعجاً جداً بالنسبة لهم🤭. تدور أحداث الرواية حول رجل مشرد مدمن فاقد الذاكرة يتبدل حالة بعد أن يعثر على محفظة وردية مسروقة في محطة قطار، تقوده بعد ذلك الصدفة للعمل في متجر بقالة محلي في وردية ليلية، يتبدل حاله كثيراً بعد احتكاكه بزملائه والزبائن الذين يصادفهم أثناء عمله فكانوا له كالبلسم الذي ساعده على الشفاء واسترداد الذاكرة المفقودة . رغم بساطة الرواية وسلاسة أسلوب الكاتب لكنها مشحونة بالمشاعر التي تلامس القلب وتترك أثراً جميلاً، ترجمة جميلة راقت لي كثيراً وأنصح بقراءتها👌🏻. . . . . . . 21-05-2025
3,2025-04-06,"She wanted to repay him somehow, this man who had refused his rightful reward, for keeping her bag safe and for doing the right thing despite his circumstances. More than anything, as a lifelong Christian, she wanted to be a Good Samaritan to this man, just as he'd been to her. The Second Chance Convenience Store is Janet Hong's translation of 불편한 편의점 by 김호연 (Kim Ho-Yeon). The Korean original - a more direct rendition of whose title would be 'The Inconvenient Convenience Store', although the English captures the redemptive arc which is key to the novel - sold more than a million copies, and was the best selling novel of 2021. The story is set in Seoul at the Always Convenience Store in 청파동 (Cheongpa-dong) in 용산구(Yongsan District) close to 숙명여자대학교 (Sookmyung Women's University), a franchised store owned and run, not entirely successfully, by Mrs Yeom, a woman in her 70s and a retired high school history teacher. In the opening scene she loses her purse at Seoul Station, but it is retrieved from the thieves who stole it by a homeless man who returns it to her. [a GS-25 in the same area] Mrs Yeom, whose Christian faith is important to her, gives him a meal at the store, including a bottle of soju, but makes him an offer if he gives up drinking: “Come work at the store, but on one condition: you have to quit drinking.” “M-me?” Dokgo asked, tilting his large head to the side. “I know you can do it. It’ll get colder soon, but you can stay warm and make some money.” She stared into his eyes, waiting for his answer. Dokgo looked away, his face twitching, as if caught in a dilemma. Finally, he lifted his small eyes to meet hers. “Why are you . . . so nice to me?” “I’m just doing what you did for me. Besides, I can’t work nights anymore. It’s too hard, and I get scared. You’ve got to do it.” “But . . . you don’t . . . know me.” “I do know. You’re someone who helps me.” “I don’t even know myself . . . How can you trust me?” “I’ve met thousands of students in my previous career. I’ve learned to be a good judge of character. If you stop drinking, you’ll be fine.” “이거 먹고 술 끊는 조건으로 우리 가게 일 좀 봐줘요.” 독고 씨의 커다란 머리가 갸우뚱거렸다. “제, 제가……요?” “독고 씨 할 수 있어요. 곧 날 추워질 텐데 밤에도 따뜻한 편의점에 머물고 돈도 벌고 얼마나 좋아요.” 염 여사는 독고 씨의 눈을 똑바로 응시하며 답을 기다렸다. 독고 씨는 시선을 피한 채 곤란한 듯 광대를 연신 씰룩이다가 작은 눈을 돌려 그녀를 살폈다. “저한테 왜…… 잘해주세요?” “독고 씨 하는 만큼이야. 게다가 나 힘들고 무서워 밤에 편의점 못 있겠어요. 그쪽이 일해줘야 해요.” “나…… 누군지…… 모르잖아요.” “뭘 몰라. 나 도와주는 사람이죠.” “나를 나도 모르는데…… 믿을 수 있어요?” “내가 고등학교 선생으로 정년 채울 때까지 만난 학생만 수만 명이에요. 사람 보는 눈 있어요. 독고 씨는 술만 끊으면 잘할 수 있을 거예요.” The man agrees to do so, and the novel that follows is episodic in nature, each chapter from a different perspective of the stores customers, employees and Mrs Yeom's own, wayward, son. The novel is set in 2019-20 and effectively, but naturally, works in events such as the Korea-Japan trade war (which clears Mrs Yeom's shelves of imported Japanese beer and sets her son off on another ill-fated business idea) and the Covid wave that began in Daegu in February 2020 - and it also creates an excellent portrait of Seoul at the time. The man says he believes his name is Dokgo (독고), a rather odd name, and other speculate whether it is somehow intended to reflect either Godok (고독) - i.e. loneliness - or Dokgeo (독거) i.e. living alone. Not the most natural of store workers, with a rather gruff and clumsy manner, his advice ultimately helps many others, including his suggestion of Corn Silk Tea (옥수수수염차) as a substitute for people trying to wean themselves off alcohol: And Dokgo eventually starts to recover his own memories of who he is and the reason he ended up on the streets - although the revelations there were perhaps the novel's weakest feature. The novel is instead strongest when showing people at their best helping others around them and being good neighbours. Not my natural fare, but one of the more satisfying of the feed-good translations from Korean in recent years, with goodness at its heart. 3.5 stars. Thanks to the publisher via Netgalley for the ARC."
4,2024-05-21,"Jeongpa, Seoel. Mevrouw Yeom, de eigenaresse van een kleine buurtwinkel, is een vrouw met mensenkennis, een scherp beoordelingsvermogen en de wil om de levens van anderen te verbeteren. Als ze op een dag door de dakloze Dokgo wordt herenigd met haar verloren tasje, besluit zij hem op haar beurt ook te helpen. Ze biedt hem een maaltijd aan, drukt hem op het hart dat hij altijd welkom is in haar zaak en uiteindelijk neemt hij de nachtdienst in de winkel over. Terwijl zijn collega’s en klanten hem eerst argwanend bekijken, leert hij snel, zorgt hij voor een frisse wind in de gemakswinkel, biedt hij een luisterend oor en verovert hij harten. Zijn eigen verhaal blijft lang een mysterie omdat hij aan geheugenverlies lijdt, maar kan deze tweede kans in het leven resulteren in een nieuw begin? In ieder hoofdstuk staat een nieuwe ontmoeting centraal en krijg je een inkijkje in de beslommeringen en de gedachten van diverse personages, die ieder hun eigen verhaal te vertellen hebben. Ze staan bijvoorbeeld op een keerpunt in hun leven, worden ergens door uit evenwicht gebracht, worstelen met een verslaving, de relatie met hun familie of met hun eigenwaarde. Allemaal komen ze in de winkel terecht, en hoewel Dokgo zelf regelmatig wordt geconfronteerd met vooroordelen, behoudt hij een open vizier en is hij een intelligente, sympathieke, hoffelijke en rustige man die ook resoluut en standvastig kan zijn. Hij stelt oprechte vragen, analyseert, geeft op geheel eigen wijze advies en hoewel niet iedereen dat direct wil aannemen, planten zijn inzichten toch vaak een zaadje en geeft hij iedereen een zetje in de goede richting. In een rustig verteltempo, een ogenschijnlijk eenvoudige stijl en met veel aandacht voor details neemt de auteur je mee in deze alledaagse verhalen vol wijsheden, rake observaties en levenslessen die soms wat voor de hand liggen maar zeker ook herkenning kunnen oproepen. Telkens leef je mee met de personages, zie je wat een klein gebaar in gang kan zetten en wat een harde houding kan verbergen en hoewel de auteur nog iets meer ruimte had mogen nemen voor het persoonlijke verhaal van Dokgo, maakt deze afsluiting van het geheel de cirkel wel mooi rond. Dit hartverwarmende, zachte en liefdevolle boek vol verhalen over veerkracht, persoonlijke ontwikkeling, identiteit, verbinding, kritisch naar jezelf kijken, open communicatie, lichtpuntjes, inspiratie, begrip, tweede kansen en geluk zet je aan het denken over je plaats in de maatschappij en benadrukt de kracht van echte aandacht, waardoor de verhalen je raken en ervoor zorgen dat deze zogenaamde healing fiction naar meer smaakt!"
4,2024-04-16,"“Il minimarket della signora Yeom” merita di essere letto anche solo per cullarsi con l’ultimo capitolo e tutta la storia viene narrata in funzione di una conclusione che chiude un cerchio perfetto. La storia è molto semplice: la padrona di un minimarket viene contattata da un senzatetto che ha trovato il suo porta documenti e che desidera restituirlo. Commossa dalla gentilezza dell’uomo che si fa chiamare Dokko, la signora Yeom lo accoglie nel suo minimarket Always, prima offrendogli il pranzo ogni giorno e poi invitandolo a coprire il turno di notte. È così che Dokko, con una gentilezza commovente e una naturalezza genuina inizierà involontariamente ad aiutare gli altri, ascoltandoli e consigliandoli fino ad arrivare ad aiutare se stesso ricostruendo lentamente i pezzi di una vita che aveva dimenticato affogandoli nell’alcol. Tra queste pagine si incontrano i numerosi personaggi che popolano il minimarket, ognuno con le sue preoccupazioni, ognuno rassegnato. Leggere questo romanzo nella parte centrale è come leggere capitoli di storie di vita che hanno bisogno di nuovi stimoli e nuovi punti di vista. In tutto questo Dokko è medicina e comprensione, un aiuto senza secondi fini donato al prossimo come regalo per la seconda possibilità che anche lui ha avuto dalla signora Yeom. Always non è solo un minimarket ma è anche un porto sicuro, un punto di transizione dove nessuno rimane cristallizzato ma dove chi entra ne esce diverso, e così accade a Dokko che conclude la storia con un capitolo commovente. Il romanzo di Kim Ho-Yeon è uno di quei libri che mi piace definire “coccola” perché, una volta finito, ci si sente meglio e agisce come medicina per l’anima. La narrazione non è particolarmente veloce e coinvolge a piccole dosi ma, una volta finito, si capisce il senso di tutto, anche della scelta stilistica di voler rendere queste pagine “piene” e abbastanza lente. Non è per nulla una lettura pesante, anzi, ma ciò che rimane una volta finito questo libro sono la bellezza dei personaggi incontrati (soprattutto la signora Yeom e Dokko) e la bellezza delle emozioni umane che nascono dall’aiuto reciproco generato dall’animo e dall’indole gentile di alcune persone, caratteristica con cui si nasce o che sgorga grazie alle esperienze di vita. Un libro significativo."
4,2025-05-10,"I really enjoyed The Secind Chance Convenience Store written by Kim Ho-yeon and translated by Janet Hong. Easy to read with straight forward prose, this is a story of kindness to strangers, responding to those in your community with acceptance, being willing to take a chance by offering grace to a stranger and seeing where that kind of living will take you. The main character Dok-go is a large “bear” of a man who is homeless and can’t remember his past. He goes out of his way to help a stranger, Mrs.Yeom. To repay his kindness she takes a chance and offers him a job in the convenience store she owns. As customers and employees come and go through the store we get to know them as Dok-go interacts with them. Each person is dealing with the hand life has dealt them and Dok-go listens and offers advice and small kindnesses. Often it is just the thing that person needs. But it is a two way street: Dok-go is also changing as he begins to try and figure out his past and how he became homeless. I really loved the feel of this story and the idea of a neighborhood convenience store where people enter as strangers but eventually leave as friends is heartwarming. Kindness to others can go such a long way. It’s often said we should be kind to strangers we meet for we never know what they are going through. This story embodies that with lovely results."
4,2024-08-15,"Lekkie, przyjemne, idealne."
4,2022-10-26,"เป็นเล่มที่สะกิดเพื่อนได้ว่า ""อ่านสิ ดีนะ"" อบอุ่น ละมุนละไม เหมือนเห็นตัวเองในนั้น เหมือนเห็นคนอื่นในนั้น ทำให้รู้สึกว่ามนุษย์สื่อถึงกันด้วยจิตเมตตา สัมผัสความในใจของอีกฝ่ายด้วยการรับฟัง และข้าวของใด ๆ ในโลกนี้ 'อาจ' ไม่จำเป็นเลยก็ได้ มีข้าวสักมื้อให้กิน มีดินสักทีให้นอนหลับ ขอแค่เรารักษาความมั่นคงในใจไว้ เราก็มีค่าพอที่จะอยู่บนโลกใบนี้แล้วไหมนะ จริง ๆ ให้ห้าดาวได้ เสียดายที่ช่วงขมวดจบอ่อนไปหน่อย(สำหรับเรานะ)"
4,2024-09-12,"Otra joyita de la literatura asiática de esas que reconfortan el alma de cualquier lector. En la asombrosa tienda de la señora Yeom desfilan diversos personajes que nos enseñan sobre las debilidades humanas, la empatía, la solidaridad y las segundas oportunidades. Sigo gratamente sorprendida y encantada por estas historias que parecen sencillas, pero son de una profundidad enorme."
4,2025-07-03,"“To put yourself in someone else’s shoes.” The story (lovely story!) shows how life can offer you a second chance and how people can help you, if not to achieve it, then at least to give you that final push needed. I am sure that people can see themselves in one of the characters in this book. All of them are vivid and have something about them that makes you either love or hate them."
3,2025-03-11,"Es la segunda novela que leo de este género tan de moda últimamente sobre un establecimiento comercial en el que conocemos a empleados y a clientes. A modo de historias cotidianas sencillas y relaciones simples entre personajes nos intentan transmitir algo de crítica social y consejos un poco tipo autoayuda camuflada para solucionar los problemas típicos de nuestras tristes vidas modernas. Los personajes, tanto empleados como clientes, entran a la tienda con problemas de vida y tras un breve tiempo consiguen de alguna forma superarlos, un poco mágicamente y un poco “está en tu mano arreglar tu vida”. No son novelas para tomárselas muy enserio porque son muy irreales, simplifican mucho la complejidad de la vida y responsabilizan mucho al individuo de su situación. En ésta en concreto nuestro protagonista es la luz que alumbra al resto de personajes y que a la vez gracias a estos él mismo vence su propia oscuridad, pero tiene una historia detrás poco creíble, forzada y para nada representativa, que intenta un poco tocarnos el corazoncito porque el autor ha elegido que sea una persona “sintecho” pero que en realidad no lo es ni de lejos. En resumen, es un poco cuento con moralinas de persona vitamina y mr wonderfull que, para pasar el rato no está mal, pero que para mí no aporta mucho. (2’5/5) ⭐️⭐️ un poco ni fú ni fá"
4,2023-01-09,"Saya baru tahu ada buku dengan sub-genre healing fiction, tapi buku ini membuat saya mengerti, ""Oh, ini toh healing fiction~"" Waktu membacanya rasanya nyaman, hangat, bikin kita percaya bahwa ""There's a hope in humanity."" Buku ini menceritakan tentang Dokgo, seorang tunawisma yang terkena dementia karena adiksinya pada alkohol. Dokgo mendapat 'kesempatan kedua' saat menyelamatkan dompet seorang nenek pemilik sebuah minimarket. Dokgo pun mendapat pekerjaan shift malam di minimarket tersebut yang mempertemukannya dengan banyak orang, bukan hanya nenek pemilik tapi juga pekerja dan para pelanggan minimarket. Pertemuannya ini juga pelan membawanya mengingat masa lalunya. Separuh buku diceritakan dari sudut pandang berbagai karakter dengan masalah hidupnya masing-masing. Baru di bab terakhir, ketika cerita ditulis dari sudut pandang Dokgo sendiri ceritanya jadi 'intens'. Sebagai tukang jajan dan selalu suka pergi ke minimarket, pengalaman membaca buku ini sangat menyenangkan. Membayangkan minimarket di malam hari yang dingin, lalu ide untuk makan mie cangkir hangat x nasi kepal + teh jagung, hmmm menggoda sekali! Tentu saja lebih dalam dari itu terdapat banyak isu yang diangkat oleh novel ini: relasi orang tua dan anak di keluarga, tekanan sosial yang sangat berorientasi pada harta dan tahta, bahkan toxic beauty standard di Korea. Bukunya lumayan tebal, tapi nggak berat kok ✨️ Recommended untuk yang suka Korean Literature, dan bacaan bertema keluarga!"
1,2025-05-27,"I've tried to justify how bad this book is by arguing that I'm not the targeted audience. not only was I wrong, since it's not an YA novel, that would also be unfair to an entire genre which has given the world some great work. this book seems to rely on the premise that the reader is an idiot. the worst part of it is that by purchasing a book by its pretty cover, I've proven that maybe the average reader is, indeed, stupid. no other reason could explain why this is a best seller. I've also thought well, maybe the translation is flawed, but unless the translator invented an entire new story, it's also not the problem. I have to accept that my suggestion to my book club was a shitshow. I wish I could have back the hours I spent reading this. the characters are one-dimensional and idiotic. the prose and the dialogue are terrible, the plot is dull. the treatment of the pandemic is odd, but it's nothing compared to the horror show of how the characters' addiction was handled. it's so disrespectful and rooted in misinformation. addiction is not a matter of strong will, it's a serious condition that affects millions of people. this might be the worst book I've read this year and that is saying something since I've read terrible things."
4,2024-07-13,"Dentro de este nuevo género que es el “feel good”, diría que esta novela destaca. Más allá de que conserva la estructura de una historia por capítulo que siempre acaban relacionadas, creo que suma mucho el protagonista, Dokgo, quien supo ser indigente hasta contar inesperadamente con una segunda oportunidad que le dió la señora Yeom. Este hombre más con gestos que con palabras nos hace ejercitar la empatía. Y el último capítulo me pareció un cierre muy certero. Novela de abrazo y superación."
4,2024-04-26,4.5 una lettura delicata che con una prosa poetica accompagna il lettore in una profonda riflessione sulla bellezza fragile dei rapporti umani. Dokko nuovo personaggio del cuore. 🫶
3,2024-05-05,Koreanski Rafał Wilczur
5,2025-07-22,"الكتاب مليء بالعبر والحكم، لم أتوقع النهاية أو آخر فصل، في الحقيقة لم تراودني أية فكرة عن من يكون دوكغو ، ولهذا فقط اعتبرت الكتاب كأنه كتاب تنمية بشرية عن إمرأة سُرقت محفظتها وقد وجدها شخص من المشردين والذي يبدو ان كوريا مليئة بهم، الحمدلله لا يوجد لدينا أناس مشردين في الشوارع كما شاهدت في أمريكا وبريطانيا، وأحمد الله على هذه النعمة. المهم شاهد هذا المتشرد رجلان لديهما محفظة وردية اللون فعرف بأنهما قد سرقاها، فصارعهم وأخذها منهم، ووجد رقم تليفون صاحبة المحفظة فاتصل بها مستخدما بالطبع قطعة عملة وجدها في المحفظة نفسها، فرجعت الى المحطة ووجدت هذا المشرد وارادت ان تعطيه مكافأة ، ولكن الأمر تطور وبقى يعمل في بقالتها ""متجر البقالة المزعج"" كما يسميه الناس قبل ان يعمل فيه هذا المتشرد،، وساعد الكثيرين بحل مشاكلهم، إلى أن بدأ يتذكر من هو ! وهنا تأتي المفاجأة! من منا لم تحصل له مشاكل في هذه الحياة ومن منا لم يتمنى ان يهرب بجلده من هذه المشاكل، ولذا فأني أفكر دائماً ماذا على الإنسان ان يفعل ليتخطى المشكلات في هذه الحياة؟ هل عليه ان يعترف ويعتذر حتى لو لم يكن هو الغلطان ؟ ام ان عليه ان يتحامق ويغض الطرف عما يحدث له او من الممكن ان يحدث له إذا تجمعت هذه المشاكل على رأسه وماذا ستفعل به حينذاك؟ اعرف الكثيرين من ماتوا من القهر، أو من الظلم او مما فعلته أيديهم، ولكن هاهي الحياة تمضي ولا يهمها كيف يعيش البشر أو ان يأتي أناس مثل السيدة يوم لتنقذ الشخص . نريد الكثير من شاكلة السيدة يوم، علنا نستطيع ان نقضي على الحزن والتشرد! وتصبح الحياة سعيدة! وعلى فكرة فقد تم كتابة هذا الكتاب ايام الكوڤيد ١٩. وصرت اشم رائحة المعقمات التي استخدمناها واذكر كيف كنت اختنق من ليس الكمامات وعلى الرغم من ذلك جائني المرض مرتين. اقتباسات: ""إن السعادة ليست بالوصول الى ما تريده، بل ان طريق الوصول بحد ذاته هو السعادة ، لذا، عليك أن تكون لطيفا لان كل شخص تقابله يخوض معركة صفة ما"" اعتقدت مخطئا أنني وابنتي لم نستطع التواصل بسبب زوجتي وبسبب الدور الذي تؤديه كحاجز بيننا، لكنني بتّ أعرف الحقيقة الآن، كنت أنا من صنعت حاجزاً بيني وبين ابنتي في المقام الأول، وكنت أنا من أعْرض عن الفرصة التي عملت زوجتي جاهدة على توفيرها، لقد عاملت ابنتي كإبن ضالة، فتجاهلت وجودي تماماً ، ولم يكن ذلك إلا البداية، كان تفكك أسرتي، ومحنة حياتي، وفقداني زوجتي وابنتي بسبب لا مبالاتي وغطرستي، ولذا فقدت ذاكرتي من الألم في النهاية ما الحياة إلا علاقات ، وما العلاقات إلا تواصل، والان، ادركت ان السعادة ليست بعيدة إن تشاركت مشاعري معكن حولي فقط، تعلمت على مهل، ونضجت تدريجيا فيمتزج أولويز للبقالة الذي قضيت فيه هذا الشتاء، بل وفي محطة سيئول التي لبثت فيها سنوات عدة من قبل، عائلات تودع عائلات ، وعشاق ينتظرون عشاقاً، وآباء يصطحبون أبنائهم ،وأصدقاء يرافقون أصدقائهم… جلست هناك من دون أن أحرك ساكناً، أحدق اليهم حزينا مشتتا ومحدثا نفسي ، لكنني في النهاية أدركت شيئا ما."
4,2025-09-07,"4,5 ⭐ nerotunjite Îmi place foarte mult felul în care tipul ăsta de cărți chipurile ""ușurele"", dulci ca vanilia și strălucitoare ca o dimineață de iulie, reușesc să abordeze niște teme sociale dure și să spună niște lucruri greu de spus cum ai pune punctul pe i mai bine decât cărțile care-s cică ""serioase"". Fără a da spoilere, genul ăsta de ""healing fiction"" merge foarte bine pentru un cititor din România cum i-ar merge unui cititor din Coreea de Sud. Ultima pagină m-a lovit sub centură."
3,2025-07-17,"I personally think that the last couple of years have seen a rise in Japanese and Korean healing fiction, offering comfort to millions of people. And while most of these books do carry a lot of heart, I do stumble across an occasional one or two that fails to leave a mark. The Second Chance Convenience Store by Kim Ho-Yeon, translated into English by Janet Hong was one such book that left me feeling a tad bit disappointed. This is a series of interconnected stories, all of them revolving around our protagonist. Dokgo, as he calls himself is a big bear of a man who moves slow and talks in short spurts of emotion. When the owner of a convenience store offers him a job and helps him clean up, it becomes quickly evident that contrary to his big appearance, he has the gentlest personality. He makes friends with customers and workers, slowly helping them in his own way. Dokgo’s character is an interesting one but it lacked genuineness. His backstory felt a bit choppy, not giving much to go on with. Much like the other healing fiction books where we see a bunch of characters trying to make sense of the ways of the world, Kim Ho-yeon has used a similar plot to narrate this book, the commonplace being the convenience store. As much as I enjoyed a few of the stories, there were others that lacked authenticity and heart. This was a decent one time read, but having read many such books in this genre it didn’t have anything new to offer. Thank you for the copy @panmacmillanindia ❤️"
4,2022-06-29,เป็นหนังสือแนวอบอุ่นหัวใจที่ไม่ค่อยได้เลือกมาหยิบมาอ่าน เพราะเรากลัวเจอกับพล็อตเดิมๆ แต่เพราะเห็นรีวิวจากคุณคนหนึ่งในกรุ๊ปสมาคมป้ายยาหนังสือแล้วกดลองอ่านดู หนังสือเล่มนี้มีมนต์เสน่ห์แปลกๆ ที่พอหยิบขึ้นมาอ่านแล้ววางไม่ลง แม้จะใช้เวลาอ่านไปสิบกว่าวัน เพราะไม่ค่อยว่างเท่าไหร่นัก หนังสือเล่มนี้ตัวเอกคือคุณทกโก ชายไร้บ้านที่วันนึงได้รับความเมตตาจากคุณเจ้าของร้านสะดวกซื้อแห่งหนึ่งให้มาทำงานพาร์ตไทม์กะดึก ในหนังสือเล่มนี้มีตัวละครไม่มาก และใช้วิธีการเล่าเรื่องผ่านตัวละครต่างๆ แต่ทุกตัวละครต่างก็มีเรื่องราวของตัวเอง มีปัญหาในชีวิตที่ชวนติดตาม ความดีงามของหนังสือเล่มนี้คืออะไร เราเองก็ยังตอบไม่ได้มากนักแต่ชอบเรื่องราวที่ร้อยเรียงของหนังสือเล่มนี้มากๆ เหล่าตัวละครต่างๆ ในเรื่องนี้สอนให้รู้ว่า ชีวิตของเราทุกคนย่อมเจอกับปัญหา เพียงแต่เราจะนำปัญหานั้นมาปรับปรุงหรือแก้ไขยังไง มิตรภาพดีๆ ในสังคมที่ควรหยิบยื่นให้กัน be kind to other people มันสำคัญยังไง มันเป็นหนังสือที่พอมีเวลาแล้วหยิบมาอ่านก็ชวนให้วางไม่ลงจริงๆ
5,2024-02-28,"Este libro es breve, ligero, pero, a su vez, trasciende. Me ha encantado la ambientación de un espacio tan cotidiano como una tienda de conveniencia y la simplicidad y humanidad de los personajes. El hecho de que la historia estuviera narrada desde varias perspectivas hacía que fueras descubriendo las capas y el corazón de cada uno de sus protagonistas. Finalmente, al acabar la novela, te llevas un sentimiento de esperanza muy bonito. Para mí, me quedo con la sensación de que un pequeño gesto, puede transformar vidas, salvarlas. Y, a veces, sin quererlo, solo siendo amables y honestos, podemos ayudar a quien nos rodea."
3,2024-03-06,"A história é realmente leve, dá uma paz no coração de ser sem grandes conflitos e confusões, porém me incomodou demais que em boa parte do livro a escrita/tradução me deu a impressão de ter sido feita no Chat GPT ou ser um grande textão de instagram, apenas cru e sem muita elaboração nas frases. A sensação que eu fiquei no final foi melhor do que o que senti durante todo o tempo que li esse livro porque o último capítulo me deu essa sensação de ter sido melhor escrito/traduzido trazendo até umas metáforas e algumas reflexões sobre a vida do personagem principal."
4,2024-09-29,"Una novela que cuenta una historia de redención con uno mismo y del poder y la paradoja de la honestidad. Es una novela y está bien escrita. No es un cuentacuentos de superación de esos que se ponen nombre bárbaro terminado en -ing para que les suba el ego. Está bien escrita, tiene destellos en los diálogos pero, sobre todo, se mueve bien en la narración y los tiempos. Una de esas novelas de reconciliación que caen como una buena sopa un día de frío."
4,2024-04-13,"Inhalt: In einer schmalen Gasse eines alten Stadtteils von Seoul befindet sich Frau Yeoms kleiner Gemischtwarenladen. Täglich kreuzen sich hier die Wege ganz unterschiedlicher Menschen. Der obdachlose Dok-go versucht sein Leben neu zu ordnen und fängt als Nachtschichtarbeiter in dem Laden an. Schnell merkt er, dass er nicht der Einzige ist, den Sorgen und Nöte umtreiben. Frau Yeom und Frau Oh hadern mit dem Verhältnis zu ihren erwachsenen Söhnen, In-gyeong ist unglücklich in ihrem Beruf als Schauspielerin, und Gyeong-man steht immer wieder sein hitziges Temperament im Weg. Doch durch Dok-go schöpfen sie alle neue Kraft – und lenken ihre Leben in überraschende und hoffnungsvolle Bahnen. Meine Meinung: Unser Hauptprotagonist Dok-go tritt unverhofft ins Leben der 24/7-Laden-Mitarbeitenden inklusive der Chefin und auf die ein oder andere Weise verzaubert er sie alle mit seinen subtilen Ratschlägen und hilft den Menschen mit ihren alltäglichen Problemen. Auch die Kunden des kleinen Geschäfts schöpfen nach der Begegnung mit dem Obdachlosen wieder neue Hoffnung für Ihre Zukunft. Für mich ist dieser Roman ein absolutes Wohlfühlbuch, das mich oftmals schmunzeln und träumen ließ. Davon, dass die Welt doch nicht so schlecht ist, wie sie derzeit scheint und dass es auch selbstlose Mitmenschen gibt, die helfen wollen ohne eine Gegenleistung zu erwarten. Zwischenzeitlich hatte die Geschichte ihre Längen, besonders während der Rückblenden des Dok-go, weshalb ich einen Stern bei der Bewertung abziehe. Alles in allem habe ich das Lesen dieses Romans sehr genossen und freue mich auf weitere Bücher des Autors. Fazit: Ein sehr zu empfehlendes Wohlfühlbuch. Meine Bewertung: 4/5 Sterne"
4,2025-04-09,"""La asombrosa tienda de la señora Yeom"" es un libro que retrata a las personas que trabajan en una tienda formato 24 horas y también a los muchos clientes que día a día pasan por allí. La trama gira en torno a un personaje particular llamado Dokgo, que luego de haber vivido como indigente y haber perdido por completo la memoria, es contratado para trabajar en esta tienda durante el turno de la noche. Es un libro ligero que se lee muy rápido debido a que la narración es muy fluida y amena. Los personajes me gustaron mucho también. Muy recomendable."
4,2025-06-27,"The Second Chance Convenience Store is a Korean comfort read with basic messages and an emphasis on a simple life. I found it to be very similar to Michiko Aoyama’s What You Are Looking For is in the Library where the different characters are influenced by a single reoccurring character. In this story that character is a homeless man named Dok-go who is offered a job by a convenience store owner after he returned her handbag that had been lost. The story is pretty predictable for the most part, but I think that fits the cozy comfort slice-of-life genre. I found it a good change of pace with being a very quick read for me and the focus on repairing relationships and helping others more relaxing."
5,2025-06-24,"I couldn’t help myself. I fell in love with this book. Mrs. Yeom is on the train when she realizes that her wallet is missing. The retired history teacher and owner of a neighborhood convenience store, panics. She receives a call from the person who found her purse, and she is momentarily relieved. Dok-go, the man with her wallet, is homeless. They meet, and as his reward, she offers him a free meal from the convenience store. He is used to being given only expired food, so he is overjoyed with this fresh meal. Mrs. Yeom’s heart is touched, and she invites him to stop at her store and eat lunch every day. A “chance” meeting changes both of their lives. The rest of the book contains stories from the store and of Mrs. Yeom’s family. It is translated from Koreon, and at times the language is slightly different, but that only makes it more endearing and authentic to me. What a moving and hopeful story of a down-and-out man, a good human being, but one who needs a second chance."
4,2024-05-13,"Hebben jullie al van ‘healing fiction’ gehoord? 😌 Redelijk nieuw, maar ontzettend trending momenteel. Recent verscheen ‘De buurtwinkel van tweede kansen’ wat zeker onder healing fiction valt. De buurtwinkel van tweede kansen is een verhaal waar, je raad het al, de buurtwinkel een belangrijke rol speelt. Dakloze Dokgo helpt mevrouw Yeom, die de eigenaresse is van de buurtwinkel, door haar te herenigen met haar verloren tasje. Mevrouw Yeom wil iets terugdoen voor Dokgo en besluit hem aan te nemen voor de nachtdiensten. Dokgo is een man met geheugenverlies dankzij drankgebruik, maar heeft zijn hart op de goede plek zitten. Hij probeert namelijk een luisterend oor te bieden in de buurtwinkel en mensen verder te helpen door ze een mooie boodschap mee te geven. ❤️ In elk hoofdstuk staat er een nieuwe ontmoeting met een nieuw perspectief centraal, en in elk hoofdstuk wordt er een ander onderwerp of thema aangesneden die het verhaal voorzien van diepgang. In een toegankelijke schrijfstijl krijg je een kijkje in ogenschijnlijk normale levens, maar met mooie levenslessen en helende verhalen. Al met al is ‘De buurtwinkel van tweede kansen’ een hartverwarmend en cozy verhaal, en is zeker een aanrader voor wie daar net zoals ik enorm van kan genieten. 🥰"
4,2025-03-07,"Es un libro tierno y dulce, de los que abrazan el corazón y transmiten enseñanzas. Dokgo es un personaje misterioso con amnesia alcohólica y sue poco a poco va recuperando la memoria. A parte de recomciliarse con él mismo, ayuda al resto de personas que llegan a la tienda de un modo u otro. Aunque al principio le temen y le miran con desconfianza para después pasar a admirarle y seguir sus consejos. El mensaje que da Dokgo es sobre la importancia de comunicarse los unos con los otros, de entenderse. Ya que la falta de comunicación entre las personas puede acabar con momentos incómodos o situaciones de las cuales luego nos arrepentimos. Creo que el autor ha conseguido transmitir las enseñanzas que Dokgo da a los personajes y al propio lector. Creo que es una lectura suave y agradable, exponiendo problemas y personajes con cada capítulo. Una novela que sirve para disfrutar de la vida y de estar seguros de que existen segundas opciones y que pese a que todo va mal o no podamos ver la luz al final del túnel, siempre está ahí. Aunque tengamos que esforzarnos para verlo. Al empezar a leerlo descubrí que hay una segunda parte que obviamente quiero leer."
3,2025-03-12,"Bom dentro do género, mas o rumo da história (ou das histórias) não foi aquele que eu esperava. Não vi nenhum problema grave, até porque a história acaba por terminar coesa. No entanto, preferia que o enredo se cingisse ao ambiente da loja e a resolução do mistério pareceu-me desconexo com o que tinha sido desenvolvido até ali. E tendo em conta que já li outros livros do género dos quais gostei mais, este perde força à medida que a leitura avança. Como ponto a favor, é um livro muito bom para abrandar a mente e fazer uma pausa na maldade que o mundo carrega. As personagens têm defeitos, enfrentam problemas e gostariam de ter uma vida melhor, mas não terminam com negativismo. Sente-se uma aura de esperança, bondade e tranquilidade que acaba por nos fazer sentir melhor. Demonstra os pequenos impactos positivos que podemos ter na vida do outro e como podemos fazer a diferença, mesmo que à partida não parece relevante. É um conforto lembrarmo-nos que a gentileza e a humildade existem e podem ser usadas sem exigir nada em troca."
1,2024-02-21,"Capa fofa, livro desde o começo lentíssimo, e de repente um tapa na minha cara, bem no final do livro. Personagem misterioso, que estava gostando e defendendo, no final me destruiu! Me sentí enganada, e achei problemática a situação, e ele ter feito algo cruel, e o livro ser vendido como ""um romance sobre segundas chances e sobre como a solução de problemas aparentemente insolúveis pode estar mais perto do que se imagina"". (uma jovem morreu) sabe? oi? Assunto complicadíssimo e que não tem um desenvolvimento honesto🫣. Fora outras problemáticas de texto confuso, personagens que me confundiam quanto ao gênero."
4,2023-06-03,看書名跟封面就大致能知道內容走向的一本書，所以讀起來並沒有太多驚喜，但確實帶有一定的療癒功能。 作者講故事的方式非常熟練，閱讀起來流暢通順，是相當舒適的閱讀體驗，不過也因此覺得文字有點流於油條而在情感的傳達上缺少打到內心的真切觸動。許多推薦文都說這本書之所以好看，是因為描繪了人與人之間短暫交會的光輝，透過溫暖的溝通治癒人心。然而，我覺得這本書最特別的地方在於各個角色身份的設定。 書中大部分的角色曾經擁有一定的社會地位，儘管外表光鮮亮麗，他們仍然必須面對生活中的困境，甚至在人生境遇轉變時學習如何適應。透過主角放棄一切，以無家者的視角來觀察，他更清楚地看到一個人不應該被社會框架所束縛，而應該直面真實的情緒。正因為一無所有，反而不受既有觀點的束縛，能更通透地洞察事務。基此，相較於不同的人去到便利店得到慰藉，我更認為這本書實際上是描寫那些已經擁有很多的人如何應對生活中的變化。 此外，針對主角，這本書描繪了無家者生活中浪漫的一面，或許也解釋了為何無家者這個社會議題總是存在。這讓我不禁聯想到之前閱讀的《危殆生活》一書中對無家者的分析，也讓我思考，如果無家者必須在現實社會網絡中面對複雜的問題，他們是否真的能如此從容地看待一切？ 題材有趣，文字流暢，可以輕鬆的閱讀，也可以促進一定的思考，但不是會大推特推的書。 四星以上五星未滿。
2,2024-04-29,"El plantejament inicial em va semblar curiós, però a nivell literari l'he trobat bastant fluixet. Se m'ha fet llarg i pesat."
4,2025-10-29,Such a heartwarming read🥹🫶
3,2025-12-15,"3/✨ voor De buurtwinkel van tweede kansen. Ten eerste wil ik Park Uitgevers bedankt voor dit boek en het fantastische pakket waar het in kwam. Dit is een wat je noemt 'healing fiction' boek en ik begon er heel enthousiast aan maar in vergelijking met Watermoon en The Dallergut Dromen Winkel werkte dit voor mij helaas een stuk minder. Waar die boeken voor mij iets magisch en lichts hadden, maakte dit verhaal me vooral zwaar en een beetje geïrriteerd. Het boek bestaat uit korte verhalen en ik merkte al vrij snel dat ik moeite had met de personages. Veel van de personages zitten namelijk vast in problemen die ze grotendeels zelf veroorzaken, maar zonder echt zelfinzicht of verantwoordelijkheid te nemen. Dat is persoonlijk een enorme allergie van mij, omdat het voor mij te dicht tegen een slachtoffermentaliteit aan schuurt. De eerste 40% las ik eigenlijk best prettig, maar hoe verder ik kwam, hoe meer ik me begon te ergeren aan de aard van de ‘problemen’ en de manier waarop ermee werd omgegaan. Ik kan me goed voorstellen dat dit boek voor anderen juist helend of inspirerend kan zijn en het is ook zeker niet slecht geschreven. Ik snap de intentie en zie de waarde voor de juiste doelgroep. Helaas speelde alcohol ook te vaak voor mijn smaak, een centrale rol in de problemen van een aantal personages en daar kon ik mij niet mee identificeren of sympathie voor oproepen. Helaas was ik zelf gewoon niet de juiste lezer voor dit boek. It’s just not for me."
4,2026-03-02,"This is one of those books which are deceptively quiet, that gently taps you on the shoulder and thEN BOOM - suddenly you're questioning your ✨entire✨ life trajectory by page 150- *sighs* Sooo here's the ✨Le Plot✨ summed up: A struggling convenience store owner hires an unlikely employee, and somehow this tiny neighborhood shop turns into an accidental life-repair station; customers come in for snacks and leave with emotional revelations they definitely didn't plan on having, but oH WELL HERE WE ARE- There have been no dramatic explosions, no wild plot twists - just regular people with their regular problems, aaaaand somehow it still hits🙂‍↔️ What I loved most was how alive each and every one of the characters felt; they were messy, flawed, tired, hopeful -> painfully human *booooring(?) heh* *gets a mic* *taps on it* And the message, ladies and gents? *clears throat* We don’t get to choose the cards we're dealt in life BUT we do get to decide whether we're going to sulk about these forever or actually take some action; if we're brave enough to take the reins of our own lives, we might actually do ✨something✨ meaningful with what we've been given ehhhh *love it* Oh right- Yet another thing *besides the message that‘s being conveyed* which I have reaaaally appreciated is, that the growth wasn't flashy: no overnight personality rewrites or unrealistic glow-ups - just small, steady shifts - which honestly made it feel more realistic I've read plenty of books written in a similar manner/way/fashion *not me adding all the synonyms that come to my mind- (don‘t mind me, I‘m writing this at 4:45am😭) BUT this one is definitely among the rare few that truly stand out Overall, this was a heartwarming, quietly motivating read that left me feeling unexpectedly hopeful; makes you start thinking that you should try to sort/get your life together, if nothing at least for a tiny bit *we all need to start from somewhere, right?*🤧"
3,2025-10-16,"This wasn't the cozy read I expected. South Korea is an ethnically homogenous country. What this means for the people who live there is that there is quite a narrow and rigid idea of beauty, success, and wealth. Throughout the book, that mercilessly judgmental nature of South Korean society was an eerie undercurrent that manifested in every single character's story, dialogue, and life. It was deeply uncomfortable, which made this less than cozy. I liked that the characters weren’t perfect, saintly people who all got together to sing kumbaya and hold hands offering a homeless man their time and friendship off the cuff. These are often prejudiced people who have made both sound and poor decisions in life. I liked that no character had a magic rebirth after talking to Dok-Go, our protagonist. Just a soft, quiet resolve to be a better person to their loved ones. To try and right some wrongs. This flew by, and I enjoyed it more than I didn't."
4,2026-01-22,"Lunchbox de Luxe Ich mochte die Geschichte sehr von Dok Go und dem 24h Supermarkt. Es war leicht, unterhaltsam und versprühte Geborgenheit. Der zweite Teil der Geschichte mochte ich nicht ganz so sehr, da es mich an die Buchreihe ""bevor der Kaffe kalt wird"" erinnerte. Eine Empfehlung."
4,2025-01-12,"Me ha gustado mucho. Sencillo tanto en el estilo como en la trama, pero efectivo. El tipo de libro que te deja satisfecha y con la sensación de que también podrías seguir leyendo."
4,2024-05-27,"Nota: 4 sobre 5 Premisa: Dokgo ha perdido la memoria, no recuerda cómo era su vida anteriormente. Desde hace tiempo vive en la calle y el alcohol es su única compañía. Un día encuentra un monedero y se lo entrega a su dueña, la señora Yeom. A cambio de su buen hacer, ella le ofrece comer siempre que quiera en el negocio que gestiona: una pequeña tienda abierta 24 horas. Establecer este contacto será un punto de inflexión en su vida. Opinión: Cada vez me gusta más la literatura asiática, y eso que no he leído demasiados de sus libros. El ritmo pausado que tienen, la forma de reflejar su cultura y su perspectiva ante los problemas de la vida me generan muchísima curiosidad y me hacen reflexionar sobre nuestras diferencias culturales y la cantidad de aprendizajes que podríamos hacer en occidente gracias a ellos. Hay dos cosas que me han maravillado de esta novela. En primer lugar, lo apaciguada que me quedaba cada vez que me adentraba en sus páginas. Aunque en un primer momento parece que no suceden demasiadas cosas porque es un trama pausada, los personajes me han ido conquistando y todavía más el mensaje que quiere transmitir la autora. Una apología al buen hacer, a la amabilidad como punto de partida y a la fuerza de voluntad como motor firme y pausado. Por otro lado, la estructura de la novela favorece muchísimo esta sensación de armonía. En cada capítulo, vamos encontrando diferentes piezas del puzle que en un primer momento desconciertan, lo que hace que el lector tenga que prestar atención plena a lo que está sucediendo, para que al final del capítulo, todo tenga sentido y complete la historia de manera progresiva. Quizá no sea un libro para todo el mundo ya que no tiene un ritmo vertiginoso ni grandes giros de trama, al final es una historia cozy con unas pretensiones diferentes. Pero a mí me ha hecho disfrutar muchísimo y bajar las revoluciones de mi día a día, lo que no me suele resultar fácil. La historia de Dokgo no va a ser fácil de olvidar. ¿Te animas a descubrirla?"
4,2022-07-06,สะดุดตากับชื่อเรื่อง ยอมรับเลยว่าซื้อเล่มนี้เพราะชื่อเรื่องล้วนๆ ไม่ได้อ่านคำโปรยหรือเรื่องย่ออะไรเลย -ร้านไม่สะดวกซื้อ- มันเหมือนคำล้อของร้านสะดวกซื้อ ที่คงจะมีอะไรบางอย่างที่ไม่สะดวกแน่ๆ ทำให้น่าสนใจ อยากรู้อยากเห็นขึ้นมาทันใด ว่ามันยังไงกันนะ ส่วนคุณทกโก ตอนแรกจินตนาการว่าคงเป็นคุณลุงขึ้บ่น เจ้าของร้านนั้น ... แต่สรุปว่าเดาผิดไปเยอะเลย คำโปรยบอกว่า เป็นเรื่องที่ทำให้อ่านแล้วยิ้มได้ เห็นด้วยมากๆ เลยค่ะ มันมีช่วงเวลาที่อ่านแล้วยิ้มได้จริงๆ โดยรวมเป็นเรื่องที่พยายามให้กำลังใจคนที่ท้อแท้ สิ้นหวัง ให้กลับมาพยายามใช้ชีวิตให้ดีขึ้นอีกครั้ง อ่านแล้วได้พลังบวกมาเลยค่ะ อันนี้แอบแซว - นักเขียนเขาเป็นเจ้าของร้านชาไหมข้าวโพดหรือเปล่าคะ เขาใส่มาในเรื่องอย่างโดดเด่นมาก คืออ่านจบนี่ เราถึงกับไปกดสั่งชาในช้อปปี้มาเลยทีเดียว ... อยากลอง เดี๋ยวของมาแล้วจะมารีวิวอีกทีนะคะ 55555 ตัวเรื่องเล่าคร่าวๆ คือ คุณทกโก เป็นชายไร้บ้าน ที่จับพลับจับผลู ได้ไปทำงานเป็นพนักงานร้านสะดวกซื้อเล็กๆ ซึ่งเจ้าของร้านเป็นคุณยายวัยเจ็ดสิบกว่าปี ที่ใจดีมาก สิ่งน่าสนใจที่เป็นประเด็นให้ติดตาม อย่างแรกคือ คุณทกโกเป็นใครมาจากไหน ตอนนี้เขาความจำเสื่อม ติดเหล้า และเป็นคนไร้บ้าน ตัวใหญ่เหมือนหมี ท่าทางไม่น่าไว้วางใจ แต่ก่อนหน้านั้นเขาเป็นใครกัน ... ปริศนานี้จะค่อยๆ เฉลยมาในตอนหลังๆ ซึ่งพอเฉลยแล้วก็ โอ้! อึ้งแป๊บ เป็นประเด็นให้ขบคิดอีกว่าจะรู้สึกยังไงกับเขาในตอนนั้นกับเขาในตอนนี้ดี อย่างที่สองคือ ตัวละครที่เกี่ยวข้องกับร้านสะดวกซื้อ ตั้งแต่เจ้าของร้าน ลูกชาย พนักงานร้านสองสามคน ลูกค้าประจำ แต่ละคนจะมีเรื่องราวของตัวเอง ซึ่งส่วนใหญ่จะได้รับการคลี่คลายปัญหาโดยคำแนะนำของคุณทกโก ... คุณทกโกที่ดูเหมือนจะทึ่มทื่อนั่นแหละ แต่แค่คำแนะนำเล็กๆ น้อยๆ ของเขากลับทำให้ผู้คนเห็นทางสว่าง ตัวเรื่องในช่วงแรกถือว่าอ่านเรื่อยๆ ไม่ได้รู้สึกน่าตื่นเต้นอะไรเป็นพิเศษ แต่ตัวละครค่อยๆ มีพัฒนาการขึ้นเรื่อยๆ ระหว่างทางก็ได้ปลื้มปริ่มอิ่มใจกับความสำเร็จหรือการแก้ปัญหาได้ของตัวละครประกอบ และมาพีคตอนเฉลยตัวเอก ถือว่าทำได้ดีเลยค่ะ
3,2025-06-19,رواية خفيفة تتناول موضوع اللطف والحب في العلاقات الإنسانية والكلمة الطيبة وأثرهما الكبير في تغيير حياة البشر .. الرواية جاءت لتتتاول مواضيع تؤرق دولة كبيرة مثل كوريا الجنوبية كمواضيع التشرد والاقتصاد والتوظيف والكفاءات العملية وضغوطات العمل والترقيات وقلة الرواتب وكفاح البشر وسعيهم لتأمين لقمة العيش . . كما تناولت العلاقات الاسرية في ضوء هذا المشاكل وما ينتج عنها من اضطرابات و طلاق وانفصال وفجوة بين الأجيال .. الرواية ايضا تطرقت إلى مواضيع هوس التجميل عند الكوريين وانتشار العيادات الخاصة بذلك وتوظيف الأطباء بشهادات مزيفة جنيًا للمال، وما ينتج عنه من وفيات وإعاقات تستمر مدى الحياة والثمن الذي يدفعه الأطباء وأسر الضحايا من جراء ذلك .. الرواية سلسلة وسهلة ومباشرة وتصلح للقراءة بين أعمال ضخمة ودسمة .. النهاية جميلة جدا ..وعنوان الرواية يتضح معناه بالقراءة حتى انتهاء الرواية ..
5,2022-11-08,"awalnya aku kira genrenya bakal mejik kayak namiya atau dallergut. jadi kayak minimarket mejik yang bisa menyelesaikan masalah (padahal udah jelas judulnya minimarket yang merepotkan. ngelarin masalah darimananya ya kan?). dan akhirnya aku paham teh jagung yang sering disebut-sebut penerbit haru ^^ diawali dengan satu pertemuan bos minimarket di stasiun seoul dengan seorang tunawisma demensia ""bernama"" dokgo yang membawa banyak pelajaran berharga. bos tersebut menjadikan dokgo sebagai pegawai malam minimarketnya. membuat dokgo mengalami banyak pertemuan yang memberikan makna baik pada pegawai atau pelanggan. pesan kuat yang disampaikan cerita ini adalah jangan meremehkan orang dari segi penampilan, pertemuan sederhana dapat memberi pelajaran, dan yang paling penting adalah komunikasi bisa menjadi akar permasalahan terbesar yang dihadapi. dan aku berharap buku keduanya juga diterjemahkan ·ᴗ· yang sangat pengen aku apresiasi adalah penerjemahnya. karena aku baru pertama kali baca buku terjemahan yang beberapa percakapannya pake bahasa daerah jadi lebih dapet suasananya. biasanya terjemahan yang aku baca formal-informalnya masih terkesan kaku karena full bahasa indonesia jadi kurang dapet feelnya. dan menurutku nggak dipaksakan karena situasinya memang mereka lagi ngobrol pake bahasa informal ala anak-anak gaul. kudos buat penerjemahnya 🫶"
4,2023-06-16,"ดีงามสมคำร่ำลือ เพราะเท่าที่อ่านหนังสือนิยายแปลเกาหลีมาหลายเล่ม ""ไม่-ชอบ-เลย-สัก-เล่ม"" แต่เรื่องนี้สนุก อ่านสนุกตั้งแต่บทแรกและก็สนุกยิ่งขึ้นเรื่อยๆ โดยเฉพาะบทสุดท้ายที่กลับมาเล่าเรื่องราวของตัวคุณทกโกเอง ดูมีชั้นเชิงน่าสนใจดี แต่ แต่ที่ไม่ชอบก็ตรงบทสุดท้ายนี่แหละ มันรวบรัดยังไงก็ไม่รู้สิ ส่วนตัวคิดว่าเรื่องนี้มันมีศักยภาพพอที่จะมีเล่มต่อได้เลย คือคนที่เข้ามาร้านสะดวกซื้อแห่งนี้น่าจะมีอะไรให้เล่าได้อีกหลากหลายคนกว่านี้ ขมวดปมอะไรทิ้งไว้ก็ได้ แล้วลากให้ยาวไปกว่านี้ แต่ก็แลดูรวบรัดให้จบลงให้ได้ยังไงไม่รู้สินะ แล้วก็การตั้งชื่อหนังสืออีก คือเข้าใจมาตลอดว่าคุณทกโกเนี่ยต้องเป็นเจ้าของร้านสะดวกซื้อที่มันจะต้องมีอะไรไม่ค่อยสะดวกนี้แน่ๆ แต่ปรากฏว่าไม่ใช่แฮะ ไม่ใช่ร้านของคุณทกโกสักหน่อย วู้ การตั้งชื่อหนังสือภาษาไทยเนี่ยน๊าาา ตลอด เลยคิดว่าให้ 4.4☆ ดาวละกัน แต่ถามว่าสนุกไหม สนุก ควรอ่านไหม ควรแน่นอน มันดีย์"
5,2023-08-13,"Feel goood, อ่านเพลิน รวดเดียวจบ"
3,2024-03-02,3' 5 ⭐️
4,2025-12-07,"Um romance fofo sobre segundas oportunidades, recomeços e o impacto de um pequeno gesto. Faz-nos refletir. Gostei!"
4,2025-12-13,"Nie spodziewałam się, że aż tak spodoba mi się ta książka. Aż naszła mnie ochota na herbatę kukurydzianą."
4,2026-06-18,"Δείτε επίσης και στο Chill and read Κάποιες φορές ένα βιβλίο καταφέρνει να σε αγγίξει όχι επειδή αφηγείται μια συγκλονιστική ιστορία γεμάτη ανατροπές, αλλά επειδή σου θυμίζει κάτι πολύ απλό. Πόσο σημαντικοί μπορούν να γίνουν οι άνθρωποι ο ένας για τον άλλον. Μια ζεστή, ανθρώπινη ιστορία που μιλά για τη μοναξιά, τη συγχώρεση, την ελπίδα και τις δεύτερες ευκαιρίες, μέσα από ένα σκηνικό που μοιάζει απόλυτα συνηθισμένο. Ένα μικρό παντοπωλείο που λειτουργεί όλο το εικοσιτετράωρο σε μια γειτονιά της Σεούλ. Η ιστορία ξεκινά όταν η κυρία Γιομ, ιδιοκτήτρια του καταστήματος, χάνει το πορτοφόλι της σε έναν σταθμό τρένου. Εκείνος που το βρίσκει είναι ένας άστεγος άνδρας ονόματι Ντόκγκο, ο οποίος πάσχει από αμνησία και δεν θυμάται σχεδόν τίποτα από τη ζωή του πριν βρεθεί στους δρόμους. Η πράξη του να της επιστρέψει το πορτοφόλι γίνεται η αφορμή για μια γνωριμία που θα αλλάξει τις ζωές και των δύο. Όταν προκύπτει ανάγκη για προσωπικό στο κατάστημα, η κυρία Γιομ αποφασίζει να του δώσει μια ευκαιρία και να τον προσλάβει, παρά τις επιφυλάξεις όσων βρίσκονται γύρω της. Αυτό που ακολουθεί δεν είναι μια ιστορία βασισμένη στην αγωνία ή στο μυστήριο του παρελθόντος του Ντόκγκο, όσο κι αν αυτό παίζει τον ρόλο του. Πρόκειται κυρίως για μια ιστορία ανθρώπων. Ο συγγραφέας χρησιμοποιεί το μικρό κατάστημα ως σημείο συνάντησης διαφορετικών χαρακτήρων, οι οποίοι κουβαλούν τις δικές τους ανησυχίες, απογοητεύσεις και πληγές. Μέσα από τα μάτια τους παρακολουθούμε τη ζωή στη σύγχρονη κορεατική κοινωνία, αλλά και ζητήματα που είναι παγκόσμια και διαχρονικά. Οικογενειακές σχέσεις που δοκιμάζονται, επαγγελματική εξουθένωση, οικονομική ανασφάλεια, κοινωνική απομόνωση και η αίσθηση ότι κάπου στην πορεία χάσαμε τον εαυτό μας. Ο Ντόκγκο είναι αναμφίβολα η ψυχή του βιβλίου. Στην αρχή παρουσιάζεται σχεδόν σαν ένας γρίφος. Δεν θυμάται ποιος είναι, δεν γνωρίζει από πού προέρχεται και φαίνεται να έχει αποδεχτεί τη ζωή στο περιθώριο. Όσο όμως προχωρά η αφήγηση, αποκαλύπτεται ένας άνθρωπος βαθιά ευαίσθητος, με μια καλοσύνη που μοιάζει σχεδόν αφοπλιστική. Η εξέλιξή του είναι από τα πιο δυνατά στοιχεία του μυθιστορήματος, καθώς δεν βασίζεται σε θεαματικές αλλαγές αλλά σε μικρά βήματα, σε καθημερινές επιλογές και στη σταδιακή αποκατάσταση της αξιοπρέπειάς του. Εξίσου ενδιαφέρουσα είναι και η κυρία Γιομ. Δεν αποτελεί απλώς τη «σωτήρα» της ιστορίας. Είναι μια γυναίκα που έχει περάσει δυσκολίες, που προσπαθεί να ισορροπήσει ανάμεσα στις ευθύνες της και στις προσωπικές της ανάγκες και που εξακολουθεί να πιστεύει στους ανθρώπους, ακόμη κι όταν έχουν πάψει να πιστεύουν οι ίδιοι στον εαυτό τους. Η σχέση που αναπτύσσεται ανάμεσα στους δύο χαρακτήρες είναι από τις πιο όμορφες πτυχές του βιβλίου, ακριβώς επειδή χτίζεται με φυσικότητα και ειλικρίνεια. Ένα από τα θέματα που διατρέχουν ολόκληρη την ιστορία είναι η έννοια της δεύτερης ευκαιρίας. Ο Kim Ho-Yeon φαίνεται να αναρωτιέται αν ένας άνθρωπος μπορεί πραγματικά να αλλάξει και αν η κοινωνία είναι διατεθειμένη να του επιτρέψει να το κάνει. Μέσα από τους χαρακτήρες του δείχνει πόσο εύκολα βάζουμε ταμπέλες στους άλλους και πόσο δύσκολα τους βλέπουμε ως ανθρώπους με πολύπλοκες ιστορίες και προσωπικούς αγώνες. Παράλληλα, το βιβλίο ασχολείται έντονα με τη μοναξιά. Παρότι οι ήρωες ζουν σε μια από τις μεγαλύτερες πόλεις του κόσμου, οι περισσότεροι νιώθουν αποκομμένοι από τους γύρω τους. Το κατάστημα γίνεται ένας απρόσμενος χώρος σύνδεσης, ένα σημείο όπου άνθρωποι που διαφορετικά δεν θα συναντιούνταν ποτέ βρίσκουν παρηγοριά, κατανόηση και, κάποιες φορές, φιλία. Είναι ένας όμορφος συμβολισμός για τη σημασία της κοινότητας σε μια εποχή όπου η απομόνωση μοιάζει συχνά να κυριαρχεί. Η γραφή του Kim Ho-Yeon είναι απλή, λιτή και άμεση. Δεν επιδιώκει να εντυπωσιάσει με περίπλοκες αφηγηματικές τεχνικές ή λυρικές περιγραφές. Η δύναμή της βρίσκεται στην αμεσότητα και στην ανθρωπιά της. Ο συγγραφέας αφήνει τους χαρακτήρες του να μιλήσουν μέσα από τις πράξεις και τις επιλογές τους, δημιουργώντας μια ιστορία που διαβάζεται εύκολα αλλά αφήνει πίσω της αρκετή τροφή για σκέψη. Αυτό που ξεχώρισα περισσότερο είναι η αίσθηση ζεστασιάς που αποπνέει το βιβλίο. Παρότι αγγίζει δύσκολα θέματα, δεν γίνεται ποτέ σκοτεινό ή απαισιόδοξο. Δεν προσφέρει εύκολες λύσεις ούτε προσπαθεί να παρουσιάσει έναν ιδανικό κόσμο. Αντίθετα, αναγνωρίζει τις δυσκολίες της ζωής και ταυτόχρονα υπενθυμίζει ότι η καλοσύνη, η ενσυναίσθηση και η ανθρώπινη επαφή εξακολουθούν να έχουν αξία. Το «24 ώρες ανοιχτά» είναι ένα βιβλίο που διαβάζεται σαν μια ζεστή αγκαλιά. Μια ιστορία ήσυχη αλλά ουσιαστική, που δεν στηρίζεται στις μεγάλες συγκινήσεις αλλά στις μικρές ανθρώπινες στιγμές. Αν αγαπάτε τα μυθιστορήματα χαρακτήρων, τις ιστορίες που επικεντρώνονται στις ανθρώπινες σχέσεις και τα βιβλία που κλείνουν αφήνοντάς σας με μια αίσθηση ελπίδας, τότε το νέο αυτό λογοτεχνικό ταξίδι του Kim Ho-Yeon αξίζει σίγουρα μια θέση στη βιβλιοθήκη σας."
4,2026-02-23,"⭐️⭐️⭐️⭐️ / 4 stars The Second Chance Convenience Store is a novel about a convenience store and both its workers and customers. “They say they have the right to do whatever they want, but hey, that's not how life works. Life's not meant to be comfortable and convenient all the time.” I hadn’t heard about this book before seeing it in the Waterstones, but it reminded me of Before the Coffee Gets Cold , which was a book I enjoyed, and it made me want to dive into this one. The book is short and quick, but beautiful, nonetheless. I loved how every chapter was focussed on a different person, often being in a different POV as well, but how it still all connected to each other and how it still was told chronologically. It was a lot of fun to see how all the characters tied together and how the convenience store was the centre of it all. I did feel like the ending was a bit anticlimactic. I loved the stories told and somehow, the ending and last chapter felt flat and a bit out of place somehow with the rest of the book. Overall, The Second Chance Convenience Store was a beautiful book about life itself with a beautiful message."
4,2026-05-27,"➺ 4/5🌟 It might seem lighthearted and cozy at first glance, but it unexpectedly packed a strong punch. In a sense, it's also not wrong to call it lighthearted and cozy because of the writing structure, but it definitely has something deeper than just rainbows and sunshine. The theme focused on the warmth and kindness, hope and second chances. But it also shown the regrets, the real life struggles with family and career and the attempt to wade through life with its contradictory pace, from slow moments to sudden changes happening right before our eyes. The story wasn't presented in a gloomy and despondent atmosphere so it didn't feel dark and triggering, but it will still surely hit you hard emotionally. No matter which stage of life you are in, something in here will connect with you. The quietness and gentleness of the narrative is what makes this soothing. The story is predictable but that's what this is about. Realism. Sometimes, life will take you on a roller coaster ride but in the end, life is predictable. You can feel the realistic element of it through every character. I'm used to reading translated Japanese literature and rarely pick up Korean literature. I guess, I'll be changing it now."
5,2025-10-10,"""Il minimarket della signora Yeom"" Questo libro è una carezza, un abbraccio, un esempio di altruismo, un modo per trasmettere che in un momento difficile basta che qualcuno ti tenda una mano, fai un salto sull'altra riva del fiume senza annegare nella tua disperazione. È così che a volte ci si può salvare: superi un ponte, trovi un rifugio, caldo e sicuro. È la storia di un uomo, di un caso, un destino che chiude una porta e ne apre un'altra. Una donna che lo accoglie, che crede in lui, malgrado l'apparenza. Gli apre porte che lui credeva chiuse per sempre. La sua fiducia gli ridà il coraggio di vivere, di andare avanti. È attesa, pazienza, ricerca, ai cui confini si ferma a riflettere. Ma è anche libertà, di tornare, libertà di scegliere di andare via, di chiudere col passato, forse dimenticandolo. Ma davvero si dimentica ciò che non si vuole ricordare? Ciò da cui si fugge? Leggetelo e lo scoprirete.. consigliato!! ⭐️⭐️⭐️⭐️⭐️"
5,2026-02-06,"5 !! actually this made me emotional havent felt like this in a while. had me looking out my window for an hour thinking about every decision i made that led me to today and how i am waisting my life just like that. i feel like crying throwing up but i dont know how to anymore. My tears wouldn’t stop. I was ashamed, but I resolved to live. I decided to bear my guilt. I would offer help when necessary, share what I could, and not live solely for myself. I would use my skills, once meant only for my survival, for the benefit of others. I would seek out my family and apologize. If they refused to see me, I would respect their decision and live with the consequences. Holding on to the belief that life had meaning and must go on, I, too, would carry on."
3,2026-05-28,«فروشگاه فرصت دوباره» داستان آدم‌هایی‌ست که هرکدام به شکلی درگیر گذشته، انتخاب‌ها و فرصت‌های ازدست‌رفته‌ی زندگی‌شان هستند و مسیرشان به فروشگاهی گره می‌خورد که قرار است نقطه‌ای برای تغییر و شروع دوباره باشد. وقتی اسم یک کتاب حول‌وحوش فروشگاه، کتابفروشی یا فضاهایی شبیه به این باشد، ناخودآگاه انتظار دارم اتمسفر آن مکان به بخشی مهم از داستان تبدیل شود؛ جایی که بتوان بوی کتاب‌ها، سکوت قفسه‌ها یا حس‌وحال آن فضا را لمس کرد. متاسفانه این کتاب برای من در این بخش چندان موفق نبود و آن فضاسازی‌ای که انتظارش را داشتم، به‌خوبی شکل نگرفت. داستان در ابتدا ایده جالبی داشت و شخصیت‌ها هم نسبتا خوب پرداخت شده بودند؛ طوری که ارتباط گرفتن با آدم‌های داستان راحت‌تر از ارتباط گرفتن با فضای کلی کتاب بود. اما هرچه به پایان نزدیک‌تر می‌شد، قصه بیش از حد اغراق‌آمیز شد و بعضی اتفاقات دیگر آن حس باورپذیری اولیه را نداشتند. در مجموع، کتاب بدی نبود و شخصیت‌پردازی قابل قبولی داشت، اما برای من بیشتر یک کتاب معمولی بود تا اثری ماندگار.
3,2024-06-06,"Leído en el club de lectura Coquette, al principio se me hizo algo soso, luego aburrido, sin embargo el último capítulo me hizo entender todos los demás. El libro me ha dejado una sensación de calidez y de fe en la humanidad que ayuda a ver lo positivo incluso en tiempos difíciles donde esta humanidad brilla por su ausencia. En el libro hay varias menciones al alcohol que, a mí siendo sensible con el tema, me resultaron algo incómodas, demuestra que la sustentación del ser humano ante los problemas con esa adicción no sirve de nada, aún así, pese a que creo que no está bien justificar las acciones que algunos hacen por esto, creo que las explica bastante bien y el trasfondo te ayuda a entender que la sociedad asiática que vive para trabajar y no al revés tiene que sustentarse de alguna manera."
4,2025-11-03,"When a homeless man returns retired history teacher and owner of a convenience store Mrs. Yeom’s lost purse intact, she’s intrigued. She offers him food and a drink, and soon, a job as night manager of her store, despite the opposition and concern from the other two employees. Dok-go is an alcoholic, and cannot remember his past life. However, Mrs. Yeom’s faith in him and the regular routines and responsibilities of the managing the store help the big bear of a man begin putting his life back together. He meets and befriends some customers, who become regulars, and through his own efforts to rehabilitate himself, discovers strength in himself, and begins sharing some of the simple wisdom he’s taken from his second chance, opening up the lives of his regulars. He also becomes protective of the store and of Mrs. Yeom, whose son cannot seem to make anything of his life. This is a heartwarming, quiet story of people finding hope, and meeting challenges in their lives. Its measured pacing does not provide great or surprising revelations, but I enjoyed the way Mrs. Yeom took a chance on a stranger, which paid off for her store, and in the lives of her and some of the customers."
4,2024-05-13,"3,5/4 ⭐️ Wereldbibliotheek komt met healing fiction - romans waarin iemand een tweede kans krijgt, opbloeit, heelt. In dit Zuid-Koreaanse verhaal is het een zwerver die in een buurtwinkel komt te werken, als hij het tasje van de eigenares heeft teruggestolen. Wat volgen niet alleen hem, ook andere medewerkers en mensen om en in de winkel. Erg fijn. Niet high literatuur zoals ik ook graag lees, maar toch wel aardig. Een soort feelgood met een literair randje."
4,2026-05-05,"Wurde tatsächlich von Kapitel zu Kapitel besser, am Ende bei der Auflösung quasi dann auch noch richtig spannend. Jedes Kapitel zeigt eine andere Person die in dem Laden aus unterschiedlichen Gründen einkaufen geht und mit dem Protagonisten eine eigene positive Erfahrung macht. Cozy würde ich die Lese-Experience aber nicht beschreiben, hab was Anderes erwartet. Neokapitalistische Lohnsklavenmatrix hittet auf jeden Fall Mal wieder anders in Südkorea."
4,2024-06-07,Pokrzepiająca lektura.
5,2026-05-27,"“Healing fiction”, wat een passende naam voor deze stijl. Gewoon een boek waar dingen goedkomen en mensen mensen zijn. Leest makkelijk weg."
5,2025-01-31,"Ogni tanto ci vuole un libro “coccola”. E questo libro lo è. Come già capitato con un altro titolo, per me la scrittura asiatica è relax, quotidianità, serenità, l’affrontare i problemi con un occhio diverso. E l’ultimo capitolo, con Dokko a parlare, chiude il cerchio della sua storia in modo perfetto."
4,2024-07-22,"Een perfect boek om in de zomer te lezen. Het is een slice-of-life-verhaal waarin je een kijkje krijgt bij een buurtwinkel en hoe één goede daad zoveel meer levens kan beïnvloeden dan alleen die van de direct betrokkenen. Daarnaast laat het zien wat de kracht is van oprechte interesse in mensen, hen aandacht geven en soms alleen een luisterend oor bieden. Een echt feelgood-boek dat je, ondanks het langzame tempo, blijft boeien. Ik geef het 4 sterren. Ik verbaasde me erover dat, ondanks dat er eigenlijk niet veel heftige dingen gebeuren in het boek, het toch mijn aandacht wist te grijpen."
5,2026-06-17,"I really enjoyed this book. It was such a cute, fun read. I loved the storyline and the characters. I thought it was well written. I would definitely recommend this book."
4,2026-04-27,"Probably more 4 stars but I liked it really much. Read it one setting on the airplane. This was so cutesy, sweet but also sad and not super realistic. I almost teared up at the end because I thought that the main character was going to commit suicide. I liked the life lessons that are conveyed in this book!"
3,2026-04-09,3.5/5 ⭐⭐⭐💫 90% Hallmark 10% Beautiful literature
5,2022-10-18,"Minimarket Yang Merepotkan by Kim Ho-yeon This is an advanced readers copy from @penerbitharu This review will contain some spoiler Awal cerita kita akan ditempatkan di sebuah kereta. Seorang nenek yg kehilangan pouch nya kebingungan tidak tahu dimana ia menghilangkannya. Lalu seseorang menelfon, ternyata yg menemukannya adalah seorang tunawisma yg berada di stasiun Seoul. Dari satu pertemuan inilah kisah dalam buku ini dimulai, kisah tentang pertemuan seorang tunawisma dan orang-orang didalamnya yg berhasil mengubah hidup masing-masing. Dari seorang pegawai wanita yg sedang mempersiapkan ujian CPNS, seorang ibu-ibu tua yg angkuh dan keras kepala, seorang laki-laki tukang mabuk, dan banyak lagi, sampai akhirnya kisah dibalik seorang tunawisma dan masa lalu kelam yg membuatnya trauma dan hilang ingatan. Tiap kisah dalam buku ini begitu hangat dan menyentuh hati, bahkan bikin aku nangis, teringat dengan perjuangan dalam kerasnya hidup. Ada disuatu titik dimana kita ingin sekali melupakan beratnya beban hidup yg kita alami, ingin sekali mengakhiri semuanya dengan mati. Tapi semuanya sebenarnya bisa kita atasi jika kita memiliki seseorang untuk diajak komunikasi. Aku suka banget sama buku ini, terimakasih banyak kepada @penerbitharu telah memberikan kesempatan untuk aku bisa membaca buku ini terlebih dahulu, buku ini buku yg sangat indah dan heartwarming banget! Kalian semua bisa baca buku ini setelah rilis nanti, dijamin kalian bakal suka dengan perjalanan kisahnya. 🥹 My rate is 5 of 5 stars"
4,2025-04-16,"""سأعيش متذكراً أنّ الحياة تستمر بطريقة ما، فقط إذا أصبحت ذات معنى."" 📖 متجر البقالة المزعج-كيم هو يون الرسالة الأساسية التي تحملها هذه الرواية هي it's never too late على الاعتراف بالأخطاء وإعادة بدء العلاقات من جديد وبناء جسور التواصل والحوار مع المقربين منا من خلال فهم مخاوفهم وآلامهم الناتجة ورؤية الأمور من منظورهم، من خلال قصة ""دوكغو"" المتشرّد الغامض الذي توظفه مالكة متجر بقالة كموظف مبيعات بدوام ليلي لمكافئته على إعادة محفظتها المسروقة. ""دوكغو"" الفاقد لذاكرته يقوم بمساعدة سكان الحي المترددين على المتجر الصغير، الذين يعانون من مشاكل اجتماعية وأسرية، وسنعرف سبب هذا في النهاية. في الرواية أيضاً انتقاد لفساد المجتمع الطبي الكوري، ولرغبة الكثير في الكوريين في الربح السريع وكسب الأموال ولو عن طريق الفساد. لكن ما كان مزعجاً في الرواية هو إصرار الكاتبة على تذكيرنا في كل قسم أن دوكغو يشبه دباً قطبياً من ناحية السلوك والضخامة🐻‍❄️ في البداية كان الأمر كوميدياً نوعاً ما، لكن كثرة تكراره كان مبالغاً به. وعدا عن ذلك، هي من الروايات التي تترك أثراً عميقاً في النفس عند الانتهاء منها لأنّ كل شيء يتوضح في النهاية ونعرف قصة دوكغو المؤثرة على لسانه."
4,2024-05-17,"‘Hayat bir dizi problem çözme sürecidir.’ . Always, 7/24 açık marketlerden biri, çok fazla çeşit yok içinde. Marketin emekli tarih öğretmeni olan sahibinin yolu bir evsizle kesişir. Ve bazen tüm değişimler tek bir kişiyle başlar. Dokgo evsizliğiyle, tutuk kelimeleriyle nasıl yapacaktır bunu? . Rahatsız Market, ittiğimiz-acıdığımız ya da tiksindiğimiz kişilerin bile hayatlarımıza dokunabileceğini, önyargılarımızdan ördüğümüz duvarları, iletişim eksikliğinin ne denli büyük yaralar açacağını, büyük büyük adımlar yerine bazen en güzel farklılığın kendi alanını temizlemekle başlayacağını gösteriyor. Kim Ho Yeon, çok okunan kitabında tesadüfleri de kullanıyor konfor alanlarını da. Ortaya sıcacık bir kurgu çıkıyor. Hem sahnede hem bir drama olarak izlemek isterdim Rahatsız Market’i. Kötülerin dahi yumuşak karınları olduğunu gösterdiği için en çok. Severek okudum. . Betül Tınkılıç’ın özenli çevirisi (özellikle dipnotlarıyla), Leonardo.Ai kapak görseliyle~"
3,2024-04-24,"Questo libro non svelerà i segreti dell'universo, ma invita a riflettere sulle proprie azioni, a prendere una pausa, mangiare qualcosa e ascoltare. Ho trovato alcune delle storie più belle di altre e alcuni personaggi li avrei presi a schiaffi, ma è il bello della vita. La storia del grosso Dokko e di tutti i coloriti vicini e clienti ha un che di poetico, senza diventare sdolcinato, vengono affrontati molti temi, alcuni in modo un po' superficiale, ma il fil rouge che li unisce è l'ascolto, aprire il cuore alle parole dell'altro senza giudizi. Alla fine è un libricino piccino, si legge in poche ore e non ha chissà quale messaggio filosofico che resta impresso a vita. Un pomeriggio in compagnia di questi personaggi e poi si torna alla vita di tutti i giorni."
4,2023-06-16,เห็นคะแนนรีวิวสูงก็อดไม่ได้ที่จะคาดหวัง 🥺 (อยากแก้นิสัยตรงนี้ของตัวเองจังเลย 55555) แต่ก็โอเค้ เล่มนี้ ไม่ผิดหวัง 👨🏻🏪 เนื้อเรื่องอบอุ่นใจ อ่านแล้วมีความสุข ชอบคุณทกโกมากๆ อ่านแล้วเรายิ้มเลย ชอบที่ความคิดที่ดูเหมือนจะไม่มีอะไรของคุณทกโกกลับเปลี่ยนมุมมองที่ยิ่งใหญ่ให้กับชีวิตของใครหลายๆ คนได้ ชอบความหยิบยื่นน้ำใจส่งต่อกันเป็นทอดๆ อ่านแล้วใจฟู๊ฟู และที่สำคัญเราชอบการบรรยายของนักเขียนมากเป็นพิเศษ เห็นภาพสถานที่ บรรยากาศได้ชัดมาก และทำเอาอยากนั่งกินรามยอนใส่ข้าวปั้นหน้าร้านสะดวกซื้อตอนกลางคืนชะมัดดดดดด ซอฟต์พาวเวอร์สุดๆ 555555 แต่ใดใด เราเกือบจะให้ 5 ดาวแล้วเชียว ติดอยู่ที่บทสุดท้ายนี่แหละ มันดึงอารมณ์ได้ไม่สุด และให้ความรู้สึกเหมือนเป็นคนละเรื่องกับทั้งหมดที่อ่านมาเลย เสียดาย
4,2026-05-07,"There really is comfort in quiet books like this. It's why I keep going back to them. Sometimes I find them more helpful than self-help books. The writing is easy to read with a good splash of wit and humor. I like that each character's story gets a chance to be told and for some reason, the seemingly homeless man, Dokgu , was the reason for the positive change in each of their lives, not to mention of course Mrs. Jeom 's kindness."
3,2024-03-10,"2'5* Aprobado raspado. Los primeros capítulos me gustaron mucho, simples y cozy, lo que buscaba. Me estaba resultando una lectura agradable y confortable, me sentía muy a gusto cuando me sumergía en la lectura. Pero los últimos capítulos se alejan un poco de la ambientación y el tono de los primeros, los personajes protagonistas me desagradaban, perdí toda la conexión con la lectura. El último capítulo terminó de estropearme la experiencia, para mí arruina toda la novela."
4,2024-09-10,"Me ha gustado bastante, tiene personajes muy reales (Si-hyeon es yo) y conflictos muy humanos con resoluciones a veces curiosas, a veces insólitas. No creo que nadie se encuentre a sí mismo con este libro (como el subtítulo indica) pero el camino de los personajes es muy entretenido y el último capítulo es todo un viaje."
4,2025-02-15,"Um livro com uma mensagem poderosa sobre segundas oportunidades, sobre os laços que nos unem e nos salvam. Um livro sobre os pequenos gestos, sobre as ações simples do dia a dia que tem o poder de transformar e até de nos salvar. Um livro de leitura simples e direta, com uma escrita muito fluida e cativante."
4,2023-05-14,4/5 ⭐️ Novel ini jadi salah satu novel Korea favoritku sekarang! Sayang banget sama Ibu Bos dan Dokgo. 🫶🏻✨ Ikutan PO-nya tapi baru baca sekarang astaga. (Mana bonusnya mindful .) Nanti aku reviu! 🫧
5,2021-11-19,따뜻하고 가벼운 힐링소설이었다.
5,2024-03-16,"Na świeżą ranę zawsze przyda się plaster – tym właśnie była dla mnie ta książka. 🩹❤️ Nawet nie zauważyłam, kiedy się skończyła."
3,2024-06-04,*6'5*??? Tengo muchos sentimientos encontrados rn. #clublecturacoquette
5,2024-06-25,"Ciepła i otulająca opowieść o roli rozmowy, relacji i przebaczenia. Dziękuję, panie Kim! 🫰"
4,2025-07-03,"Sometimes, all it takes is one small act of kindness to change everything. The Second Chance Convenience Store is a quiet, beautiful story set not in some grand cityscape but inside a humble convenience store near Seoul Station. This isn’t a flashy story. It doesn’t rely on plot twists or dramatic turns. Instead, it leans into the quiet poetry of everyday life—the smell of instant noodles, community and kindness. Mrs.Yeom the owner of the convenience store is definitely a character. She was fierce,compassionate, and wise. And she knew people, not like in surface level, but something that others take time to see. “how can a convenience store save your life?” That’s what I kept asking myself while reading The Second Chance Convenience Store by Kim Ho‑yeon. Then i realised, it can. And it’s not about the store, it’s about the people. It’s a story of small kindnesses—shared coffee, returned wallets, eyes that finally see you. This book?It’s not loud.But it stays with you—quietly—like a memory you didn’t know you missed. I don’t want to elaborate about the characters, that's for you guys to find out. But this book offers no flashy changes, but a slow life and slow changes. That's what i loved about this book. “Sometimes, the smallest gestures carry the greatest weight.” “Kindness is not a grand act; it’s a simple choice we make every day.” “In a world rushing by, a moment of stillness can save a life.” “Sometimes, simply showing up is the bravest thing a person can do.” “Everyone carries their own scars; some are just easier to hide.”"
5,2025-08-29,"Dokgo as the main character who drives the story in a convenience store called Always Convenience. Although Dokgo is the main character, other characters also play roles in the meaning of a life full of challenges and ups and downs. By delving into the stories of characters such as the employees and employer at Always Convenience, readers also experience the lives of the loyal customers who come here everyday. At the beginning of the story, we know that Dokgo is a homeless person. He does not know his identity or how he came to be in such a state. Until one day, Dokgo helps Mrs. Yeom, who lost her wallet at Seoul Station. From there, Dokgo’s life begins as a night shift worker at Always Convenience as a token of gratitude for his kindness to Mrs. Yeom. By offering advice and emotional support for the life problems faced by customers, at the same time, Dokgo begins to remember who he is and how he became homeless (I won’t spoil it, so it remains exciting to read). Besides Dokgo, Mrs. Yeom has a big heart. Even though she could live comfortably on her pension as a history teacher, she will not close Always Convenience because she knows her employees need to continue working there to live. That is why she does not want to close, let go, or sell Always Convenience to anyone, not even her own son. People who appear calm often have their own stories that we do not know. Behind calmness, there can be burdensome problems. So, whatever problems one faces… do not keep them bottled up. If there is family who understands, express it to them. If there are friends who can help, ask for their advice. Not all problems can be kept inside alone and handled hastily. That is the lesson I learned from this book."
3,2026-06-16,"W sumie nie do końca wiem, jak ocenić tę książkę. Z jednej strony jest to bardzo przyjemna lektura, taka gdy masz chandrę i potrzebujesz czegoś miłego i przytulnego, do ukojenia. I w tym temacie książka spełnia te oczekiwania. Bo człowiek potrzebuje wierzyć, że na tym świecie jest więcej takich osób jak pani Yeom, która potrafi spojrzeć głębiej i bezinteresownie podać dłoń potrzebującemu. Z drugiej strony rozwiązanie ""zagadki"" tożsamości bezdomnego było zrobione tak, jakby autorowi trochę zabrakło pomysłu jak poprowadzić ten wątek, a chciał już skończyć książkę. Chyba wolałabym, aby to pozostało tajemnicą do końca. Tak czy siak, była to przyjemna lektura, ale nie wiem, czy taka, aby sięgnąć po nią jeszcze raz. Może więc 3.2* ?"
4,2025-07-14,"This is such a gentle, thoughtful read. All about second chances, and not giving up even when you feel utterly hopeless. It’s definitely a comforting read, a little heartbreaking at times, but as each chapter follows a different character, all centred around this one convenience store, you can really soak in each individual story. If you’re looking for something short and sweet, I would recommend!"
4,2025-04-16,"The Second Chance Convenience Store by Ho-Yeon Kim Writing: B Story: B Characters: B+ Setting: B Best Aspect: I enjoyed the story as a whole; it was short and sweet. Worst Aspect: Something was lost in translation perhaps, I just never felt ‘into’ the book. Recommend: Yes."
3,2024-12-23,"Absoluut geen slecht boek, maar gewoon niet echt mijn ding. Kan me voorstellen dat anderen hier wel meer van kunnen genieten!"
4,2026-01-10,"Nigdy azjatycka literatura mnie nie urzekała, ale ta pozycja ma w sobie coś magicznego. Miła historia do niezobowiązującego poczytania. Polecam."
5,2024-07-04,"echt een goed boek! leest makkelijk weg en de personages zijn interessant, en het is ook bijzonder om te zien wat voor aannames ze over elkaar hebben. De manier waarop tussen personages wordt gewisseld is echt goed gedaan! zeker een aanrader om tussendoor te lezen, best een comfort boek :)"
4,2026-01-23,"A very sweet and simple little book! It kind of reminded me of a fable— a very straightforward story but with deeper, heavier themes underneath the surface."
3,2025-10-15,2.5
2,2026-07-16,"Διδακτικό, ηθικοπλαστικό, αισιόδοξο και εκτός πραγματικότητας."
3,2026-03-30,it was a simple yet very wholesome premise. it costs nothing to be kind! :) have read better healing asian fiction though! (maybe just lost the mood to thoroughly enjoy this).
3,2024-12-10,"Cozy literatura. Gizatasunaz, elkarri laguntzeaz. Erori eta berriro altxatzeaz. Erraza eta polita. Armonikoa bezain asiatikoa. Neguan mikrouhin labean berotutako platera bezain erosoa da lan hau. Ezagutzen duzun zaporeak ematen dizun lasaitaduna du. Toki seguru bat da denda bera eta nobela osoa. Oso hego korearra. Oso happy confort end. Txarrena izenburua bera izan liteke."
4,2025-05-29,"Una novela sobre las segundas oportunidades, de esas que te deja con el corazón calentito, motivación para enfrentarte a un cambio. Un libro que recomiendo mucho a aquellas personas que les gusten las novelas feelgood o necesiten un libro-abrazo en este momento 😊"
3,2024-08-22,"Uit nieuwsgierigheid dit boek gelezen maar ik vind het niet echt mijn genre van lezen. Een dakloze man helpt een oudere vrouw door haar portemonnee die ze kwijt was terug te geven. Het begin van een ander, nieuw bestaan voor Dokgo. Soms wel mooie bewoordingen zoals de ongemakkelijke gemakswinkel, de uitleg van hun buurtwinkel die Dokgo ‘s nachts helpt uitbaten. Op die manier komt hij in contact met diverse mensen. Zijn manier van zijn spreekt veel mensen aan waardoor de winkel betere inkomsten genereert. Gaandeweg keert ook zijn geheugen terug doordat hij stopt met alcohol drinken. Het laatste hoofdstuk always vond ik dan wel boeiend omdat je dan heel veel info krijgt over Dokgo, wie hij was in zijn verleden."
3,2025-09-29,"3,5 me gustó tanto!!! es como un pequeño abrazo al alma, deja taaaan claro que nunca sabes lo que está pasando en la vida de otra persona cuando te la cruzas y que no cuesta nada ser amable. qué bonito de verdad"
4,2025-11-02,"bardzo żałuję, że ujawnili jego przeszłość :((("
5,2022-11-26,"Rasanya bukan hal yang berlebihan kalau aku beri rating 5 bintang untuk novel ini. Berawal dari enggak sengaja baca cuitan dari salah 1 STAY (sebutan untuk penggemar K-Pop group, Stray Kids) yang berkesempatan menjadi pembaca & mereviu novel ini sebelum resmi dirilis. Jujur, tadinya aku enggak punya ekspektasi apa-apa. Motivasi ikut prapesan novel ini murni karena penasaran dengan novel yang dibaca Seungmin (salah satu anggota Stray Kids). Tapi ternyata aku salah. Novel ini benar-benar seru dan mampu membuatku keterusan baca. Mungkin hanya rasa kantuk dan capai yang bisa membuatku menutup buku untuk sementara. Minimarket yang Merepotkan ini mengisahkan Dokgo, sang karakter utama yang seorang tunawisma gagap, dan ""socially awkward"". Dokgo bertemu dengan Ibu Yeom setelah ia menemukan dompet Ibu Yeom di Stasiun Seoul. Awalnya, Ibu Yeom curiga dan berprasangka buruk dengan Dokgo, si tunawisma yang mirip seorang beruang. Namun, lama kelamaan, Ibu Yeom dibuat takjub oleh semua tingkah & sikap Dokgo. Hingga Ibu Yeom menjulukinya sebagai tunawisma yang berprinsip. Dari sinilah perjalanan hidup Dokgo yang baru dimulai. Dokgo akhirnya bekerja paruh waktu di minimarket milik Ibu Yeom. Di minimarket ini juga, Dokgo mulai belajar menjadi ""manusia"". Ia seperti terlahir kembali ke dunia. Dokgo mulai bertemu dengan beragam karakter yang punya cerita hidup berbeda-beda. Pertemuan Dokgo dengan mereka tidak hanya mampu mengubah prejudice buruk orang-orang tersebut terhadap Dokgo. Namun juga membuat Dokgo kembali mengingat masa lalunya yang sudah lama terkubur dalam ingatan akibat sakit demensia yang dia derita. Dokgo memang karakter yang unik, menarik, dan misterius. Novel ini ditulis dengan penceritaan yang sangat rapi. Semua karakter diceritakan secara runut, sehingga seru untuk diikuti, dan semakin membuat penasaran. Makanya, wajar banget kalau kamu juga enggak bisa berhenti bacanya. Hehe. Meskipun novel terjemahan, bahasa yang digunakan bagus, enak diikuti, dan enggak aneh sama sekali. Jadi, membaca novelnya pun bisa lebih cepat. Padahal tadinya aku ragu banget bisa selesaiin novel 400 halaman ini dengan cepat. Berhubung reading span-ku udah enggak sebagus dulu lagi. Eh, ternyata beneran bisa cepat selesai. Waktu baca novel ini, aku sambil bayangin semua adegan dan karakternya. Rasanya, enggak bakal heran kalau suatu saat novel ini akan diangkat jadi slice-of-drama berepisode pendek seperti Move To Heaven. Novel ini aku rekomendasikan banget untuk dibaca, karena selain cerita dan bahasanya yang cukup ringan, novel ini menghadirkan cerita hidup berbagai karakter yang mungkin beresonansi dengan beberapa kisah hidup kita. Kita jadi bisa refleksi diri, merenung, sekaligus belajar banyak dari kehangatan cerita Dokgo dan semua karakter di novel ini."
4,2024-06-03,"“A vida era uma série de resoluções de problemas.” Esse livro apresenta histórias de diferentes personagens interligadas pela loja de conveniência. Isso pode parecer confuso, e sem dúvidas foi diferente para mim, mas eu gostei de como cada personagem é apresentado e de como tudo vai se resolvendo, de como conseguimos ver que o que um personagem faz, pode afetar de forma positiva ou negativa tanto o seu futuro, quanto o de outros personagens. Apesar de ser diferente, como eu comentei, o autor apresenta essas histórias de uma forma muito envolvente, fazendo com que seja uma leitura tranquila e rápida. Ele mostra diferentes personagens, com diferentes personalidades e motivações, em diferentes fases da vida, e como cada atitude que eles tomaram ao longo da vida gera uma reação. Você pode não se identificar com todos os personagens, mas vai ficar envolvido nas histórias e ter empatia. E principalmente, você vai querer saber mais sobre a história do Dok-go e descobrir sobre seu passado. Gostei muito da construção e de como o autor consegue apresentar os personagens. Em muitos momentos consegui pegar algumas lições de vida que posso aproveitar, assim como fiquei inspirada e motivada. Apesar disso, eu não consegui gostar tanto do livro quanto eu gostei de alguns outros do mesmo gênero, principalmente pelo final. Pode ser que muitas pessoas consigam entender como vai ser o final antes de chegar lá, mas eu não fazia ideia, então o que acontece me deixou muito surpresa e triste, principalmente por motivos pessoais. Geralmente eu termino um livro e já escrevo a resenha, mas esse eu precisei pensar um pouco sobre o que eu queria falar e como eu queria fazer isso, mesmo assim, ainda acho que o resultado ficou um pouco confuso, assim como meus sentimentos em relação ao livro. A nota que estou dando é relacionada a tudo que acontece durante todo o livro, algo que não consigo anular somente porque o final me deixou com alguns sentimentos ruins. Sendo assim, eu com certeza recomendo a leitura, porque vale mesmo a pena. É muito interessante ler sobre conflitos e problemas que podemos ter na nossa vida, assim como ver que a resolução deles algumas vezes nem é tão difícil se olharmos de outra perspectiva."
5,2024-02-26,"Dipertemukan lagi sama novel yang 'heart-warming' 🥺 Novel ini menceritakan kehidupan seorang tunawisma bermukim di stasiun Seoul yang dipanggil 'Dokdo' (yang berarti 'orang yang memeluk kesendirian'), kehidupan orang-orang di sekitar yang dipengaruhinya. Suatu hari, ia menemukan sebuah 'pouch' berisi dompet milik seorang nenek Yeom, mantan guru sejarah dan pemilik sebuah minimarket ALWAYS dan kemudian mengembalikannya. Peristiwa yang menjadi titik awal perubahan hidup Dokdo dan perubahan orang-orang di sekitar yang hidup masing-masing dipengaruhinya, di antaranya Sihyun, gadis pekerja paruh waktu yang masih belum memutuskan masa depannya, Seonsuk, seorang ibu paruh baya yang memikirkan masa depan anaknya, Kyungman, seorang karyawan kantoran yang melakukan 'honsul' (""minum-minum"" sendiri sepulang kerja) yang terkendala renggangnya hubungan dengan keluarga terutama anak-anak gadisnya, Inkung, seorang artis yang memilih beralih profesi menjadi penulis naskah, Minsik, anak laki-laki nenek Yeom, dan Kwak, seorang detektif swasta. Hampir setiap hal di dalam novel ini saya suka. Gambaran besarnya yang menceritakan hubungan antar manusia. Hubungan yang memanusiakan yang diperagakan melalui sikap menghormati nenek Yeom terhadap Dokdo yang seorang tunawisma. Kehangtan yang tercipta di antara nenek Yeom dan para karyawannya, pekerja paruh waktu. Cerita yang tidak terlalu terburu-buru dan dipaksakan, ketika perlu dua peristiwa bagi nenek Yeom sampai pada titik menawarkan pekerjaan paruh waktu di minimarketnya. Perlu dua peristiwa juga bagi Seonsuk untuk mengubah pandangannya terhadap Dokdo dari sinis menjadi menghargai. Sementara itu, diperlukan keseluruhan cerita bagi kita untuk memahami latar belakang dan kepribadian Dokdo yang ternyata sebelum menjadi tunawisma memiliki keunikan kehidupannya tersendiri. Dari kisah-kisah di dalam novel ini kita akan memahami bahwa masing-masing individu memiliki kompleksitasnya tersendiri. Alangkah terpujinya jika kita sesama manusia saling menghormati dengan tidak memicu kompleksitas baru bagi orang lain. Memperlakukan orang lain sebagaimana kita ingin diperlakukan dan tidak memperlakukannya sebagaimana kita tidak ingin diperlakukan."
3,2025-08-15,"Dar viena knyga, suteikianti mums progą susipažinti su itin tolimais kraštais. O tada, kai jau supažindina, tik dar kartą patvirtina, kad žmogiškumas, gerumas ir empatija yra universalūs dalykai, kuriems netrukdo nei sienos, nei kalbų barjerai, nei kultūros. Šiame romane pasakojama apie Jom Jongsukę, turinčią mažą parduotuvėlę ir benamį Doką, kuris, išgelbėjęs jos piniginę pasilieka Jom Jungsukės gyvenime. Moteris, nepaisant išankstinių nusistatymų, Dokui leidžia dirbti naktimis. Kitaip tariant – ji vyrui suteikia antrą šansą. Dokas pasirodė kaip itin įvairiaspalvis personažas, buvo smagu stebėti jo kismą. Vis tik pajutau, tarsi visa romano esmė ir išvados buvo padarytos per greit. Paskirti vos pora puslapių išlukštenti tokiai daugiasluoksnei asmenybei nepasirodė teisinga. Man parūpo Dokas ir jo likimas. Norėjosi mažiau didaktikos, daugiau atsakymų ar paaiškinimų. Gal net šiokio tokio epilogo. Romanas man kažkiek priminė „Kol dar neatšalo kava“ – apima jausmas, kad pasigavę anos sėkmę dabar ant to paties ar panašios veislės arkliuko joja kiti autoriai. Kavinukė, parduotuvėlė, senučiukai ir paslaptys, kelionės po praeitį viena ar kita forma. Viskas ima kartotis, retsykiais pasigendu originalumo. Žavėjo Doko nuoširdus noras dirbti, užsidirbti, nebūti našta. Ir įdomiausia, jis lyg įrodymas, kad daugiausia duoda mažiausiai turintys. Kažkodėl labai gerai jį įsivaizdavau, tarsį lokį toje mažiučiukėje krautuvėlėje, besistengiantį apsisukti ir atlikti viską tobulai. Graži knyga, nepaisant visko, buvo smagu skaityti. Tokios istorijos sušildo širdį, palieka kažką viduje. Man gal vos vos per saldu, bet neabejoju, kad tiems, kurie ieško jaukumo, tikrai patiks. Leidyklos dovana. Susitikime instagrame: https://www.instagram.com/gretosknygo..."
4,2025-04-18,عادية نعم ..عجبتني و انهيت قرائتها بدون تخطي الصفحات او السطور ..شخصيتها واضحة و حواراتها ممتعة
4,2025-09-07,"No wonder the title points to a “second chance” 🥹 — personal rate: 3.75 stars. Likewise, I started reading without any clue about the context. The deeper I went, the more I realised this isn’t any typical cozy, slice-of-life story. Instead, it brings a mixture of mystery, redemption, and that tender theme of second chances for every character presented. In the story, I met a homeless man called, Dok-go whose real identity no one knows. Through the kindness of Mrs. Yeom (the convenience store owner), he begins a new life as a night-shift worker. Plus, there was a reason Dok-go got hired! I honestly felt he was an interesting character. The story unfolds through multiple POVs, each tempting me to keep turning the pages as I watched these characters search earn — their own second chances. The beauty of this book when it touches on health, family, career, and relationships in a way that feels refreshing and hopeful, making me root for every little turnaround. Simply say, never ever judge people's background. A heartfelt read that I genuinely recommend experiencing with an open heart. I dive in just one seating and it healed me in a good way."
4,2025-05-02,"Agradam-me cada vez mais livros que demonstram vidas simples, e como os pequenos atos podem fazer a diferença. É uma narrativa pequena que vive principalmente das suas personagens, que cometem erros mas estão dispostas a mudar. Personagens que agarram nas segundas oportunidades da vida, e transformam a vida de outras pessoas. Gostei de acompanhar a loja de conveniência Always, observar como os clientes chegam destroçados aquela loja e com um simples gesto de interajuda as suas vidas são transformadas. Dokka depois de ter recebido ajuda da dona da loja, decide ajudar todos os que cruzam o seu caminho e seus atos de bondade levaram a uma lei do retorno. Pode não ser dos livros mais surpreendentes. O mistério em volta de Dokka pode desapontar um pouco, principalmente pelo final inconclusivo. Mas é a leitura perfeita para esquecermos da maldade do mundo, e nos relembrar que são estes gestos de bondade que fazem realmente a diferença. Podemos todos como uma simples palavra amiga ajudar alguém."
5,2024-12-03,"De «La asombrosa tienda de la señora Yeom» resaltaría a sus personajes porque ésta es una novela de personajes, de seres reales y cercanos que tienen sus problemas, sus dramas personales, su visión de la vida que les ha tocado lidiar y que no cesan en conseguir sus metas. Resultan simples y predecibles, estereotipos de modos de ser; pero hay que destacar en ellos su humanidad. Una novela que nos lleva a reflexionar en varios momentos y a ponernos en el otro lado y comprobar que no todo ocurre según lo que hemos planificado. Kim Ho-Yeon escribe una historia amable, esperanzadora, intentando ser inspiradora en la búsqueda del feel good (sentirse bien). Los valores que transmite son muy positivos y la sencillez argumental hace que la lectura resulte agradable. En definitiva, es una novela que me ha gustado leer, que me ha tenido entretenido y que me ha hecho sentir bien con un final que no me esperaba y algún que otro giro que me ha mantenido intrigado."
4,2022-06-17,"When I decided to buy this book, I was thinking to myself that I needed an easy, heartwarming book at the moment. This book is exactly what I was looking for. I couldn't give it 5 stars because some of the parts are not as comforting as I WISH it could be. But I guess life is not always so convenient, isn't it? ตอนตัดสินใจซื้อเล่มนี้คืออยู่ในอารมณ์ว่าอยากอ่านเรื่องราวที่เรียบง่ายและสามารถปลอบประโลมใจเฉา ๆ ของเราในตอนนั้น ซึ่งนับว่าเล่มนี้ตรงตามโจทย์ที่ว่าเลย มันเรื่อย ๆ แต่ก็น่าดึงดูดอย่างน่าประหลาด บางทีก็ทำให้อมยิ้มหรือหัวเราะออกมาได้เลย แต่ที่ให้ 5 ดาวไม่ได้เพราะบางตอนเรารู้สึกว่าเราอยากให้มันมอบความหวังเล็ก ๆ ให้เรามากกว่านี้ แต่ก็นั่นแหละ ""การมีชีวิตอยู่ก็มีเรื่องไม่สะดวกแบบนี้แหละ"" เนอะ.."
2,2025-02-17,"DNF op 40%. Zoals bij veel boeken in dit genre, is het een verhaal dat gaat over mens-zijn, zonder écht dichtbij de mens te komen. Je observeert de personages van een afstandje en ziet ze nooit écht iets bloot geven. Daardoor wist het me helemaal niet te raken en kwam ik niet lekker in het verhaal. Ik las al eerder wat boeken uit dit genre (Aziatische healing fiction), maar na dit boek ben ik er wel echt uit dat dit genre niks voor mij is. De boeken voelen allemaal zo afstandelijk, vrij basaal en zelfs een beetje kinderlijk of zo… En dat terwijl de insteek vaak erg goed is. Geef mij toch maar iets levendigers, rauwers, iets dat dichterbij komt, waarvan je gaat nadenken of echt iets gaat voelen."
5,2024-05-11,"WONDERFUL BOOK I DON’T EVEN KNOW WHAT TO SAY I got so attached to some of the characters such as Shi-Hyeon, the old lady who owned the convenience store and even Dok-Go himself. It looked like a simple random silly book but there’s so much more to it, the depth the characters are presented with every other chapter made me fixated on every single line of this book. The amount of tears I cried during the last chapter and SPECIALLY that last page, just him telling us about his memory coming back … I loved it so so so much."
4,2022-03-04,﻿원 플러스 원. 편의점에서 가장 좋아하는 메뉴는 원 플러스 원으로 결정된다는 건 만고의 진리인가보다. 편의와 효율성을 최고로 여기는 요즘 세상에 여러모로 불편하긴 하지만 사람을 신뢰하고 소중히 여기는 마음이 느껴지는 청파동 모퉁이의 작은 편의점 이야기를 참 행복하게 읽었다. 그 따스함은 어디에서부터 시작되었을까? 서울역 홈리스였던 독고씨를 편의점 직원으로 거둬준 사장님의 마음으로부터 돈보다는 사람을 더 중시 여길 줄 아는 직원들과 주위 사람들의 마음이 온기로 연결되어 주위로 퍼져나가는 걸 보면 나도 슬쩍 그 연결 고리에 끼어보고 싶어진다.
4,2024-03-09,"Bardzo przyjemna lektura, prowadząca do wielu refleksji na temat sensu życia, przemijania i szukania radości w najmniejszych chwilach oraz elementach świata. Historia zdecydowanie mnie urzekła i pokazała, że szczęście i oczyszczenie to często wybór. A zakończenie… coś pięknego i tak głębokiego… By się odrodzić, czasem trzeba powrócić do początków i przeżyć je na nowo. ❤️‍🩹❤️‍🩹"
3,2025-04-07,ممتعة وتأخذك من ضغوطات حياتك اليومية الى عالم اخر..
4,2023-04-05,A series of warm stories happened at a convenience store in Seoul. Nothing impressive but just couldn’t stop reading.
4,2023-06-11,책 너무 오래 동안 읽어서 처음에 어떤 느낌 드렀는지 기억 잘 안 나는데 재미있게 봤다. 모르는 단어는 처음보다 끝에 더 많이 나왔다 그런데 웬만한 내용 다 이해했다. 많은 다양한 사람들의 삶에 대해 알 수 있어서 좋았다.
2,2024-09-21,Empieza muy bien pero ha acabado no gustándome
4,2026-01-13,A heartwarming and wise story. I really enjoyed the pacing in this translated tale.
4,2024-03-25,"4,5/5 ✨ do pełnej oceny zabrakło naprawdę niewiele. kocham <3 ______pełna recenzja: ""Była już północ, kiedy wszystkie pudła znalazły się w magazynie, a cały sklep został dokładnie sprawdzony. Teraz trzeba było porozkładać nowy towar na półkach. Pani Yeom chodziła więc w tę i we w tę jak wiewiórka, przenosząc produkty między półkami. Kiedy skończyła, była czwarta nad ranem. Oparła się o ladę, przymknęła oczy i ziewnęła. Cieszyła się, że przynajmniej nie było klientów i nikt nie widział jej w takim stanie. Ale czy takie nastawienie nie wróżyło sklepowi źle?"" Moja przygoda ze wschodnioazjatyckimi dziełami zaczęła się od obejrzenia ""Czarodziejki z księżyca"" i przeczytania ""Ukochane równanie profesora"". Bardzo lubię się z samą literaturą azjatycką, a nawet powiedziałabym, że jest to jedna z moich ulubionych typów prozy. Nie tylko te krwawe czy brutalne historie goszczą w moim sercu, ale właśnie te ciepłe i otulające swoim nastrojem. Dziś prezentuję Wam jedną z takich opowieści. Powinnam zaznaczyć, że ""Nietuzinkowy sklep całodobowy"" nie jest jedną opowieścią, a zbiorem historii różnych osób, które dzieją się wokół tytułowego sklepu. Mamy właścicielkę, emerytowaną nauczycielkę, której losy krzyżują się z pewnym tajemniczym bezdomnym. Poznajemy ich rutynę, niekiedy rodzinę oraz małe zaplecze przedsiębiorczości, jakim jest praca w Always. Czy coś więcej można tu znaleźć? Owszem! Zbuntowanego syna, który tylko czyha by przejąć nieruchomość. Pełną ambicji dramaturżkę, której inspiracją staje się nietuzinkowość przytaczanego przeze mnie sklepu. Historii jest osiem i choć po ich tytułach nie można wiele wywnioskować, to ich wspólnym mianownikiem zdecydowanie jest osiedlowy sklep. Zaczynam wątpić, czy uda mi się nie powtarzać tego słowa zbyt często w tej recenzji. Początkowo, ta książka nie zapowiadała się na lekturę, którą można uznać za ulubieńca. Aż przyszedł rozdział drugi i nauka obsługi kasy fiskalnej. Może to dla Was wydać się dziwne, ale ja uwielbiam znajdować takie smaczki, z którymi mogę powiązać własne doświadczenia. Jak pewnie wiecie niedawno zaczęłam pracę w sieci znanych księgarni i czytając o początkach Dokka, czułam się jakbym to ja zaczynała swoją pierwszą zmianę. W tej powieści wielokrotnie przewija się temat usług, relacji klient-sprzedawca czy rozkładania towaru. Te aspekty budują Always! Bardzo podobały mi się zarówno nawiązania do innych branży, jak i sama praca w handlu. Całodobowe sklepy w Korei są bardzo powszechnym zjawiskiem. To coś na wzór naszej zielonej żabci. Ciekawy był dla mnie fragment, gdzie jedna z bohaterek nie mogąc zasnąć wybiera się do takiego sklepu, by zaspokoić głód. W Polsce niestety by nam się to nie udało, ale ich popularność staje się znacząca (nie mówię tu o alko, takich sklepów powinno nie być). Dzięki Kim Ho-Yeon mogłam zatracić się w tej kulturze i poczuć magię tego nietuzinkowego miejsca. Wspomniałam o alkoholu i stety, niestety, ale jest go w tej powieści bardzo dużo (aż się wylewa ze stron). Problem jest istotny i choć nie podobało mi się jego nadużycie, to został on przedstawiony w naprawdę przyzwoity sposób. Niejedna postać jest tu uzależniona, ale pod wpływem odpowiedniej osoby zdołała pokonać (lub nie) ten wstrętny nawyk. Niektórzy sięgali po niego przy każdej okazji, czy to obiad czy odpoczynek po ciężkim dniu w pracy. Niektórzy topili w nim swoje smutki. Autor wprowadził do tej powieści dużo nostalgii i rozpadu, ale ujął to w taki sposób, który do głębi mnie poruszył. ""Nietuzinkowy sklep całodobowy"" otacza się wokół tytułowego sklepu. Postaci mamy kilka, a i tematyka nie dotyczy jednej branży. Jednak jest tutaj coś, ktoś, kto ukazywał się w każdym rozdziale. Dokko, czyli tajemniczy bezdomny. Powiedzieć, że jego historia mnie urzekła, to jak nie powiedzieć nic. Naprawdę zżyłam się z tym postawnym mężczyzną, którego serdeczność i uczynność nieraz mi imponowała. Przez niektórych nazywany również niedźwiedziem. Nie zdradzę Wam jego pełnej historii, bo tę najlepiej odkryć samemu. Strona po stronie, produkt po produkcie. Mam nadzieję, że znajdziecie w tej książce dużo ciepła! [ Współpraca reklamowa z Wydawnictwem Znak Literanova ]"
3,2025-06-18,"Hay historias que llegan con la promesa de reconfortarnos, como un farol encendido en mitad de la noche, recordándonos que las segundas oportunidades existen y que, pese a todo, aún hay un rincón tibio para la bondad. La asombrosa tienda de la señora Yeom es una de esas historias. Una novela coreana que ha conquistado a miles de lectores en su país, que se presenta como un bálsamo narrativo: cálida, esperanzadora, sencilla… y, sí, también algo idealizada. Su protagonista, Dokgo, es un hombre desmemoriado que duerme en la estación de trenes de Seúl, cubierto de ausencias. Una noche encuentra un estuche perdido y decide devolverlo. Ese gesto lo encamina hacia la señora Yeom, antigua profesora de historia y dueña de una tienda abierta las 24 horas, donde cada cliente parece arrastrar su propio pequeño naufragio. El arranque es poderoso en su humildad. Hay algo muy honesto en cómo se plantea la historia: personajes que se mueven en la penumbra emocional, que encuentran en la rutina compartida un refugio. Y sin embargo, a medida que avanza la novela, sentí que se filtraba una búsqueda constante de conmover, como si la ternura terminara siendo una exigencia, no una consecuencia natural. No se puede negar que los personajes tienen encanto: Dokgo, torpe, silente, pero noble hasta el fondo; la señora Yeom, de corazón ancho y sonrisa triste; y una galería de secundarios que orbitan a su alrededor. Cada uno llega con sus grietas, y el contacto con Dokgo, con sus gestos mínimos y sus silencios elocuentes, los transforma. O eso se pretende. Pero aquí asoma la duda: ¿Puede una sola alma, por luminosa que sea, recomponer tantas otras con tan poco? ¿Hasta qué punto es creíble que una taza de té nocturno o una frase al pasar sean suficientes para sanar heridas hondas? La novela dulcifica los bordes de la realidad. A veces, demasiado. Las reacciones son suaves donde deberían doler, y la esperanza lo inunda todo, incluso los rincones donde debería haber sombra. Lo que comienza como una historia entrañable, por momentos se desliza hacia lo improbable. Y, aun así, no quiero restarle todo el mérito. La historia se deja leer con agrado, con una cadencia amable, como quien escucha una canción tranquila de fondo en un día nublado. Hay pasajes hermosos, hay ternura, hay una sensibilidad sincera hacia la soledad, hacia los invisibles del mundo. La tienda, ese espacio abierto a todas horas, se convierte casi en un santuario donde el tiempo parece detenerse y la compasión se sirve en platos recalentados. Agradezco también el aire coreano que empapa el relato: las costumbres, las palabras, los gestos. Aunque no se profundice demasiado, hay un perfume cultural que le da a la novela un color propio. Lo que me ha faltado es conflicto real. Una sacudida. Una grieta que duela de verdad. Todo fluye con excesiva suavidad. Para mí, La asombrosa tienda de la señora Yeom es una de esas lecturas que se disfrutan mientras se leen, pero que se olvidan pronto. Es agradable, pero no deja huella. Aun así, no me arrepiento de haberla leído. No todos los libros tienen que cambiarte la vida. Algunos, simplemente, te ofrecen una pequeña pausa amable. Y eso, en determinados momentos, también se agradece."
5,2025-10-29,"I absolutely loved this book. While the plot centers around Dokgo, the homeless-turned-convenience-store-worker, all of the characters bring their individual charms and elevate the story. Honestly, I'm struggling to review this book because it is so good. I was crying, then laughing, then crying again. It was a whirlwind of emotions. Okay, so, little summary first: the novel begins with Mrs. Yeom, owner of the convenience store, losing her purse at Seoul Station. While she is panicking about her missing belongings, she receives a phone call from someone who says they have her purse. This is where we meet Dokgo, a homeless drunkard with alcohol-induced memory loss. He's dirty, disheveled, and hungry; but readers can easily tell that he has a kind heart and strong morals (checking Mrs. Yeom's ID first before handing over the bag, getting beat up protecting the wallet, etc.). This encounter between Mrs. Yeom and Dokgo quite literally changes the man's life. He eventually gets hired to work the night shift at Mrs. Yeom's convenience store, meeting coworkers Mrs. Oh and Sihyeon -- who get their own chapters and backstories as well. I won't go into too much detail, but readers can expect to learn about a new customer every chapter and how Dokgo appears in each of their stories. I genuinely don't think I've read a short book with as much meaning and impact as The Second Chance Convenience Store . Everyone please read this book and give it a chance just like how Mrs. Yeom took a chance on Dokgo. :)"
4,2025-02-07,"“Escribir sin pensar es solo teclear, no escribir” decía un personaje de esta historia. Mucho tuvo que pensar Kim Ho-Yeom, escritor de esta novela coreana, para crear a Dokgo, un vagabundo demente que merodea sin rumbo la estación de Seul y cuya historia creo que ha conmovido a todos sus lectores. No es tarea fácil dar tanta humanidad a personajes como Dokgo y la señora Yeom. Como tampoco es fácil unir tantas pequeñas historias de superación en un lugar tan pequeño como una tienda de conveniencia. Es reconfortante y ofrece calma cada pagina del libro. Muy típico de la filosofía asiática, que anima a seguir adelante, superar prejuicios, favorecer la comunicación y a que existen las segundas oportunidades. Pues “el rio no es un lugar para hundiese sino para cruzar” . Al fin y al cabo, el libro es un reflejo de la sociedad asiático, llena de caos y ritmos vertiginosos, donde se vive para trabajar y la mayoría de las personas caen depresión, alcoholismo y familias rotas. Si tengo que decir algo positivo del libro es la organización de la historia. Cada capitulo abre una puerta y revela una lección de vida. Por ponerle un pequeño pero, el final rompe un poco la dinámica de otros capítulos y le falta un poco chispa, entendería que algún lector no le gustara Agradecer al chaval que recomendó este libro por tiktok a aquellos lectores primerizos que les cuesta empezar el habito de lectura. Y por supuesto, a esa personita que me regala libros porque sabe que me van a gustar."
4,2024-04-10,"This is quite a strange book. It is bittersweet and it is real. It is also pretty easy to read, even if there was a moment in which I thought about just letting it go, in the beginning. But slowly all the stories of the different people start coming together, and it is so full of hope, that it was quite hard to put it down. This book is about life, about the small things that make it, and so also the hope is the hope of small things. And yet, small thing after small thing, the book builds its story. And it is exactly the same way in which we build our life, too. Small thing after small thing. We get to know a lot of different characters in there, all of them deeply human, and almost all of them with some unlikeable tracts, at least in the beginning, but as we get to know them better, they become more real and more understandable, and I found myself right there with them, suffering and starting to hope again. It is a deeply emotional book, too, in some ways, and it is also quite pragmatic. It is pretty hard to write a review about this one, but I can say in all honesty that I enjoyed it, and that once the story started going I was totally engrossed in it."
5,2024-04-17,"Frau Yeoms ist eine alleinstehende Frau, die in Seoul einen kleinen Laden betreibt. Hier kommen ganz unterschiedliche Menschen zusammen und auch wenn sie scheinbar nichts miteinander zu tun haben, sind sie doch miteinander verbunden und der Mittelpunkt ist der obdachlose Dok-go. Dok-go bekommt von Frau Yeoms ein Anstellung in dem kleinen Laden und übernimmt ab dann die Nachtschicht. Das Buch besteht aus vielen Geschichten von verschiedenen Charakteren, die meistens nachts den Kiosk aufsuchen und eine kleine Interaktion mit Dok-go haben, die ihnen mehr hilft, als vermuten lässt. Ich mochte es, wie jede einzelne Person ihre kleine, feinfühlig erzählte, Story bekommt. Nichts ist in diesem Buch überdramatisch, es sind alltägliche Geschehnisse, die belastend sein können. Beim Lesen hatte ich fast vergessen, dass Dok-go auch noch eine Geschichte braucht. Er taucht auf, ohne, dass man viel über ihn erfährt, aber zum Glück verpasst die Autorin ihm auch noch einen Hintergrund, der natürlich auch am spannendsten ist. Dieses Buch ist ein kurzweiliges Vergnügen, das an die Menschlichkeit appelliert. Ich bin sehr in den feinen, sanften Erzählstil verliebt."
5,2022-11-25,Always ร้านสะดวกซื้อเล็กๆ แห่งหนึ่งย่านชานเมือง มีพนักงานกะดึก ที่เจ้าของช่วยมาจากการเป็นคนไร้บ้านในสถานีรถไฟ พนักงานคนนี้มีความเป็นมาลึกลับ เขาจำอดีตของตัวเองไม่ได้ จำไม่ได้แม้กระทั่งชื่อของตัวเอง เมื่อมีคนถามเขาจะบอกให้เรียกว่า ทกโก เมื่อคุณทกโกเริ่มทำงานที่ร้าน เขาก็ค่อยๆ ทำให้ชีวิตของคนรอบข้างเปลี่ยนไปในทางที่ดีขึ้น พนักงานสาวที่คอยสอนงานให้เขาได้กลายมาเป็นยูทูปเบอร์ พนักงานกะเช้าได้ทำความเข้าใจกับลูกชาย หรือแม้กระทั่งลูกค้าต่างๆ ก็ได้รับการเยียวยาจิตใจจากคุณทกโกด้วย ตอนเวลาครึ่งปีที่คุณทกโกได้ทำงานที่ร้านแห่งนี้ นอกจากเขาจะช่วยเหลือคนอื่นแล้ว ในทางกลับกัน การทำงานที่ร้านสะดวกซื้อก็เป็นการช่วยเหลือเขาด้วย ทั้งในแง่คุณภาพชีวิต และที่สำคัญคือช่วยรื้อฟื้นความทรงจำในอดีตของเขา ลังเลว่าจะซื้อไม่ซื้ออยู่นาน จนเค้าพิมพ์ครั้งที่ 3 ถึงได้ตัดสินใจสอยมา ตอนแรกก็คิดว่าเป็นหนังสืออ่านเอากระแส แต่พออ่านแล้วหนังสือมันต้องดีด้วย กระแสมันถึงจะมา ร้านไม่สะดวกซื้อของคุณทกโก เป็นหนังสือ feel good ตามสไตล์ของสำนักพิมพ์ piccolo อีกเล่มหนึ่งที่ผูกเรื่อง และเล่าให้เห็นถึงบรรยากาศของชานเมืองเกาหลีได้ดี เนื้อเรื่องแบ่งเป็นตอนๆ ตามเคสของพนักงานหรือลูกค้าแต่ละคน ที่พอจบแล้วทุกคนก็มีความเกี่ยวข้องกันไม่มากก็น้อย เล่มนี้ถ้าจะให้ตั้งชื่อให้ถูกคือ คุณทกโก พนักงานร้านไม่สะดวกซื้อ แต่มันก็ไม่ catchy ใช่ป่ะ Goodreads ให้ 4.2 เราให้ 4.7
4,2025-04-21,"First, I want to say a massive thank you to PanMacmillan Export for the arc. I wouldn't have read the book if it weren't for you. I’m extremely grateful for you! “The second chance convenience store” was a warm hug! Very wholesome and beautiful. It’s a story about second chances, about people and their lives. It’s full of hope and I read it in one sitting because I just couldn’t stop. It’s a book about the small things in life and how easy you can lose them. It all starts with a stolen purse and ends with a second chance at life. Everything is happening in Mrs. Yeom’s convenience store and she’s the nicest and coolest lady ever. She’s kind and she knows how important being kind is. She’s very good at people and she’s loved by everyone. She’s a retired history teacher and she’s a Christian. And she helps Dogko, a homeless man that retrieves her purse from the thieves who stole it. With this kind gesture starts Dogko’s new life. Throughout the whole book we meet these different characters whose lives are influenced by Dogko and this convenience store. We see how important is to help people however you can, with a kind word, an advice or just a bottle of Corn Silk Tea. While I’m not a huge reader of Korean literature, I love these slices of life stories, with different stories coming altogether in the end. Dogko is so kind and generous with everyone, even if life is hard for him, for reasons I won’t say here. I cried while reading the last chapter and while it looks like a usual book, it’s so much more."
3,2025-11-06,"⭐️ 3.5/5 🏪 synopsis: when 70-something yoon offers dokgo, a homeless man a second chance by giving him a job in her small convenience store, remarkable things begin to unfold within this humble konbini. although Yoon plays an important role, dokgo is the true heart of the story. Having lost his memory and unable to recall his past, he slowly learns how to rebuild his present. at first, dokgo is hesitant and struggles to adjust, but as time passes he slowly learns the rhythm of the store. he begins to notice more than just the shelves he has to stock, he starts to truly see and interact with the customers. each visitor gradually opens up about their life and over silk corn tea (sk if i am visiting you, i want to have a taste ngl), they share personal stories and worries. through these interactions, dokgo discovers friendship, dignity and a renewed sense of hope. the konbini becomes a symbol of healing and the quiet power of second chances, not just for him, but for everyone who walks through its doors. 🏪thoughts: an uplifting read about the power of second chances and starting over. there’s quite a bit of criticism surrounding this book and while I don’t fully agree with it, I can understand why it may not be everyone’s cup of tea. personally, i really enjoyed it. it reminded me a lot of ""the convenience store by the sea"" and i didn’t mind the inclusion of real-life events that affected so many people. overall, a short, heartfelt and delicate story."
5,2025-06-28,"The Second Chance Convenience Store was a sweet and heartwarming contemporary tale in which a group of people centred around the titular store positively impacted one another's lives. It was a quick, light read but still covered some important themes and packed some emotional punch. I don't want to give too much away, but I can say the story will appeal to fans of this cosy style of contemporary literature coming out of Japan and Korea in recent years. As an interesting aside, the direct translation of the Korean title of this book would be 'The Inconvenient Convenience Store', but I find the English title they've chosen to use for the translated version a little more inviting and positive sounding. I am giving this book 4.5 stars. I received this book as a free eBook ARC from the publisher in exchange for an honest review."
3,2025-10-04,"“Al final, la vida son relaciones, y las relaciones son comunicación”. 3 ⭐️ para La asombrosa tienda de la señora Yeom. Honestamente no soy demasiado fan de la literatura asiática. A mi modo de ver es un tipo de libro muy centrado en lo banal y terrenal, con un toque de filosofía de por medio. Sin embargo, este libro estaba bien escrito y estructurado, a pesar de que el formato de presentación es uno de los que más me cuestan, que es un capítulo dedicado a cada personaje. En la historia, un indigente consigue tras un buen acto un trabajo en el turno de noche de una tiendecita 24h regentado por la señora Yeom, una maestra ya jubilada. Su llegada hará que las vidas de los de su alrededor mejoren y prosperen, como la suya misma. No ha estado mal, una lectura muy cozy para no pensar demasiado."
4,2024-02-11,"Viajamos a Seul para conocer a nuestro protagonista Dokgo que vive en la misma estación. Ha perdido la memoria debido a un problema grave con el alcohol lo que ha propiciado a su vez que termine siendo un indigente sin ninguna aspiración. Su vida cambia cuando encuentra el estuche de la señora Yeon. En el está su número de teléfono y opta por ponerse en contacto con ella para devolvérselo. La señora Yeon le invita a comer en su tienda en agradecimiento por devolverle el estuche pero no solo eso, quiere seguir ayudandole. Por ello cuando queda vacante el puesto del turno de noche de su negocio de alimentación, Dokgo comienza a formar parte de la plantilla. Me ha sorprendido mucho la cantidad de historias que descubrimos a partir de un hecho tan caritativo y humano como el que tiene la señora Yeon ayudando a un indigente a cambiar su vida pese a que a ojos de sus allegados, de primeras, no este bien visto. Como decía, conocemos otras historias donde Dokgo es el hilo conductor de todas ellas y siempre con un mensaje muy importante. El final me ha sorprendido gratamente, una trama que queda perfectamente cerrada y llena de aprendizaje donde los valores y ayudar al que no tiene para mejorar su vida es lo más relevante de la novela. Como con un gesto que nada cuesta podemos cambiar la vida entera de una persona, devolviéndole incluso las ganas de vivir. Una lectura ágil, entretenida y necesaria. Muy recomendable."
4,2024-12-10,"Este ha sido mi primer contacto con la literatura surcoreana y, siendo sincera, me ha dejado un agradable sabor de boca Esta novela es la primera entrega de una bilogía y articula su argumento en tan solo ocho capítulos, centrados en diferentes personajes, cada cual con sus problemas y aspiraciones en la vida, que se irán revelando a medida que avanzamos en la lectura. La asombrosa tienda de la señora Yeom ha resultado ser una lectura cálida y reconfortante en la que se pone de relieve que todos merecemos una segunda oportunidad y explora temas universales como la soledad, los prejuicios, la compasión, la empatía y la redención. Una historia de solidaridad y esperanza, Me ha sorprendido por la habilidad del autor para descubrir lo extraordinario en lo corriente, todo a través de detalles simples pero conmovedores. Desde las interacciones entre sus personajes hasta los pequeños momentos de reflexión, cada página está impregnada de una profunda sensibilidad hacia la naturaleza humana."
3,2025-08-24,"A best-seller in Korea, this is the first in the author’s Convenience store series that follows the lives of the store’s employees. This was a light-hearted, feel-good fiction story full of emotional depth that explores a gamut of human experiences. Good on audio and recommended for fans of books like Welcome to the Hyuang-dong bookshop. Many thanks to NetGalley and the publisher for an early digital and audio copy in exchange for my honest review. ⚠️CW: alcoholism, medical malpractice, guilt, homelessness"
4,2024-05-05,"Không thể tin là bốn tháng tôi mới đọc xong quyển này sau một bận quay cuồng làm đám cưới ;v; Quyển này lại là được em bé Thy tặng, đúng như lời quảng cáo là có màu sắc của mấy chiếc truyện Nhật (rất Nhật nhưng lại là Hàn) chúng mình thích gần đây, đẹp mà buồn, những sợi dây kì diệu kết nối mọi người trong cuộc sống. Truyện đọc dễ chịu, nhẹ nhàng, cũng không có gì đặc sắc lắm với mình nhưng mình thấy vậy là đủ cho một lần đọc. Cái kết buồn nhưng cũng rất nhân văn và mở ra nhiều hi vọng rằng cuộc sống vẫn sẽ luôn tốt đẹp nếu chúng mình cho nó một cơ hội."
5,2025-10-11,"gracias maría por este libro, ahora quiero vivir en la tienda de la señora Yeom me ha gustado mucho cómo se presenta la situación y sobre todo cómo se desarrolla: creo que la reconstrucción de la identidad a través de situaciones cotidianas es un muy buen punto. la narración sencilla y la cotidianeidad en la historia la hacen una narración muy sencilla y cómoda ESE FINAL PELOS en general, una muy buena lectura"
5,2024-06-19,"*4.5* ""Pensándolo bien, ¿no es la familia también un tipo de cliente con el que te encuentras en el viaje de la vida?"" Directo a mis mejores lecturas del año. Es un libro que entrelaza la vida de las personas que trabajan en una tiendita, todos tienen retos y sueños que cumplir; y poco a poco van dando claridad a su vida para sanar, armarse de valor y seguir avanzando"
4,2024-09-01,"Reconozco que alguna lágrima me ha sacado. Creo que el libro te da lo que vienes buscando. Una persona que concede con palabras segundas oportunidades para por fin concedérsela a sí misma. Una historia de vidas cotidianas que se entrelazan y en la que empatizas con todos los personajes. Además, da lecciones sin caer en frases clichés. Muy buena lectura, rápida y con un final que te deja una sensación cálida pero amarga."
5,2025-02-26,"Una historia preciosa. Cada capítulo se centra en un personaje y aunque con algunos empatizas más que con otros, todos son muy interesantes y te enseñan algo. Este libro va de la vida, sin más, de las exigencias de éxito que nos ponemos, nos ponen o ponemos sobre otra gente y cómo eso puede tener consecuencias muy negativas. También trata sobre la importancia de la comunicación y la empatía. He amado la manera en la que están escritos todos los personajes. Me parecen muy realistas y que pueden reflejar la vida, fracasos y miedos de mucha gente a nuestro alrededor e incluso de la persona que lo lee y no eso hace que el libro sea tan especial."
3,2025-03-31,"Wat een fijn boekje om tussendoor te lezen. Het is positief met een mooie boodschap. Het gaat over zoals de titel al zegt 2de kansen in het leven, dat het nooit te laat is om opnieuw te beginnen of dingen die fout zijn gegaan recht te zetten. Ik kan helaas geen halve sterren geven maar voor mij is dit een 3,5 ster Ik heb me vermaakt en ik heb genoten."
4,2026-03-10,"Read as the monthly group read selection for our local k-lit club. It was good to read this book during our own ongoing plague of hubris. It was important to remember some of the lessons of 5e novel. “In the end, life boiled down to relationships, and relationships to communication. Happiness, I realized, wasn’t far off. It was in sharing our hearts and minds with those around us.” Excerpt From The Second Chance Convenience Store Kim Ho-Yeon This material may be protected by copyright."
2,2026-04-13,"En verdad son 2,5 estrellas. Creo que, o no he terminado de conectar con el libro y las historias, o simplemente no ha sido para mí. Los capítulos no me decían nada, y las historias tampoco. No diría que no me ha gustado ni que esté mal, sino que simplemente me ha dejado sin más. No creo que lo recuerde de aquí a un tiempo."
5,2024-06-03,"Achei o livro muito fofinho e queridinho, as histórias dos personagens com a profundidade suficiente pra que eu não ficasse triste. O final foi super Vendedor dos Sonhos do Augusto Cury vibes mas gostei dele mesmo assim"
4,2024-12-03,"No soy de leer lectura asiática  y he salido de mi zona de confort por participar en una lectura conjunta, y me encontre una historia muy real y cercana, de muy fácil lectura y entretenida. Una historia inspiradora que nos anima a seguir siempre adelante. Casi toda la historia gira entorno a uno de los personajes   aunque casi todos los personajes que salen, se ven personas muy reales y cercanas. Una historia donde se ven los prejuicios de la gente, y que no se puede prejuzgar cuando no se conoce . El giro final de la historia no me lo esperaba, y me ha hecho pensar mucho. 8/10"
4,2025-05-24,Het genre 'healing fiction' is momenteel erg populair en natuurlijk was ik benieuwd waarom. Dit boek stelde niet teleur! We volgen eigenlijk een aantal verhalen van verschillende personages die toch allemaal met elkaar verbonden zijn. Hun levens verbeteren namelijk nadat ze allemaal spreken met een eigenaardige meneer in een buurtwinkel. Een mooi verhaal dat vlot wegleest en je met een fijn gevoel de laatste bladzijdes laat omslaan.
5,2025-06-22,"Me encanta que, nos haga reflexionar en cómo cada persona cuenta con una historia distinta y que a pesar de tener un peso de no poder arreglar nuestra vida, la calma en algún momento llega en un lugar, una persona, un consejo… El señor Dokgo nos regala la mayor prueba de que no siempre todo saldrá como queramos, pero las actitudes con las que nos enfrentamos es el mayor regocijo. Teniendo en cuenta que incluso para él fue difícil vivir en paz, la tranquilidad proviene de cómo mantengamos nuestra conciencia. Una gran historia donde la mayor enseñanza es aprender a convivir como somos; seres sociables que necesitan de una compañía y que a pesar de regocijarnos en la soledad, una convivencia sana hará una gran diferencia en nuestra vida. Un componente fundamental que nos ofrece es la empatía, escuchar a quien nos rodea, y vivir para marcar una diferencia en los demás, por más mínima que sea"
3,2026-02-20,"Довольно мило, чуть-чуть многовато конфликта с сыном владелицы, но это в целом и неплохо, этот жанр плохо работает, когда всё у всех слишко картиночно и хорошо, а тут вполне честная проблема, хоть и немного сказочно показанная, плюс довольно живо, и персонажи понятные и запоминающиеся. Хотя уже не очень уверена, что вспомню их всех к сиквелу."
5,2024-07-19,"Se volete farvi un bel regalo, leggete questo capolavoro. Una storia di buoni sentimenti e di gentilezza che parla di altrettante storie che si muovono per ""effetto farfalla"" in piccolo minimarket che ha come proprietaria la signora Yeom, un ex insegnante settantenne. Un libro che ti insegna che fare del bene genera inevitabilmente del bene e che a farlo, non si sbaglia mai."
5,2024-07-19,"Czytało się świetnie, chociaż wolałabym, żeby dwa ostatnie rozdziały nie istniały, a tajemnica została tajemnicą ☺️"
5,2025-02-20,สะพานไม่ได้มีไว้ให้กระโดด แต่มีไว้ให้ข้าม… ฮีลใจ อ่านเพลินมาก บทเฉลยตัวตนของคุณทกโก หนักหน่วง แต่ชีวิตนี่ก็ยังมีหวัง
5,2025-05-12,Una novela conmovedora con un pequeño misterio que enamora.
5,2025-07-17,Ce carte!Nu am putut sa o las din maini!Cred ca e primul autor sud-coreeam cu care ma intalnesc. Va fi in top 3 carti din acest an.
5,2025-07-29,I think I found my most fave jap cozy lit book 🥹🥹🥹
5,2025-07-31,una novela preciosa 💖 con unos valores muy bonitos. Muy agradable de leer con escenas muy tiernas a pesar de las situaciones duras y tristes. 100% recomendable
3,2025-08-12,طريقة السرد في البداية كانت مملة شوية حسيت الرواية هتفضل كده من غير أحداث مهمة او قوية باعتبار انها خفيفة بس في النص الاخير او التلت الاخير استمعت بيها وحمستني أكملها
4,2025-10-18,4.5 stars That last chapter hurt my soul.
5,2025-10-25,"cuman butuh beberapa halaman dari buku ini buat bikin aku yakin pada akhirnya aku akan kasih buku ini bintang lima. cerita diawali dengan ibu yeom yang kehilangan pouch berisi barang2 pentingnya. umurnya sudah 70 tahun dan dia lupa di mana dia meninggalkan pouch nya. untungnya, pouch itu ditemukan oleh seseorang yang berbaik hati menelepon ibu yeom dan memberitahu lokasinya. orang itu ternyata adalah tunawisma, dia biasa dipanggil dokgo. ibu yeom yang ingin membalas budi ditolak oleh dokgo. ibu yeom pun bersikeras memberikannya makanan dari minimarket yang dimilikinya. satu dan lain hal terjadi, dokgo pun mulai bekerja untuk minimarket ibu yeom di shift malam. di minimarket itulah, dokgo bertemu dengan banyak orang. ada ibu yang kesal karena sang anak terus menerus bermain game dan mengurung diri di kamar. ada ayah yang sengaja pulang malam karena merasa tak nyaman di rumah. rasanya, dokgo bisa memberi solusi pada permasalahan yang dialami tiap pelanggan. ps atau pelanggan setan pun berani dokgo hadapi. kita sebagai pembaca juga dibuat penasaran dengan identitas sesungguhnya dari dokgo. dikisahkan bahwa dokgo kehilangan sebagian besar ingatannya karena kecanduan alkohol. seorang pelanggan yang seringkali mengajak dokgo mengobrol, secara gak langsung membuat dokgo bisa mengingat masa lalunya. aku sebagai pembaca merasa egois karena ingin terus melihat dokgo bekerja di minimarket. tapi dengan ingatannya yang perlahan kembali ke dalam benaknya, aku senang dokgo bisa menyatukan kembali potongan puzzle nya dan kembali menemukan dirinya. aku pun baru menyadari bahwa, ah ternyata ini yang dinamakan healing fiction. buku yang membuatku merasakan kehangatan, juga membuatku merasa bahwa semua akan baik baik saja."
5,2026-01-30,4.5 ♥️
3,2026-05-18,"Cute story and loved Dokgo as a character. The constant switching of perspectives was very annoying to me though, and the end felt like it was rushed, whereas other parts of the book felt a little too slow. I do like the concept of the story."
4,2024-04-12,odprężająca i kojąca nerwy wszystko w naszych życiach się jakoś poukłada powolutku plus za obłędnie piękną okładkę wraz z całą szatą typograficzną : 3
4,2024-08-27,A veces sólo queremos una lectura fácil y bonita. Y nada más.
5,2024-12-16,"«El río no es un lugar para hundirse, sino para cruzar.» Ha sido precioso, los personajes, como se entrelazan sus historias, sus puntos de vista, me va FATAL. Ojalá lo adapten a un kdrama es que tengo hasta el cast en mi mente. Llorera total. Agradecida también con la traducción que es impecable y fantástica."
4,2025-03-26,"4.5 ⭐️ cudowna, komfortowa i cozy. uwielbiam takie książki o codzienności, ale nieco bardziej głębokie i dotykające"
4,2025-07-19,I read about this book before and I enjoyed it. Quick read. Some of the characters could have been developed more but I enjoyed reading it and always love reading about the importance of kindness.
4,2025-08-22,Reconfortante
3,2025-09-08,"Es un libro muy amable, que no pasa realmente nada, pero que es todo bueno, un poco irreal en mi opinión, pero para pasar el rato está bien."
3,2025-09-09,3.5 ⭐
4,2025-09-15,"Diferente daquilo a que estou habituada, mas gostei! Este livro acaba por ser um quentinho para o coração!"
4,2026-01-06,"Wholesome stories and characters. An easy and enjoyable read. Story: 4/5, Characters: 4/5, Style: 4/5."
3,2026-01-23,fajna spokojna lektura
4,2026-03-08,meget fin og hyggelig fortælling - det er sådan en bog man bare flyver igennem
3,2024-06-04,fofo.
4,2024-08-21,"3.5 ciepłe, kocykowe, szybkie. I w sumie to tyle."
5,2025-09-23,A pretty simple story but it had me so emotional for some reason. I was this emoji “🥹” the entire time. This book shows how impactful it can be to be a kind and empathetic person.
4,2025-06-20,HEARTWARMING
4,2026-04-08,Loved it! Only the inclusion of the covid pandemic threw me off
3,2026-06-08,"3,5⭐ Tenía curiosidad por esta novela coreana feel-good y la verdad es que ha sido una lectura agradable y muy reconfortante. La historia transcurre principalmente en la tienda de conveniencia de la señora Yeom y va presentándonos a diferentes personajes, aunque el eje central acaba siendo un nuevo empleado que, sin grandes discursos ni gestos espectaculares, tiene una capacidad especial para ayudar a quienes lo rodean. Lo interesante es que muchos lo juzgan al principio por su apariencia o por su situación, pero poco a poco descubren que detrás de ella hay mucho más de lo que imaginaban. Uno de los mensajes que más me ha gustado es precisamente ese: no sabemos por lo que ha pasado una persona ni las batallas que está librando, así que conviene mirar más allá de las primeras impresiones. También habla de la importancia de la empatía y de cómo los pequeños actos de bondad pueden tener un gran impacto en la vida de los demás. Es un libro sencillo, amable y de esos que te dejan una sensación agradable al terminar. Eso sí, en algunos momentos me ha parecido un poco lento y me ha costado mantener el interés. Aun así, me parece una lectura perfecta para alternar con libros más intensos o para disfrutar en una tarde tranquila de verano."
5,2023-07-02,Sukaaa😍😍 One of my best reading this year (so far)!!
4,2025-05-10,"Acogedor, tierno, esperanzador, costumbrista son algunos de los adjetivos de esta novela que he disfrutado mucho. Es la primera vez que leo al autor y ya me queda pendiente leerme la segunda parte. La narrativa es fluida, no pesada y llena de momentos bonitos contrastados con las dificultades de cada uno de los personajes. Este libro es como un abrazo calentito, no puedo clasificarlo de otra forma. Si quieres leer algo sencillo, con un puntito de misterio y que te deje buenas sensaciones es vuestro libro 🤎"
4,2025-10-12,"A feel good novel about second chances, redemption and self growth."
4,2025-06-30,"me estaba dejando indiferente, pero ese final... vaya dos lagrimones se me han salido. una lectura preciosa."
5,2025-07-11,"En virkelig smuk fortælling om mennesker og deres samspil og om at rejse sig helt fra bunden, hvor man har mistet alt."
2,2024-04-10,"kiedy zobaczyłam zapowiedź tej książki byłam nią zaintrygowana i wiedziałam, że chcę ją przeczytać, bo bardzo spodobał mi się pomysł na fabułę. pierwsze rozdziały rzeczywiście mnie zaciekawiły i przyjemnie się je czytało. polubiłam panią Yeom, właścicielkę sklepu, a Dokko był nieodgadnionym bohaterem i byłam zainteresowana jego historią; zastanawiałam się, kim tak naprawdę był w przeszłości i dlaczego stał się bezdomny. cóż, tak było przy pierwszych czterech rozdziałach, później podobało mi się już o wiele mniej i w ogóle nie byłam zaangażowana w czytanie tej powieści. moim zdaniem nie działo się w kolejnych opowieściach nic ciekawego i było naprawdę nudno. niekoniecznie przypadło mi do gustu też to, że bohaterami kolejnych rozdziałów były zupełnie nowe osoby. wiadomo, każda gdzieś tam później była związana z tytułowym sklepem całodobowym, ale na przykład historia pisarki według mnie była niepotrzebna. przez to, że nie działo się nic interesującego odłożyłam tę książkę na trzy dni i w ogóle po nią nie sięgałam, bo nie byłam ani trochę ciekawa, co się dalej stanie. przeczytałam ją jednak do końca, bo zostało mi sto stron i chciałam przekonać się, czy przeszłość Dokka zostanie wyjaśniona. ostatni rozdział niesamowicie mnie zaskoczył i to bardzo pozytywnie. zmieniony w nim został rodzaj narracji z trzecioosobowej na pierwszoosobową i takim sposobem ostatnie czterdzieści stron to historia życia głównego bohatera widziana jego oczami. ta ostatnia opowieść była naprawdę świetna i ten rozdział na pewno podniósł moją opinię o tej książce, bo niósł on za sobą ważne przesłanie. jednak mimo tego nie jestem usatysfakcjonowana całością tej powieści, ponieważ była ona w wielu momentach dosyć monotonna i liczyłam na coś innego, bardziej dynamicznego i po prostu ciekawszego. 2,25⭐️"
3,2024-04-11,อ่านสบายๆ รู้สึกดีฝุดๆ ชีวิตเราก็คือการแก้ปัญหาที่ไม่สิ้นสุด แค่บางช่วงเราอาจกำลังชาร์จพลังหนีไปสักที่ เพื่อออกมาต่อสู้กับปัญหา ใครจะไปมองอีกมุมหนึ่งว่า ร้านขายของจะไปมีสตอรี่ได้เยอะขนาดนี้
3,2026-03-14,"Cute book, lost it tho so now I gotta pay the library god knows how much"
5,2025-06-28,"Hope core times a million!!! This book was all the hope you need and want to see in the world. I loved how this book was formatted and I think it was simply exceptional. The FMC (owner of the convenience store) was such a godsend to so many peoples' lives and it was truly inspirational. I loved the MMC so much and I love how she ended the story giving us his perspective on his life, while providing so much backstory to how he became who he was. I think this book definitely helped provide some hope in such a scary world, but also helps showcase to never count yourself out."
3,2025-05-05,"C'était plus un 3,5⭐ mais j'ai été un peu déçue par la fin et certains passages qui étaient trop simplistes à mon goût (il y avait un petit côté sermon du dimanche parfois.) Sinon, j'ai beaucoup aimé le décor de la supérette où tous les personnages se croisent, ça faisait un peu pièce de théâtre. Certaines histoires m'ont touchée, mais c'est vraiment dans l'atmosphère que l'auteur est doué je trouve. On a vraiment l'impression d'être assis à la table de la supérette pendant une nuit froide, en train de manger un ramen chaud et de discuter avec le mystérieux Dokgo."
5,2026-05-09,Leuker dan ik had verwacht. De verschillende verhalen en perspectieven waren leuk om te lezen. Erg wholesome
5,2022-11-04,"ceritanya tentang Dokgo, seorang tunawisma yang hilang ingatan terus nemuin dompet nenek nenek pemilik minimarket, dari pertemuan itu akhirnya membawa Dokgo jadi bekerja di sana. Di Minimarket Dokgo berinteraksi dengan banyak orang dan tanpa sadar dia mengubah jalan hidup mereka. buku dengan tebal 400 halaman ini ternyata bagiku KURANG 😭 ceritanya ringan, terjemahannya super enak dibaca, ada bahasa gaul yang bikin ngakak banget, page turning dan malah gamau cepet abis bacanya 😭 di buku ini ada 8 bab, tiap bab itu ketemu tokoh beda-beda, beda konflik juga tapi langsung selesai di bab itu. tiap bab pasti ada pelajaran dan makna yang bisa dipetik. BIKIN NANGIS JUGAAA 😭Dokgo ini membuat para tokoh lain merasa didengarkan, membuat mereka merasa nyaman, hangat dan menemukan solusi atas permasalahan yang lagi mereka hadapi. DAN SEMUA ITUUUU JUGA NYAMPE KE AKU 😭😭😭😭 cerita tokohnya beragam dan relateeeee pokoknya. selama baca cerita ini aku penasarann banget sama Dokgo, kayak ihh kok bisaaa ini orang tunawisma tapi kayak bukan tunawisma gitu, penasaran bangett sama masa lalu Dokgo soalnya Dokgo juga unik banget. dan semua itu terjawab di bab akhir (bikin nangis). pelajaran yang bisa aku ambil dari buku ini banyaak banget 1. buku ini tentang hubungan antar manusia dan pertemuan, pas baca buku ini aku jadi mengingat-ingat dan menghargai pertemuanku dengan orang-orang. ternyata semua pertemuan, mau itu yang biasa aja atau luar biasa selalu ada maknanya 😭 aku jadi belajar menghargai keberadaan orang-orang terdekat di hidupku. 2. seringkali kita kan ngerasa banyak banget masalah di hidup ini yang ternyata akarnya dari hubungan antar manusia yang buruk. tadinya masalah itu sederhana, bisa selesai dengan ngobrol jadi makin rumit dan kadang kita perparah karna prasangka buruk. aku belajar soal itu juga di buku ini 😭 3. Kita juga harus baik ke semua orang, mungkin nih waktu yang kita punya buat dengerin orang cerita dan nemenin mereka nangis di masa-masa sulitnya bisa buat mereka bertahan dan bikin bersemangat lagi karna semua orang yg kita temui sedang berjuang. 4. sebagai manusia yang baru pertama kali hidup di dunia ini, tentunya kita punya banyak kesalahan di masa lalu. meski begitu, meski kita merasa malu setengah mati, kita harus tetap melanjutkan hidup!"
3,2025-06-06,"Thank you to Harper Perennial and NetGalley for the free e-ARC in exchange for an honest review So cute! THE SECOND CHANCE CONVENIENCE STORE is the latest offering in this new trend of Asian “cozy healing” novels: stories that feel like a hug, or a warm cup of your favorite drink at your favorite local cafe. It’s breezy and heartwarming, but not particularly deep –not that it has to be. Everything about this book, from its cover to its premise, is cute cute cute. (Side note: I’m so jealous of books that get these kinds of covers. I want to collect all of them and display them, cover side out, on my wall.) When a noble homeless man saves a woman’s lost wallet from thieves, she invites him to work at her 24-hour convenience store. There, a cast of characters come into the story and interact with the man, learning something about themselves, their community, or their world in the process. Like most novels of this genre, there is an episodic feel to SECOND CHANCE. Each chapter focuses on one character, and then that character becomes a side character in subsequent chapters/”episodes.” Most of these characters have a pretty simple arc, and achieve redemption or enlightenment by the end. Interestingly (to me at least), SECOND CHANCE gives me a sort of “fairy tale” feel , especially as regards the mysterious homeless man, who we don’t know very well, but whose calm and values-driven presence positively impacts those around him. There’s a nice little bit at the end where we get the man’s perspective to tie things up; I didn’t think it was all that necessary, but it is what it is. If you love cozy healing novels, THE SECOND CHANCE CONVENIENCE STORE is not to be missed. If, like me, you can only enjoy these types of stories in small quantities, I will say that I enjoyed it more than Yeonnam-dong's Smiley Laundromat , but a smidge less than Welcome to the Hyunam-Dong Bookshop ."
5,2024-02-21,"La literatura oriental contiene esa embriagadora forma de relatar la cotidianidad que es un remanso de paz y sabiduría en el que lo más simple, que a veces creemos es lo más complicado, logra hacernos pensar y disfrutar de historias mundanas, cargadas de humanidad y repletas de lecciones que golpean al plexo del lector y le sacuden corazón y mente. Acabo de concluir la lectura del fenómeno literario que aterriza en nuestro país desde Corea, con una novela que ha sido traducida a 23 idiomas, autoría del joven Kim Ho-Yeon titulada ""La asombrosa tienda de la señora Yeom"". La historia comienza en un barrio de Seúl, concretamente en la estación del tren donde un indigente llamado Dokgo, encuentra una cartera y contacta con su dueña para devolvérsela. La propietaria es la señora Yeom, profesora retirada y que además es la dueña de una tienda de servicios 24 horas llamada Always que se halla cerca de la estación. Al encontrarse los dos personajes gracias a la bondad del gesto del indigente, la mujer decide compensarle y además de darle alimento termina por ofrecerle trabajo en el turno nocturno que ha quedado vacante. El extraño personaje se hará un hueco en su vida, en la comunidad y con sus compañeras de trabajo y clientela. Su peculiar forma de ser, sus consejos, sus gestos e inteligencia denotan que es una persona que antes de perder la memoria y ser un indigente tuvo que ser alguien, pero ¿quién es ese ser misterioso?¿qué le ocurrió para llegar a vivir en ese estado? La novela es una dulce lectura que nos da motivos para considerar la importancia de la confianza en el ser humano, la importancia de actuar en consecuencia y la capacidad de superación y perdón que anida en nuestro interior y que, a menudo por egos, envidias y cegados por nuestra verdad nos impide derribar los muros que a veces alzamos, encerrándonos en nuestras miserias y alejándonos de la felicidad. Así que si deseáis pasar un buen rato, os animo a que conozcáis al extraño señor Dokgo y la encantadora señora Yeom, abráis las puertas a la esperanza, os preparéis a disfrutar del sabor del té de seda de maíz que destilan sus páginas y entrad a #LaAsombrosaTiendaDeLaSeñoraYeom"
4,2025-07-30,"This book really has that inviting charm in its storytelling that I was immediately hooked on its premise since from the first chapter. An easy to read with a gentle slice-of-life drama following Ms Yeom; a retired teacher who owns a small convenience store and Dokgo; a homeless man who lives at Seoul Station in their first encounter after Dokgo courageously stops few men from robbing Ms Yeom’s wallet. It sparks a life-changing tale later for Dokgo who having a severe memory lost when Ms Yeom decided to hire him on a night shift at her store after he again helped her with another robbery. I loved how the plot moved through its multiple POVs; from Ms Yeom to her employees and the regular customers, her son’s Minsik as well the PI guy, Kwak. All having their own flaws and struggles—old, retired Ms Yeom and her unprofitable store, Sihyeon with her career concern, Seonsuk with her mother-son relationship, the burnout Kyeongman and his familial tale as well about Inkyeong and her writing journey—with an episode of misjudgment towards Dokgo and through their interactions I get to see how each reflectively humbling down with empathy and care, though not really a thorough change in perspective (esp Minsik) yet still heartwarmingly plotted and emotionally engrossing. Well crafted setting from the convenience store to its neighborhood and the start of pandemic years. Of societal critique and modern-day troubles that highly grasped the whole plot into a gripping, realistic and healing exploration. Liked how the author connecting Kwak’s narrative with Dokgo at the end. I was waiting for that last chapter and quite surprised to know about Dokgo’s past and the backstory of how it started. Truly an endearing second chance premise; not just for Dokgo but to the people at Always Convenience too. Glad that Ms Yeom did not falter with Minsik’s urge until the end— such admirable personality for Ms Yeom; ways she respected her employees and fight the bad thoughts about Dokgo, I envy. A highly recommended read esp to lovers of a quiet, emotionally-rich, healing and slice-of-life fiction! **Thank you Times Reads for the gifted review copy!"
4,2026-01-01,"""In the end, life boiled down to relationships, and relationships to communication. Happiness, I realized, wasn't far off. It was in sharing our hearts and minds with those around us."" This book centers around the people working at a small convenience store located in Seoul. There is the owner, who often sees the best in people even before they give her evidence of their goodness. There are the regular employees, who range in ages and experiences and viewpoints. And then there is the homeless man recently hired by the owner, who the others initially don't trust. I'll admit I was a bit worried about how stigmatizing (or on the other end of the spectrum, cheesy and schmaltzy) this book might be, given that it's primarily about a homeless man working at the shop and his interactions with the clients and the other workers. But as the story progressed and we were able to see the character growth of each of the main characters, that worry dissipated. There are themes of struggle and the dark roads someone can go down when dealing with that struggle alone, the damage done by chronic alcoholism, dysfunctional family situations and the need for open communication without judgment, the importance of connection and belonging, the power of compassion and the ripple effect one small act of kindness can produce, and the fact that it's never too late to work toward redemption. This book felt darker than a lot of the healing fiction I've read, but it was enjoyable nonetheless."
4,2024-04-07,"""Pensándolo bien, ¿no es familia también un tipo de cliente con el que te encuentras en el viaje de la vida? Ya sean huéspedes honorables o visitantes inesperados, solo hay que tratarlos como clientes para evitar herirlos y que te hieran."" ""Al final, la vida son relaciones y las relaciones son comunicación. Había comprendido que la felicidad no estaba lejos, que sólo tenía que compartir mi corazón con las personas de mi entorno."" Una lectura emocionante en la que te das cuenta de cómo en ocasiones prejuzgamos a las personas sin conocer lo que hay detrás de, por ejemplo, una apariencia. Dokgo, el protagonista de éste viaje literario, se va colando en tu corazón según avanza la historia y lo ves interaccionar e incluso ayudar a los diferentes protagonistas con los que se va encontrando. Todo ello surge gracias a la gran oportunidad que le brinda la señora Yeom quien confía en él dándole trabajo en su tienda de 24 horas como agradecimiento por un hecho que lo hace cambiar todo para Dokgo. Dokgo no recuerda nada de su vida pasada por culpa del alcohol y la vida que ha tenido por ello viviendo en la calle, pero gracias a la nueva oportunidad que la vida y la señora Yeom le ofrecen poco a poco va retomando la consciencia llevándonos a un final que personalmente me ha dejado un poco fría y con la sensación de que no acompañamos a Dokgo hasta el final de su historia."
3,2024-06-10,"3,5/5 Hasta aquí~ Segunda lectura del #clubdelecturacoquette, a mí me ha gustado bastante, la verdad, aunque aún estoy poniendo en orden lo que opino de que sea tan “episódico”. Deseando tener la reunión final <3"
4,2025-02-22,"Definitivamente es una novela coreana ""feel-good"" y ""cozy"" con la que recuperar un poquito la fe en la humanidad. En esta historia se retrata cómo la sociedad actual, que actúa muchas veces como juez y verdugo, puede llegar a cambiar gracias a los pequeños actos de bondad, amabilidad, amor y esfuerzo de las personas que la conforman. Si estas un poco perdido, tienes un momento vital difícil o estas en un bloqueo lector, esta novela cortita e interesante te ayudará a sentirte mejor."
4,2025-05-01,تتكلم الرواية عن العائلة وعن سوء الفهم وقلة التواصل بين أفرادها، لما تشوف عائلات الكوريين أو الغرب هنا تتذكر نعمة الأهل ونعمة الإسلام وصلة الرحم، رواية حلوة أعجبتني وحسيت عشت معهم♡، قريتها بوقت جدًا مناسب لها ( في شوال بلمة الأهل وأخواتي🙂‍↔️🤍) وأهم نقطه أن النهايه مناسبه مره وما توقعتها👍🏻.. ٣ ذو القعدة ١٤٤٦ | ١ مايو ٢٠٢٥ ٤:١٧ مساءً.
5,2026-07-09,"Plot: In Seoul's neighbourhood of Cheongpa-dong. you'll find a small convenience store whose patrons gave it the nickname of ""Inconvenience Store"". Owned by Mrs Yeom, a retired History teacher who cares about her employees more than anything, this convenience store isn't the best or most successful. But things change when Mrs Yeom crosses paths with the mysterious Dokgo, a homeless man with no memory of his past, whom she hires to cover the shop's night shift. Reactions: juskupo! ang ganda! i need a moment to process this but myghad i think ito na fave book natin for July:,) Dokgo, what a character! what a story! I hope this book be read by all wether your a bookworm or not and may it be discussed by as many book clubs out there as possible because like it said in the author’s profile, this is a complete story. Anyone can probably relate to any of these characters which were all given enough background stories for every chapter. Reading it felt like being in a koreanovela where every episode takes you deeper into the story of this little community and the simple, endearing characters in it. Something about convenience stores always makes me love the stories within it. If I were now to rank them- Convenience store woman would always be my number one, this second and The Convenience store by the Sea third. Any of them just outranks the other just a bit but I equally love all three. I hope I can talk to my friends about this book and discuss every detail and how it affected us. It’s a beautiful, hopeful, redemption story that everyone in whatever stature in life needs to read about. I Looove it!❤️ it’s everything that my soul yearns for when it comes to healing, slice of life Asian translations with sharp wit and emotional depth. 50pages in and I know it’s gonna be a 5star read already. I wasn’t ready though for that last beautiful chapter where everything unfolds and all our questions were answered. I read that as slowly as I can and by the last page it just cemented Dokgo as one of the most memorable, beloved, admirable characters I met this year. He mainly reminded of my Dad and how he did his best to provide and care for us but at the end of the day you come to realize that your parents are human and make mistakes too. I had a difficult relationship with ny dad growing up so that last chapter was quite heavy for me to go through. But i know now that even if he pushed my mom and I away, no matter what hurtful things happened in the past, the words that scarred me for life, the humiliation, self deprecation and that forever lose of confidence in myself, I would always love him. Always. We all need second chances in life, we are deeply flawed and sometimes there are mistakes and regrets that haunt and change us forever. This story reminded me that we should not judge people easily and that humble and kind people are out there, real, sincere relationships and connection with others can save you because they mirror things you may not be seeing in yourself. They see your light even if you have been keeping and living in all that darkness. I hope I can become someone like Mrs. Yeom someday- someone who sees the good in others despite of their appearance and I hope like Dokgo, i can become someone who sees the bridge not as an end but as a connection to something new. I know I am slowly getting there. I too, would carry on. Quotes: ""In the end, life boiled down to relationships, and relationships to communication. Happiness, I realized, wasn't far off. It was in sharing our hearts and minds with those around us."" “I'd ask what drove her. She said life was essentially a series of problems to solve. And since we're solving them anyway, we might as well pick the more interesting ones to tackle.” “They say they have the right to do whatever they want, but hey, that's not how life works. Life's not meant to be comfortable and convenient all the time.” ""We should be kind because everyone's fighting a hard battle."" ""Holding on to the belief that life had meaning and must go on, I, too, would carry on."""
4,2025-07-26,"Translated fiction? I'm down for it this year when I am deliberately reading more diversely. I was stoked when Harper Perennial granted me access to an E-Galley of this popular Korean book, The Second Chance Convenience Store, for review via #NetGalley. The views are all mine. If you're looking for a drama free story, one that speaks about the beauty and importance of human relationships, read this but don't be fooled. These simple interconnected stories which start and end with Mrs. Yeom, a retired history teacher and the owner of the Always Convenience store and Dok-go, whom we meet as a dirty, homeless man in the subway station, deliver a profound lesson on the empowering nature and importance of community, the adage -don't judge a book by its cover, and the redemptive power of second chances. Set in Seoul, Korea just before the COVID-19 pandemic was starting, the writing was so good I felt as though I was there in every story. I was eating the food, feeling the chill in the air, and rooting for everyone to grasp their second chances. Mrs. Yeom's kind offer of a job to Dok-go, and his acceptance of it, sets in motion a series of different events all centred around the corner store that could do better in a market where other stores provide what customers want. Suffering from memory loss and preferring the comfort of familiar surroundings at the station, the unkempt, clumsy and not talkative Dok-go, reluctantly agrees to work the night shift. Mrs. Yeom saw past his rough exterior and helped him. Like most teachers, she wouldn't accept his reluctance to work, to do and be better. He learns quickly how the store functions and slowly, his sincere interactions with staff and customers effect changes that redound to the benefit of the people and the store. He is an encourager, a helper, he is kind, and he has this way of helping people to see themselves in a different, more positive light, that in turn helps them to be a better person. The more he helps others, the more he remembers, or they help him recollect memories. He wants to remember who he was and if he had a family. I was sad when he did remember because you could see his was a heavy burden to bear. What I like about this story is how it depicts the mundane, the every day, ho hum of life and shows that it is something more. It shows you that sometimes, if you slow down, there could be some steady and long lasting connections. You can also see past the exteriors and realise that some people are lonely, hurting and carrying around pain that threatens to consume them but they can lighten that load through sharing, if you are willing to listen. If you dare to care. Honestly, this story reminded me of those days during the pandemic when supermarket employees noted they were seeing some of the same people each day despite the assigned shopping days. People longed for simple interactions with others then, and now. When people looked at Dok-go, they saw a ""bear"" like man. Initially, like individuals are apt to do, they only saw his exterior and quickly formed opinions. He was to them, a homeless person but when he cleaned up, ate regularly, and slept, he changed in their eyes. As he said, ""In the end, life boiled down to relationships, and relationships to communication. Happiness, I realise, wasn't far off. It was in our sharing our hearts and minds with those around us. It was something I'd learn over these past months at Always Convenience. No, I'd been learning it slowly over the years at Seoul Station, little by little, as I watched families saying goodbye to their loved ones, lovers reuniting, children accompanying their parents, and friends setting out together. ... I'd watch them, while sitting in my spot on the ground, while talking to myself, while pacing, while wrestling with my thoughts, until finally, I understood."" Yes, the end may have wrapped up neatly for some readers, but for me it was good because Dok-go remembered his past, the good and the ugly bits but he didn't wallow there. He decided to use his skills for good and help others during the pandemic. This book may cause you to rethink how much, or the things you take things for granted. It may also make you pause, re-examine what you do and how, if you truly saw someone you interact with regularly, if that could make a difference to them and you."
5,2026-02-09,"The Second Chance Convenience Store Author : Kim Ho-Yeon Translator : Janet Hong Trigger warnings : alcohol abuse, dementia, mental illness, addiction, trauma, suicidal thoughts, grief, & death. 70-year-old retired high school history teacher & business owner of Always Convenience, Mrs. Yeom Yeong-sook, took a train to return to Seoul Station after receiving a payphone call from a homeless stranger named Dokgo who found her missing bag with her wallet in it at the train station. After that fateful day, she offered him the store's ultimate lunchbox in Cheongpa-dong Green Hills, that he is entitled to get everyday as her way of gratitude for what he did for her. Within a few weeks, the store lost a part-timer to do the graveyard shifts. In order to keep the business going, Mrs. Yeom decided to give Dokgo the nightshift job, all the while saying that she is a good judge of character, & that he is a man of principle. As the story progresses, Dogko transformed into a great member of society wherein he pays forward the kindness he received to others. This eight-chapter novel shows the beauty in a compassionate community, how a simple act of kindness could cause a chain reaction having that ripple effect, impacting & even changing a stranger's life. Everybody deserves a second chance, so they say. I love that there are short stories for every character distributed in every chapter. In these way we get to get a glimpse of their background lore from Sihyeon one of the part-time employees on her coming-of-age tale, to Kwak the private investigator who was hired by the owner's son to investigate on Dokgo, but instead found his calling to switching to a new career. The last chapter was the twist I never expected. I was mindblown by Dogko's past as he puts his memories back slowly together like missing puzzle pieces. Heartwarming, feel-good, & uplifting. I was laughing & in tears while I was reading this book, definitely a treat to read! 5/5 ⭐️⭐️⭐️⭐️⭐️ P.S. Follow me for more book reviews on: ❥ Instagram @bookwormdenz ❥ Threads @denz.kaye ❥ Meta @bookworm.denz ❥ Goodreads @bookwormdenz"
5,2026-07-26,"""Неудобният денонощен магазин"" ме изненада много. Господин Докго живее на Сеулската гара. Той е с алкохолна деменция - не помни кой е, откъде идва, какво е имал преди. Когато намира чантата на госпожа Йом и я връща, тя импулсивно, без особена логика го кани да обядва в магазина й. После, след като той спасява магазина от обирджия, тя му предлага работа на нощна смяна. Нейните служители са шокирани. Синът й е бесен. Кварталът е скептичен. Тук е първото нещо, което Ким Хойон прави правилно - не обяснява решението й. Тя не го разяснява пред другите, не го разяснява пред читателя, не го разяснява дори пред себе си. Просто е взела решение и стои зад него. В свят, в който почти всеки персонаж е длъжен да обясни мотива си, нейното мълчаливо твърдоглавие е освежаващо до болка. Докго е написан с голяма нежност, но и с голяма сдържаност. Ким Хойон не го прави симпатичен по очевидни начини. Не е красноречив, не е харизматичен, не раздава мъдри съвети. Просто работи. Прилежно, тихо, с достойнство, което не изисква признание. Именно затова клиентите на магазина бавно, почти неволно, започват да му се доверяват. Не защото е направил нещо грандиозно, а защото е бил там, всяка нощ и не е изневерил на доверието им. Сега за критиките, защото има. Първата е структурна. Книгата е неравна по ритъм. Първата половина е сдържана и точна и те завлича с онова усещане, че четеш нещо, което не е писано за ефект. Към средата обаче темпото се разпада. Някои от историите на клиентите са твърде кратки, за да се развият правилно и се усещат като скици, а не като завършени истории. Авторът е бързал там, където е трябвало да пише по-дълго. Втората е синът на госпожа Йом, защото е единственият персонаж в книгата, написан без нюанс. Всички останали имат противоречия, имат причини, имат моменти на разбираемост дори когато не са симпатични. Синът е просто лош. Алчен, лишен от каквато и да е сложност. В книга, която иначе вярва в хората с такава последователност, той е пробив в логиката. Въпреки всичко това, книгата е прекрасна. Прекрасна е, защото е написана с вяра в хората, която не е наивна. Затова че добротата е избор, а не рефлекс, защото героите избират да бъдат добри. Оценка - 5/5 ⭐"
3,2025-07-10,"Cửa hàng tiện lợi bất tiện xoay quanh cửa hàng tiện lợi ALWAYS - Một cửa hàng tiện lợi nằm ở trong một ngõ nhỏ thủ đô hoa lệ Seoul.,sản phẩm kém đa dạng, doanh thu chỉ đủ để trả lương cho 3 nhân viên. Mọi thứ đã dần dần thay đổi kể từ khi anh chàng vô gia cư Dokgu trở thành nhân viên ca đêm của cửa hàng. Chủ của cửa hàng tiện lợi này là bà Yeom- một giáo viên lịch sử đã về hưu. Trong một lần bà làm mất chiếc clutch và bà đã gặp Dokgu và được anh giúp đỡ lấy lại chiếc túi. Để trả ơn Dokgo bà đã mời anh tới cửa hàng của bà làm nhân viên ca đêm. Mỗi nhân viên, mỗi vị khách đến cửa hàng đều có những câu chuyện, những vấn đề của riêng mình. Có cô sinh viên mới ra trường làm nhân viên ở cửa hàng tiện lợi trong thời gian tìm cho mình một công việc ổn định, có 2 người phụ nữ trung niên goá chồng, mất kết nối, không thể giao tiếp với những đứa con của mình, có một đàn ông trung tuổi luôn bị gánh nặng cơm áo gạo tiền của gia đình đè nặng trên vai, có một nữ diễn viên chuyển hướng thành biên kịch bị mất cảm hứng sáng tác, đang trên bờ vực giải nghệ. Điểm chung của tất cả những nhân vật này là đều tới ALWAYS và được anh chàng nhân viên ca đêm Dokgo lắng nghe và gỡ rối những vướng mắc đang gặp phải. Những vấn đề mà cuốn sách đề cập đến đều là những vấn đề rất gần gũi: sinh viên mới ra trường chật vật tìm một công việc ổn định; mất kết nối giữa các thành viên trong gia đình; gánh nặng cơm áo gạo tiền đè nặng lên vai những người làm cha; sự nghiệp xuống dốc. Ai trong chúng ta có thể dễ dàng bắt gặp hình ảnh của bản thân trong câu chuyện của những nhân vật - Một câu chuyện giản dị - Ấm áp tình người - Cuốn sách được viết trong bối cảnh dịch COVID 19 bùng phát, những chi tiết như: tất cả mọi người phải đeo khẩu trang khi giao tiếp với nhau, tích trữ khẩu trang, rửa tay bằng cồn sát khuẩn gợi mình nhớ lại về thời điểm dịch bệnh năm 2020 đầy lo lắng, bất an Note: Sách còn 1 vài lỗi chính tả"
4,2025-11-10,"""Tuomet Sonsukė suvokė, kad nė karto nebus nuoširdžiai išklausiusi sūnaus. Visuomet tik troško, kad jis gyventų, kaip norėjosi jai pačiai, - nesiklausė, dėl kokių rūpesčių ir sunkumų kadaise pirmūnu buvęs sūnus išklydo iš motinos jam nutiesto kelio."" Turbūt būsiu ne pirmas žmogus Lietuvoje, kuris susigundė pamatęs tą it cukraus vata saldų knygos viršelį. O ir žiedlapiais išmarginti puslapiai yra dar ir tas saldainiukas. Kaip ir knygos išorė, knygos vidus yra toks pat ramus ir švelnus. Nemeluosiu, kai pamačiau, kad tai yra korėjiečių autorės kūrinys iškarto tikėjausi labai daug sąvokų, kurios man būtų nežinomos. Bet gal dėl to, kad truputį moku šią kalbą ir domiuosi šia kultūra viskas ėjosi kaip per sviestą. O ir man įprastai sunkiai įkandamas korėjietiškas rašymo stilius šį kartą manęs per daug nekankino. Kaip ir minėjau kūrinio turinys yra labai švelnus ir per daug neapkraunantis. Siužetas neturi kažkokių sudėtingų išplėtojimų. Nors tekste paliečiamos temos kaip kančia, sąžinės graužatis ir pasitikėjimo paieškos, viskas yra pateikta labai paprastai. Gvildenamos ir vilties, ir atpirkimo temos, bet deja, jos yra pačioje pabaigoje ir dėl to knyga mano atžvilgiu negali gauti aukščiausio įvertinimo. Man patiko kaip iš lėto ir detaliai yra atskleidžiami kūrinio personažai. Kaip gražiai yra atskleidžiamos jų gyvenimo problemos, ir kaip gražiai jas padeda išspręsti tas vienas žmogus iš krautuvėlės. Ir neapsigaukite, ten tikrai nebuvo jokių supermenų su raudonais apsiaustas. Tai tebuvo paprastas, žmogiškas bendravimas ir draugiškas patarimas. Tai tikrai palietė mano širdį. Tekstas skaitosi lengvai. Jeigu žmogus turi ūpo, tai knygą galima įveikti per dieną. Man asmeniškai puslapiai plaukte plaukė ir tikrai neprailgino dienos. Lyginant su kitomis mano skaitytomis korėjiečių kilmės knygomis - ši yra geriausia, nes ji yra paprasčiausia."
4,2025-06-17,"وسأعيش متذكراً ان الحياة تستمر بطريقة ما، فقط إذا اصبحت ذات معنى! الكتاب الذي أخذته بالصدفة البحته ولم اخطط له رواية جميلة وحزينة بنفس الوقت ولكن تبث الأمل في قلبك بأن الأشخاص مهما كان ماضيهم يستطيعون التغير في حال امتدت لهم يد العون الرواية تشغل فيك جانب الرحمة وجانب اغفلناه تماماً بكثرة المشردين اللي مانلقي لهم بال ابدا الرواية لم تتحدث فقط عن المشرد بل ايضاً تحدثت عن قصص الموظفين في البقالة ومن يرتادون البقالة ايضاً رواية لطيفة جدا ً نهايتها صادمة وتخليك تفكر كثير بأن كل المشردين بالعالم لابد كان لهم ماضي ما احد يدري يمكن ان يكون شخصية مرموقة في مجتمعه وساءت به الاقدار أحد الاقتباسات في الرواية هي المشرد يحاكي نفسه لما اول مره ساعد شخص فيها "" شعرت حينها كم كانت مساعدة شخص ما تجربة مرضية ومجزية"" اقتباسات اعجبتني: "" ان السعادة ليست بالوصول الى ما تريده بل ان طريق الوصول بحد ذاته هو السعادة لذا عليك ان تكون لطيفا لان كل شخص تقابله يخوض معركة صعبة "" ""يشعر وكانه جندي عالق في خندق وقد نفذت ذخيرته ولم يتبق له خيار سوى التقدم بدون سلاح"" مشهد المشرد محدثاً نفسه لتجنب استعادة ذاكرته المؤلمة وماضيه السيء ١- "" كان علي ان اشرب المشروب البني الصافي حتى لا تداهمني شظايا تلك الذاكرة التي اقمعها سابقاً بالإفراط في احتساء الشراب"" ٢- "" أمضيت اياماً واياماً في تفكيك الذكريات واعادة تجميع مايتبادر منها الى ذهني شعرت وكأنني ادغدغ ثنيات عقلي باستمرار وكلما زادت معرفتي بنفسي زاد الالم والخوف والمقاومة الغامضة ولكنني لم استطع ايقافها"" واجملها حينما اتضحت له رؤية نفسه وماضيه ومن هو وماذا كان عليه وخروجه من المتجر للعودة الى ماضيه "" وشاهد الفجر الجديد من النافذة كانت الصورة الظلية لبرج نامسان في الافق تؤذن بقدوم يوم جديد!""🤍 حبيتها"
5,2022-06-24,"รีวิว: ร้านไม่สะดวกซื้อของคุณทกโก ‘ชีวิตคนเราคือการแก้ปัญหาอย่างไม่สิ้นสุด’ เรื่องย่อ: ‘ทกโก’ เป็นชายไร้บ้านผู้มีความทรงจำที่ขาดหาย วันหนึ่งเขาได้ช่วยเหลือเจ้าของร้านสะดวกซื้อเล็กๆ ไว้ เจ้าของร้านจึงตัดสินใจจ้างทกโกมาทำงานที่ร้าน จากคนไร้บ้านกลายมาเป็นพนักงานร้านสะดวกซื้อที่ต้องดีลกับลูกค้าแปลกๆ หลายประเภท เรื่องราวชวนอบอุ่นหัวใจของเหล่าผู้คนที่ได้รับการเยียวยาจากการมาร้านสะดวกซื้อได้เริ่มต้นขึ้นแล้ว 🏪ถึงแม้ว่าเล่มนี้จะมีตัวเอกเป็นคุณทกโก แต่วิธีดำเนินเรื่องคือแต่ละบทจะถูกเล่าผ่านมุมมองของลูกค้าไม่ก็คนในร้านสะดวกซื้อโดยจะเริ่มตั้งแต่เจ้าของร้านที่เป็นหญิงแก่, พนักงานหญิงที่ต้องมาสอนงานให้คุณทกโก, พนักงานหญิงเก่าแก่ผู้มีปัญหากับลูกชาย, พนักงานออฟฟิศผู้กำลังมีปัญหากับเรื่องงาน, นักเขียนผู้กำลังจะเลิกเขียนหนังสือ, ลูกชายไม่เอาไหนของเจ้าของร้าน, นักสืบผู้โดนว่าจ้างให้มาสืบเรื่องของคุณทกโก ก่อนจะปิดจบเล่มด้วยเฉลยเรื่องราวในอดีตของคุณทกโก 😍 เอาจริงๆ ก่อนหน้านี้เราพยายามเลี่ยงนิยายแนวอบอุ่นหัวใจเพราะเราคิดว่ามันน่าเบื่อ แต่เล่มนี้คือดีจริง อ่านเพลินและ feel good มาก ตัวละครคุณทกโกก็คือดีงาม อบอุ่นยิ่งกว่าไมโครเวฟในร้านสะดวกซื้ออีก อ่านไปได้แต่คิดไปว่า ถ้าแถวบ้านมีร้านสะดวกซื้อที่มีคนแบบคุณทกโกเป็นพนักงาน เราคงเป็นลูกค้าขาประจำที่ร้านแน่ๆ เอาเป็นว่าใครชอบนิยายแนวอบอุ่นหัวใจ หรืออยากอ่านอะไรเพลินๆ เราแนะนำเล่มนี้เลยค่ะ"
4,2025-01-04,"This was a sweetly written warm hug of a book. A homeless man returns a wallet and the owner, an elderly woman who owns a convenience store, gives him food as a reward. She tells him to stop by and get food when he needs, which already made me fall in love with her. But when he protects the store from some bad guys she offers him a job on a whim. This is met with concern from others as he is an intimidating homeless alcoholic who doesn’t seem to remember a thing from his past. As the book progresses we see him learn how to be a member of society again and how he and the surrounding neighbors affect one another in deep and intricately connected ways. Eventually the owner’s good for nothing son tries to dig up dirt on Dok-Go and we get to the meat of the mystery - but this isn’t a “what happened to him??” mystery/thriller type of book. Instead we learn about who he is and why he wound up where he was in a way that’s more heartbreaking in its humanity and emotion. You may guess the mystery before the end, but i think the journey and lessons are definitely more important than the end. This is a book about people and connection and how we affect others. It’s less mystery and more slice of life, but it all fit together very well. I loved the differing viewpoints and how his chapter ties it all up in the end. Lovely light book to read with a well-contained story that will leave you feeling warm in your heart and giving more consideration to each of your interactions with others. Would be a great palette cleanser book if you’re in between heavy-subject matter books. I received an ARC of this book for my honest review, but all thoughts are my own. Thank you to NetGalley and the publishers for the opportunity."
4,2025-07-30,"""Un hombre que lo ha perdido todo, salvo la fuerza de encontrarse a sí mismo"" Dokgo es un indigente al que el alcohol le ha hecho perder la memoria y no recuerda nada de su pasado, ni siquiera su nombre. Un día encuentra un monedero y se lo devuelve a su dueña, la señora Yeom, que en muestra de agradecimiento le invita a comer en su tienda siempre que quiera y, cuando surge la ocasión, le ofrece un trabajo. Dokgo aprovechará la oportunidad para integrarse de nuevo en la sociedad e ir descubriéndose a sí mismo a través de los demás. Una novela narrada de forma sencilla y amena, centrándose en un personaje diferente en cada capítulo, aunque todos ellos giran en torno al protagonista y la tienda en la que trabaja. Me ha sorprendido cómo un relato, aparentemente simple, profundiza en las relaciones interpersonales y ensalza el valor que tiene en la sociedad la ayuda a los demás. Cómo tendemos a prejuzgar a las personas por su simple apariencia y cómo la percepción cambia si les damos una oportunidad para conocerlas y entenderlas. Una historia conmovedora en la que las segundas oportunidades, tanto a los demás como a uno mismo, cobran protagonismo. Donde la sociedad juega un papel realmente importante en la reinserción de personas con problemas. Donde descubriremos que los problemas cotidianos pueden resolverse fácilmente si existe voluntad y estamos dispuestos a escuchar. Donde los errores del pasado nos pueden llevar a grandes acciones en el futuro. Una obra que pone de manifiesto la gran complejidad de las relaciones sociales y nos demuestra que siempre hay un rinconcito donde apaciguar nuestros demonios y dar descanso al alma. Este rinconcito podría ser La asombrosa tienda de la señora Yeom. Feliz lectura!!!"
3,2026-02-23,"3.5 ⭐️ When I Cube across a slice of life cozy book set in any type of buisness i will almost Surely read it. A good way to ease my Brain after five tough hours of consumer contract law. After reading so many books with this premise i can tell what sets the once apart from those that are annoying and boring. Its always better when the reacuring characters have a story that developes over the course of the other short stories. This book was luckily exactly like that. Another thing I hate is the jesusesque wise figure that with his endless wisdom, geniality and generesoty works wonders in the life of the conflicted Person seeking help or whatever. This Story took this idea but gave it a small twist. The characters somehow lost in their life perceive Dokgo as a goofy wise man but once the story moves to his pov we learn to understand that he never even intents to help anyone in particular and Talks to them in some way for his own benefit. A reaccuring Message seemed to be that dads should instead of wallow in their misery because they dont bring enough Cash Home just spend some casual time with their families…yes as often in this genre the Problems are dealt in a Short time hence lacking the depth that is actually due. Still i dont know why the author had to give me covid war flashbacks All in all a decent read but also predictable, nothing nor spcecial yet enjoyable."
3,2024-12-22,"Healing fiction, zo wordt dit genre boeken genoemd: verhalen die een helende werking op de ziel hebben. Dit was absoluut een mooi boek, over een buurtwinkel in Korea waar de dakloze Dokgo een baan aangeboden krijgt als nachtmedewerker. Dokgo is mysterieus, heeft last van geheugenverlies, is recht voor z’n raap en brengt iets met zich mee waardoor niemand hetzelfde blijft – inclusief hijzelf. Ik vond het een fijn en vermakelijk verhaal. Was het, naar mijn idee, healing fiction? Niet per se. Daarvoor was ik te veel onder de indruk van de hardheid en soms zelfs afstandelijkheid van de Koreaanse cultuur. Ik miste soms de diepere verbindingen (met zijn verleden, tussen de karakters… het blijft nog wat vlak op emotioneel gebied. Het greep me niet genoeg) en het gevoel echt te mogen vertragen. Ik geef het boek, ook om de prachtige cover, desalniettemin 3.5 sterren. Afgerond naar beneden deze keer."
4,2025-08-08,"""- Kai kas išklauso, palengvėja."" Knygos viršelis ir žiedlapiais išpuošti kraštai tiesiog gundo. Atrodo tokia miela ir jauki knyga. Niekaip neįstengiau atsispirti... Tai štai 🥹 ""Koks jausmas, kai dvidešimt keturias valandas per parą, septynias dienas per savaitę, ne visuomet, galvoji vis apie tą patį?"" Veiksmas vyksta Pietų Korėjoje. Tekste yra nemažai tradicinių žodžių, bet vertimai gelbėja, nors ir teko pasitelkti google, kad įsivaizduočiau kas tai per dalykai. Knygos pavadinimas jau sufleruoja, kad veiksmas bus apie mažą krautuvėlę. O jos savininkė man pasirodė labai kilni ir didelės širdies. Ji rūpinasi kitais ir užjaučia. Retas, kuris dėl kitų padarytų tiek kiek ji. Ar tai ne kilniaširdiškumas? ""Kai geriau pagalvoji, kaip ir klientai, šeimos nariai irgi yra vienas kito gyvenimo kelionėje sutikti svečiai, ar ne? Nesvarbu, kad ir kas jie bebūtų – VIP ar nekviesti svečiai – nieko neįskaudintum, su visais elgdamasis kaip su krautuvės klientais. "" Tai istorija kaip maži dalykai, gali atnešti gėrio ir naudos. Net dalindamasis širdimi su aplinkiniais Dokas sulaukė laimės. Būtent to išmoko dirbdamas Always krautuvėje. Pabuvęs toje krautuvėlėje tarsi pasidarai kitoks. Geresnis. Bet ir gerumas tau gryšta su kaupu. 💜3.8🍙"
3,2025-10-15,"2.8 stars (rounded to 3). I think I’d give this book a bit more than two stars, probably around 2.8. It was such a cozy read and really fits the kind of stories we’ve been seeing lately: small towns, bookshops, comforting settings, and warm characters. I got really attached to the main character and the store owner; they felt so genuine, real, and kind. Maybe that’s actually what frustrated me a bit: I wanted more time with them, but there were so many other characters that their stories didn’t get the space they deserved. The pacing was a bit uneven too… some parts dragged on while others felt rushed. Still, the emotional tone of the book was strong, and that’s not easy to pull off. A lot of books don’t manage to create that kind of connection. What bothered me the most was that the relationships between the characters felt rushed and a little forced, like they were just tied together to make the story work. I really wanted more depth and time for the characters to grow and connect naturally. Overall, it’s a lovely story with a lot of heart. I just wish it had gone a bit deeper into the relationships, because the author definitely has the ability to do that."
2,2025-11-26,"De buurtwinkel van tweede kansen bleek helaas niet het juiste boek voor mij. Dit was mijn eerste ervaring met healing fiction, een genre waar ik erg nieuwsgierig naar was. Ondanks mijn interesse merkte ik al snel dat het verhaal me simpelweg niet wist te grijpen, hoe graag ik het ook een kans wilde geven. We volgen Dokgo, een man die dakloos is geweest en mevrouw Yeom, die als een van de weinigen vriendelijk voor hem is. Zij bied hem eten en later zelfs een werkplek. Hoewel dit een mooi uitgangspunt is, vond ik vrijwel iedereen in het verhaal op mevrouw Yeom na opvallend hard en gemeen tegen hem. Pas tegen het einde lijken mensen hem eindelijk te waarderen, maar voor mij kwam dat te laat om echt geraakt te worden. Daarnaast stoorde ik me aan het benoemen van Covid in het verhaal. Dat is iets waar ik persoonlijk niet graag over lees in fictie het haalt me uit de ervaring in plaats van dat het iets toevoegt. (I know this is a me problem) Kortom: dit boek heeft ongetwijfeld zijn publiek, maar ik hoor daar helaas niet bij. 😬"
4,2024-03-25,"¡Qué lectura tan entrañable! Me ha gustado mucho, ha sido un gran descubrimiento. #Marzoasiático ¿Qué encontraremos en LA ASOMBROSA TIENDA...? - Seis historias en seis capítulos, con seis puntos de vista: visitantes de la tienda, personajes relacionados entre sí. - Una moraleja bonita y realista, sobre la importancia de la redención y la superación, la bondad en un mundo cruel. - La cultura coreana en su esplendor: relaciones entre hijos difíciles y madres estrictas, padres de familia, negligencias, prejuicios, la vida nocturna en una tienda de conveniencia. - Guiños a la cultura pop. - Diálogos amenos, descripciones bonitas y metáforas fáciles de seguir, sin demasiada pompa. El estilo del autor es sencillo pero agradable de leer. - Personajes entrañables que en tan solo 200 páginas se hacen un huequito en tu corazón. Mi favorito es Dokgo junto a la señora Yeom."
4,2025-01-11,"Un libro muy bonito Nuevamente nos adentramos a la cotidianeidad de las historias asiaticas, esas que te hacen sentir cerca de los personajes y pensar que cada uno de nosotros tambien enfrentamos problemas y situaciones dignas de relatarse y de compartir. Durante la historia nos encontramos con varios personajes con sus propias motivaciones, objetivos y desiluciones, que poco a poco se van resolviendo gracias de alguna manera al apoyo desinteresado de ""Dokgo"" un indigente con amnesia al que la señora Yeom decide contratar para cubrir el turno de la noche, una decisión que cambiara la vida de ambos y de muchos otros El indigente comenzara a recuperar pedazos de su pasado gracias a esta ayuda desinteresada y que él sin saberlo, nunca habría brindado en el pasado por su antiguo caracter soberbio. La recomiendo mucho!"
5,2025-02-19,"Cogí este libro con emoción y escepticismo a partes iguales. Hace años, cuando salió en Corea, me enteré de todo el fenómeno superventas en torno a él, así que mis expectativas partían por lo alto, pero como últimamente parece que se está explotando mucho la narrativa ""comfy"" o ""healing"" me daba miedo encontrarme con una obra más bien simplona. Pues me alegra decir que esta novela no solo me ha gustado, sino que me ha encantado y me ha dejado el corazón muy calentito 🥺 La historia comienza cuando una anciana, dueña de una tienda 24h, pierde su monedero y quien lo encuentra y se lo devuelve resulta ser Dokgo, un hombre sin-techo que además por sus problemas de alcoholismo no recuerda nada de su vida antes de la calle. Al notar que, a pesar de su situación, Dokgo es una persona con buenos valores, la señora decide contratarle para que cubra el turno nocturno de la tienda. A partir de entonces, Dokgo se relacionará tanto con los demás trabajadores como con los clientes, y de alguna manera acabará influyendo para bien en sus vidas, mientras él mismo recupera poco a poco sus recuerdos y aprende mejor a relacionarse. Es una obra muy ligera, escrita en un tono poco recargado que fluye muy bien. Cada capítulo se centra en un personaje, del que se nos relata su vida y problemas personales. Asistimos a cómo se acaban cruzando con Dokgo u otros de los personajes y cómo, a pesar de las reticencias y prejuicios que tienen al principio, estos encuentros suponen para ellos un empujón en la dirección correcta. Las historias de estos protagonistas son muy reales y se sienten muy cercanas. Personas que no encuentran su camino en la vida, jóvenes que se enfrentan a la dificultad de conseguir empleo o estabilidad, otros que no logran encajar en la sociedad o que han tomado malas decisiones y deben aprender a vivir con sus errores... (Hasta hay aparición del COVID, con todas las incertidumbres que la pandemia trajo) En mi caso ha habido un par de personajes con los que he conectado especialmente y me he visto reflejada en sus dilemas, así que eso ha enriquecido la experiencia para mí. En definitiva, es una de esas novelas que a lo mejor no te parecen una obra maestra pero de las que disfrutas cada página y las terminas con una sonrisa en la cara y pensando ""me alegro mucho de haberme cruzado con este libro"". Muy muy recomendada y ojalá pueda hacerme con la segunda parte."
4,2025-04-08,"La asombrosa tienda de la señora Yeom ha sido una lectura muy reconfortante, de esas que te hacen desconectar y te dejan con una sonrisa. La historia arranca en una pequeña tienda 24h de barrio en Seúl, donde la señora Yeom, ya jubilada, decide ayudar a Dokgo, un hombre sin hogar con amnesia. A partir de ahí, vemos cómo él y otros personajes van encontrando poco a poco su lugar gracias a interacciones que van teniendo con él. Me ha gustado que no busque grandes giros ni dramas intensos, sino que se centre en lo cotidiano, en esos pequeños gestos que pueden marcar la diferencia. Tiene un toque muy humano y esperanzador. Si buscas una historia sencilla y con buen fondo, no puedes perderte este libro🍱"
3,2026-06-26,"Tengo la piel de gallina. Y no es porque sea una historia de grandes giros ni de momentos exagerados, sino todo lo contrario: de pequeñas conversaciones, encuentros y personas intentando volver a encontrarse a sí mismas. La tienda y cada uno de los personajes se convierten en una forma de hablar sobre las segundas oportunidades, sobre las personas que están perdidas y sobre cómo un pequeño gesto puede cambiar el camino de alguien. También me ha gustado mucho la forma en la que muestra la importancia de ser escuchado. Cómo alguien que parece no tener nada especial puede estar cargando con muchísimo por dentro, y cómo encontrar un lugar donde sentirse visto y aceptado puede ser suficiente para empezar a cambiar. Quizá en algunos momentos es demasiado tranquilo y no ocurre demasiado, pero creo que precisamente ahí está parte de su encanto. Es un libro para leer despacio, quedarse con los pequeños detalles y disfrutar de esa sensación de calidez que deja al terminar. Una historia sencilla, pero con muchísimo corazón. ""Me giré para mirarla. ¿Era ella mi madre desaparecida? ¿O mi difunta abuela, que había cuidado de mí? ¿Quién era? La abracé y le dije con voz temblorosa: –Ha salvado a alguien que… debería estar muerto… Me siento avergonzado, pero… intentaré vivir. Como respuesta, me abrazó y me acarició la espalda con sus pequeñas manos."""
5,2023-11-20,"IHH SUKA BANGEEETT!! Gatau ya mungkin karena emang lagi mood utk baca buku setipe ini apa gimana, yg jelas aku suka banget buku ini. Aku suka storytelling-nya, tokoh-tokohnya jugaa, suasana minimarket yang cukup terasa, dan terjemahannya yang oke. Buku ini membuatku bertanya-tanya siapa sih si Dokgo ini sebenarnya, tapi di saat yang sama ga bikin aku pengen buru-buru menyelesaikannya (malah rasanya gamau kelar😭) Banyak bagian yang heartwarming, banyak pula yang bikin merenung. Intinya aku suka bangeeet dan menurutku buku ini sangat recommended terlebih buat kalian yang memang suka baca novel2 korea/jepang. Full review akan aku up di ig (@nge.review) seperti biasa yaaa!"
4,2025-03-06,"4,25⭐️ De longe a longe gosto muito de ler este tipo de livros. Normalmente não é nada de revolucionário, mas é feito de uma forma que acho mesmo bonita. Nem sei bem explicar, contudo a estrutura do enredo e a forma como tudo se alinha no fim parece-me até um pouco poética. Percebo que é algum comum na literatura asiática. Como disse, esta não é uma história que vai mudar a vida do leitor (pelo menos para mim), o enredo pode até ser previsível em determinados momentos. Ainda assim é uma leitura muito prazerosa de ser feita, bastante fluída e com personagens de quem gostei bastante."
4,2026-01-24,"Nuostabi knyga, kurią skaitydama jaučiau šilumą ❤️ Vakaruose tokio tipo knygos nėra labai dažnai rašomos (jei iš viso tokių būna), tačiau slice of life žanras yra mano vienas mėgstamiausių. Tokio tipo knygų aš imuosi, kai noriu pasijusti gerai, kai noriu šiek tiek ištrūkti iš realybės, bet kartu joje būti. Šiai knygai nereikėjo reikšmingų įvykių, gilių emocinių scenų ar šokiruojančių reveal’ų. Tai labai gyvenimiška knyga, kurios įvykiai papasakoti kelių veikėjų akimis. Skaitydama apie juos aš su jais susitapatinau, bet neprisirišau. Man buvo gera matyti kaip jie susidoroja su savo problemomis ir kaip gerumas ir supratimas yra atlyginami tuo pačiu. Labai rekomenduoju ❤️"
4,2026-01-29,"Me ha sorprendido para bien. Me esperaba encontrar un libro ligero, sobre la vida cotidiana y sus percances. Pero la verdad es que las conexiones que se generan a traves de la tienda y Dokgo estan sutilmente narradas y pensadas. Cada capitulo te presenta un personaje, que esta de paso por el barrio o que vive en el, y como la buenas formas y el ayudar puede crear un punto de inflexion en ella o al menos hacer su dia mas llevadero, con esta filosofia nos sumergimos en el libro. Desde un padre de familia, hasta el hijo de la dueña de la tienda, o a nuestro protagonista principal que gracias a la oportunidad proporcionada intenta recuperar su vida o al menos la memoria."
5,2024-04-26,"“La asombrosa tienda de la señora Yeom” me ha fascinado. Trata de forma bastante fidedigna la sociedad contemporánea coreana, marcada por temas centrales como la competitividad o la explotación en el ámbito laboral. Además, se abordan otros temas tales como el fracaso, la vejez, la jerarquía social/laboral, la individualidad…aunque con un halo maravilloso de humildad y humanidad. Mención especial a Ainhoa, la traductora, por su fascinante traducción, por esos giros y reflejos culturales tan bien llevados a la lengua meta."
4,2025-04-30,"เล่มนี้อ่านแบบไม่ได้คาดหวัง คิดว่าเป็นฟีลฮาวทูฮีลใจ แต่แท้จริงแล้วคุณทกโกมาพร้อมความอบอุ่นใจ ชายไร้บ้านที่หลงลืมเรื่องราวสำคัญของตัวเอง เปลี่ยนแปลงชีวิตได้เพราะได้รับโอกาสจากคุณเจ้าของร้านสะดวกซื้อ และคุณทกโกก็ได้เปลี่ยนความคิดของคนรอบข้างด้วยคำพูดซื่อๆ ตรงไปตรงมา แต่สะกิดใจคนฟัง หนังสือไม่น่าเบื่อเลย อ่านสนุก บางครั้งแอบเห็นความเป็นตัวเองในบรรดาผู้มีปัญหาชีวิตที่มาปรึกษาคุณทกโก และทำให้ได้คิดว่า ""ปัญหาหนักหนาสาหัสที่เรามองว่าแก้ไขไม่ได้เอาเลยนั้น ถ้าเราเปลี่ยนมุมมอง ถอยหลังจากปัญหา เปลี่ยนบทบาทตัวเองจากผู้เล่น เป็นผู้ชม บางทีทางแก้มันอาจอยู่ใกล้ๆ แค่นี้เอง"" #ร้านไม่สะดวกซื้อของคุณทกโก"
4,2025-07-26,"""Frau Yeoms kleiner Laden der großen Hoffnungen"" ist eines dieser cozy Slice of Life Büchern, in denen nicht viel passiert, die einem aber dennoch im Kopf bleiben. An sich begleitet man das ganze Buch über die Geschichte eines Obdachlosen, der in einem Convenience Store arbeitet und da mit vielen Vorurteilen konfrontiert wird. Der Plotttwist war für mich am Ende der ausschlaggebende Grund, warum mir das Buch so gefallen hat. Typisch koreanisch dramatisch, aber irgendwie auch sehr menschlich. 7/10⭐"
3,2025-09-08,"Dokgo, un hombre sin hogar y sin memoria, recibe una segunda oportunidad trabajando en el turno de noche de una pequeña tienda. Allí, sus interacciones con los diversos clientes del barrio no solo comienzan a cambiarles la vida a ellos, sino que también le ayudan a reconstruir la suya. Me encantó la idea de cómo las conexiones humanas pueden sanar, y hay personajes que son un verdadero tesoro. A pesar de eso, no pude evitar sentir que la trama se estancaba a ratos, perdiendo la magia inicial. Es una historia amable, pero le faltó esa chispa para enamorarme por completo."
4,2025-10-13,هذه حكاية بسيطة وهادئة عن متجر بقالة تملكه امرأة مسنّة تمر وموظفيها كل يوم بالعديد من المواقف التي تترك شعوراً غريباً ودافئاً في قلب القارئ. حكاية رجل مشرّد كان عالقاً في إدمان الكحول، ليجد في المتجر الصغير بدايته من جديد. الجميل هنا أن الكاتب يترك القصة تمضي بهدوء: بين رفوف البقالة، ودخان الحساء الساخن، والحوارات القصيرة المقتضبة. لا شيء صاخب، لا ضوضاء ولا تسارع، لكن إحساساً غامراً يظل يتمدّد عبر خلاياك، إحساس بأن فرصة أخرى لربما تكون ممكنة. هذه رواية آسيوية أخرى من تلك التي تترك شعوراً مريحاً بعد الانتهاء منها. ولربما تكون هذه الأكثر واقعية والأقرب للقلب.
4,2025-11-25,"3.5 stars ✨ This book feels warm and quiet, like being reminded that even lost people can find their way back to themselves. I love how it shows that kindness, even the small kind, can change a whole life. It teaches us that healing doesn’t always come from big moments, sometimes it comes from people who simply stay. One line that stayed with me: “Rivers aren’t there to drown you, but to be crossed.” A simple story, but full of heart. It reminds you that everyone deserves another chance, including yourself."
5,2026-02-07,في الحقيقة احترت كتير المفروض اقول ايه عن الرواية دي علشان أوفيها حقها واشرح اد ايه هي حكيمة ورائعة ! لما اشتريت الرواية وشفت جملة سلسلة الخيال الشفائي احترت وتسائلت يعني ايه خيال شفائي ؟ إلا انني فهمت معنى الجملة بعد اول كام صفحة .. ببساطة شديدة جدا الرواية دي بتسرد الفرق الكبير بين الانانية والعطاء .. الانانية هتدمر حياتك وهتفض الناس من حواليك بينما العطاء والإحسان هيشفوك وهينوروا ظلام قلبك وسمائك .. ربنا بيقول في سورة الرحمن : هَلْ جَزَاءُ الْإِحْسَانِ إِلَّا الْإِحْسَانُ وفي الرواية دي قدرت افهم اد ايه فعل احسان صغير ممكن يغير حياة شخص ١٨٠ درجة .. بل ويرجع له الحياة نفسها الرواية ببساطة بتتكلم عن سيدة سبعينية هتفقد محفظتها وفيه مشرد هيلاقيها وهيرجعها لها فهتقرر انها تهتم بيه وتوفر له وظيفة في متجر البقالة الخاص بيها بالرغم من ماضيه المجهول حتى بالنسبة له هو شخصيا .. وبمساعدة السيدة دي وموظفين المتجر هيتحول لموظف شاطر جدا وهيساعد عدد من زوار المتجر انهم يلاقوا طريقهم وبوصلتهم في الحياة وفي اثناء فعله ذلك هترجع له ذاكرته وهيكتشف ماضيه اللي كان بيهرب منه .. النهاية رائعة والترجمة ممتازة استمتعت بيها جدًا .. واقدر اقول انها لحد الان احلى رواية قرأتها منذ بداية العام الجديد ****** - يجب ألا يترك بعضنا جروحًا لدى بعضنا الآخر - إذا كنت تريد حماية أفراد عائلتك عليك أن تكون صادقًا معهم - إن من يستحقون التقدير في هذا العالم هم الأشخاص الذين يشعرون بالآخرين - كنت أقف بجانبها كما لو كانت جهاز تنفس يبقيني حيًا
5,2026-06-18,"Another banger I’d say! Although this one has a little more mystery and one idea less stringing of feelings, it was a very good read. The vibes are also a little different, we have different POVs of different characters but they all follow similar timeline and revolve around the store and our mysterious homeless guy that turns to be our main character. And we have different struggles of our characters, how they handle it and how nicely their stories end. Well, more like hopeful! It’s not obvious how every story ends, or well it’s obvious that it’s a happy for one, annoying for others, but they’re all hopeful because as a reader, we can think further. Maybe the son will finally get his stuff together and stop pestering his mother about selling, maybe the other son would finally figure out his life together, and so on. I read it for a day because I couldn’t put it down, I was so curious what else would happen and who our homeless guy was. And I was happy with the ending, because sometimes the second chance is what makes better and in this case, I could see it clearly and even cheer up for the characters."
4,2024-03-27,"Ich fand dieses Buch absolut bezaubernd. Die Geschichte dreht sich um Dok-go, einen Obdachlosen, der unverhofft als Aushilfe in einem Convenience Store angestellt wird und in seiner Rolle dort das Leben von sehr vielen, komplett unterschiedlichen Menschen berührt und verändert. Es las sich wie eine Sammlung wunderbarer Kurzgeschichten, die aber alle miteinander verwoben waren und war sehr berührend, witzig und, vor allem am Ende, richtig spannend."
4,2024-04-09,"To był bardzo cozy read! Mega urocza lektura, to jest taki miodek na serduszko. Bardzo mi się podobały wszystkie postacie, choć z początku nie każda z nich da się lubić. Dokko jest po prostu świetny. Fakt tego, że jest on owiany mocną tajemnicą, nikt nie wie skąd się wziął, kim był, a nawet jak się nazywa.. A jednak urzeka nas jego historia i spojrzenie na świat. Książka cacko, leci na specjalną półkę w moim serduszku, a ja czekam na następne książki autora w Polsce 😊"
5,2024-08-23,"Una lectura reconfortant que et torna la confiança en les persones, que et dona pau, que t'abraça. M'ha agradat molt. Ha sigut una lectura d'hospital acompanyant la meva mare i m'ha omplert de serenor. Algunes reflexions que no vull oblidar: ""La vida es lo que pasa mientras resuelves problemas"". ""La felicidad no se encuentra en la meta después del camino, sino que el propio camino es la felicidad"". ""Debes ser amable con todas las personas de tu alrededor, porque todo el mundo está luchando una dura batalla"". ""Al final, la vida son relaciones y las relaciones son comunicación. Había comprendido que la felicidad no estaba lejos, que sólo tenía que compartir mi corazón con las personas de mi entorno""."
4,2024-09-23,"La atmósfera acogedora de ""La asombrosa tienda de la señora Yeom"" se siente casi tangible a lo largo de toda la novela. Kim Ho-Yeon crea un mundo lleno de personajes comunes y a la vez extraordinarios, con situaciones cotidianas que, sin embargo, nos tocan en lo profundo. Más allá de ser una simple historia de redención, este libro es un canto al optimismo y una invitación a valorar las pequeñas cosas. Recomendado. 7/10"
4,2025-08-14,تحكي الرواية قصة دوكجو، رجل متشرد فقد ذاكرته بسبب إدمانه على الكحول، يعيش في محطة قطار سيول. تلتقي به السيدة يوم صاحبة متجر بقالة صغير عندما يعيد إليها محفظتها المفقودة فتتعجب بأمانته وتعرض عليه العمل ليلاً في متجرها . خلال عمله في المتجر أثناء المناوبات الليلية يكتسب الرجل ثقة الزبائن ببراءته وعفويته ويبدأ يقدم لهم النصائح ويساعدهم في حل مشاكلهم بلمسة إنسانية جميله ومع مرور الوقت يعود إليه ماضيه ويستعيد ذاكرته مما يدفعه إلى مغادرة المتجر لمواجهة أخطائه وتصحيحها .
4,2026-03-08,"This Korean story was translated to English by Janet Hong who is based in Vancouver Canada. It is a slice of life literary fiction about a small convenience store in Korea and the people who come and go from there, some who are forever changed for the better. As the cover says, it is a heartwarming tale of redemption and community. The Korean names and places were a little confusing for me but didn’t spoil the essence of the novel."
4,2026-03-08,"4.5 ⭐️ La asombrosa tienda de la señora Yeom es una historia que nos enseña que la bondad no está perdida y que la vida nos hace pasar por cosas inconvenientes para poder alcanzar nuestras metas. En esta historia nos centramos en 8 relatos interconectados por un personaje, Dokgo, una persona que vive en la calle; y que un encuentro con una dueña de un negocio de 24 horas le cambia la vida. Sin embargo, a través de cada relato nos damos cuenta que él le cambia la vida a todas las personas que lo rodean. Una lectura rápida, que te harán sentir nostalgia y esperanza en cada página."
3,2026-05-07,"Ένα βιβλίο για τις δεύτερες ευκαιρίες και το δικαίωμα μας να «επιστρέψουμε» στη ζωή ακόμα κι όταν το παρελθόν μας έχει τσακίσει τόσο που έχει σβηστεί από τη μνήμη μας. Αγάπησα την κ. Γιομ, η οποία τόσο απλόχερα προσέφερε τη βοήθεια της στον άστεγο Ντόκγκο, που με τη σειρά του, έστω κι ασυναίσθητα, άλλαξε τη ζωή τόσων ανθρώπων, βιώνοντας, ταυτόχρονα, το δικό του γολγοθά. Σύντομο, ευκολοδιάβαστο με όμορφα μηνύματα!"
5,2023-08-17,เข้าใจในความดีงามของหนังสือเล่มนี้เลย จริงๆไม่ได้ตั้งใจจะซื้อเลย เพราะเห็นหนังสือพวกร้านๆเยอะไปหมด แต่ก็ซื้อเพราะแค่เห็นรีวิวว่าดี ว่าสนุก อบอุ่นหัวใจ แล้วก็เป็นแบบนั้นจริงๆ ชีวิตเราต่อให้จะล้มขนาดไหน ยังไงก็ต้องเดินหน้าต่อไปอยู่ดี มีประโยคที่อินมากๆเพราะตัวเราก็เคยผ่าน’จุดนั้น’คล้ายกับตัวละครในเรื่องเหมือนกัน :) ‘แม่น้ำไม่ได้มีไว้ให้เราทิ้งตัวลงไป แต่มีไว้ให้เราข้าม สะพานก็เป็นที่ที่เอาไว้ก้าวข้าม ไม่ใช่ที่ที่มีไว้ให้เรากระโดดลงไป’
3,2024-03-17,"Un libro leggero, con una storia semplice che trasmette positività. Un testo senza grandi pretese da cui però si possono intuire alcuni aspetti della società coreana: la pressione sociale rispetto allo studio e al lavoro, la solitudine degli emarginati, il ruolo dei minimarket, la chirurgia estetica. L'ho letto principalmente per curiosità, visto il grande successo che ha avuto in patria."
3,2024-03-20,"Ciepła, przyjemna, pokrzepiająca. To lekka opowieść o ludzkich troskach. Początek i zamysł bardzo mi się podobały - historia bezdomnego, który zostaje zatrudniony na nocną zmianę w sklepie i dzięki temu może pomóc innym. Jednak wraz z kolejnymi rozdziałami moje zaangażowanie było mniejsze, nie interesowały mnie losy dalszych bohaterów, ale z każdej historii można coś wynieść."
3,2024-07-25,"Literatura cozy, optimista. De esa en la que la gente se da segundas oportunidades y sana. Personajes que te acompañan durante la lectura y remolonean para quedarse un poco más. Y con el añadido de asomarse a la sociedad y costumbres koreanas. Pero a la vez no acaba de funcionar del todo, el orden del relato no me acaba de cuadrar y la resolución parece facilona pero no satisfactoria del todo. Pero es lectura rápida y cozy. De vez en cuando es confort food."
3,2024-10-29,"Me ha gustado. Muy tranquilito y costumbrista. Tiene varios personajes que te cuentan un poco su historia, lo que hace sencillo el acabar viendote aunque sea un poco reflejado en la situación de alguno. Te deja ver un poco como es la sociedad coreana, que deja mucho que desear. Un librito para leerse tranquilamente con tu té/café y pasar el rato."
1,2024-11-26,"Muy aburrido... Lo estaba escuchando en audiolibro, me queda 1h para acabarlo pero no puedo más... no estoy escuchando nada porque quería acabarlo pero esque nunca me apetece seguir. Va contando algunas historias, alguna está bien, pero la mayoria muy sin más. Quizás no lo he cogido en el momento oportuno."
4,2024-12-12,"Um livro sobre segundas chances e o impacto de pequenos atos de gentileza. Contada através dos pontos de vista de diferentes personagens que trabalham numa discreta loja de conveniência e dos clientes que a frequentam, a história acompanha as pequenas e grandes mudanças ocorridas na vida de cada um deles após seus encontros com Dok-go, um ex morador de rua que perdeu suas memórias. Comovente e atual, ""A Inconveniente Loja de Conveniência"" trata de empatia e da importância de enxergar além dos próprios preconceitos, ao passo que expõe diversas facetas negativas da sociedade coreana no século XXI, muitas das quais são intergeracionais."
5,2024-12-15,"Prachtig boek vol diepgang over tweede kansen in het leven en hoeveel je als mens voor elkaar kan betekenen. Ieder hoofdstuk een inkijkje in het leven van iemand gerelateerd aan de buurtwinkel. Ik wilde alsmaar door blijven lezen om te weten hoe het verder ging en wie die mysterieuze, barmhartige Dogko nou is en wat hem is overkomen. Meer Healing fiction alsjeblieft!"
3,2025-08-09,"2.5 ✨ This was my first ever translated read This was a somewhat cozy read about stories of customers and workers at a convenience store in Korea, based around a man who is homeless who begins working the night shift here It was an enjoyable read but I did find myself losing interest in some points - an easy winters day read for sure"
1,2026-07-04,شيء سيئ جدًا، ممل وسخيف إلى أبعد درجة. حرفيًا كأني أتابع حلقة وحدة من كيدراما باهتة ومملة. يالله! الحوارات كانت من أسوأ ما في الرواية؛ سخيفة، سطحية، وساذجة، ولا تحمل أي عمق أو إبداع. وفوق ذلك، السرد كان مربكًا، لدرجة أنك ما تعرف هل الشخصية تتحدث مع شخص أو أن الكلام مجرد أفكار تدور في رأسه. حسيت ان الكاتبة تتابع المسلسلات، وكلما رأت حدثًا أعجبها نقلته إلى الرواية دون أن تضيف له لمستها الخاصة أو تبني فكرة جديدة. في النهاية، كانت تجربة مملة.
3,2023-01-29,"Sungai bukanlah tempat untuk jatuh, tetapi tempat yang harus diseberangi. Jembatan adalah tempat untuk menyebrang, bukan untuk melompat. These two the only things i like in this book."
4,2024-02-09,"Ele me lembrou bastante o estilo do antes que o cafe esfrie e o gato que amava livros, não referente a temática, mas sim capítulos que são microhistórias e que de alguma forma elas podem ou não estar relacionadas entre si e que trazem uma mensagem de reflexão. Eu adoro livros assim porque acho fluido e leve de ler, e que ao mesmo tempo dá aquela mensagem no final 👌 Gostei de como as historias foram amarradas tb"
4,2024-06-12,"Ciepła, prosta i lekka książka. Ogólnie bardzo dobrze mi się ją czytało i byłam zaangażowana, ale momentami było nieco monotonnie. Może nie jest to coś wyjątkowego, ale trafiła do mnie i myślę, że ją zapamiętam. Troche taka książka-kocyk :)"
5,2024-08-06,"God this book was amazing from the beginning to the very end. His transformation throughout the book was amazing, and all the other character's stories were super interesting and emotional! And the last chapter when it's suddenly written from his perspective and we get to see how he perceived all the events in the book was just *chefs kiss* Honestly if I ever go to Korea I hope I'll get to see the theatre version of this cause it looks awesome as hell."
3,2024-08-22,Mi primer libro de un autor coreano . Muy interesante esa mirada sobre lo cotidiano del ser humano . Como dice uno de los personajes la vida consiste en ir enfrentándose y resolviendo los problemas del día a día … Rl final me parece un poco forzado
4,2025-01-24,"4 ⭐️ Jestem naprawdę fanką tego typu książek, czytając je czuję jakiś spokój na sercu Bardzo mi się podobał pomysł tej książki i jak autor pokazuje że rzeczywiście życie nie jest łatwe i każdy człowiek ma swoje własne problemy z którymi walczy i czasami jesteśmy tak zagubieni i pogrążeni we własnym smutku że nie zdajemy sobie sprawę z tego że wystarcza mała zmiana lub wskazówka żeby w jakimś stopniu rozwiązać te problemy. Polecam bardzo 💛"
3,2025-05-27,"He leído libros de 800 páginas en la mitad de tiempo de lo que me ha costado leer este con 280. Es la típica historia de cadena de favores, todo comienza cuando una señora pierde la cartera y un indigente la recupera y la busca para entregarla, ahí se creará un vínculo que perdurará hasta la última pagina de la historia. Demasiado lenta e intimista para mí gusto."
4,2025-06-11,"3,75/4 El libro te hace ver cosas del día a día como algo precioso. Incluso te hace replantearte cuánta culpa tiene la gente de sus desgracias, las consecuencias de no tener una comunicación sana, siendo esta un requisito para formar una familia. Corto, simple y bonito."
3,2025-06-22,"(Rounded up to 3.5) Translated fiction seems to be really having its moment in the spotlight in the bookish community recently, and I'm all the way here for it! The Second Chance Convenience Store is a gorgeous story of second chances, redemption, and hope, and I really enjoyed it. I love these stories that actually are just about humanity. Nothing remarkable really happens, and they have a quietness to them, but they cover so many themes and just feel so lovely to read, like they restore my faith in people. The sense of community and kindness for someone who's experiencing homelessness and the way he pays it forward in this book is absolutely gorgeous, and I must admit, it made me emotional. Ho-Yeon Kim's storytelling is stunning and really captures the essence of the human spirit. If you're looking for a feel-good, read the type that feels like a balm to the soul, then I would absolutely recommend this one."
5,2025-07-08,Had a great time reading it. It has 8 stories. All are connected to the convenience store. One of the characters conclusions you get at the last story. Who is he? What line of work was he in? You should definitely give it a try. Easy to read.
4,2025-07-13,"Seguramente lo que más me ha gustado del libro ha sido conocer poco a poco a Dokgo a través del resto de personajes y darme cuenta que a pesar de que era el punto principal de la historia, el resto de personajes aportan también cosas interesantes a la trama. Para mí todo el libro se configura en una gran crítica social al sistema capitalista, que pasa no solo por plasmar la crueldad del mundo en el que vivimos sino también por dejar un mensaje bonito, aunque peque quizás de romantizarlo."
4,2025-07-14,"""Al final, la vida son relaciones y las relaciones son comunicación. Había comprendido que la felicidad no estaba lejos, que solo tenía que compartir mi corazón con las personas de mi entorno"" Un compendio de personajes y vidas cotidianas entretejidas en torno a una misteriosa figura. Es un perfecto ""libro-abracito"""
5,2025-08-05,"5/5 i genuinely think the universe knew i needed a book like this, it gave me such positive vibes and the knowledge that no matter how old i am or what part of life im in i can always improve and be better"
3,2026-01-06,cute story maybe a 3.5? i havent read a book of this structure in a while that is smaller stories which underlie a larger wholesome plot. truthfully i am a little bored of them now but this was sweet.
4,2026-02-15,"In a world that often feels indifferent, The Second Chance Convenience Store serves as a touching reminder that kindness is a free yet life-changing gift. By using a familiar, everyday setting, the novel thoughtfully captures the diverse psyches and hidden struggles of people from all walks of life. I was deeply moved by the relatable characters, each representing the neighbors and strangers we encounter daily who are all carrying their own silent burdens. The story beautifully illustrates that while everyone has a past, every soul is naturally worthy of a fresh start. It is a story of a quiet yet powerful proof of empathy in a tough world."
4,2026-02-23,"Pełna ciepła powieść o rewolucyjnej mocy relacji międzyludzkich, jak otwarcie swoich serc jest tym co finalnie sprawia że życie jest warte przeżycia. O tym jak jedno spotkanie może zmienić kurs życia. Nie jest to wybitnie oryginalna książka, ale wybitny wyciskacz łez i rozgrzewacz serducha"
5,2026-04-16,"4.5 🌟 This is my first book by a Korean author and I loved it. I alternated audiobook (in Spanish) and reading the book and I was very into it. Marked as ""feel good"", it is a great story about how certain events can change your view on the world and how to act and understand those around you when it feels impossible. Everyday problems and simple solutions."
3,2026-06-30,"Nie wiem co sądzić o tej książce? Te 2 prawie ostatnie rodziały były ciekawe(reszty nie pamietam czytałam to rok temu) natomiast rodział z poznawaniem życia Dokko był... Hm taki... Dziwny? Nie wiem jakby było wszystko powiedziane ale czułam jakby to było nic so myśle, że 2/75 albo 3 gwiazdki to dobra ocena natomiast sięgne sobie po drugi tom bo chce wiedzieć więcej"
5,2023-09-11,ชอบเล่มนี้มาก อ่านแล้วจะรู้สึกว่าโลกมันไม่ได้แย่ขนาดนั้น และบางอย่างแค่เปิดใจและเปิดมุมมอง อ่านจบเล่ม…ใจฟู
5,2024-07-11,Very touching
4,2024-07-14,"Szanuję za ilość perspektyw w tej książce. Fajna, była to przyjemna przygoda"
3,2024-09-09,"Una lectura muy agradable y tranquila que nos permite echar un vistazo a las inquietudes y valores de la sociedad coreana en su día a día. El final ha sido un aluvión de información que no he tenido tiempo de asimilar, y que me ha dejado con una sensación más incómoda (puede que esté hecho a propósito, dado el título original). Sin embargo, en general ha sido una historia amable que pone en valor los pequeños gestos de bondad."
4,2024-10-04,Una història que ens porta a reflexionar sobre les segones oportunitats amb un personatge entranyable.
3,2024-11-27,Se me hace difícil valorar este libro. Quizá un buen libro en un momento equivocado. En el último capítulo me arrepentí de no haber sido más consciente en su lectura.
4,2025-01-15,"3.5/4 Długo mi zajęło, ale wreszcie skończyłam!! Bardzo przyjemna lektura. Rzadko poruszany jest temat alkoholizmu z tej strony, więc mega na plus."
3,2025-01-30,"It was interesting as a look at Korean society, but as a story, it was ""too meek"". So, it was nice to listen but it wasn't a ""wow""."
4,2025-05-21,"Not a book to binge read, more a comfiort book to relaz with. There is a mystery and heartbreaking moments, but all gentle and thoughtful, nothing shocking. So I enjoyed reading a chapter in the evening to wind down with over three weeks. I enjoyed it and look forward to reading Book 2. 4 🌟"
3,2025-05-30,3.5⭐️ بدت لي خفيفة ولطيفة في بداياتها لكنها ازداد عمقًا وتأثيرًا وألمًا مع تقدمي في القراءة.
5,2025-06-06,It’s never too late to build something new. For someone worth building it for 🥺💙
4,2025-06-23,4.25 urzekla mnie
4,2025-06-29,Audiobook
4,2025-07-19,So good! A Slice of Life story on the effects of being kind to each other. I really liked how each chapter is a different characters POV & how the story takes a turn in the last 2 chapters. My first book with the mention of COVID - so weird seeing it haha but makes sense in the story.
5,2025-07-19,Prachtig verhaal over wat een simpele buurtwinkel in Seoel betekent voor verschillende mensen
4,2025-07-23,3.5 Just what I needed at a time of stress- a short cozy read! The first half was close to 5 stars but I didn’t really like the ending
3,2025-07-24,"really wholesome, dokgo's interactions with strangers and co-workers at a lil convenience store. quick cozy read on train fr."
5,2025-07-30,❤️
5,2025-07-31,"So, so, good. Readers who love Backman’s novels, and stories steeped in humanity with an uplifting message about our interconnectedness need to give this joy of a novel a read."
3,2025-08-03,"Very cute story, but it didn’t give me any big feelings or thoughts while reading - everything was sort if very surface level. I did like how it all came together in the end though, and how everyone and everything was connected."
3,2025-08-09,"3,5 ✨ Ahora me han entrado ganas de viajar a Corea 😞"
4,2025-08-12,He ido de menos a más con este libro. Curioso el estilo literario y final precioso en el que se subraya que la decisión de confiar en alguien siempre es la mejor.
4,2025-08-15,"Qué bonito, me ha gustado mucho."
4,2025-09-17,"This was a really well written and engaging story with fantastic characters. It was a bit twee at the beginning, but it got deeper as it went on. 4.5 stars"
4,2025-09-19,3.5 :)
3,2025-11-24,Li pro clube do livro que tenho com minha irmã. É legal mas nao é mto meu tipo de livro
5,2025-11-26,"The entire world should read this book .The empathy and love one person can demonstrate after living a life of plenty .I’ll recommend this to everyone ,such a beautiful , beautiful story I cried at the end."
4,2026-01-05,3.75 stars rounded up to 4 I enjoyed it. Handful of character studies of people down in their life and how simple human interactions can really go a long way into helping people turn their life around.
5,2026-02-27,Hjertevarm og rar at læse
3,2026-03-11,"Siento que no he leído el mismo libro que muchas personas... Y tampoco lo esperaba como finalmente ha sido. Me ha parecido interesante, en un sentido, pero reconfortante no. Es más, siento que este libro salvo algunas lecciones es bastante triste. Es cierto que tiene notas de esperanzas, pero antes de todo eso abre bien la herida. Un agridulce ⭐ 3,5 ."
2,2026-03-21,"No he conectado nada con el perfil de los personajes, la forma de escribir y la resolución de la historia"
4,2026-03-24,Such a sweet read! Rounded up from 3.75 stars. Pick this one up if you need some restored faith in humanity 🥰
4,2026-04-13,"Lo bueno de leer un libro sin saber nada sobre él es que te sorprende. Al principio no sabía por dónde iba a tirar, me imaginaba otro tipo de historia, pero resulta ser uno de esos libros cozy que se agradece leer de vez en cuando. El final también me ha sorprendido, aunque me lo esperaba mejor."
4,2026-04-26,3.75/5.
5,2026-05-08,Muito boa leitura que nos remete a pensar nas pessoas que passam na nossa vida e que por vezes não prestamos atenção.....vale a pena ler
4,2026-05-11,Such a sweet story 🥹 Only reason I didnt gave it 5 stars was bc of the focus switching to different characters in the second half of the book.
3,2026-05-16,"I like the story and I enjoy my time very much, very cozy read"
4,2026-07-22,"4,5 ✨"
4,2023-03-28,"Dokgo seorang tunawisma yang hilang ingatan akibat alkohol dia berkeliaran di stasiun souel,dokgo bertemu dengan nyonya yeom dan dipekerjakan disebuah minimarket."
4,2023-11-11,"Actual 3.5⭐ Keseluruhan ceritanya heartwarming. Sayang, untuk bagian Dokgo sendiri menurut gue pribadi dibiarkan unsolved atau endingnya kurang ""kick in"". Padahal sepanjang cerita, sosok Dokgo ini yg secara engga sadar membantu karakter2 lain dalam memberikan saran u/ solusi2 permasalahan kehidupan mereka."
4,2024-06-25,Przyjemna i pełna nadziei ☘️
2,2024-06-28,"Do 150 strony było super, potem przestała być to książka o sklepie i zrobiła się nudna"
4,2024-07-27,"Basada amb la bondad, la inteligencia de la bondad,la necesitat de comunicació i que ens escoltin, la expiació dels mals provocats. Ojala en el mon hi haguesin mes Dokgo en el mon!"
3,2024-10-10,"3,5⭐️"
4,2024-11-04,Parece un libro simple y sencillo pero se ha convertido en un abrazo para el alma ❤️‍🩹
4,2025-01-11,Li no ônibus durante a viagem e foi uma surpresa e tanto Super gostosinho e com uma mensagem linda
5,2025-03-15,"MARAVILLOSO. Es suuuuper cozy, iba sin expectativas y me he encontrado una maravillosa lectura, os animo que conozcáis a estos interesantes personajes 🥰"
5,2025-06-19,"4.5 rounded up This was such a delightful story! It was heartwarming and gave me all the feels. I can definitely see why it's an international bestseller! After retiring from teaching history and experiencing the loss of her husband, Mrs. Yeom opened a convenience store. While traveling from Seoul to Busan by train, she discovered that her purse was missing. Fortunately, she received a call from a payphone at Seoul Station. The person on the other end had found her purse and offered to keep it safe until she could retrieve it. Dok-go, who resides at Seoul Station and has lost his memory, experiences a significant change in his life after returning Mrs. Yeom's purse. Initially, he is offered free lunches as a gesture of gratitude, which later leads to a job opportunity. He quickly wins over the other employees and the patrons, becoming a welcoming ear and source of advice. Each chapter of this book was told in the POV of a different character. I loved getting to know them all and what they had going on in their lives. The way that Dok-go offered assistance with their challenges was truly inspiring! This book even had a bit of mystery: Dok-go's past. What happened in his life before he became homeless? And there was plenty of drama to keep me engaged. This book about second chances, kindness, and community was a feel-good, cozy, palate-cleansing read. I thoroughly enjoyed this one and would definitely recommend it!🩷"
4,2025-07-18,"Pues qué decir, lo que buscaba!! Una lectura tranquila, sencilla y reconfortante. Como que te abraza digamos😆"
4,2025-09-03,"The Second Chance Convenience Store by Kim Ho-yeom was a quick yet deeply fulfilling read. It follows a burned-out doctor who wakes up in a mysterious convenience store after a near-death experience—and discovers he’s been given a second chance to reconsider his life. The ending took me by surprise and left me feeling emotional. I would highly recommend this book to anyone in healthcare, especially those dealing with burnout. It’s a gentle, thought-provoking reminder of why we do what we do."
4,2025-10-25,"Costumbrista es una palabra que nunca puedo usar y este libro me lo pone en bandeja. Libro sin pretensiones fácil de leer y puede que, en ciertas partes, demasiado bonito para ser verdad."
3,2026-01-13,"Ta bien, pero sin más. Típico libro de encefalograma plano. Sirve un poco de puente entre libros intensos :p"
4,2026-03-01,"4,5⭐️ Al principio pensé que sería un libro aburrido y que no me llamaría la atención, pero nada más lejos de la realidad Me ha parecido un libro muy interesante y reflexivo, fácil de leer y muy reconfortante."
4,2026-03-09,very heartwarming 🥹🥰 another reminder not to judge someone in the first instance 🩷
5,2026-03-17,What a delightful little book with interwoven stories.
5,2026-03-25,More like INCONVENIENCE store.
4,2024-07-11,Urocza i wzruszająca
5,2024-09-19,"Es un libro que sin duda te llena poco a poco. Se hace ameno de leer, te envuelve y te atrapa. Me ha gustado mucho."
5,2025-01-17,"Una palabra amable, una sonrisa amistosa, una caricia al alma es este libro. Igual que sus protagonistas; porque hasta los gestos más simples pueden ser realmente asombrosos para lo demás."
3,2025-02-13,Od początku przeczuwałam kim jest ten bezdomny XDD
3,2025-02-28,3.5⭐️ Un llibre abraçada amb històries quotidianes sobre les segones oportunitats 🫂🫰🏻
4,2025-05-02,Comfort book 😊
4,2025-07-05,4.5
4,2025-07-19,Deze soort boeken geven me hoop dat er mogelijkheid is voor verandering. In mensen en hopelijk ook in de wereld.
4,2025-08-11,Me ha dado mucha paz leerme el librito y el mundo que se generaba conforme iba avanzando. Recomendado cuando te apetece un libro que enganche pero con calma
3,2025-11-26,"Zmiana punktu widzenia pod koniec zaskoczyła, ale ogólnie Średniawa."
5,2025-12-15,não tenho um negocin pra falar que é ruim
4,2026-05-27,Sad ending but charming and heartwarming!
4,2023-04-16,"it’s a soothing, heartwarming read."
4,2025-03-23,"Preciosa historia, te hace sentir que los problemas tienen solución y creer en el ser humano. Una manera de escribir muy acogedora."
4,2025-05-22,leaves you with your heart full of warmth
3,2025-08-04,3.75 ⭐
5,2025-08-09,Like being trapped in a well with your favourite pillow and a nice scented candle. Deep but cozy.
5,2025-08-16,"Super quick read. Love a nice, easy, wholesome read. Loved that every chapter covered a new character with a backstory. I loved this book."
3,2025-08-31,"Une belle lecture estivale, avec une conclusion qui élève le roman."
3,2026-03-12,"3,5 ⭐️"
4,2026-06-07,Les coses que poden passar actuant de manera decent en la gent eh
3,2024-07-23,"Een kleine supermarkt in Jeongpa, Seoel. Het merendeel van de bewoners van de wijk bestaat uit ouderen en studenten. Op een dag werkt er opeens een nieuw iemand in de winkel: de voormalig dakloze Dokgo. Zijn collega's zien het in eerste instantie met lede ogen aan, maar al snel blijkt hij een verfrissende energie met zich mee te brengen en verovert hij de harten van de mensen om hem heen. Hij helpt zowel zijn collega's als zijn klanten met veel meer dan alleen hun boodschappen. Zal hij zelf ook het geluk weer kunnen vinden? Dit verhaal zag ik op @storytel voorbij komen en de cover trok mij meteen aan. In dit verhaal maak je kennis met Dokgo, een dakloze man. Hij en de eigenaresse van de buurtwinkel kruisen elkaars pad en vanaf dat moment ontstaat er een mooie band tussen dit tweetal. Dokgo komt hierdoor in de buurtwinkel te werken en langzaamaan leer je dit personage wat beter kennen. Verschillende winkeliers hebben meteen een oordeel over hem en dat vond ik treurig om te lezen (vaak gaat dit ook in het echt zo en wil men niet verder kijken en een persoon beter leren kennen). Dokgo probeert mensen tips te geven en te helpen waar hij kan, maar zelf blijkt hij ook een heel heftig leven achter de rug te hebben. Dit verhaal vond ik erg mooi beginnen en ik kreeg medelijden met het hoofdpersonage, maar ook vond ik de eigenaresse van de buurtwinkel een prettig persoon. 'De buurtwinkel van tweede kansen' is verdrietig, meeslepend, mooi en grappig tegelijk. Het geeft je ook de boodschap mee dat je niet meteen iemand op zijn/haar uiterlijk moet veroordelen, maar kijk naar de persoon die daar achter schuilt. Dit verhaal was een beetje anders dan wat ik normaal lees, maar het beviel mij behoorlijk. Wel moet ik zeggen dat ik vooral de eerste hoofdstukken het mooiste vond. Daarna werd het een heel klein beetje langdradig, maar toch was het een mooi verhaal met een duidelijke boodschap! Beoordeling: 3,5 ⭐️"
3,2025-06-06,"✨Second Chance/Redemption Arc ✨Found Family ✨Slice of Life ""To reveal a character, one simply needs to show the path they chose at life's crossroads."" A beautiful book on the kindness of strangers and how we can change the course of someone’s life, while also being changed by treating others as more valuable than ourselves. I loved the found family of this book, and the abundance of heartwarming moments that remind us of the power of community and compassion. The only issue I had was pacing which made it heard to get through but I love how well the characters were written such that the reader is invested and pulled in. Would recommend to those who like Korean fiction!"
3,2025-08-18,"Un libro muy profundo. Esta novela es puro healing fiction, de esas lecturas que te reconcilian con la vida y te invitan a ir más despacio. La tiendita es casi una metáfora de la vida: gente que entra y sale, rutinas que se repiten y momentos inesperados que lo cambian todo 💕 Le di 3.8 porque el estilo de escritura no me envolvió. Siento que con la traducción se perdió parte de la riqueza del libro. Por eso siempre prefiero leer en el idioma original de publicación, pero en este caso… no entiendo coreano !!! 🤣"
3,2025-11-11,"Il mio primo libro letto in inglese. Forse non 3 stelle piene, ma tutto sommato gradevole nel suo genere."
4,2026-02-08,"This was an interesting read. I would probably classify this as a slightly gritty comfort read. Its main focus is quite a unique character. As you read you find that the story explores different perspectives and the inner thoughts and feelings of those characters. Overall I really enjoyed this book and didn’t expect where it led. The story at its basis is about hope. About seeing beyond your first impression, and just to be a better person in general."
5,2026-03-06,هذه الرواية تجعلك تشعر بأن احوالك الحالية و إن كانت لا تعجبك فإنها سوف تتغير إلى الأفضل اذا ما سعيت إلى ذلك
3,2026-03-06,"I can see why this kind of heartwarming, feel-good story appeals to people. For me, it was just a bit too saccharine with everything coming together a little too neatly at the end. But there were some characters whose stories I was fully invested in, and I enjoyed the convenience store setting."
4,2026-05-06,"Es el primer libro que me leo de un autor coreano y no está nada mal. Lo mejor del libro es el ambiente acogedor que se crea en la tienda, es como un lugar seguro del que todo aquel que pasa aprende algo. No es un libro pensado para ser épico o para emocionarte y eso es precisamente lo que más me ha gustado, es una lectura tranquila y entretenida pero que deja alguna que otra lección."
4,2026-06-30,"4,5"
4,2024-06-17,Een pareltje!
4,2024-12-02,Una forma muy oriental de poner sobre la mesa algunos temas profundos de la vida del ser humano.
4,2025-02-24,"Creo que no deja ni un tema sin tratar: matrimonio, familia, trabajo, adicciones… desde la cruda realidad. Me ha gustado que cada capítulo cuenta la historia de un personaje y los problemas de éste, merece la pena reflexionar al final de cada uno. Denso por momentos, aunque lo recomiendo."
4,2025-06-22,"Healing fiction, als een kop maïszijdethee. Heerlijk tussendoor boek"
3,2026-01-22,3.5 kept me entertained but thought the ending was disappointing
5,2026-03-21,"Lidt rodet, fordi fortælleren skifter for hvert kapitel, men da det hele begyndte at blive stykket sammen, var der ingen tvivl om, hvorfor den har fået gode anmeldelser. Kan klart anbefales"
4,2022-11-22,อบอุ่นและให้กำลังใจ
5,2025-06-12,"Oooh this book was such a cozy comfort! I loved reading this book which was like a cozy character study. I enjoyed how each character had their own short story, that were all connected through this innocuous convenience store. I could feel how the author really understands people and how they think and function and how little choices can have huge consequences (both good and bad). Every time I opened this book, I was easily transported to Korea and honestly am so jealous of the delicious sounding snacks at this convenience store. The writing was beautiful and poignant. Thanks to the publisher for the ARC; my thoughts and review are my own."
4,2025-06-23,"Jeju fajne to było, muszę sięgnąć po drugą część. Ciekawe czy jest tam rozwiazanie sprawy z bezdomnym, liczę że dogada się z rodziną. Jeśli nie ma — to na pewno będzie nową porywająca postać i historia. Zacny pomysł autora na historię. Gorąco polecam, zwłaszcza fanom „Zanim wystygnie kawa” imo to ten vibe🫶🏼"
4,2025-07-01,god i love korean capitalist critiques disguised as cozy reads
3,2025-07-31,like a kdrama i’ve already seen before
4,2025-08-21,4.5
4,2025-08-29,"bardzo fajnie i lekko mi się to czytało, uwielbiam literaturę azjatycką za tą prostotę i opisywanie problemów dnia codziennego każdego człowieka w literacki, piękny sposób."
4,2025-10-15,"‘Al final, la vida son relaciones y las relaciones son comunicación. Había comprendido que la felicidad no estaba lejos, que solo tenía que compartir mi corazón con las personas de mi entorno.’"
4,2025-05-14,"Loved reading this slice of life revolving around one person and how the lives around him change when he gives life a second chance. While a couple of stories felt forced, the others flowed nicely into a well connected narrative. Mostly, it is a story of kindness and the power it holds for healing and transformation."
3,2026-01-07,"A fun love actually type format of storytelling, intertwining, a bunch of individuals, chaotic lives, and one common theme or in this case place. You won’t regret reading this charming tale which offers a clear look into human psyche, intentions, and real emotions all in all it is simultaneously heartwarming and tragic leaving you feeling full and empty at the same time."
5,2024-05-12,"4.5 ⭐️ TLDR: te cute ik wil meer Healing fiction? I love it. Dit boek is echt een soort comfortdekentje. Slice of life, diepgang maar wel met humor. Het verhaal draait om de buurtwinkel, maar ook om Dogko, een zwerver die een tweedekans krijgt. Elk hoofdstuk krijg je een ander pov van een karakter die iets te maken heeft met deze winkel. En deze verhalen komen heel mooi samen in het laatste deel🥺"
3,2026-04-18,"3.25/5 ⭐ „Nietuzinkowy sklep całodobowy” to całkiem przyjemna lektura. Kreacja Dokko (bezdomnego, którego pani Yeom zatrudnia w tytułowym sklepie całodobowym) bardzo mi się podobała i z fascynacją śledziłam jego kolejne konwersacje z klientami. Postać Dokko to bez wątpienia najmocniejszy punkt „Nietuzinkowego sklepu...”. Waham się jednak co do zakończenia (bez spoilerów): z jednej strony wydawało mi się niepotrzebne, z drugiej strony mnie poruszyło. Myślę, że mimo wszystko część mnie wolałaby w tym przypadku zakończenie otwarte, w którym pewne wątki związane np. z przeszłością bohaterów pozostają jedynie spekulacją. „Nietuzinkowy sklep...” nie wywołał we mnie silnych emocji, ale uważam, że to dość trudne w przypadku tego gatunku (tzn. comfort readów)."
4,2023-03-12,เล่มนี้ ชอบตอนชัมชัมชัมที่สุดเลย สนุกและซาบซึ้งมาก อ่านถึงตอนจบ เอิ่ม อิหยังวะ มาก ผิดหวังนิดหน่อย แต่รวมๆ ได้ความรู้สึกอบอุ่นใจตลอดทั้งเล่ม และสำนวนของผู้แปลดีมาก ไหลลื่น อ่านเพลิน แอบติดตามผลงานของผู้แปลเรื่อยๆ นะคะ
5,2024-09-20,Cieszyły się z kurczaka czy z powrotu taty? A czy miało to jeszcze jakiekolwiek znaczenie? Ludzie siedzący razem przy stole i jedzący zamówionego kurczaka byli po prostu rodziną.
3,2025-10-20,"Una historia de superación y la importancia de ayudar a los demás, un simple gesto puede cambiar la vida de alguien..."
4,2026-02-28,"The original title of the book is 불편한 편의점, which roughly translates to “inconvenient convenience store.” Anyone who has ever visited a 편의점 in South Korea knows that while they are usually very clean and practical, they often feel somewhat cold and impersonal—places you enter for a quick purchase, not to linger. Although the story revolves around a convenience store called “Always,” it is ultimately about people. The novel reads almost like a collection of short stories, all connected through the character Dok-go. It’s a light and accessible read, offering gentle rather than heavy-handed lessons. The book explores both the small and the larger struggles we all carry within us, and it does so through the outside perspective of a stranger—someone who sees things others might overlook."
3,2026-01-17,"A classic South Asian book, with a cafe or a kiosk, where customers visit and change their look on life. I do like those kinds of stories but it wasn't anything that I haven't already read. I did read this in Danish, and I felt that it was a good translation, although the audiobook narrator felt a little stiff when pronouncing Korean words. In terms of the characters, nobody was very likeable - which made it feel quite realistic. Each character that entered the store had a unique story to tell - and I really appreciated Dokgo and his character growth and interactions with the customers. It also got a little funny sometimes! The time in this book was a little weird, there were very long time-jumps which I didn't really vibe with. All in all a cute, but maybe not the most original book."
2,2026-01-30,"2.5 stars Not a personal favourite of mine. There is nothing wrong with the story itself, but it didn't touch me. I felt very detached from the characters, which made it difficult to care for them."
4,2025-03-29,jak zwykle literatura azjatycka mówi prostymi słowami o trudnych tematach. Naprawdę nietuzinkowa historia :P a jedzonko koreańskie to tylko kolejny plus
4,2026-06-23,Didn’t expect this would be a timely father’s day read
5,2025-07-18,"Meget meget fin lille bog. Slugte den på et par dage og holdt meget af historierne, karaktererne og skrivestilen. Der står på bagsiden at det er en del af en ny genre “healing fiction” og det lever den godt op til, feelgood men med substans og spænding synes jeg. Alt i alt en super fin bog."
3,2026-01-06,J’aurais mis 3.5 étoiles si j’avais pu. Atmosphère différente en Corée. Cela fait un peu voyager et explorer un autre pays pour pas cher!
5,2024-09-17,"Há mistério, há momentos que deixa nosso coração quentinho, mostram compaixão e reflexões de vida. ""No fim das contas, vida era relacionamento, e relacionamento era comunicação. Percebi finalmente que a felicidade não estava longe; estava em compartilhar o coração com as pessoas ao nosso lado."""
4,2024-09-18,"Directo al corazoncito 🥹🧡 Típica lectura cozy que relajadamente te va adentrando en una pequeña tienda de conveniencia en la que cada personaje tiene su propio brillo. Dokgo y la señora Yeom son los típicos personajes a los que sólo les deseas que les vaya siempre bien en la vida. Que ternura de historia, te hace reflexionar bastante y agradecer los pequeños detalles. Adoro cómo descubres los demás personajes, estos abren sus sentimientos, te hacen pensar junto con ellos y te alegras de sus pequeños pasos. Tal vez la última parte se me hizo un poco más extraña por el giro, pero igual tiene un final correcto. Simplemente bonito. Una lectura que aporta. 😌"
5,2024-10-24,"Este libro es una suave brisa a comienzos de otoño, simplemente reconfortante. Quiero continuar leyendo libros así, que se sientan como un abrigo y un amigo."
3,2024-03-27,"Cửa hàng tiện lợi bất tiện - Kim Ho-Yeon “Sông là nơi con người phải băng qua, không phải là nơi chúng ta tự buông xuôi để rồi chìm nghỉm. Cầu là phương tiện để băng qua sông, không phải là nơi chúng ta đầu hàng số phận.” Mình không biết sao chứ hầu như tất cả các tác phẩm văn học của Hàn đều làm mình có một cảm giác nó cứ nhàn nhạt, tức là mức độ tình cảm chỉ vừa phải chứ chưa tới mức làm mình xúc động như các tác phẩm khác, hay có lẽ mình đọc chưa đủ nhiều chăng. Hy vọng trong tương lai có một tác phẩm nào đó làm mình thay đổi cảm nhận của mình về văn học Hàn. Đây là một câu chuyện khá nhẹ nhàng, ấm áp chữa lành xoany quanh một cửa hàng tiện lợi Always ở khu phố nhỏ của thành phố Seoul. Nơi có cửa hàng, các vị khách, tới nhân viên cùng chính bà chủ tiệm đều là những người có những vấn đề trong cuộc sống, từ khúc mắc to cho tới nhỏ hay những câu chuyện đời thường những lỗi lầm của bản thân họ, áp lực của cuộc sống, gia đình, công việc. Tất cả đều như gói gọn xung quanh cửa hàng tiện lợi nhưng bất tiện này, các vấn đề này tồn tại bất cứ đâu trên đất nước Hàn Quốc, hay ta cũng thấy chính bóng dáng mình đâu đó. Sau tất cả qua tác phẩm tác giả muốn truyền tải cho độc giả một niềm tin sống, tiếp cho ta động lực giải quyết các khó khăn, tiếp tục bước tiếp con đường đã chọn “Cửa hàng tiện lợi là nơi người ra kẻ vào liên tục, bất kể là khách hàng hay nhân viên thì cũng không ngoại lệ, mọi người chỉ dừng chân tại đây một lát rồi lại đi và nó chẳng khác gì một trạm xăng đặc biệt, nơi tiếp thêm hàng hóa và tiền bạc cho những người ghé lại. Hơn ai hết, bà chủ hiểu rõ điều đó. Riêng tôi, tại trạm xăng này, tôi không chỉ đổ đầy bình nhiên liệu mà còn sửa sang, trang bị lại cho chiếc xe của mình. Xong xuôi rồi thì phải tiếp tục hành trình của mình thôi.”"
3,2024-07-19,"""Namanya juga bekerja. Namun yang terpenting karyawan harus merasa repot jika ingin membuat pembeli merasa nyaman. Kita harus merasa repot dan kesulitan agar orang yang kita layani merasa nyaman."" Hmm, sepanjang maraton baca saya di Bulan Juli ini kebanyakan buku-bukunya saya beri bintang 3, bukannya apa-apa tapi seperti ada yang kurang 'nendang' gitu di buku-buku yang saya, kemungkinan besar sih kesalahan ada pada saya yang mungkin terlalu cepat membaca buku-buku ini sehingga emosi dan perasaan saya saat membacanya terasa sangat flat. Anyway, buku ini cukup menyenangkan namun bagi saya pribadi yang tidak terlalu merasakan hubungan yang mendalam antara saya sebagai pembaca dengan para karakter di buku ini tapi jangan khawatir karena buku ini tetap cukup bagus dan menghibur untuk dibaca di waktu senggang apalagi karena ukuran hurufnya yang cukup besar membuat kenikmatan membaca meningkat (walau sepertinya ada beberapa typo yang saya temukan?) ""Jika dipikir-pikir, bukankah keluarja juga adalah tamu yang hadir dalam perjalanan hidup masing-masing? Tidak akan ada yang menyakiti satu sama lain bila kita saling memperlakukan satu sama lain sebagai tamu, entah tamu kehormatan atau tamu yang tak diundang."" ""Pada akhirnya, hidup adalah hubungan, dan hubungan adalah komunikasi. Aku sekarang menyadari bahwa kebahagian itu tidak jauh dan bisa ditemukan saat berbagi pikiran dengan orang-orang di sekitar."""
5,2024-03-21,"⭐⭐⭐⭐,5 La signora Yeom era un’insegnante in pensione, una donna dall’animo gentile che si prendeva cura del minimarket che gestiva con amore. Quando un giorno ricevette l’inaspettata telefonata di un senzatetto che aveva ritrovato la sua borsetta persa nei pressi della stazione di Seul, non ci poteva credere: le sue cose, documenti compresi, erano salvi. Cosi invitò Dokko nel suo magazzino. Chiacchierando con l’uomo si rese conto che era una persona dolce e rispettosa, corretto serio e leale, di cui potersi fidare, e decise di assumerlo. Nasce tra loro un’amicizia spontanea che si estende anche a tutto il vicinato, perché Dokko ha il dono della parola, sa come arrivare al cuore delle persone, capisce i tormenti che li assillano e dona loro conforto. Una storia dolcissima, di riscatto e crescita personale, che mostra al lettore come anche persone apparentemente senza passato né futuro, siano in grado di infondere fiducia e generosità semplicemente col proprio spirito di abnegazione e altruismo. ⭐⭐⭐⭐,5 *Ringrazio la Casa Editrice per la collaborazione e la copia cartacea"
5,2025-04-19,"A loja de conveniência inconveniente está na base desta história. Por lá cruzam-se personagens improváveis, uma dona idosa mas benevolente, uma vizinha resmungona mas bem intencionada, que não consegue falar com o filho. Um vendedor que já triunfou na vida e parece que está a perder o vigor e o respeito da sua família. Uma jovem insegura que procura a segurança de um emprego no estado mas que toma outro rumo. Um filho que quer que a mãe venda a loja para se lançar novamente no mundo dos negócios. Um detetive que se envolve em actividades de contornos mais ou menos ilícitos, a escritora bloqueada que acaba por encontrar a sua história no sítio menos conveniente… a constante? Dokko, um sem abrigo que tem uma história triste e que o assombrou ao ponto de fugir e abandonar a sua família… mas a loja é as suas pessoas vão trazê-lo de volta e a começar um novo capítulo na sua vida. Uma história de amor por si próprio e de redenção. Uma excelente história que dá várias lições de vida aos menos experientes!"
1,2024-02-21,"Eu estaria sendo injusta com outros títulos se desse 2 ou 3 estrelas. E não é um problema de tradução ou revisão. A coisa aqui foi o processo como um todo. O processo tem problemas cujo resultado final foi um livro que me parece descuidado. Os personagens não convencem, suas histórias não convencem, os diálogos não convencem. O livro todo me parece um fast food com gosto duvidoso. E o que poderia talvez melhorar a entrega na edição aqui no Brasil deixou a desejar, e não falo dos profissionais de forma individual, que muitas vezes recebem pouco e com prazos super apertados."
5,2024-06-12,"2024: To jest za piękne... Przez większość książki biła z niej radość, trochę taka dziecięca, lekka, ale to co się zadziało przy końcu? Nie mam słów. Powiedzieć, że kocham tę książkę, to jak nic nie powiedzieć. Tym bardziej się tak strasznie cieszę, że mogłam osobiście poznać jej autora! Wspomnienia z tego spotkania powiązane z czytaniem tej świetnej książki, mam nadzieję, będą we mnie tkwić przez długi czas i to jest wspaniałe. 2026: Po rereadzie nadal jestem zachwycona tą książką i nadal daje jej 5/5 gwiazdek."
4,2026-01-22,"Me encantó. Típico libro que recomendaría a alguien que está en un bloqueo lector y no sabe qué quiere leer a continuación y qué genero le apetece. Historia fácil sobre los egos y problemas del primer mundo, sin dramas, pero muy entretenida. Also te entran ganas de viajar a Seul y hartarte de triángulos de arroz y bubble tea."
5,2024-05-21,"Mi ha scaldato il cuore. ""La vita è fatta di relazioni e le relazioni sono fatte di comunicazione. Ora capivo che la mia felicità non era mai stata lontana, ma nascosta nell'atto di condividere la mia vita con le persone intorno a me."""
2,2024-05-31,⭐️⭐️😓 Dit was niet mijn boek. 🙁 De personages bleven niet hangen bij mij. Ik vond de personages ook helemaal niet aardig tegen Dokgo. (Ja achteraf) En ook het verhaal van Dokgo zelf vond ik op het einde niet bevredigend.
4,2024-05-07,4.5⭐️ Bardzo mnie rozczuliła i fantastycznie spędziłam przy niej czas 🫶🏻
5,2025-03-07,"Que cosa más bonita de libro, ojalá encontrar más lecturas que dejen esta sensación final tan cálida."
4,2025-05-26,جميلة… دافئة…. حبيتها
4,2025-07-05,4.5🌟 absolutely enjoyed reading this! teared up in some parts and also laughed out loud in a lot 🫶 my fav chapter has to be bogo 🥹
5,2025-09-21,Este libro es un abrazo al corazón.
4,2026-01-05,Quentinho no coração
4,2024-03-30,"German, English and Korean Version: Vielen Dank an NetGallery und hanserblau für das Rezensionsexemplar. Deutsches Erscheinungsdatum: 15.04.2024 In ""Frau Yeoms kleiner Laden der großen Hoffnung"" von Kim Ho-yeon geht es um die leicht demente Ex-Lehrerin Frau Yeom, welche einen GS25 besitzt. Das ist ein Convenience Store, also so etwas wie ein kleiner Supermarkt, in welchem es zum größten Teil Essen und Getränke zum Direktverzehr gibt. Nun verliert Frau Yeom eines Tages ihr Portemonnaie im Zug und wird kurz darauf von einer unbekannten Nummer angerufen. Am anderen Ende der Leitung befindet sich der am Hauptbahnhof lebende Obdachlose Dae-go. Er hat ihre Sachen gefunden und möchte sie gerne zurückgeben. Dae-go leidet an Gedächtnisverlust und kann sich an sein vorheriges Leben aufgrund starken Alkoholkonsums nicht mehr erinnern. Aus Dankbarkeit nimmt Frau Yeom ihn mit in ihr Geschäft, damit er sich etwas zu essen aussuchen kann, und schon bald kann er sich dort einen Angestellten nennen. Frau Yeom ist quasi eine Samariterin, die den Laden nur betreibt, um Menschen neue Lebenschancen zu bieten und sieht ihre Mitarbeiter als Familie an. Als Leser begleiten wir nun jedes Kapitel eine andere Hauptperson. Zunächst Frau Yeom, danach andere Angestellte, ihren Sohn, Menschen aus der Nachbarschaft, bis wir schlussendlich bei Dae-go selbst landen. Alle fragen sich, wer ist Dae-go und was ist mit ihm passiert. Dennoch begleiten wir sie durch ihre eigenen Probleme, wobei sie Trost im Umgang mit dem neu eingestellten Dae-go finden. Jede Teilgeschichte endet mit einer herzerwärmenden Moral und lässt einen ein wenig mehr an das Gute in der Menschheit glauben. (Ja, ich weiß, es ist alles nur fiktiv). Mir hat das Buch wirklich gut gefallen, obwohl dies ein Genre ist, welches ich normalerweise nicht lese. Das Einzige, was ich ein wenig schade fand, war, dass immer, wenn man gerade warm mit dem neuen Charakter geworden ist, die Geschichte abgebrochen wurde. Am Ende werden die Ausgänge zwar aufgelöst, dennoch war es etwas unbefriedigend. -------------------------------------- English: Thanks to NetGallery and Hanserblau for the review copy. In '[no title found]' by Kim Ho-yeon, we follow the story of a mildly demented former teacher Mrs. Yeom, who owns a GS25 store, a convenience store mainly offering ready-to-eat food and drinks. One day, Mrs. Yeom loses her wallet on the train and shortly after receives a call from an unknown number. On the other end of the line is Dae-go, a homeless man living at the main station. He has found her belongings and wishes to return them. Dae-go suffers from memory loss due to heavy alcohol consumption and cannot recall his previous life. Out of gratitude, Mrs. Yeom takes him into her shop to choose something to eat, and soon he becomes an employee. Mrs. Yeom is essentially a solitary Samaritan who runs the store only to offer new life chances to good people. She considers her employees as family, so the success of the store is not really her concern. As readers, we accompany a different main character in each chapter. First Mrs. Yeom, then other employees, her son, people from the neighborhood, until we finally arrive at Dae-go himself. Everyone wonders, who is Dae-go and what happened to him? Nevertheless, we follow them all through their own problems, finding comfort in dealing with the newly employed Dae-go. Each subplot ends with a heartwarming moral, leaving one to believe a little more in the goodness of humanity. (Yes, I know, it's all fiction). I really enjoyed the book, even though it's a genre I don't typically read. The only thing I found a bit disappointing was that just when you were getting warm with the new character, the story was almost abruptly cut off. While the outcomes are resolved in the end, it was still somewhat unsatisfying. --------------------------------------------- 넷갤러리와 한서블라우에게 리뷰용 책을 받아 감사드립니다. 김호연의 '불편한 편의점'에서는 가볍게 치매 증세가 나타난 전 교사인 여자 선생님의 이야기를 따릅니다. 여선생님은 GS25 편의점을 운영하고 있습니다. 이곳은 주로 식사와 음료를 바로 먹을 수 있는 상품을 판매합니다. 어느 날 여선생님은 기차에서 지갑을 잃어버리고, 잠시 후 알 수 없는 번호에서 전화를 받습니다. 전화를 받아보니 주요 역에서 살고 있는 노숙자인 대고입니다. 그는 그녀의 물건을 찾아주고 되돌려주고자 합니다. 대고는 강한 술 섭취로 인해 기억 상실증을 앓고 있으며 이전 삶을 기억할 수 없습니다. 감사의 마음을 표하며 여선생님은 그를 가게로 데려가 음식을 선택할 수 있도록 합니다. 곧 그는 직원이 됩니다. 여선생님은 좋은 사람들에게 새로운 삶의 기회를 제공하기 위해 가게를 운영하는 외로운 사마리아인 것 같습니다. 그녀는 직원들을 가족으로 여기기 때문에 가게의 성공은 그녀의 관심사가 아닙니다. 우리는 각 장에서 다른 주요 인물을 동행합니다. 먼저 여선생님, 그 다음은 다른 직원들, 그녀의 아들, 이웃 사람들, 마지막으로 대고에 이르기까지입니다. 모두가 대고는 누구이며 그에게 무슨 일이 있었는지 궁금해합니다. 그러나 우리는 그들 각각의 문제를 따라가며 새로 입사한 대고와 함께하는 것에서 위안을 찾습니다. 각 소설은 따뜻한 도덕적 교훈으로 끝나며 인류의 선의를 더 믿을 수 있게 합니다. (네, 알고 있어요, 이 모든 것은 허구입니다). 저는 이 책을 정말로 즐겼습니다, 비록 나에게는 보통 읽지 않는 장르이지만요. 내가 약간 아쉬워했던 유일한 것은 새로운 캐릭터와 가까워지고 있는 것 같은데 이야기가 급격하게 끊긴다는 점이었습니다. 결말은 마지막에 해결되지만, 그래도 약간 불만스러웠습니다."
4,2025-07-04,"(38/2025) 3.5/5🌟 General Contemporary (Fiction) | 196 pages “𝙏𝙝𝙚 𝙧𝙞𝙫𝙚𝙧 𝙬𝙖𝙨 𝙛𝙤𝙧 𝙘𝙧𝙤𝙨𝙨𝙞𝙣𝙜, 𝙣𝙤𝙩 𝙛𝙤𝙧 𝙥𝙡𝙪𝙣𝙜𝙞𝙣𝙜 𝙞𝙣𝙩𝙤. 𝘼 𝙗𝙧𝙞𝙙𝙜𝙚 𝙬𝙖𝙨 𝙛𝙤𝙧 𝙜𝙚𝙩𝙩𝙞𝙣𝙜 𝙩𝙤 𝙩𝙝𝙚 𝙤𝙩𝙝𝙚𝙧 𝙨𝙞𝙙𝙚, 𝙣𝙤𝙩 𝙛𝙤𝙧 𝙡𝙚𝙖𝙥𝙞𝙣𝙜 𝙤𝙛𝙛.” Sometimes, we come across questions like, “𝘞𝘩𝘢𝘵 𝘸𝘰𝘶𝘭𝘥 𝘺𝘰𝘶 𝘴𝘢𝘺 𝘵𝘰 𝘺𝘰𝘶𝘳 𝘺𝘰𝘶𝘯𝘨𝘦𝘳 𝘴𝘦𝘭𝘧?” or “𝘞𝘩𝘢𝘵 𝘸𝘰𝘶𝘭𝘥 𝘺𝘰𝘶 𝘴𝘢𝘺 𝘵𝘰 𝘺𝘰𝘶𝘳 10 𝘺𝘦𝘢𝘳 𝘰𝘭𝘥 𝘴𝘦𝘭𝘧?”. What kind of answers would we give? Do we want to change whatever that we have done before (given chances)? Most importantly, do we feel regret towards whatever that we have done before? I guess, these are basically the questions that most of the characters in this book were thinking to themselves. Happening in the midst of where Covid-19 strucked the whole world, most of us were even questioning ourselves at that time, concerningly regarding the unforeseen future, bleak and colourless. Mrs Yeom was travelling to Busan on the train when she realised she lost her purse. While she was thinking where she could have misplaced it, she received a call on her handphone from a man who claimed he had found her purse at Seoul Station. Upon meeting the stranger, she was surprised to see this bulk man who didn’t seem to remember past asides from what people called him, Dokgo. Mrs Yeom owned a convenience store, and she offered Dokgo a free meal to repay his kindness despite offering him money which he declined to accept earlier. Looking at Dokgo’s condition, Mrs Yeom considered offering him free lunch everyday. Throughout the week, Mrs Yeom decided to offer Dokgo to work for the night shift at the convenience store much to the concern of the other staff. Dokgo was a stranger who didn’t remember information about himself, so how could Mrs Yeom put him in-charge of the convenience store? However, soon after, Dokgo had charmed literally everyone - the part-timer who was studying for the govenrnment exam, a mother who was worried about her son, a writer who was having a mental block, a salesman who was concerned about feeding the family and a man who lost everything. Dokgo, perhaps not intentionally, had become the source of advice and lending these people his ears. However, things soon turned into a turmoil. Mrs Yeom ingrateful son was eager to sell the convenience store for his own financial gain. However, he had his eyes on Dokgo because he was doted by Mrs Yeom conpared to him, her own son. So, Mrs Yeom’s son hired a private investigator to find information about the man who had such influence upon his mother. What secret did Dokgo keep? These stories are our everyday life. We are met with challenges every now and then. We regret some of the decisions we make, to the extent we wish that we haven’t done them. We fall into remorse and deep thoughts that it affects our whole lives? But, is it wrong to feel that way? Dokgo is a character that proves humans are no perfection. Every single of us is faced with our own tailored challenges and it is how we face them is the ultimate test. But, no. We keep comparing. We keep comparing our lives with others. We want other people’s lives that we forget we have our own strengths and qualities. Dokgo reminds us that we should never give up on ourselves. That there will always be something good or better over the failures that we ever come across, and that we should never think that the countless obstacles are signs that we are failures. This is one of the feel good book we need every now and then, to give that nudge and push we need because sometimes we forget. We forget that we are better than our previous version and that we can do better despite any shortcoming. The convenience store is like a metaphor of the pitstop where we make choices in life - some may be good, some may be bad. These are the chances of our lives. It is never too late. Read this if you occasionally need that voice in your head telling you, “𝙔𝙤𝙪 𝙜𝙤𝙩 𝙩𝙝𝙞𝙨!”. Thank you Miss #timesreads for this review copy in exchange with my honest personal opinion. ps: let’s change our motivational question to, “𝘞𝘩𝘢𝘵 𝘸𝘰𝘶𝘭𝘥 𝘺𝘦𝘴𝘵𝘦𝘳𝘥𝘢𝘺-𝘺𝘰𝘶 𝘵𝘦𝘭𝘭𝘴 𝘵𝘰𝘮𝘰𝘳𝘳𝘰𝘸-𝘺𝘰𝘶?” ❤️ #justreaddontbawang #bookmehnia #2025reads #JuneReads #JuneTBRs #bookstagrammalaysia #bookstagrammy #malaysiamembaca #bookstagrammer #bookgram #bibliophile #bibliophilemy #bookish #bookaddict #bookaesthetic #readersofinstagram #goodreads #bookrecommendations #bookreview #bookworm #thesecondchanceconveniencestore #kimhoyeon"
4,2025-05-12,"Calificación real: 3.90 ""Un cerebro empapado en dolor se torna cada vez más pesado, y, si no puedes librarte de él, te sumerges en un vasto y desolador vacío"" Mi opinión sobre La asombrosa tienda de la señora Yeom es muy positiva. Cuando empecé a leerla, esperaba una historia bonita y reconfortante, y en ese sentido cumplió totalmente… pero también me sorprendió y fue un poco más allá de lo que imaginaba. Sí me lamento de algo, y es de haber leído esta historia en un periodo tan largo, siendo tan corta. Creo que eso afectó un poco mi conexión emocional con los personajes, como si la lectura interrumpida hubiera enfriado momentos que pedían más continuidad. Aun así, su mensaje me llegó muy claro, y eso se lo reconozco por completo. La trama, a simple vista, parece sencilla: una mujer mayor pierde su estuche en el tren y quien lo encuentra resulta ser un hombre sin hogar, uno de esos personajes que la sociedad tiende a ignorar. Lo conmovedor es que no solo se lo devuelve, sino que se toma muchas molestias para cuidarlo y asegurarse de que llegue a sus manos. Ese primer encuentro es tierno y significativo, y marca el tono del resto del libro. Lo que sigue son acciones pequeñas, cotidianas, pero que, en conjunto, construyen algo verdaderamente gratificante. Me sorprendió mucho que Dokgo, este hombre sin techo, se convirtiera en el eje de toda la historia. A primera vista parece un personaje misterioso y callado, pero capítulo a capítulo se revela como alguien complejo, con un pasado triste y muy humano. De hecho, me pareció que él era quien realmente llevaba el hilo conductor del relato, y eso me encantó. Cada capítulo introduce a un personaje diferente, con su propia historia y problemas, pero todos terminan conectando —directa o indirectamente— con Dokgo. Esa estructura le da al libro un encanto especial. Los personajes me parecieron entrañables. Dokgo y la señora Yeom son el corazón de la historia, pero incluso los secundarios, aunque algunos resultan insoportables o detestables, tienen esa chispa humana que los vuelve creíbles. Es fácil verse reflejada en ellos, sobre todo en sus conflictos: la necesidad de crecer, de encontrar comprensión en la familia, o simplemente el deseo de sentirse útil. Esa sensación de encierro emocional que muchos cargan es algo que el libro retrata con mucha delicadeza. Sobre el estilo de escritura, no tengo grandes críticas. Es sencillo, directo y fácil de seguir. Lo que sí destaca es la estructura: cada capítulo funciona como una pequeña historia individual que se entrelaza con el todo. Me pareció una manera muy acertada de ir armando el rompecabezas de las relaciones que giran en torno a la tienda y a Dokgo. Los temas que toca son muy bonitos y están tratados con mucha sutileza. A veces busco este tipo de historias —especialmente coreanas o japonesas— porque desde lo cotidiano logran hablar de cosas muy profundas: la familia, las conexiones humanas, el valor propio, la estabilidad económica… todo eso está presente aquí, sin necesidad de dramatismos ni discursos forzados. Solo vida, tal cual es. ¿Me parece una obra original? Yo diría que sí. Aunque existen otras historias donde un lugar —como una tienda o cafetería— funciona como punto de encuentro para distintos personajes, esta logra destacarse por cómo entrelaza todas esas historias sin perder la coherencia emocional. Se siente más cercana, más real. Finalmente, el impacto emocional que tuvo en mí fue muy positivo. No diría que me marcó un antes y un después, pero sí me dejó una sensación de calidez muy bonita. Fue una lectura reconfortante, de esas que abrazan suavecito, y que en este momento de mi vida me cayó como anillo al dedo."
5,2024-08-26,"Dit boek stond al sinds verschijning op mijn wensenlijstje om te gaan lezen. Nu is eindelijk het moment daar en ik heb onwijs veel zin om aan het boek te beginnen. Het lijkt me een heel ander boek dan ik gewoonlijk lees, daarbij moet het boek een 'healing fiction' zijn wat mij nieuwsgierig maakt en waarmee ik verwacht dat het een boek gaat zijn met mooie inzichten en levenslessen. In Seoel, Jeongpa is een kleine buurtsupermarkt. Het merendeel van de bewoners in de wijk bestaat uit ouderen en studenten. Op een dag wordt er door geloof in tweede kansen en de goedheid van een mens een nieuwe medewerker in de winkel aangekondigd. De voormalige dakloze Dokgo. De collega's zijn in eerste instantie sceptisch en op hun hoede, maar al snel blijkt hij een verfrissende energie met zich mee te brengen en weet hij de harten van de mensen om hem heen te veroveren. Hij helpt zijn collega's en klanten met meer dan enkel alleen hun boodschappen. Zal hij hierdoor ook zijn eigen geluk in het leven terug vinden? Wat een mooi, origineel en indrukwekkend verhaal. Het is een verhaal dat prachtige levenslessen en levens boodschappen brengt in een prachtig en inspirerend verhaal. Kim Ho-yeon heeft een sfeervolle en levendige schrijfstijl, waarmee ze meeneemt naar Seoel. Het verhaal bestaat uit diverse, unieke en indrukwekkende personages die het verhaal tot een bijzonder en origineel verhaal weten te maken. Naast dat enkel al de keuzes van de personages bijzonder zijn waaronder Dokgo een zwever wel het meest uitgesproken en unieke personages is, maken ze gedurende het verhaal allemaal een prachtige transformatie en groei door in het leven en weten ze door middel van elkaar te helpen, te luisteren en te steunen te helen zodat ze door kunnen met hun leven. Het is een actueel en hedendaags verhaal. Aangezien het verhaal zich afspeelt rondom de corona periode en de mondkapjes meermaals ter sprake komen, is het buiten dat feit eigenlijk een verhaal van alle tijden. Er spelen in het verhaal namelijk allemaal hele menselijke en herkenbare problemen, wat het verhaal realistisch en treffend maakt. Het verhaal bevat thema's als tweede kansen, vergeving, liefde, spijt, wroeging, vertrouwen en hoop. Naast het aangrijpende, mooie en indrukwekkende verhaal, laat dit verhaal je zonder twijfel nadenken over je eigen leven. We leven allemaal het vluchtige, hectische leven en vergeten soms stil te staan en echt naar de medemens te luisteren en er te zijn. Dat weet dit boek je absoluut duidelijk te maken. De buurtwinkel van tweede kansen is een indrukwekkend, origineel en mooi verhaal. Het verhaal bevat originele en unieke personages die een prachtige groei en transformatie doormaken, het boek bevat thema's waar ieder mens in zijn leven tegenaan loopt en mee te maken krijgt, waardoor het boek je prachtige levenslessen biedt. Ik ben fan van het genre 'healing fiction' en ik wil in dit genre zeker meer boeken gaan lezen."
4,2024-03-31,"""Aku malu, tetapi aku memutuskan untuk hidup. Aku memutuskan hidup sambil memeluk rasa bersalahku. Aku memutuskan untuk membantu apa yang bisa kubantu, berbagi apa yang bisa kubagi dan aku memutuskan untuk tidak serakah. Keahlian yang dulu hanya kugunakan untuk kepentingan diriku sendiri kini akan kugunakan untuk menyelamatkan orang lain""- Dokgo ""Pada akhirnya hidup adalah hubungan, dan hubungan adalah komunikasi. Aku sekarang mengetahui bahwa kebahagiaan itu tidak jauh dan bisa ditemukan saat berbagi pikiran dengan orang orang sekitar""- Dokgo ""Beliau tahu bahwa minimarket adalah pom bensin bagi manusia, tempat mengisi kembali barang maupun uang. Di 'pom bensin' ini aku hanya tak mengisi bahan bakar, tetapi juga memperbaiki mobilku. Jika sudah baik, aku harus pergi. Aku harus kembali ke jalan""- Dokgo The most heartwarming book that I read this year! There is a small plot twist about main character in the end, but eventhough the plot twist in this book not quite many, the storyline is interesting to be read! The main storyline in this book that actually a relationship between other peoples and how that actually human can help each other, care to each other and share a small happiness to each other in this ""madness"" world. The characters in this book are not so many so reader easily could comprehend and following the whole storyline. The book telling you about a character named Dokgo, a homeless man that have dementia (because of alcohol) in Seoul Station find a purse that belongs to a minimarket owner named that one day being helped by an old lady that have a minimarket, who name Mrs. Yeom. And finally because of Dokgo's kindness Mrs. Yeom hired him to be a minimarket staff in her minimarket after realize that Dokgo needed to be helped. Dokgo finally works at minimarket. Eventhough at first many buyer even the current staffs actually hate him because of his strange behaviour and knew that he was a homeless man, many people underestimate him. But in the end, Dokgo is the one who helped the buyers and current staffs with their life problems who mostly had problem with their works, their family, nor their childrens. There are total 6 chapters in the book and the book will tell you about how Dokgo help the owner, buyer and other minimarket staffs to help their own life problems through his kindness, his openness, his wiseness, and his honesty. The last chapter will reveal who Dokgo really was after finally he could start remembering his past lives before being a homeless man, since he felt dejavu after several times he helped another peoples problem and after Mrs. Yeom able to saved him from alcohol consumption. Definitely I will give 4.5 star for this book! 💝🙌"
4,2023-05-16,"Namanya minimarket Always. Cerita ini bermula ketika Dokgo telah menyelamatkan sebuah pouch yang hilang milik seorang wanita tua bernama Nyonya Yeom Yeongsuk, beliau adalah pemilik minimarket di sebuah daerah di Cheongpa-dong, bukit hijau. Nyonya Yeom melihat bahwa Dokgo adalah orang baik dan penuh prinsip meskipun kondisinya penampilannya terlihat urakan tidak meyakinkan. Tetapi Nyonya Yeom bisa merasakan bahwa Dokgo bukanlah orang jahat. Maka beliau memberi kesempatan untuk Dokgo agar menjadi pekerja paruh waktu di malam hari. Dokgo adalah seorang tunawisma yang mengalami demensia akibat terlalu banyak meminum alkohol. Ini merupakan sebuah keajaiban untuknya. Awalnya kehadiran Dokgo membuat cemas. Semua orang takut pada tubuhnya yang seperti beruang besar, bodoh, dan tampak menyeramkan. Tetapi, lama-kelamaan dia bisa membuat semua pelanggan menjadi nyaman untuk berbelanja di minimarket. Dia pun banyak mendengarkan keluh kesah pelanggan dan mengubah pandangan para pelanggan itu untuk bisa hidup jauh lebih baik dan menemukan jalan keluar dari masalah keterpurukannya. Buku ini terdiri dari 8 bab. Setiap babnya, Dokgo bertemu dengan orang-orang yang berbeda dan mempunyai nasib buruk. Dokgo memberikan kesan hangat pada pelanggannya. Dari bab 1 sampai bab 7, buku diisi dengan sudut pandang orang-orang yang datang dan pergi ke minimarket. Kemudian, bab 8 diisi dengan sudut pandang Dokgo sendiri yang terkesan jauh lebih intens. Aku sangat terkesima dengan semua perubahan yang Dokgo alami. Dia juga mempunyai luka, luka yang berat, hingga akhirnya dia mampu dan mau menerima serta mengubah pandangannya sendiri kepada orang-orang sekitar. Kalau dia bisa membantu orang lain menemukan jalan keluar dengan menjadi pendengar yang baik, lantas dia juga harus bisa menemukan jalan keluar untuk masalahnya sendiri. Kau sangat keren, Dokgo! Terjemahannya penerbit haru sudah nggak diragukan lagi. Aku menemukan sedikit kata yang typo tapi itu bukan masalah. Aku selalu cocok dengan buku-buku terbitannya. Mulai sekarang kalau aku pergi ke minimarket, aku akan selalu mengingat buku yang satu ini alias Minimarket Yang Merepotkan. Kenapa? Buku ini memberikan kesan minimarket yang hangat. Aku berharap bisa bertemu orang seperti Dokgo dan Ibu Bos yang sangat bijaksana dan baik kepada semua orang. Rasanya pengin nangis kalau ingat Dokgo."
4,2024-05-08,"Wanneer de voormalig dakloze Dokgo start met werken in een buurtwinkel in Jeongpa, Seoel, zorgt dit voor een frisse wind in de winkel, én bij haar werknemers en bezoekers. Hij verovert al snel de harten van de mensen om hem heen. Maar wat is er met Dokgo gebeurd en kan hij, naast alle klanten, ook zichzelf helpen? De buurtwinkel van tweede kansen is een hartverwarmende roman. Mevrouw Yeom is een voormalig lerares, en runt nu een buurtwinkel. Ze doet dit niet om rijk van te worden, maar vindt het prettig om wat bij te dragen en ervoor te zorgen dat haar medewerkers een inkomen verdienen. Op een dag komt ze Dokgo tegen. Hij helpt haar, en zo besluit mevrouw Yeom om hem ook te helpen. Wanneer er een positie vrijkomt in de buurtwinkel, biedt ze Dokgo deze plek aan. Deze positieve houding van mevrouw Yeom is het begin van een nieuw leven voor Dokgo. Hierdoor start het boek al hartverwarmend. Want hoe vaak bekommeren we ons nou écht om onze medemens? Dokgo biedt een luisterend oor voor iedereen die het nodig heeft. En dan merk je hoeveel dat voor een mens kan betekenen. De oprechte aandacht voor elkaar is hartverwarmend en zorgt ervoor dat je De buurtwinkel van tweede kansen met een heel warm gevoel zit te lezen. De karakters hebben fouten gemaakt, maar zijn sympathiek en je voelt met ze mee. De buurtwinkel van tweede kansen valt op door de prachtige, verhalende manier van vertellen. Het plot komt niet snel op gang, maar je wordt wel meegevoerd door de beschrijvende manier van vertellen. Ook zit het boek vol kleine adviezen en wijsheden over hoe mensen het beste met elkaar om kunnen gaan. Zoals: “Het leven draaide om verbinding, en verbinding draaide om communicatie.” Er komen verschillende perspectieven aan bod. Van mevrouw Yeom tot de collega’s tot verschillende klanten. Met de verschillende mensen komen ook verschillende thema’s voorbij. Van tweede kansen tot alcoholisme tot loslaten. Het is misschien wel naïef om te bedenken dat al deze problemen op te lossen zijn met wat aandacht. Maar door vanuit het perspectief van de verschillende personages te lezen, merk je wat de oprechte aandacht van Dokgo met ze doet. Het verhaal wordt extra interessant als je Dokgo’s perspectief leest. Zijn zoektocht naar geluk, zijn identiteit, waarom hij de aandacht en adviezen geeft, en hoe hij zelf reageert op de mensen. De buurtwinkel van tweede kansen is een hartverwarmende roman vol sympathieke karakters. Het plot ontvouwt zich langzaam, maar door de verhalende manier van vertellen blijf je toch geboeid. En je leert een belangrijke les: over naar elkaar luisteren en oprechte aandacht. Deze recensie verscheen eerst op https://www.readalicious.nl/recensies... Dit boek heb ik ontvangen via bookinfluencers.com in ruil voor een review. Dit had geen invloed op mijn mening over het boek."
4,2024-04-27,"ALWAYS, minimarket milik Nenek Yeom. Dia mempunyai tiga orang pekerja separuh masa. Sihyun, bekerja sambil menyiapkan dirinya untuk ujian CPNS, Ibu Oh bekerja untuk menampung kehidupan hariaannya dan Pak Sungpil yang sebelum ini terpaksa berhenti bekerja. Suatu hari, Nenek Yeom dalam perjalanan ke Busan. Ketika dalam keretapi, dia menyedari beg yang mengandungi dompet dan barangan penting lain telah hilang. Dia tidak sedar bila beg itu tercicir. Kemudian, dia menerima panggilan telefon dari seorang lelaki yang mengaku menemui beg tersebut di Stesen Seoul. Lalu, nenek Yeom bergegas berpatah balik untuk bertemu lelaki tersebut. Ternyata, lelaki itu seorang gelandangan yang tinggal di sekitar Stesen Seoul. Sepertinya dia seorang yang berprinsip kerana tidak mudah menyerahkan beg tersebut hingga dia betul-betul pasti ia milik nenek Yeom. Sebagai membalas kebaikan lelaki iti, nenek Yeom membawanya ke minimarket dan memberikan nasi kotak buatnya. Nenek Yeom juga berpesan, kiranya dia lapar, sila ke minimarket itu untuk mendapatkan makanan. Lelaki itu, memberitahu nenek Yeom namanya Dokgo atau lebih tepat nama panggilan kerana dia tidak ingat siapa dirinya yang sebenar. Lelaki itu hilang ingatan dan dia tidak tahu di mana keluarganya. Itulah sebabnya dia hidup sebagai gelandangan. Kisah tentang minimarket ini bermula bila Dokgo menjadi pekerja separuh masa menggantikan Pak Sungpil yang mendapat pekerjaan lain. Ketika bekerja shift malam, Dokgo bertemu dengan orang-orang yang membuatkan dia melihat dunia dari sudut yang berbeza. Perlahan-lahan, dia mula mencari siapa dirinya yang sebenar. Dalam perjalanan Dokgo itu, dia juga berjaya membantu orang lain melihat masalah hidup mereka dari pandangan yang lain. Perbualan yang spontan dan pertanyaan-pertanyaan yang mudah sepertinya membuka ruang baru dalam mencari penyelesaian kepada persoalan dalam kehidupan. ""Aku memutuskan hidup sambil memeluk rasa bersalahku. Aku memutuskan untuk membantu apa yang bisa kubantu, berbagi apa yang bisa kubagi, dan aku memutuskan untuk tidak serakah."" - Dokgo"
5,2025-07-30,"تدور أحداث الرواية في كوريا داخل حي يُدعى ""تشونغبا"" حيث يقع متجر بقالة صغير تملكه سيدة عجوز طيبة تُدعى ""بوم"". المتجر يبدو عاديًا جدًا، لكنه في الحقيقة مليء بالحكايات والمشاعر الإنسانية العميقة. في بداية الرواية نتعرّف على ""دوكغو"" رجل مشرّد فاقد للذاكرة في منتصف العمر، ضخم الجثة يُشبه الدب في هيئته .. يتقاطع طريقه مع السيدة ""بوم"" حين يساعدها في استعادة محفظتها التي ضاعت منها في محطة سيول. ومن هنا تبدأ العلاقة بينهما وتقوم السيدة "" بوم"" بتوظيف ""دوكغو"" في الوردية الليلية في متجرها، حيث يبدأ هناك في التعامل مع الزبائن ومساعدتهم، وفي نفس الوقت يبدأ هو نفسه في استرجاع أجزاء من ذاكرته. من خلال القصص اليومية البسيطة، يُظهر ""دوكغو"" تعاطفه مع الناس، ويصبح جزءًا من مجتمع المتجر، بل ويجد نفسه. الرواية تتناول مواضيع كثيرة مهمة مثل الوحدة، العائلة ،وفقدان الهوية، والروتين، وصعوبات العمل، وفارق العمر بين الآباء والأبناء والذي قد يعد حاجزًا بينهم كما تركز علي أهمية التواصل مع الآخر وتقدم كل ذلك بأسلوب هادئ ودافئ جعلني أشعر بالقرب من الشخصيات وكأنهم أشخاص حقيقيون أعرفهم شعرتُ وتعلقتُ بهم. الترجمة سلسة وبسيطة والرواية مليئة بالونس والمشاعر والمواقف الإنسانية الجميلة وتحديات وصعوبات الحياة. الرواية تستحق القراءة 5/5 ✨️ - إذا كنت تريد حماية أفراد عائلتك، عليك أن تكون صادقًا معهم. - ""إن السعادة ليست بالوصول إلى ما تريده، بل إن طريق الوصول بحد ذاته هو السعادة، لذا، عليك أن تكون لطيفا لأن كل شخص تقابله يخوض معركة صعبة ما"". - كان يضربنا تارة ويبتاع لنا الطعام تارة أخرى، فقد كان يعاني بسبب عدم قدرته على السيطرة على حياته. -"" لقد كنت قاسيًا مع أفراد عائلتي طوال حياتي، كم أنا نادم على ذلك ! وحتى لو التقيتهم الآن، لا أعرف حقًا كيف علي أن أعاملهم. كما لو كنت تعامل ... زبونًا، كنت ودودًا مع الزبائن منذ قليل، كن كذلك مع أفراد عائلتك أيضًا كما لو كانوا زبائن. أليس أفراد العائلة زبائن أيضًا، وكلنا ضيوف في رحلة حياة بعضنا بعضًا؟ سواء أكنا ضيوف شرف أم ضيوفا بلا دعوة، يجب ألا يترك بعضنا جروحًا لدى بعضنا الآخر. هل أجرؤ على أن أحل ضيفًا على حياة أحدهم مرة أخرى؟ "" - ""شكراً لأنك أحييت شخصاً كان لابد له من أن يموت.. أشعر بالخزي.. لكنني سأحاول أن أعيش"". - ""كان احترامه لذاته أيضًا ينهار، كان ذلك كله بسبب شعوره بالذل في العمل، وشعوره بالغُربة في المنزل"". - ""إن الحياة عبارة عن سلسلة من حل للمشكلات، وإذا كان لا بد من وجود مشكلة تحتاج إلى حلّ، فهي تحاول فقط اختيار مشكلة لائقة""."
3,2026-01-31,"Są takie opowieści, które nie powalają na kolana, nie zapierają tchu w piersiach, nie zarwiemy dla nich nocy, a mimo to czytamy je strona po stronie grzejąc się w ich cieple. Taki jest „„Nietuzinkowy sklep całodobowy”, w którym nie znajdziecie wartkiej akcji i niespodziewanych zwrotów. Jest to zwyczajna historia o zwyczajnych ludziach, którzy spotykają na swojej drodze kogoś niezwyczajnego, kogoś kto potrafił jednym słowem, jednym gestem, wskazać drogę i wyjście z problemów. Gdy właścicielka małego całodobowego sklepu zatrudnia poznanego przypadkiem bezdomnego, nie wszyscy współpracownicy są zadowoleni – Dokko jest wysoki i potężny, dziwnie mówi i nie wzbudza zaufania. A jednak w sposób absolutnie niewymuszony przekonuje do siebie nie tylko innych sprzedawców, ale też klientów i zupełnie obcych ludzi. Każda z postaci borykała się z trudnymi rodzinnymi relacjami lub z niesatysfakcjonującym życiem zawodowym. Uderzył mnie opis funkcjonowania rodzin bohaterów, wymagań jakie rodzice stawiają dzieciom wyznaczając im określoną drogę edukacji i kariery zawodowej, bez oglądania się na ich predyspozycje czy marzenia. Sporo w tych relacjach agresji, a może odbieram to w ten sposób z powodu różnic kulturowych. Autor w każdym rozdziale pokazuje wpływ Dokka na postępowanie i wybory poszczególnych bohaterów, wyposażając go w niesamowitą umiejętność otaczania ludzi serdeczną opieką i dobrym słowem. Przy końcu książki odkrywa przed nami karty (najlepszy według mnie rozdział). Jest to opowieść z morałem, ku pokrzepieniu serc - mimo popełnionych w przeszłości błędów, w każdej chwili możemy spróbować je naprawić. I chociaż nie zawsze jest to możliwe, każdy zasługuje na drugą szansę. Zazwyczaj dokonuję innych wyborów literackich, sięgam po kryminały, horrory czy reportaże, a jednak ta delikatna historia trafiła w moje ręce, choć to nie ja ją wybrałam (dziękuję Sylwia 😊). Książka jest cukierkowa i przesłodzona, a jednak (ku mojemu dużemu zdziwieniu) sięgałam po nią z przyjemnością. Może moja głowa, zmęczona codziennością i długą zimą, potrzebowała odrobiny nadziei, ciepła i łagodnie snutej narracji."
4,2026-01-13,"Disfruté bastante la lectura de: ""La asombrosa tienda de la señora Yeom"" de Kim Ho-yeon la califico con: ★★★★☆ (4/5) Es una novela de fácil lectura ambientada a Corea del Sur y su problemática moderna con indigentes, depresión, deudas, etc. Pero la solución a los problemas de los personajes siempre viene cargada de optimismo y de soluciones esperanzadoras. Es reconfortante y sanadora perfecta para cuando tenemos esos momentos duros y queremos desconectarnos un poco de los problemas . Kim Ho-yeon es dramaturgo, guionista y novelista coreano. Su libro se siente muy dinámico, con diálogos simples y directos, los acontecimientos ocurren alrededor de una pequeña tienda 24 horas en Seúl, un indigente reformado llamado Dokgo, es el hombre que parece dar los mejores consejos pero al mismo tiempo oculta un gran misterio sobre su propia vida. Sufre de amnesia por la bebida, es un hombre enorme, callado y de gran corazón, una vez reformado se convierte en el alma del lugar, escucha y guía con consejos simples a los clientes que se acercan a la tiendita. Los problemas son muy variados y van desde: deudas, soledad, bloqueos creativos, adicciones o presiones familiares. La obra se estructura de forma episódica, capítulos breves y dinámicos a veces un poco caricaturescos pero bueno, eso es parte del encanto. Es una lectura fluida, fácil y motiva a seguir leyendo para conocer el desenlace de estos personajes. Aunque los problemas ocurren a nivel personal, muchos de ellos se unen gracias a la pandemia de COVID-19 que cierra el arco de forma emotiva y esperanzadora. Es una novela que forma parte del fenómeno K-healing, la recomiendo para aquellos que estén atravesando un duro momento y quieran sentirse humanos, resilientes y que quieran pensar en segundas oportunidades pero sin llegar a un melodrama excesivo. Quizás algunos tramos de la historia son bastante predecibles pero bueno quisiera seguir leyendo más historias sobre esta tienda."
4,2024-04-06,"Esta novela es un caramelito envenenado, en el buen sentido. Porque tiene una envoltura tierna y dulce, con personajes entrañables, que si bien de primeras pueden ser desagradables o huraños, conforme avanza el capítulo dedicados a ellos, vas quitando capas, y a través del ejercicio de empatía (muy bien guiado por el autor por medio del personaje principal) descubres que todo el mundo tiene razones para hacer lo que hace. Sin embargo cuando ya te tiene completamente metido en la historia entre algodones de azúcar saca la afilada espada de la crítica social y reparte en muchos ámbitos de la sociedad en general y de la surcoreana en particular. Crítica el individualismo, el consumismo desenfrenado, el culto a lo físico por encima de todo,…de manera franca y sin paños calientes, pero con un camino alternativo en el horizonte, con esperanzas para el cambio. La manera en la que está escrito lo hace terriblemente fácil y entretenido. Cada capítulo tiene un personaje como base, pero a través de este, conoces un poco más al personaje, que es el eje principal sobre el que orbitan el resto de historias, con moraleja incluida y una pequeña lección al final. Y que va tejiendo su historia, hasta que al final te resuelve, con plot twist incluido. No pasa desapercibido el clima de miedo y desconcierto reinante en los albores de la pandemia del covid-19, que es el momento en el que se sitúa la novela. Lo cuál además de ser un acierto, para la atmósfera que crea, podría decirse que inicia un género hasta ahora inexistente. Es un buen libro y sencillo de leer, la profundidad de la conclusión y lo que tu quieras ahondar en los sentimientos de cada propuesta, ya es cosa tuya. Pero si te tomas el tiempo suficiente, lo disfrutarás mucho más. Si te quedas en la superficie, también, porque es muy estético, pero lo olvidarás pronto. Ya todo depende de en qué punto estés, pues si algo resume el tema principal de la novela es: no juzgues."
4,2024-06-01,"*Review copy* One day, a new employee suddenly works in a small supermarket: the formerly homeless Dokgo. He soon proves to bring a refreshing energy and conquers the hearts of those around him. Touted as the new emerging genre of healing fiction, I started this book with good cheer. Cheering isn't actually necessary; as the genre alludes, danger doesn't really lurk around the corner. The book tells a touching story that leaves you wanting more. Humanity and its flaws emerge. The various characters are stuck in their lives in a certain way. Their storylines are nicely connected to the homeless Dokgo. Because of him, the characters are ultimately able to move on. Although his push in the back is not always gratefully received. His unique and/or honest view gives food for thought. It is even inspiring to treat people and life in general gently. However, Dokgo's own past remains a mystery until the final chapter. I would have liked to see more about that, especially with the accompanying revelations. The author writes lovingly and with great detail. You imagine yourself in this uncanny convenience store and feel connected. In my opinion, a successful book. One to enclose in your heart. My rating: 4.5 out of 5 stars --- *Recensie-exemplaar* Op een dag werkt er opeens een nieuwe medewerker in een kleine supermarkt: de voormalig dakloze Dokgo. Al snel blijkt hij een verfrissende energie met zich mee te brengen en verovert hij de harten van de mensen om hem heen. Aangeprezen als het nieuwe aanstormende genre helende fictie begon ik vol goede moed aan dit boek. Moed is eigenlijk niet nodig; zoals het genre alludeert, gevaar loert niet echt om de hoek. Het boek brengt namelijk een aandoenlijk verhaal waarvan je meer wilt. De mensheid en zijn gebreken komen naar boven. De verschillende personages zitten elk op een bepaalde manier vast in hun leven. Hun verhaallijnen zijn mooi verbonden met de dakloze Dokgo. Door zijn toedoen kunnen de personages uiteindelijk verder. Al wordt zijn duwtje in de rug niet altijd in dank aangenomen. Zijn unieke en/of eerlijke kijk geeft stof tot nadenken. Het werkt zelfs inspirerend om mensen en het leven in het algemeen zachthandig aan te pakken. Dokgo's eigen verleden blijft echter een mysterie tot het laatste hoofdstuk. Daar had ik graag meer over gezien, zeker met de bijhorende onthullingen. De auteur schrijft liefdevol en met veel detail. Je waant je in deze ongemakkelijke gemakswinkel en voelt verbondenheid. Naar mijn beleving een geslaagd boek. Eén om in je hart te sluiten. Mijn rating: 4.5 op 5 sterren"
4,2024-08-11,"Un libro muy significativo, bonito, melancólico, te hace reflexionar en su totalidad. Un final no tan completo, falto aclarar muchas cosas sobre algunos personajes, sobre todo del protagonista. Todos queremos saber que pasará en el futuro con él. Es curioso ver cómo todos los personajes tenían algún tipo de conexión entre sí. Un libro que estará en mi corazón por un tiempo🤍 Frases: 1. “Beber en soledad era romántico” 2. La felicidad no se encuentra en la meta después del camino, sino que el propio camino es la felicidad. 3. Cada vez que recordaba las palabras violentas que había escupido a su familia, no podía evitar repetirse que estaba cosechando lo que había sembrado. 4. Un cerebro empapado en dolor se torna cada vez más pesado, y, si no puedes librarte de él, te sumerges en un vasto y desolador vacío. 5. Hay que ponerse en el lugar del otro. Eso solo llegué a comprenderlo después de haberme desviado del camino. 6. Qué curioso, cuando la muerte se desata, la vida se revela. 7. Había comprendido que la felicidad no estaba lejos, que solo tenía que compartir mi corazón con las personas de mi entorno. 8. ¿O debía culpar a la pobreza de mis años de adolescencia y a mis padres incapaces, que me hicieron prometerme a mí mismo que tendría éxito y viviría a lo grande para desquitarme con el mundo? 9. Todos viven hablando como si supieran de todo, presumiendo. Por eso creo que la Tierra ha esparcido esta plaga para silenciar a la humanidad. 10. En este mundo, son los «dioses de la medicina» quienes obtienen la santidad. Sin embargo, las personas como ella, que tienen consideración por los demás, deberían ser santas. 11. Ahora por fin lo entendía: el río no es un lugar para hundirse, sino para cruzar. Los puentes están para atravesarlos, no para lanzarse desde ellos. 12. Ayudaría a quienes me necesitaran, compartiría lo que tuviera y no me aferraría a mi propia codicia. 4/5⭐️"
5,2025-04-26,"Of the Korean novels that I have read (or attempted to read) so far, I'd say this one was the best experience. I liked the story a lot, and it was a pretty comfortable level for me. (I did have to look up lots of words!) I started it on January 1 of 2024 and was hoping to finish it by the end of the year, but that didn't happen. (It was a very busy year.) It ended up taking me just short of 16 months. The story was interesting but not so complex that I would forget important details from reading so slowly, so it turned out to be a good choice for this kind of thing. The book has 8 chapters which are basically separate short stories, and each one was harder at the beginning but for the most part the language was fairly easy to understand. I learned a few interesting idioms from looking things up. Discovering that the Korean word for corn silk means ""corn whiskers"" was fun. I was interested in this book in the first place because I thought the title was hilarious (it can be translated as ""Inconvenient Convenience Store,"" which reminds me of a certain Far Side cartoon). It's going to be published in English soon and they're going with The Second Chance Convenience Store for the title, which is a little disappointing but probably a good decision. The story centers around the owner of the convenience store and a homeless man that she encounters and, through a series of events, ends up employing at the store for the night shift. It's set during Covid, and mostly in the wintertime. The descriptions of places and the characters and their interactions are nicely evocative and very Korean. I especially enjoyed the scene where Dok-go is giving someone a hard time on the subway. I do want to come back to this and read it again, maybe in a couple of years. And there is a sequel! I'll have to read that one too."
3,2025-08-03,"Das ist mein erster koreanischer Roman gewesen. Okay, ich habe ihn in der Deutschen Übersetzung gelesen, aber trotzdem, mein erstes Buch überhaupt von einem koreanischen Autor und ich muss sagen, es hat mich echt überzeugt. Der Stil unterscheidet sich merklich von dem der deutschen oder englischen Autoren. Es wird viel mehr Wert auf Kleinigkeiten und Stimmungen gelegt und man fühlt sich beim Lesen irgendwie geborgen. Es gibt wenig Drama oder Anspannung, sondern man lebt gemeinsam mit den Protagonisten deren Alltag. Dieses Konzept lässt das Gelesene lyrischer wirken und man wird merklich ruhiger und kann abschalten. Das hat mir irgendwie echt gut gefallen, auch wenn der Einstieg ungewohnt war. Das Buch ist in wenige, dafür lange Kapitel unterteilt. Davon bin ich persönlich nicht so der Fan, weil ich gerne ein paar Seiten lese, und dann, wenn ich das Buch beiseite lege, am liebsten ein abgeschlossenes Kapitel habe, als mitten auf der Seite zu unterbrechen. Aber es passte hier definitiv rein und ist natürlich nur meine eigene Vorliebe. Jedes Kapitel ist aus der Sicht eines anderen Menschen geschrieben, der in die Handlung involviert ist. So kommt man den Charakteren näher und kann auch die Hintergründe ihres Verhaltens besser nachvollziehen. Die Handlung ist unaufgeregt und plätschert leicht dahin. Einige der Charaktere schließt man schnell ins Herz, während andere auf den ersten Blick kalt und unsympathisch wirken und man erst, wenn der Hintergrund klarer wurde, merkt, dass auch sie verletzlich sind und jemanden suchen, der sie versteht. Alles in allem ein schöner Wohlfühlroman mit unaufgeregter Atmosphäre, vielschichtigen Charakteren und einer interessanten Geschichte über Hoffnungen und Neuanfänge."
3,2026-01-29,"*Please make sure you’re aware of the themes and topics in this book before choosing to read it yourself – alcoholism, homelessness, suicide references, abuse and more* I think if you’re used to this kind of book you probably wouldn’t have been as put off as I was by both how short and to the point this was, and how many POV switches there were. Because there was a fair few. And because this was short and to the point it did mean that I didn’t really feel a major connection to any of the characters. Some of them only appeared for their relevant chapter and then we didn’t really hear from them again. I know that’s partly one of the points, that people come and go and sometimes the smallest of interactions can make or break a person. But I did find myself wanting to know more. Although despite wanting to know more about some of the characters, I do feel as if some of the charm of this story was lost when we discovered who Dokgo was and why he was the way he was. I know to wrap up the story we needed to know but I didn’t love the way it was portrayed. All in one go at the end. It was hinted that something had happened to make him fall into alcohol and homelessness, that he’d experienced some kind of situation or trauma but I feel as if it would of been better to have him get those pieces back throughout the story, bit by bit. Not to mention, all sympathy I had for him throughout the story simmered right down hearing about his past. Do people deserve second chances? That’s really only a question you can answer yourself. But hearing Dokgo’s past.. I don’t know if he does. That’s my honest answer. He helped people in his present, he hurt people in his past. Humans’ are complex beings and Dokgo is one of them. Full review - https://mediashadowreads.wordpress.co..."
4,2024-01-30,"Minimarket yang Merepotkan by Kim Ho-yeon || 4,5/5⭐ 🐾Bercerita tentang Dokgo, seorang tunawisma hilang ingatan yang bertemu dengan Nyonya Yeom, pemilik Minimarket Always. Nyonya Yeom yang melihat ketelitian dan kejujuran Dokgo akhirnya mempekerjakan Dokgo di minimarket miliknya. Melalui minimarket yang merepotkan ini Dokgo bertemu bermacam-macam pelanggan dan menuntunnya untuk mengungkapkan siapa dirinya yang sebenarnya. Novel hangat tanpa plot yang kuat akhir-akhir ini jadi favoritku. Hanya fokus dengan apa yang terjadi pada tokoh utama dan percakapan-percakapan ""dalam"" selalu menarik buat ku, begitupun dengan Minimarket yang Merepotkan ini. Di novel ini pembaca bakalan ketemu sama beberapa karakter yang beragam yang ada ditiap chapternya. Aku suka gimana penulis menceritakan pertemuan setiap karakter dengan Dokgo di minimarket Always. Juga bagaimana Dokgo jadi sumber 'pencerahan' bagi mereka. Pendekatan Dokgo yang aneh kerapkali bikin jengkel setiap karakternya bikin aku ketawa canggung. Oh iya jangan lupa sama Nyonya Yeom yang baik hati💞 meskipun terkenal galak ketika jadi guru, beliau ini arif dan bijaksana sekali. Penggambaran Nyonya Yeom bener-bener sempurna! Tadinya aku kira ketika bagian pengungkapan identitas Dokgo bakalan bikin terkejut ala ala gitu.. Tapi engga! Malah banyak sedihnya🥲 tapi aku ga kaget karena ngeliat bagaimana cara kerja Dokgo yang apik ya ga heran sih... Satu lagi mari apresiasi Penerbit Haru dan tentu saja kakak penerjemah👏🏻 terjemahannya ga kaku, pemilihan katanya bagusss!! Ukuran font yang enak banget buat baca sehingga ga bikin pusing. Minusnya cuman agak banyak typo."
4,2024-04-07,"Se trata de una historia muy coral, cada capítulo es narrado desde el punto de vista de un personaje. Uno pensaría que por el título, la novela orbitaría alrededor de la señora Yeom y su tienda de conveniencia veinticuatro horas. Y aunque es verdad que la tienda es el eje en el que confluyen todas las historias, el personaje sobre el que orbitan todos los demás, incluida ella, es Dokgo, el sintecho que se encuentra la cartera de la señora Yeom y que gracias a ella termina encargándose del turno de noche. Y es que Dokgo, que no recuerda nada de su pasado debido al alcoholismo, se las ingenia para impactar sobre la vida de quienes se cruzan en su camino. Me ha gustado muchísimo cómo el autor, en un solo capítulo, te presenta un personaje que hacía dos páginas no conocías o del que apenas sabías nada, y consigue que te interese de verdad. Es a través de ellos, además, como vamos conociendo más cosas de Dokgo, que es un enigma hasta prácticamente el final. En cierto momento, engancha bastante. La presión laboral, las relaciones familiares, los apuros económicos, el futuro incierto... Es fácil identificarse con la amalgama de situaciones que se tratan y de la que se extraen lecciones que pueden, casi siempre, servirnos a todos. Todo esto, junto al costumbrismo coreano que lo impregna todo, son sus puntos fuertes. Por resumir diría que, a riesgo de sonar a tópico, es una novela donde las segundas oportunidades cobran vida, cómo Dokgo y esa humilde tienda son canalizadores de todas ellas. Minipunto extra para la traducción, que ha ayudado mucho a que la novela fluyese tan bien."
4,2025-07-22,"""Life's not meant to be comfortable and convenient all the time."" ⇢ The Second Chance Convenience Store is a heartwarming tale set in Seoul, centered around Dokgo, a homeless man suffering from alcohol-induced memory loss. After a chance encounter, he’s taken in by Mrs. Yeom, the kind and determined owner of Always Convenience. She offers him more than just shelter, giving him a fresh start. ⇢ Told through a series of interconnected chapters, this book introduces various characters who cross paths at the store. Each of them carries their own emotional baggage, and somehow, Dokgo, despite his own struggles, manages to offer them meaningful advice and genuine kindness that helps them move forward. As he quietly impacts their lives, he begins piecing together fragments of his forgotten past. ❀ The pacing feels just right, and the writing invites you to care deeply for its flawed but relatable characters. Besides Dokgo, I also like Mrs. Yeom, an older woman running a barely surviving convenience store not for profit, but to give people a sense of purpose and belonging. One chapter that especially moved me was the fourth story, BOGO. It was emotional and meaningful, touching me to the point that it brought tears to my eyes 🥺 ❀ This book gently reminds readers of the importance of compassion, empathy, and human connection. It invites readers to step into someone else’s shoes, listen deeply, and offer kindness even when nothing is asked in return. I recommend this comforting, character-driven story to anyone looking for a heartfelt and meaningful read that makes you feel and reflect ❤️ ""In the end, life boiled down to relationships, and relationships to communication."" 4.25 ★ Thank you, Times Reads, for the review copy!"
5,2025-08-07,"you HAVE to read this. this book dives into complex and simple thoughts in the most digestible way. i love much i can find a way to relate to each character and how i can understand exactly how they feel without a deep description. the themes of alcohol are interesting to break down along with the comparison of each struggle a character is going through. seeing how intricate everyone's lives are, but how they all tie back to the store is so normal yet so important to read. it's beautiful how everyone's lives can revolve around a convinence store and how that's all because of mrs. yeom. kim ho-yeon perfectly showcases how people might not always meet your expectations and this quote captures it perfectly, ""Kyeongman had cherished those moments of peaceful camaraderie during the quiet hours, a shared understanding beyweeen individuals battling life on the frontlines."" (ho-yeon p. 80) he really shows that we're all struggling but can find joy, calmness, or escape in the small things, like a convinience store. the story also touches on what life is like when you're bitter, unsuccessful and turn to alcohol. was it to make a point about the dangers of it or that even though life is tough, being with loved ones is better than running away from your problems? this also makes me wonder if there's a point to be made about men versus women handling these situations. both turn to alcohol yet the men handle it worse than the women, making it near impossible to come back from the addiction. it's an incredibly well written and full circle story. everyone has the ability to turn their lives around. ultimately, be kind and be honest."
5,2025-12-15,"Tai pirmoji mano pažintis su Pietų Korėjos literatūra ir ji tikrai nenuvylė. Romanas toks šiltas, švelnus, kaip tik toks, kokį norisi skaityti prieš gražiausias metų šventes. Siužetas gana paprastas – Jom Jongsukė, krautuvės savininkė, pasigenda savo dėklo, kuriame yra svarbūs dokumentai, pinigai. Ji sulaukia keisto skambučio apie rastą dėklą. Moters dėklą atkakliai saugo ir jai grąžina Seulo stotyje besiglaudžiantis benamis, kurį kiti vadina Doku. Taip užsimezga veikėjų pažintis. Buvo nesunku atspėti, kad moteris Doką įdarbins savo krautuvėlėje. Nors veiksmas vyksta pakankamai lėtai ir, sakyčiau, daugiau mažiau jis kasdieniškas, negalėjau atsiplėšti nuo šio kūrinio. Kokia to paslaptis? Manau, kad gana stiprūs, atpažįstami personažai. Kūrinys pasakojamas vis iš skirtingų pozicijų, tai leido susipažinti su kiekvieno veikėjo pasauliu artimiau. Krautuvė atskleidžiama kaip gydanti vieta, kurioje kiekvienas pamažu atranda save. Labai vaizdingai ji lyginama su degaline: „Aš šioje degalinėje ne tik užsipyliau degalų, bet ir visiškai susitaisiau automobilį. O jeigu susitaisei, reikia išvykti“ (p. 229). Tikriausiai ne aš viena su nekantrumu laukiau Doko dalies, kuri paliekama pačiai pabaigai. Atomazga kiek netikėta, nes nė neįtariau tokios esant benamio praeities. Nors ji ir skaudi, gyvenimiška, tačiau pamokanti, suteikianti antrą šansą. Romano pabaigoje atskleidžiama pagrindinė mintis: „Bet dabar, regis, jau žinau. Kad į upę reikia ne šokti, o ją kirsti. Tiltu pereini į kitą pusę, o ne nuo jo šoki“ (p. 250). Kiekvienam yra suteikta galimybė pradėti viską iš naujo, pakilti iš pelenų. Kartais tai gali padėti padaryti sutikti atsitiktiniai žmonės."
5,2023-11-21,"This is one of my favorite books. Very relaxing, no need to think much when you read it. Just enjoy the plot, the story, the characters, with so much insight and quotes which you can relate in your life. Setting cerita yang sederhana, alur cerita yang simpel dengan konteks kehidupan sehari-hari minimarket. Gak berasa bacanya, tau-tau udah jauh beberapa bab sendiri. Sudut pandang cerita dari beberapa tokoh, tapi saling terkait satu sama lain turut menambah keseruan cerita secara keseluruhan. Banyak insight yang bisa dicerna dari masing-masing tokoh, ketika mereka ketemu masalah sampai akhirnya resolve karena ""ngobrol"" sama Dokgo. Akhirnya siapa Dokgo juga terjawab, dan cukup tidak terduga siapa dia di masa lalu. Ending buku juga dibuat menggantung, tapi buat aku pribadi itu sudah cukup. Beberapa quotes favorit aku: ""Bos yang tidak menghargai karyawan membuat karyawan tidak menghargai pelanggan."" ""Dunia ini bukanlah dunia tempat seseorang bisa mencapai tujuan dengan selamat hanya dengan terus berlari di dalam jalur."" ""Hidup adalah hubungan, dan hubungan adalah komunikasi. Aku sekarang menyadari bahwa kebahagiaan itu tidak jauh dan bisa ditemukan saat berbagi pikiran dengan orang-orang di sekitar."" ""Kebahagiaan bukanlah sesuatu yang ada di atas jalan menuju sesuatu, tapi kebahagiaan adalah jalan itu sendiri. Dan kau harus bersikap baik karena semua orang yang kau temui sedang berjuang keras.”"
5,2023-12-31,"#minimarketyangmerepotkan Penulis : Kim Ho-yeon Genre : slice of life 15+ 400 hlm 5⭐️ aku baru bisa post reviewnya sekarang ☃️ buku ini bercerita tentang seorang tunawisma yang hilang ingatan gara2 kebanyakan minum alkohol. orang2 manggil dia dengan sebutan “dokgo”, kesehariannya berkeliaran di stasiun seoul. sampe suatu hari dia dapetin dompet yang ternyata itu punya seorang nenek bernama nyonya yeom, pemilik minimarket. dari sini lah, kehadiran dokgo kayak jadi berkah untuk beberapa orang, dan kehadiran nyonya yeom jadi berkah untuk dokgo. manusia saling terhubung, saling butuh. dokgo ini karena dia demensia kan, trus jarang konunimasi sama orang2, jd kemampuan bicaranya juga berkurang bgt tadinya.. tapi semenjak ketemu nyonya yeom, dia dikasih makan tiap hari, pas nyonya yeom butuh karyawan sift malam, dan susah nyari nya, dipekerjakan lah dokgo ini.. diubah penampilannya jadi lebih rapih, diajarin ini itu juga dia cepet bgt faham nya, inisatifnya juga gercep banget, cara bicaranya juga pelan2 udh ga gagap lagi. pelan2 dia berkomunikasi lagi sama manusia2 disekitar nya, bahkan mengubah perspektif beberapa orang, in a good way. orang-orang jadi penasaran dong, siapa sebenernya si dokgo ini sebelum dia jadi tunawisma? karena dia sendiri pun gatau dulu dia siapa. perjalanan dokgo buat mencari lagi jati dirinya yang hilang, itu yang heartwarming bgt menurut ku. awalnya aku curiga kan, ini kenapa alurnya datar banget.. apa ntar si dokgo ini ternyata jahat apa gimana? ternyata nggak, emang alur ceritanya pelan dan cocok dinikmati pelan2 aja, aku kan bosenan ya baca cerita yang kalem2, tapi yang ini tu aku suka bangetttt… 🫶🏻🫶🏻 ada pelajaran tentang gimana sikap orangtua ke anak, tentang orang yang ngerasa rendah diri, tentang penulis yang lagi di fase writing block (bener ga gitu bahasanya) jadi kita nikmatin aja ceritanya.. buku ini juga kental dgn isu psikogis, luka sesakit apa si sampe bikin dokgo demensia & jd tunawisma? kita semua mungkin punya penyesalan, yang fatal, yang buruk, yang tak tertahan memalukannya. sama seperti dokgo, kita semua juga punya kesempatan untuk memilih hidup. memilih memperbaiki, bukan mengakhiri.✨"
5,2023-02-07,"Minimarket yang Merepotkan merupakan sebuah karya fiksi yang membuat kita merasa tenang sekaligus buku yang mengobati perasaan kita. Buku ini menceritakan tentang seorang pria yang merupakan tunawisma yang ditemukan oleh seorang nenek sekaligus pemilik minimarket. Pertemuan mereka bisa dikatakan unik karena pria ini membantu si nenek menemukan pouch- nya yang hilang. Setelah itu, si nenek mengajak pria tunawisma ini untuk bekerja paruh waktu pada malam hari di minimarket miliknya. Minimarket milik nenek ini bukanlah minimarket yang ramai dan terkenal, hanya sebuah minimarket kecil yang dikunjungi beberapa orang yang lewat. Namun, kehadiran minimarket ini mengubah hidup pria tunawisma dan pria ini pun mengubah hidup banyak orang. Mulai dari percakapan-percakapan sederhana tentang masalah yang dihadapi beberapa orang hingga bagaimana pria tunawisma ini berusaha untuk 'membalas budi' nenek yang telah memberinya pekerjaan. Dokgo adalah nama panggilan pria ini. Hidupnya yang terasa di ambang batas ternyata malah bisa mengubah hidup banyak orang. Dan ia, perlahan-lahan, mulai kembali mencari tahu siapa dia sebelumnya setelah mengalami demensia akibat minum alkohol secara berlebihan. Buku ini benar-benar heartwarming , membuat kita yang membaca merasa nyaman dan hangat. Kita dibawa menelusuri kehidupan sendiri dan berpikir secara sederhana, berpikir mulai dari dasarnya."
5,2024-03-06,"“Nietuzinkowy sklep…” to książka, która przeniesie Was do niesamowitego miejsca. Może się Wam wydawać, że to zwykły sklep całodobowy, ale kiedy wejdziecie sami przekonacie się, że jest w nim coś wyjątkowego. Niepozorne spotkanie, które zostało spowodowane zgubieniem przez panią Yeom torebki z dokumentami, będzie początkiem czegoś niezwykłego. Bezdomny mężczyzna, który znajduje własność właścicielki sklepu, nie wzbudza na początku jej zaufania. Ma problemy z mówieniem, nie pamięta niczego ze swojej przeszłości. Kobieta zaprasza go w zamian za oddanie zguby, aby poczęstował się posiłkiem z jej sklepu. Oferuje mu ciepłe danie każdego dnia, zupełnie za darmo. Od tej pory życie Dokko się zmieni…a za jego sprawą także życia innych ludzi, którzy potrzebują pomocy i znajdą ją w nietuzinkowym sklepie całodobowym. Opis może się Wam wydawać nieco enigmatyczny, ale uwierzcie mi na słowo, że im mniej wiecie tym lepsza będzie dla Was lektura.Sama akcja jest powolna, jednak moim zdaniem w tym przypadku jest to ogromny plus. Delektowałam się każdą stroną i każdym zdaniem. Zupełnie nie chciałam się spieszyć. Jest to przykład książki, która z jednej strony jest bardzo prosta, opowiada o ludziach takich jak my, którzy każdego dnia mierzą się z różnymi problemami. Często te problemy wydają się nie do pokonania, ale jedna iskierka, rozmowa z kimś nieznajomym, może zupełnie zmienić perspektywę. Jeżeli miałabym opisać tę książkę jednym zdaniem byłoby to: “Piękno tkwi w prostocie”. Styl autora jest niesamowicie delikatny i tworzy wyjątkowy klimat. Czytając miałam wrażenie, że czuję powiew wiosny (może się to wydawać górnolotnym stwierdzeniem, ale dokładnie tak było). “Nietuzikowy sklep…” to idealna pozycja na gorszy czas, daje mnóstwo nadziei i ciepła. Pokazuje jak ważna jest rozmowa z drugim człowiekiem. Jest to też historia o tym, że każdy zasługuje na drugą szansę, na chwilę wysłuchania, możliwość opowiedzenia swojej wyjątkowej historii. To taka pozycja po której przeczytaniu inaczej spogląda się na ludzi dookoła, także tych nieznajomych. Jeżeli szukacie książki, która przyniesie do Waszego serca wiosnę i skłoni do refleksji, oraz da mnóstwo ciepła - koniecznie sięgnijcie po “Nietuzinkowy sklep…”!"
5,2025-06-26,"Well, I was not expecting to love this book as much as I did. Finishing it felt like a warm tea on a cold night. This story was simply beautiful and heartwarming. Dok-go lives in Seoul Station. Alcoholism has caused for him to have no recollection of his past. When he finds a lost wallet, his life completely changes. Mrs. Yeom is the current owner of her neighborhood’s corner store, upset over losing her wallet is worried about what she has lost. She receives a mysterious call from a stranger that wants to give her wallet back. When Mrs. Yeom realizes that this is an unhoused man that has protected her wallet from theft. She has an impulse to invite him to eat every day at her convenience store. With the arrival of Dok-go, the neighborhood and customers around are impacted by this one man. Wow, I am not sure how to properly explain how much I loved this book. Each chapter follows the story of one-character and how Dok-go has impacted their life. Some people are fighting invisible battles while others are openly fighting them. Dok-go is this voice of wisdom and comfort. The last chapter was the perfect way to wrap-up this novel. The only thing I wish I would have done differently was to listen to the audiobook because I would have loved to hear the proper name pronunciations and not my Spanish and English jumbling them. Thank you @bibliolifestyle and the publisher for this gifted copy."
4,2024-12-09,"There is a small supermarket in Seoul where a new employee starts: the homeless Dokgo. His colleagues don’t particularly like this at first and think he is a bit strange, but he quickly wins the hearts of the customers and his colleagues. He stutters a bit, but what he says often turns out to be very valuable advice which helps the people around him. But how did Dokgo end up there and what is he trying to forget? I received this novel from Park Publishers in exchange for a review, and I absolutely enjoyed this book. I love it that you learn more about the culture and customs of another country from such a translated novel. For example, in South Korea everyone turns a year older on January 1st and they do not celebrate the day they were born. Did you know that? Each chapter is about a different character, a customer or employee of the store, and occasionally you see an event from different points of view which makes it very lively to read. This book belongs to the category “healing fiction” which means that the story is about the personal growth of the main characters and it revolves around relationships between the characters. That was clearly reflected in this book, it is a wonderfully relaxing story that gives you a warm feeling. The book also looks beautiful, with a very nice glittery cover 😍. Highly recommended!"
4,2025-03-13,"The bell above the door jingled as she entered the store. A warm blast of air hit her, a nice comfort after braving the frigid cold outside. It was quiet, no other customers inside. She busied herself trying to find something warm to drink and hoping after this brief stop she’d somehow manage to figure out what to do with her newly upended life. The Second Chance Convenience Store is a translated contemporary fiction book. It follows a convenience store owner, her employees, and some of the customers. All of them dealing with some kind of hardship in life and all of them getting a second chance. This story was such a sweet little read. Each character’s story had some heartache and sadness, but seeing them receive second chances and get some light at the end of their dark tunnels was heartwarming to read. The story follows multiple people, but at the center is Dokgo, a homeless man who has no memories of his past life. Seeing his character grow and impact each character made me smile. Definitely glad I picked this up! If you love feel good stories (books like Eddie Winston is Looking for Love or The Reading List), following everyday life for characters, and second chances… please give this book a read! CW: Death, Alcohol Abuse/Addiction, Depression, Grief, Physical Violence, Suicidal Thoughts, Dementia."
3,2025-03-20,"La señora Yeom es una ex profesora propietaria de una tiendecita 24 horas en un barrio cercano a la estación de Seúl. Un día pierde un estuche en el que guardaba su cartera, la cartilla bancaria y otros enseres personales e importantes para ella. Cuando recibe la llamada de una persona que alega tener su estuche, la señora Yeom corre directa a la estación de Seúl para recuperarla, donde se va a encontrar con que Dokgo, un indigente, es quien se la ha encontrado. Para devolverle el favor y agradecerle las molestias, la ex profesora le dice al hombre que, cada vez que tenga hambre, no dude en pasarse por la tienda dado que siempre tendrán comida caliente para él. Por una serie de acontecimientos, Dokgo acabará trabajando en el turno nocturno para la señora Yeom. Dokgo va a ir solucionando inconscientemente los problemas de la gente que frecuenta la tienda y esto, a su vez, va a provocar que el hombre recuerde su pasado y la historia que no recordaba que había dejado atrás. Es una novela cortita que engancha y se lee muy rapidito. Me ha tenido bastante intrigada ya que me ha gustado bastante cómo está escrita, pero si que es verdad que creo que no he terminado de conectar con la historia ya que el plot twist final de la misma me ha resultado un poco raro. '𝑳𝒂 𝒗𝒊𝒅𝒂 𝒆𝒔 𝒍𝒐 𝒒𝒖𝒆 𝒑𝒂𝒔𝒂 𝒎𝒊𝒆𝒏𝒕𝒓𝒂𝒔 𝒓𝒆𝒔𝒖𝒆𝒍𝒗𝒆𝒔 𝒑𝒓𝒐𝒃𝒍𝒆𝒎𝒂𝒔.' '𝑳𝒂 𝒇𝒆𝒍𝒊𝒄𝒊𝒅𝒂𝒅 𝒏𝒐 𝒔𝒆 𝒆𝒏𝒄𝒖𝒆𝒏𝒕𝒓𝒂 𝒆𝒏 𝒍𝒂 𝒎𝒆𝒕𝒂 𝒅𝒆𝒔𝒑𝒖𝒆𝒔 𝒅𝒆𝒍 𝒄𝒂𝒎𝒊𝒏𝒐, 𝒔𝒊𝒏𝒐 𝒒𝒖𝒆 𝒆𝒍 𝒑𝒓𝒐𝒑𝒊𝒐 𝒄𝒂𝒎𝒊𝒏𝒐 𝒆𝒔 𝒍𝒂 𝒇𝒆𝒍𝒊𝒄𝒊𝒅𝒂𝒅. 𝒀 𝒕𝒂𝒎𝒃𝒊𝒆𝒏 𝒒𝒖𝒆 𝒅𝒆𝒃𝒆𝒔 𝒔𝒆𝒓 𝒂𝒎𝒂𝒃𝒍𝒆 𝒄𝒐𝒏 𝒕𝒐𝒅𝒂𝒔 𝒍𝒂𝒔 𝒑𝒆𝒓𝒔𝒐𝒏𝒂𝒔 𝒅𝒆 𝒕𝒖 𝒂𝒍𝒓𝒆𝒅𝒆𝒅𝒐𝒓, 𝒑𝒐𝒓𝒒𝒖𝒆 𝒕𝒐𝒅𝒐 𝒆𝒍 𝒎𝒖𝒏𝒅𝒐 𝒆𝒔𝒕𝒂 𝒍𝒖𝒄𝒉𝒂𝒏𝒅𝒐 𝒖𝒏𝒂 𝒅𝒖𝒓𝒂 𝒃𝒂𝒕𝒂𝒍𝒍𝒂.'"
5,2025-04-29,"Questo libro è al tempo stesso una coccola e un modo per aprire bene gli occhi sulla società in cui viviamo. Questo è reso possibile dal fatto che, attraverso le vicende dei vari personaggi, l'autore mette in luce molti problemi attuali ma allo stesso tempo lascia il lettore con una forte sensazione di speranza di miglioramento. La trama volge tutta attorno a due elementi: Dokko, il protagonista, e il minimarket che da il titolo all'opera. Dokko è una persona alla quale probabilmente nessuno di noi rivolgerebbe più di uno sguardo, anzi ne saremmo anche impauriti: un senzatetto dall'aspetto imponente e minaccioso, con problemi nel parlare e nel ricordare per via di come lo ha ridotto la sua dipendenza da alcool. Eppure la signora Yeom lo premia per il suo buon cuore e lo aiuta a rialzarsi. Col tempo, Dokko si ripulisce, torna ad interagire con le persone, si appassiona al proprio lavoro più di chiunque altro. Torna alla vita. E a ricordare il proprio passato e la propria identità. Ogni capitolo si concentra sulla storia di qualcuno legato al minimarket: clienti, impiegati, parenti degli impiegati, passanti; ognuno ha i propri pensieri e problemi e Dokko, con pochissimi gesti e parole, riesce a portare conforto e suggerimenti utili a risolverli. È un uomo strano, sicuramente, ma pian piano le persone vi si affezionano e si sentono grate nei suoi confronti. Insomma, il libro evidenzia i pregiudizi e ci mette davanti alle seconde possibilità. Si parla di tante problematiche scottanti, e di una rinascita e crescita morale ed etica. Sul finale, ci si trova anche proiettati nella Storia Contemporanea, perché c'è uno stralcio del periodo Covid-19. Non sappiamo di preciso cosa accade alla fine a Dokko, ma il finale in qualche modo ci scalda il cuore perché lui ricorda e riconosce i propri sbagli passati e vuole ripartire da quelli per riscattarsi. Fra gli argomenti toccati: la depressione, la pressione delle aspettative della società, l'alcolismo, le relazioni disfunzionali, la povertà, i pregiudizi, la violenza, la perdita di scopo ed ispirazione, la corruzione, la malasanità."
3,2025-06-11,"3.5 - “What happens when you’re lost in a single thought, twenty-four hours a day, seven days a week? And what if that thought is wrapped in excruciating memories?” Thank you to Harper Perennial for the ARC in exchange for an honest review! I was really intrigued when I read the synopsis of this. It’s unique and interesting, but it is very straightforward and to the point. At the core it really is about second chances and the characters reveal their internal struggles and work to overcome them. Mrs. Yeom runs a convenience store and is kind to a homeless man who protected her lost wallet. She feeds him and gives him a job, much to the chagrin of her other employees. But he turns out to be so much more. He listens and is caring in turn, helping not only the other employees but customers that come to the store. I loved the focus on second chances and people not being what they seem. Especially now, stories like this are important. It’s that reminder that we don’t know what other people are going through and to give them grace when we can. The characters in this book are flawed and have done things they’re not proud of, but speaking with this man helps them through it. It just feels like there’s something missing. The book is very short, and while that’s not necessarily a bad thing, there are things that felt that a bit unresolved. The ending itself feels a little abrupt, and while it does give some insight into the homeless man it feels rushed. I think this could have really benefited from a little bit more character development and details."
4,2025-09-30,"The Second Chance Convenience Store is a warm, heartfelt novel that shines a light on the quiet power of kindness and community. Kim Ho-yeon crafts a story that feels both simple and profound, following Dok-go, a man with a troubled past, as he slowly finds a new sense of purpose working in Mrs. Yeom’s little neighborhood store. The relationship between these two characters is tender and moving, and the way the store becomes a safe haven for the community gives the book its charm. What stands out most is the novel’s message: that even small acts of generosity can spark real transformation. The story is filled with moments of compassion, humor, and wisdom, and it leaves you with a sense of hope that lingers after the final page. That said, the pacing can feel uneven at times, with stretches that move slowly, and some of the side characters could have been explored more deeply. The mystery surrounding Dok-go’s past also unfolds a little more predictably than expected. Still, these are minor quibbles in what is otherwise a touching, uplifting book. Fans of cozy, character-driven fiction will find The Second Chance Convenience Store both comforting and inspiring—a reminder that second chances are possible, and that community can be life-changing. Thank you Pansing for sending me a copy in exchange for honest review."
4,2024-02-26,"Uma história bastante emocionante e cheia de nuances e recortes. Me diverti muito no início do livro com os ""pensamentos altos"" da chefe, uma senhorinha bastante espirituosa, a senhora Yeom. Ao longo da narrativa nos deparamos com muitos conflitos pessoais e familiares e a contextualização da história durante a pandemia deram um ar de realidade satisfatório. A conexão com os personagens, porém, foi uma questão um tanto complicada, com exceção da senhora Yeom e o próprio Dok-go, os outros personagens tiveram uma evolução bem menos envolvente na trama. O final narrado do ponto de vista do Dok-go foi bastante emocionante, o ponto alto da história, mas senti um pouco de falta de um desenvolvimento maior nessa parte, até para responder algumas questões que surgem inevitavelmente durante o desfecho, senti falta também do ""final feliz"" concretizado do Dok-go, ele merecia depois de todas as mudanças positivas que ele promoveu na vida das outras pessoas, mesmo quando ele próprio estava destruído e sem esperanças. Realmente senti falta de alguns desfechos que seriam importantes, já que foram situações que se desenrolaram ao longo de toda a história. Numa certa altura do livro senti a história um pouco arrastada, mas nada que prejudicasse o final que foi profundamente emocionante."
4,2025-05-12,"'The Second Chance Convenience Store' is a work that follows the tried and tested formula found in a lot of the cozy fiction in translation stories that are popular at the minute. The protagonist is facing hardship but with the help of a kind stranger they turn their life around whilst also unwittingly helping to turn the lives around of those they interact with. Each chapter is told from a different POV that tell a complete, interwoven story by the end. The fact the book follows this archetype is by no means a bad thing as I'm a massive fan of this type of story telling and enjoyed reading this. I've found Korean 'healing fiction' can often be quite heavy handed with the self care and life advice it offers but I did find this story to be more subtle than most- well, except for the very last page where the lessons you're supposed to have learnt throughout the book and very explicitly stated just in case you missed them. More off-putting for me though, was how much of the final few pages of the story focus on COVID. Although the book was written around the time of the pandemic, it feels shoe horned in and really took me out of the story. I think ending the book on page 192 would have made for a much stronger ending- all of the plot threads are neatly tied together at this point and it would end as a real full circle moment. Despite the ending being a bit jarring, I did enjoy this book and would recommend it for fans of cosy fiction who want an easy, heart warming read but something that's a little different to the other healing fiction stories out there. Thank you to Pan Macmillan and NetGalley for the chance to read this ARC."
5,2025-07-28,"La novela me ha encantado, creo que la novela coreana (o asiática en general) es muy tierna y eso me mola mucho. Hay mucha descripción, pero a la vez, poca información, es como que no acabas de entender algunas cosas porque están en su idioma pero que en conjunto sabes lo que estás leyendo. Los personajes me transmiten mucha ternura, sobretodo la señora Yeom, que es como una alma caritativa. Va ofreciendo trabajo a los que cree que lo necesitan, sin pensar en su empresa, económicamente hablando... Me parece muy buena persona... Y Dogko también me gusta mucho... La novela es adorable, y en cierta manera, habla de cosas muy importantes, la amabilidad, el altruismo, la bondad, el cuidado hacia otros, no se, creo que es de esas novelas que sin darte cuenta, te enseña mucho! Creo que el autor nos ofrece escenas muy muy bonitas y que llegan al corazón. Me ha parecido una historia preciosa, aunque el final es un poco duro. La historia de Dokgo es muy dura, pero con el optimismo con el que escribe las últimas páginas, nos da aire fresco para seguir persiguiendo nuestros sueños e intentar hacer el bien, aunque hayamos cometido errores... La novela me ha encantado, la verdad... Lo que puede dar de si una tienda 24h..."
5,2024-04-08,"Was ein tolles, echtes, ehrliches Buch.... Echt wahnsinnig schön gemacht, wie man von allen Personen, die mit dem 24h-shop zu tun haben, mehrere Perspektiven bekommt und so immer wieder angestupst wird über sich selbst, seine Mitmenschen und die Welt nachzudenken. Erst zum Schluss die Sichtweise vom ach so mysteriösen Dok-go zu bekommen hat mir positiv den Rest und Vollkommenheit gegeben haha Einfach gigantisch menschlich und philosophisch ohne predigend zu sein. Und so simpel, aber stark geschrieben! Lässt sich so leicht lesen und ist bestimmt ein Volltreffer für jede Altersgruppe <3 What a great, real and honest book... Getting all the different perspectives of everyone who is involved with the 24h-shop is incredibly well done and makes you think about yourself, others and the world every single time. Getting the mysterious Dokgo's perspective at the very end gave me the rest and made me whole <3 Just a gigantically human and philosophical story without being pretentious and preaching in any way! Also writen so very simplistically yet strong! Super easy to read and definitely a top read for any age <3"
3,2025-06-25,"“Life’s not meant to be comfortable and convenient all the time.” 🍱🫂 a special thank you to Net Galley & Harper Perennial for allowing me access to an Advanced Reader’s Copy of The Second Chance Convenience Store by Ho-Yeon Kim!! it’s an absolute privilege to receive an ARC & i’m so honored to be able to share a honest review in exchange. 🏪 publication date: june 17th, 2025 review: ★ ★ ★ .5 (06/17/25) this book had me in tears before i even read 50%. i just love reading about happy moments & positive character growth!! mrs. yeom (convenience store owner) is the sweetest woman, so easy to love and respect!! although, out of all the multiple character perspectives, i enjoyed the last one the most. it was absolutely heartwarming to read all of the reflection & opportunities caused by the characters interacting, even in small ways!! it felt like the butterfly effect where one small event (returning a stolen wallet) can eventually build to a much larger impact. this book served as a reminder of how appearances aren’t everything or even accurate at times! i also loved the message of having hope & how it’s not too late to change, even if it’s years later, even if it’s for yourself."
4,2024-02-21,"Cálida y emocionante, La asombrosa tienda de la señora Yeom es una lectura que nos llena de esperanza. Ha sido la novela más vendida en Corea con más de un millón de ejemplares y se ha convertido en un auténtico éxito internacional. El libro cuenta la historia de Dokgo, un hombre sin hogar que sufre de demencia debido a su adicción al alcohol. Dokgo tiene una ""segunda oportunidad"" cuando salva la billetera de la señora Yeom, dueña de una tienda de 24h. Dokgo también consigue un trabajo en el turno de noche en la tienda , lo que lo reúne con muchas personas, no solo con Yeom, sino también trabajadores y clientes. Este encuentro también le hizo recordar poco a poco su pasado. La mitad del libro está contada desde el punto de vista de varios personajes con sus propios problemas vitales. No fue hasta el último capítulo, cuando la historia fue escrita desde el propio punto de vista de Dokgo, y sabremos mucho más de él. Me ha gustado mucho por todos los cambios por los que pasó Dokgo. También tenía heridas, heridas graves, hasta que finalmente pudo y estuvo dispuesto a aceptar y cambiar sus propios puntos de vista ante las personas que lo rodeaban. Si puede ayudar a otros a encontrar una salida siendo un buen oyente, entonces también debe ser capaz de encontrar soluciones a sus propios problemas. En conclusión, un libro conmovedor lleno de emociones y que sin duda te enseñará a apreciar a los que tienes alrededor."
4,2024-07-05,"Buku ini ada 8 bab dan 400 halaman. Tiap bab punya tokoh sentralnya masing-masing namun masih saling terkait satu sama lain antar babnya. Cerita ini bermula dari seorang ibu yang 'kehilangan' tasnya di stasiun lalu ditemukan oleh seorang tunawisma bernama Dokgo. Sungguh frase yang tepat untuk hidup Dokgo adalah ""ada pertemuan yang mengubah hidupmu."" Tiap bab mengisahkan bahwa semua orang itu struggle kok dengan hidupnya, bukan cuma kita yang punya masalah. Namun dengan penyampaian yang sangat heartwarming kita berasa punya teman yang mendengarkan keluh kesah kita dan kita merasa bahwa kita gak sendirian. Bab yang paling aku suka adalah bab Always. Bab ini fokus menceritakan hidup Dokgo. Ada penggalan kalimat yang sangat aku suka ""Aku iri pada energinya, ia tidak pernah lelah dengan apa yang ingin ia lakukan. Jadi, aku bertanya kekuatan apa yang menopangnya. Ia pun menjawab bahwa hidup adalah rangkaian penyelesaian masalah yang terus menerus."" Sungguh buku yang sangat cocok untuk diriku yang mau kembali memulai kebiasaan membaca lagi🫡"
3,2025-02-02,"Je leest over Dokgo een dakloze die door het vinden en teruggeven van een gestolen tas van mevrouw Yeom als beloning in haar buurtwinkel komt werken. Je leest over zijn collegas in de buurtwinkel en over verschillende klanten die met hem te maken krijgen en over de impact die hij maakt op hun leven en aan het einde lees je ook meer over Dokgo zelf en over wat hoe hij dakloos is geworden. Ik vond het een fijn boek om te lezen, het is makkelijk leesbaar en heeft een duidelijke verhaallijn die goed te volgen is. Elk hoofdstuk gaat over iemand anders, dit vond ik erg leuk. Wel vond ik het jammer dat de hoofdstukken vaak open eindigde, wat mij betreft hadden ze nog wat langer mogen zijn en iets meer diepgang mogen hebben. Het laatste hoofdstuk gaat over Dokgo zelf, ik vond het leuk om er eindelijk achter te komen hoe hij dakloos was geworden en wie hij daarvoor was. Wat ik jammer vond is dat dit voor mijn gevoel afgeraffeld was, het ging ineens heel snel. Ook werd voor mijn gevoel in dit hoofdstuk geprobeerd alles aan elkaar te koppelen van alle hoofdstukken waardoor de diepgang verloren ging, dit vond ik jammer. Al met al is het een leuk verhaal en echt een feelgood zoals de kaft ook zegt, alleen mist er soms nog wat diepgang voor mijn gevoel."
4,2025-06-03,"""Per questo le chiesi: Lei mi rispose che tutta la vita era risolvere problemi. E che se proprio doveva risolvere un problema, preferiva che fosse un buon problema almeno."" ""Non siamo fatti per cadere nei fiumi, ma per attraversarli."" All'inizio pensavo che si trattasse di un libro senza senso, uno di quelli che parlano della vita quotidiana senza una morale precisa. Anche quando ho iniziato a leggerlo mi è sembrato così, e mi stavo anche un po' annoiando, perché ci sono tanti nomi coreani illeggibili e molto simili tra loro. Però, verso la metà del libro, ha iniziato a piacermi, perché non è proprio così ovvio come mi sembrava all'inizio. Il protagonista capisce di aver sbagliato in passato e, dopo aver vissuto per un lungo periodo come senzatetto, decide di migliorarsi. Mi chiedevo – e me lo chiedo anche adesso – se si possa perdonare una persona che in passato ti ha fatto del male, ma che adesso lo ammette e decide di cambiare. Mi pare che, scrivendo questa mia recensione, io abbia trovato la risposta al mio dubbio: perdonare sì, ma ricostruire il legame di prima no, però ovviamente dipende tutto dalla situazione. Sinceramente rileggendo questa recensione per me non ha più senso, perché è tutto scollegato e non esprime pienamente quello che volevo scrivere, però la lascio così."
4,2025-07-14,"lucas me recomendó este libro, y menos mal, la verdad es que me ha gustado que sea una mezcla entre ese costumbrismo asiático, tan delicado y agradable de leer, con cierto misterio, ya que te pasas la novela tratando de averiguar quién son realmente los protagonistas de la historia - además, las pequeñas historias que suceden en la tienda están llenas de introspección, nos acercan más a la bondad, y demuestran como a través del diálogo y la tranquilidad, se puede llegar mucho más lejos También me ha gustado que es un libro que está ambientado en la actualidad, obviamente refleja de manera más concreta la sociedad coreana, pero en un mundo globalizado, la verdad que me he identificado con muchas partes fácilmente, y la presencia de la pandemia y el covid también me ha hecho comprender y adentrarme mejor en el relato, igual que obviamente haber visitado lugares donde transcurre la historia… como las tiendas de conveniencia, ojalá en el viaje a corea hubiésemos entrado a esta asombrosa tienda🥹"
4,2025-12-21,"This book is an unexpected gem, verging on the saccharine but grounded in human foibles. An older woman is on the train from Seoul to Busan, but realizes she has lost her purse. Just as she’s starting to panic, she gets a call from someone who has found it at Seoul Station. She turns around to go fetch it. This is how Seongsu meets the homeless man Dokgo, and ends up offering him a job at the convenience store that she owns. His good deed in returning the purse has a cascading effect of good will that impacts the lives of workers, neighbors, and the families of these two. The idea of the local convenience store as the source of major nutrition for a segment of society is very East Asian. The convenience store also serves as a nexus of connection. This small book addresses a number of timely issues: family expectations, job security, alcoholism, plastic surgery, unconditional friendship. So even if it’s kinda sweet, the story is also a guide for how one could things turn around when life isn’t going as hoped. Because as is quoted in the book, via Bob Dylan’s grandmother, “Be kind, because everyone you’ll ever meet is fighting a hard battle.”"
4,2026-02-14,"This was just the book I needed after some heavier ones left me in a bit of a reading slump! This was a lovely “slice of life” book filled with compassion and empathy and a character - Dokgo (meaning lonely or single) - that I can only describe as Nanny McPhee-esque character ie “when you need him but do not want him he will stay, when you want him but no longer need him, he must go.” Although I love this genre of book, I was pleased that Dokgo had some substance and wasn’t simply two dimensional. Some characters that full Dokgo’s role in other books I have enjoyed are supernatural or merely objects but that we have a living, breathing force for good in this novel is really refreshing. There are so many elements of this book that are so relevant to our time and each character is in a predicament that we can relate to even if on the smallest scale. As usual, any book with multiple perspectives that cross over - I very much enjoyed this! I was really excited to see that there is a sequel to this novel coming out and I will definitely be reading it when it’s published!"
5,2024-04-05,"Che bel libro! Una storia di buoni sentimenti di cui non sapevo di avere bisogno. Un senzatetto aiuta un'anziana signora a recuperare una borsa che le era stata rubata. La donna, per ricambiare, gli offre un lavoro nel minimarket di sua proprietà. I gesti gentili si moltiplicano e scatenano una cascata di conseguenze positive per coloro che frequentano il piccolo esercizio commerciale. Un romanzo che scalda il cuore. I personaggi riescono a superare il senso di abbandono, la solitudine, la rabbia e il rancore accettando la mano amica che viene loro porta disinteressatamente. Un'overdose di positività che però non risulta stucchevole. ""D'altronde lei sapeva bene che un minimarket è un luogo dove le persone vanno e vengono. Dove tutti, che siano dipendenti o clienti, senza eccezioni, si fermano solo temporaneamente, dove potersi ricaricare, attraverso uno stipendio o i prodotti in vendita, come una stazione di servizio per le persone. In quella stazione di servizio, non solo avevo fatto il pieno, ma avevo anche riparato la mia auto. Una volta riparata, bisognava ripartire. Era tempo di tornare sulla strada. Sembrava fossero queste le parole che voleva dirmi."""
4,2024-05-12,"Een hartverwarmend verhaal over aandacht hebben en er zijn voor elkaar, niet alleen voor goede vrienden en familie, maar voor iedereen die op je pad komt. Als je op zoek bent naar een boek dat je gelukkig maakt en misschien zelfs nieuwe inzichten biedt, dan is dit zeker een aanrader. Ik lees vaak Japanse romans en literatuur, maar dit boek was mijn eerste kennismaking met een Koreaanse auteur. De schrijfstijl is minder dromerig en juist ‘recht voor z'n raap’, wat het soms grappig en lekker rauw maakte, maar ook toegankelijker. Het las onwijs prettig weg, zelfs als ik moe was. Dit smaakt dus zeker naar meer voor mij. De hoofdstukken hebben telkens een ander perspectief, wat ervoor zorgt dat het lekker wegleest en dat je verschillende emoties ervaart. Al met al heb ik enorm genoten van dit boek en ben ik blij dat ik het van de uitgever mocht ontvangen. Volgende maand komt er een nieuwe 'healing fiction' uit: 'Het restaurant van de herinneringen'. Ik ben ontzettend benieuwd!"
4,2024-06-21,"Dokgo is dakloos, maar heeft het hart op de juiste plaats. Wanneer hij mevrouw Yeom (de eigenaresse van een plaatselijke buurtwinkel in Seoel) herenigt met haar gestolen tas, wil ze hem bedanken. Ze neemt hem mee naar haar winkel en vertelt hem dat er elke dag een maaltijd voor hem zal klaarstaan. Wanneer de man die de nachtdienst in de winkel op zich neemt ontslag neemt, mag Dokgo deze overnemen. Dokgo stottert en is zijn geheugen kwijt, dus in eerste instantie vinden collega’s en klanten hem wat raar. Maar onderschat nooit de kracht van onverwachte ontmoetingen… Dit nieuwe genre heet healing fiction (of is het een nieuwe naam voor een bestaand genre?), en wat een treffende benaming! Dit boek is echt hartverwarmend en herstelt je geloof in de mensheid. Het verhaal laat zien wat er kan gebeuren wanneer je openstaat voor toevallige ontmoetingen en openhartige gesprekken met vreemden. Hoe je leven mooier kan worden wanneer je je niet laat leiden door vooroordelen. Na de inleiding waarin we lezen hoe Dokgo en mevrouw Yeom elkaar leren kennen, wordt elk volgend hoofdstuk vanuit het perspectief van een ander personage verteld (denk hierbij aan mevrouw Yeom zelf, maar ook collega’s, klanten en familieleden passeren de revue). Dat zorgt ervoor dat het soms even schakelen is, maar de vlotte schrijfstijl loodst je hier zo doorheen. Elk personage heeft zijn/haar bagage en iets waarmee hij/zij worstelt (gevoelens, familierelaties, toekomstbeelden of gewoon zichzelf en het leven in het algemeen). Door een vriendelijk woord, een gevatte opmerking of een lief gebaar op het juiste moment kan je de moed vinden om verandering toe te staan. Ook het verhaal van Dokgo komt naarmate hij meer en meer zijn geheugen terugkrijgt aan bod, waar ik persoonlijk zelfs nog meer over had willen lezen en een beetje op mijn honger bleef zitten. Een puntje van kritiek dat dus eigenlijk ook een compliment is: het verhaal had gerust langer mogen zijn!"
3,2025-05-04,"[ 3.5/5 stars ] Mrs. Yeom is a seventy-year-old retired history teacher who lost her bag and it's returned to her by a homeless man with no memories of his past. Owner of a convenience store, she eventually hires him. With fluid prose, Ho-yeon examines second chance and second family through a cast of characters whose lives intersect in an almost fateful way. At its core, this book is about kindness and community embodied through broken and struggling people trying to mend relationships. I am not sure if the story is supposed to have a redemptive arc as I was expecting a slightly different plot direction. How can an act of kindness change someone? With a melancholic touch, THE SECOND CHANCE CONVENIENCE STORE (tr. Janet Hong) reminds one to cling to the people/relationships one cherishes. [ I received an ARC from the publisher - Harper Perennial . All opinions are my own ]"
3,2025-07-01,"This book just hits you in the heart. Even this cold one. You can't help but fall in love with the characters and root for then and their happy ever after. An elderly Korean woman is on the train to a funeral when she dozed off and wakes up ri realize that her wallet is missing She soon gets a call that someone has found it and when she goes to recover it, she finds it is a homeless man and she decides to help him to thank him for his honesty by feeding him at her store. Soon both their lives are changed forever as they are intertwined There's a lot to unpack as the story is told in chapters with cute titles that relate to what's happening next and they alternate POV. You can tell that this has been translated to English but to me that made it even more endearing. An absolutely hope filled story of second chances, kindness and strangers becoming friends. Thanks to Harper Perennial and NetGalley for this eArc in exchange for my review."
4,2025-09-16,"This book follows to beautiful tradition of being a slice of life with a poignant message. If you need a book to wrap you up in a warm hug and tell you that it will all be okay, then this is for you. The story follows several people from a conscience store that all get a second chance and, in turn, give second chances to others. It reminds us that everyone is going through their own battles and it is important to truly talk to the ones we love. Giving someone a second chance can change their life and it might even change yours. I love how the characters all helped each other (sometimes in a small way and sometimes in a big way). Each character is so fascinating to read and I love how complex they all are. None of them are truly angles and some of them have done some pretty bad stuff, but they are not devils either. The book points out that we can all make a change and help those around us."
4,2025-10-03,"4,5⭐ A pesar de que es una historia corta, es de esas novelas que te dejan el corazón calentito. No esperaba que me fuera a gustar tanto. Ha sido muy bonito leer cómo los personajes acababan encontrando una solución a sus problemas a través de la ayuda, al mismo tiempo que encuentran su propósito. El hombre que deja de beber y mejora su situación en casa, la compañera de trabajo que encuentra otro trabajo que la ayuda a crecer, la otra compañera de trabajo que consigue mejorar la relación con su hijo. La actriz y escritora que consigue escribir la obra de su vida. Dokgo que, gracias a la ayuda de la señora Yeom, acaba descubriendo de nuevo quién es y consigue aprender de sus errores y luchar por arreglar las cosas. Me ha parecido un detallazo enlazar esta historia con la pandemia, tiene muchísimo sentido con la historia de Dokgo y, además, le da realidad a la historia, como si hubiera pasado realmente. La señora Yeom me ha parecido una mujer entrañable y fuerte que sabe lo que hace. Es una lectura que te permite relajarte al mismo tiempo que te reconforta."
3,2025-12-26,"És senzillet i no té una qualitat literària espaterrant, però no està gens malament. És d’aquells llibres que llegir-los et fa sentir bé, com una llar de foc encesa o un coixí tovet i net on arrepenjar-hi el cap mentre a fora plou. El protagonista és un home sense sostre que, després d’una bona obra, és recompensat amb escreix per una dona que li ofereix feina. A partir d’aquí, l’home demostra tenir un cor noble i les seves paraules i gestos ajuden i milloren la vida de molts del seu voltant. I això permet que la seva memòria, bloquejada per l’alcohol i l’angoixa, com un roc de gel, vagi desfent-se amb aquest escalf humà. I, així, recupera la seva identitat, amb tot de llums i ombres, de manera que pot enfrontar-les i sortir-ne millor persona. Potser el missatge és massa simple i pronosticable (la força de l’amor i del bé, i com un petit gest pot desencadenar tot de bones accions amb repercussió positiva per a tothom), però no per això deixa de ser bonic. Un llibre “feelgood” de manual. 3,5 ⭐️"
5,2026-05-30,"The Second Chance Convenience Store felt like a warm cup of tea on a rainy day—comforting, healing, and quietly profound. What begins as a simple story set around a convenience store slowly unfolds into a beautiful exploration of loneliness, human connection, forgiveness, and the small acts of kindness that can change a life. I loved how the author reminds us that everyone is fighting battles we cannot see, and sometimes all a person needs is one genuine chance to start over. The characters felt incredibly real, flawed, and deeply relatable, making their journeys all the more meaningful. This book doesn't rely on dramatic twists; instead, it gently works its way into your heart. A tender, uplifting story about hope, redemption, and finding family in unexpected places. If you enjoy healing fiction that leaves you feeling a little lighter and a lot more hopeful, this one is an absolute must-read. 🤍📚✨ ""Sometimes, a second chance is all it takes to find your way back to yourself."""
3,2022-08-03,Feel good อ่านง่าย บรรยายละเอียด คิดตามได้ไม่ยาก ข้อความข้างล่างอาจเป็นสปอย . . . . หนังสือเป็นเหตุการณ์ตอนโควิทระบาดใหม่ๆ อ่านแล้วงงว่าทำไมร้านสะดวกซื้อร้านนี้ถึงขายไม่ดี เพราะช่วงนั้นที่เมกาคนกักตุนของกันเยอะมาก ร้านสะดวกซื้อและซุปเปอร์มาร์เก็ตทั้งหลายขายดีเป็นเทน้ำเทท่า หนังสือบอกเล่าถึงคุณทกโก ชายไร้บ้านที่อาศัยอยู่ที่สถานีรถไฟ แต่จับพลัดจับผลูมาเป็นพนักงานขายที่ร้านสะดวกซื้อของคุณเจ้าของใจดี ราวกับว่าคุณทกโกมีมีพลัง superhero เล็กๆ… ผู้คนรอบๆตัวคุณทกโกสามารถปลดล็อกสิ่งที่ทำให้ทุกข์ใจได้หลังจากได้พูดคุยกับคุณทกโก สิ่งที่ดีที่สุดในเล่มนี้คือการบรรยาย คุณนักเขียนนบรรยายทุกอย่างได้ละเอียดราวกับจะพาเราเข้าไปอยู่ในหนังสือเลยทีเดียว เป็นนักเขียนที่โลจิกดีมาก ทุกอย่างมีที่มาที่ไป อ่านเพลิน แต่เสียดายที่สัมผัสเรื่องราวได้เพียงแค่ผิวๆ ไม่กินใจ จบแล้วจบเลย เคยมีคนบอกเราว่า รัฐบาลเกาหลีพยายามทำให้ซีรี่ย์เกาหลีเป็น soft power… ทุกๆเริ่องจะต้องมีฉากกินข้าว (เพื่อเป็นการโปรโมทอาหารเกาหลี) ถ้าข้อความนี้เป็นเรื่องจริง เราก็ขอยอมรับเลยว่าเมื่ออ่านหนังสือจบแล้วเราอยากกินชาไหมข้าวโพดและบะหมีเกาหลีมากกกก ท้องร้องเลยจริงๆ ธรรมดาเราอ่านแปลญี่ปุ่นเป็นส่วนใหญ่ เมื่ออ่านเล่มนี้แล้วสัมผัสได้ถึงความแตกต่างระหว่างวัฒนธรรมเกาหลีกับวัฒนธรรมญี่ปุ่นนิดๆ และในหนังสือก็เล่าถึงความขัดแย้งของสองประเทศนี้ไว้ด้วย คนเกาหลีคงจะไม่ค่อยชอบคนญี่ปุ่นจริงๆเนอะ (เจอหลายเรื่องละ) สรุป 3 ดาวค่ะ
4,2023-08-14,Seorang ibu paruh baya yang mulai pikun kehilangan pouch yang memuat barang-barang penting. Tiba-tiba si ibu mendapat panggilan dari seseorang yang mengaku menemukan pouch tersebut. Mereka mengatur lokasi pertemuan. Ternyata seorang pria tunawisma yang mengembalikan pouch tersebut. Si ibu memiliki sebuah minimarket dan dia mempekerjakan pria tunawisma tersebut ketika penjaga sif malam berhenti bekerja. Pria tunawisma tersebut mengaku bernama Dokgo dan kehadirannya membuat sebal juga senang orang-orang di minimarket. Aku membiasakan diri untuk tidak berekspektasi apa-apa sebelum membaca dan buku sederhana ini berhasil menyentuh hati. Tiap bab berganti POV tetapi berhubungan dengan Dokgo yang misterius dan minimarket. Aku selesai membaca buku ini dengan senyuman dan mata basah🥹. 𝘏𝘦𝘢𝘳𝘵𝘸𝘢𝘳𝘮𝘪𝘯𝘨 sekaligus bikin lapar. Sungguh hiburan yang menyenangkan.
4,2024-04-25,"Danke an NetGalley und den hanserblau Verlag für die Bereitstellung dieses ARCs. Ich habe das Buch kostenlos erhalten, aber alle Meinungen sind meine eigenen. Dieses Buch trifft ein Wort ganz hervorragend: herzerwärmend. Es passiert nicht allzu viel, aber die Situationen der Charaktere fühlen sich allesamt realistisch und auf ihre Weise berührend an. Das Buch gibt einem Hoffnung und regt zum Nachdenken an. Ich fand es sehr schön, wie die verschiedenen Kapitel miteinander verbunden waren, obwohl jedes den Fokus auf eine andere Person legt. Zeitweise habe ich etwas Spannung vermisst, aber dieses Buch hat Spannung auch nicht zum Ziel und das was das Buch dem Leser mitgeben will, tut es mit sehr viel Liebe und Hingabe. Ich würde dieses Buch jedem empfehlen, der offen ist für eine einfache, realistische Geschichte mit Herz."
4,2024-05-19,"ostatnio jestem dosc laskawa w ocenach, ale to dlatego ze wkoncu nie czytam na sile, na wyscig. moge czytac nawet 4 miesiace jedna ksiazke i serio czuje sie z tym okej! dodatkowo do kazdej moge podejsc indywidualnie i naprawde w ocenie wyciagnac z niej to co najlepsze 🌸wiec tak nietuzinkowy? ohh zdecydowanie ale sklep pani oh mial w sobie cos wiecej, mial nadzieje-powoli kielkujaca zanurzajaca swoje ziarenko w kazdym kto go odwiedzil- nadzieje na dovre jutro. bo czy nie tak wlasnie jest? moj duzy dramat jest czyims powodem do smiechu i zapomnienia,bo przeciez kazdy cos ma😂😂 ale tu, tu kazda historia byla indywiduala, posiadajaca rozdzial i przestrzen na zrozumienia kazdej strony, bo kazdy ludzki ,,maly” dramat jest jego wielkim i zasluguje na szacunek ah no i oczywiscie gdybym trafila po kibbap do nietuzinkowego sklepu po ciezkim dniu to napewno bylabym gosciem a nie nieproszonym:)"
4,2025-06-24,"Le he dado 4/5 ⭐️ Opinión general: La historia es super interesante los personajes se presentan muy bien al lector y me gusta que al final toda la gente a la que ayuda esté interconectada. También es interesante como presenta el conflicto del COVID ( no sé vosotros pero yo todavía no había leído ninguna historia con esto). Por otro lado, he sentido que al final se quedaban muchas cosas sin resolver y a mí eso me incomoda bastante jajaaj el personaje principal me gusta aunque si es cierto que pienso que su “despertar” es algo brusco. Lo que más más me ha gustado (parecerá una tontería pero es así) es que el autor utiliza a la tienda como uno de los personajes principales, sí, la tienda. De hecho ya lo ponía en el título pero no había sido consciente hasta leerlo. Me parece estupendo ya que es el mismo recurso que utilizó Víctor Hugo en nuestra señora de notre-dame Besos. 💋"
5,2026-02-07,"Mrs Yeom loses a bag containing her wallet at Seoul station and returns to discover that Dokgo, who found it for her, is homeless and has no recollection of who he was before he came to Seoul. She hires Dokgo to cover the night shift at her convenience store - and never once does she regret it. Giving Dokgo a second chance will cause a ripple effect of second chances for others. This book will make you believe that kindness can change the world - even if it starts as a simple, small act. I certainly believe. Dokgo was such a fascinating, mysterious character. I was almost disappointed to find out about his past towards the end, though it was handled so well. I have a keen interest in COVID-19 fiction and this certainly fits the bill, but I also admired the message about taking our kindness with us into such an uncertain global situation."
4,2026-03-01,"A beautiful reminder that a little kindness goes a long way The Second Chance Convenience Store by Kim Ho-yeon is a soul soothing addition to the ""healing fiction"" genre that has been taking the literary world by storm. It’s the literary equivalent of a warm bowl of soup on a rainy afternoon simple, comforting, and surprisingly nourishing. It’s cozy, nostalgic, and makes you want to go buy a bottle of corn silk tea immediately. It doesn’t rely on grand gestures; instead, it shows how simple, authentic human connection can fix the cracks in our lives. It’s a bit sentimental and the pacing is gentle, so don’t expect a high-octane plot. But if you’re looking for a ""hug in a book"" to help you decompress, this is it. A solid 4 stars for anyone needing a reminder that second chances are possible."
2,2026-03-06,"Having enjoyed Before the Coffee Gets Cold, I thought I’d enjoy this too, as it looked like a similar laid back story and theme with rich characters… but unfortunately I didn’t enjoy this book at all. I found the pacing to be far too slow. The characters were pretty simple, but their descriptions and interactions felt so drawn out and laborious to read. The premise was hard to accept too; a homeless guy who meanders around with a fairly blasé attitude that somehow transforms the lives of people he briefly interacts with… it all felt a bit far-fetched. As for the ending, I guess it kind of made some sense, but it was a bit random, and it would’ve been nicer to have some of the answers distributed through the book rather than just all at the end. I very nearly DNFd this book several times, and skim read parts of it just to see if it was worth carrying on with. But overall I just found it to be really boring. It’s not a bad book per se, but it’s definitely not for me."
5,2024-05-16,"Before reading this book, I had only encountered perspectives on Korean family and relationships through the lens of Korean feminist literature, which primarily highlighted women's views. This book offered a fresh perspective (for me) by focusing on Korean men and their roles within families and relationships. While it's challenging to claim that every man in Korean families is like Mr. Dokko, Mr. Salesman, or Mr. Private Detective, the characters in this book seem representative of common archetypes. This book deeply moved me, revealing the beauty in people's hearts. It made me hopeful that it will inspire readers to listen and communicate empathically with others, especially within their families."
3,2024-06-21,"3.5/5 Una cálida historia que abraza la incomodidad de la existencia, de lo que significa estar vivo, y que toca fibras sensibles con los temas que abarca, por lo que es bastante fácil sentirse interpelado. Mientras intentamos aclarar el pasado de Dokgo, nos encontramos con gente que toca fondo y está intentando volver a ponerse de pie, que se refugia en el alcohol, que está atravesando problemas familiares y de comunicación, que sufre por un trabajo que está quebrando su salud mental y su dignidad, entre otras cuestiones humanas. La narración peca por ser un tanto inconstante y sin unos límites marcados: hay escenas de las que se podría prescindir totalmente y otras que se suceden sin una separación definida, lo cual puede causar confusión al momento de la lectura. Es un libro sencillo cuya filosofía se basa en la superación personal, el perdón y las segundas oportunidades, pero si ahondamos aún más en él y en los conflictos que transitan sus personajes, podemos darnos cuenta de que es más profundo de lo que parece en principio, eso sí, quizá sin llegar a ser lo suficientemente realista en algunos aspectos. ""Ahora por fin lo entendía: el río no es un lugar para hundirse, sino para cruzar""."
4,2024-11-05,"Questo romanzo ha aggiunto ulteriore nostalgia a quella che provo già: quanto mi mancano i convenience store coreani!! E qui sono descritti proprio come li ricordo io: dei luoghi comodi (o scomodi, a volte?) in cui poter passare del tempo e gustare qualcosa che possa riscaldarti l’anima. Si tratta di una bellissima storia che parla di seconde occasioni, e dell’importanza della comunicazione e sincerità, non solo nei confronti degli altri, ma anche di se stessi. I personaggi entrano nel cuore, e non è affatto difficile empatizzare con loro. Direi che la cosa che mi è piaciuta di più è questa forte presenza della bontà umana, della volontà di andare oltre i pregiudizi, di dare una possibilità, in un mondo sempre più crudele. Mi ha fatto credere che c’è qualche speranza. Spero ci siano ancora persone che, come la signora Yeom, nutrono questa fiducia nell’essere umano. Non è di certo un’opera d’arte, ma è un libro che contribuisce a tenere compagnia (cosa non da poco) e a riscaldare il cuore."
3,2024-11-08,"La señora Yeom es una profesora que tras jubilarse decide abrir una tienda veinticuatro horas. Cuando pierde su monedero en la estación de trenes de Seúl y lo recupera de manos de un indigente, tartamudo, arisco y sucio, decide agradecérselo ofreciéndole una comida caliente en su local todos los días. Lo que parecía un simple acto de caridad se convierte en algo más. Y es que la tienda de la señora Yeom se convierte desde ese momento en un oasis, un refugio a personas hundidas en la depresión, la incompresión, la soledad. El hecho de ayudar a Dokgo se transforma en una serie de cadena de favores. Es una lectura amable, tranquila, pero para mí se queda en eso. Tras tantas recomendaciones y buenas reseñas, me ha dejado un tanto decepcionada el no haber encontrado en este libro eso tan especial que tantos pregonan. Tal vez no era el momento adecuado para leerlo, tal vez no es el libro adecuado para esta lectora."
5,2025-01-11,"This has undoubtedly become one of my favorite reads and a new comfort book. A story I will recommend to everyone seeking an emotional narrative, filled with valuable lessons about second chances and relearning how to live. For me, the greatest lesson in this book is simple yet powerful: kindness begets kindness. It shows us how even the smallest actions can have a profound impact on someone else's life. It's a story that inspires us to be more mindful and generous, reminding us that our actions, no matter how small, can bring happiness and meaning to the world around us. An unforgettable book that not only warms the heart but also makes us reflect on how we can be better for ourselves and for others."
